customer_id,total_spent,total_orders,avg_rating,cluster
CUS1000,13872.12,2,3.25,1
CUS1001,4835.13,1,3.5,1
CUS1002,15161.61,2,3.302347368421053,1
CUS1003,11213.44,1,1.8,2
CUS1005,1695.06,1,1.9,2
CUS1006,4491.9,1,1.9,2
CUS1007,27361.22,3,2.1999999999999997,0
CUS1008,8773.7,1,3.1,1
CUS1009,17394.0,1,2.1,2
CUS1011,3934.76,1,1.5,2
CUS1013,2901.14,1,2.5,2
CUS1014,20488.15,3,4.133333333333334,0
CUS1016,9872.28,1,4.7,1
CUS1017,16510.33,2,2.1,2
CUS1018,14683.12,1,3.0046947368421053,1
CUS1019,21155.28,2,4.6,1
CUS1020,22778.4,1,4.9,1
CUS1022,6883.38,1,3.6,1
CUS1023,14980.3,2,2.0,2
CUS1026,16354.009999999998,2,3.05,0
CUS1028,2006.74,1,4.7,1
CUS1031,6684.42,1,2.1,2
CUS1033,19094.15,1,1.7,2
CUS1035,28032.129999999997,2,4.25,0
CUS1037,5166.36,1,2.2,2
CUS1038,450.84,1,2.5,2
CUS1039,20993.25,1,3.8,1
CUS1040,1409.88,1,3.9,1
CUS1041,27945.62,3,3.1666666666666665,0
CUS1042,3421.22,1,2.9,2
CUS1043,9780.09,1,2.8,2
CUS1044,5095.28,1,4.0,1
CUS1045,6580.950000000001,2,4.0,1
CUS1047,17286.77,2,3.0999999999999996,0
CUS1048,1882.68,1,1.2,2
CUS1049,20599.31,3,2.733333333333333,0
CUS1050,25290.99,2,3.95,0
CUS1051,6753.210000000001,1,4.6,1
CUS1053,21613.22,2,2.4,0
CUS1055,27116.76,2,3.2,0
CUS1059,6829.86,1,3.2,1
CUS1060,1046.81,1,3.8,1
CUS1062,685.88,1,4.8,1
CUS1065,8359.84,1,2.2,2
CUS1068,15499.76,1,1.9,2
CUS1069,17508.42,2,2.85,0
CUS1070,10073.0,1,3.0046947368421053,1
CUS1071,26323.68,3,3.0333333333333337,0
CUS1072,1231.92,2,4.25,1
CUS1073,19256.35,1,2.6,2
CUS1076,1517.03,1,3.0046947368421053,1
CUS1077,12190.92,1,2.1,2
CUS1081,4016.6,1,3.0,1
CUS1082,19845.68,3,1.6333333333333335,0
CUS1083,12723.76,1,1.7,2
CUS1085,6511.900000000001,1,5.0,1
CUS1086,15464.65,1,3.5,1
CUS1088,12367.02,2,2.9,2
CUS1089,21206.0,2,2.4,0
CUS1092,8107.89,1,2.5,2
CUS1093,23954.76,2,4.1,0
CUS1094,4273.55,1,3.9,1
CUS1095,11343.759999999998,2,2.6023473684210527,2
CUS1096,1716.36,1,2.2,2
CUS1099,24694.019999999997,3,2.6999999999999997,0
CUS1100,19587.44,1,3.3,1
CUS1101,23422.31,2,2.35,0
CUS1102,25215.19,2,2.4,0
CUS1103,27296.12,2,3.052347368421053,0
CUS1104,1742.28,1,2.7,2
CUS1105,38017.19,3,2.5666666666666664,0
CUS1106,4967.49,4,4.15,0
CUS1108,17006.85,3,2.3000000000000003,0
CUS1109,7019.76,1,4.4,1
CUS1110,7212.93,1,2.2,2
CUS1111,11244.34,2,2.4,2
CUS1112,589.94,1,3.0,1
CUS1113,14267.15,1,1.0,2
CUS1116,7712.48,1,3.5,1
CUS1117,935.43,1,4.5,1
CUS1118,1792.54,1,2.2,2
CUS1119,1072.98,1,1.1,2
CUS1120,12231.0,1,4.2,1
CUS1121,13240.93,3,2.8000000000000003,0
CUS1122,9509.07,1,1.7,2
CUS1123,7266.900000000001,1,2.7,2
CUS1126,16171.3,1,3.0,1
CUS1127,19553.04,1,3.0,1
CUS1128,18149.65,2,2.7,0
CUS1130,9508.88,1,1.4,2
CUS1131,5940.85,2,2.2023473684210524,2
CUS1132,14314.32,1,3.6,1
CUS1133,19105.71,2,4.05,1
CUS1134,11341.75,1,3.2,1
CUS1136,9263.1,1,3.8,1
CUS1137,12130.59,2,1.65,2
CUS1139,212.93,1,3.2,1
CUS1140,9595.69,2,1.7999999999999998,2
CUS1142,2861.22,1,1.5,2
CUS1143,8255.12,1,4.2,1
CUS1144,15420.72,1,1.6,2
CUS1145,3339.66,2,2.4,2
CUS1147,11140.08,1,3.7,1
CUS1150,3603.32,1,3.3,1
CUS1151,12278.77,2,2.7,2
CUS1152,230.08,1,2.5,2
CUS1153,3068.69,1,2.9,2
CUS1155,9523.44,1,4.4,1
CUS1157,1329.81,2,3.55,1
CUS1158,3489.66,1,2.6,2
CUS1159,9092.35,1,3.3,1
CUS1160,11930.05,2,2.6500000000000004,2
CUS1161,2064.51,1,3.0046947368421053,1
CUS1162,19113.36,1,1.9,2
CUS1163,603.75,1,3.6,1
CUS1164,4854.8,1,2.9,2
CUS1165,1393.1999999999998,1,3.2,1
CUS1166,10386.72,2,3.1,1
CUS1169,3703.5,1,3.0046947368421053,1
CUS1170,6542.700000000001,1,2.9,2
CUS1171,36759.34,3,3.0,0
CUS1173,15544.65,1,3.1,1
CUS1174,8288.22,1,4.1,1
CUS1175,2967.0,1,2.4,2
CUS1177,7864.3,2,2.2,2
CUS1178,2263.85,1,2.4,2
CUS1179,11275.57,3,4.566666666666666,0
CUS1180,14507.85,1,4.6,1
CUS1181,20394.55,2,3.802347368421053,0
CUS1182,31108.3,6,3.8166666666666664,0
CUS1183,15994.02,3,3.3666666666666667,0
CUS1184,36597.09,3,2.903129824561404,0
CUS1186,10766.28,1,2.9,2
CUS1187,6756.02,1,2.7,2
CUS1190,2196.14,1,3.5,1
CUS1191,1826.65,1,4.2,1
CUS1193,22701.96,2,4.1,0
CUS1194,10542.25,2,2.45,2
CUS1195,720.6,1,2.8,2
CUS1196,1206.71,1,2.3,2
CUS1197,13901.78,2,2.55,2
CUS1199,10813.35,1,2.5,2
CUS1200,28352.28,4,2.725,0
CUS1201,10277.78,3,2.466666666666667,0
CUS1202,3402.48,1,1.2,2
CUS1204,13173.52,3,3.3000000000000003,0
CUS1205,22859.050000000003,1,2.5,2
CUS1206,11221.35,1,4.4,1
CUS1207,1482.31,1,2.3,2
CUS1208,38318.259999999995,3,3.868231578947369,0
CUS1210,12787.16,2,2.8,2
CUS1211,32879.98,4,2.6,0
CUS1212,12975.12,2,1.4,2
CUS1213,3493.2,1,3.2,1
CUS1214,4880.76,1,3.0046947368421053,1
CUS1215,19977.449999999997,1,3.6,1
CUS1216,11293.4,2,2.5,2
CUS1218,984.72,1,2.1,2
CUS1219,20308.39,2,3.5,0
CUS1220,11668.69,3,3.3666666666666667,0
CUS1221,13482.53,2,3.2,1
CUS1222,7678.55,2,1.45,2
CUS1224,10782.45,1,4.9,1
CUS1226,6362.94,1,2.8,2
CUS1229,12752.330000000002,3,2.3666666666666667,0
CUS1231,12724.58,2,2.8499999999999996,2
CUS1232,41438.25,3,2.966666666666667,0
CUS1233,2607.58,1,3.8,1
CUS1234,4791.76,1,3.9,1
CUS1235,37317.85,4,3.375,0
CUS1236,2603.24,1,3.0046947368421053,1
CUS1238,12580.81,2,1.9,2
CUS1239,8556.869999999999,1,4.2,1
CUS1240,4196.05,1,2.3,2
CUS1242,1248.63,1,3.0046947368421053,1
CUS1243,36860.84,2,4.15,0
CUS1245,3350.24,1,2.2,2
CUS1246,9457.05,1,5.0,1
CUS1247,31425.339999999997,2,3.75,0
CUS1249,12795.8,1,2.8,2
CUS1250,4754.2,1,2.2,2
CUS1251,148.18,1,1.3,2
CUS1253,3522.5,1,3.6,1
CUS1254,13341.28,1,1.2,2
CUS1255,16336.6,1,4.0,1
CUS1256,14610.04,1,2.1,2
CUS1257,6333.25,1,3.2,1
CUS1258,6750.57,1,4.9,1
CUS1259,18929.85,1,2.2,2
CUS1260,31715.4,5,2.9,0
CUS1261,5547.95,1,1.8,2
CUS1263,5324.86,2,2.15,2
CUS1265,37888.12,4,3.375,0
CUS1266,18586.53,3,2.9,0
CUS1267,5920.879999999999,2,3.7,1
CUS1268,5966.5,1,4.9,1
CUS1269,8520.12,2,3.75,1
CUS1272,6928.26,1,3.6,1
CUS1273,3604.92,1,4.8,1
CUS1274,3475.71,1,1.7,2
CUS1276,17773.98,2,3.152347368421053,0
CUS1277,11921.73,1,3.9,1
CUS1278,21939.15,1,3.2,1
CUS1279,4385.36,1,4.4,1
CUS1280,22252.550000000003,1,4.3,1
CUS1282,14892.96,2,2.25,2
CUS1283,21470.39,3,3.0,0
CUS1285,17635.64,1,4.3,1
CUS1286,6152.25,1,2.4,2
CUS1287,21692.57,4,3.15,0
CUS1289,5524.5,2,2.4,2
CUS1290,18567.0,2,2.15,2
CUS1291,8248.04,1,3.5,1
CUS1293,16411.42,3,2.2333333333333334,0
CUS1294,13736.9,1,3.4,1
CUS1297,2889.74,1,2.4,2
CUS1299,22037.89,3,1.9333333333333331,0
CUS1300,19734.32,2,3.35,0
CUS1306,3760.66,1,3.7,1
CUS1307,13065.350000000002,2,3.85,1
CUS1308,49850.11,4,2.35,0
CUS1310,11104.12,2,1.4500000000000002,2
CUS1312,4919.64,1,3.3,1
CUS1313,4860.360000000001,2,4.199999999999999,1
CUS1314,25238.72,2,3.6,0
CUS1317,7459.78,1,3.0046947368421053,1
CUS1320,17013.2,2,3.5,0
CUS1321,5700.3099999999995,2,2.2,2
CUS1323,6785.44,1,2.6,2
CUS1324,27138.769999999997,2,2.5,0
CUS1325,4690.59,1,3.9,1
CUS1326,9028.76,1,3.0,1
CUS1327,5973.530000000001,2,3.5,1
CUS1328,13276.740000000002,2,3.0999999999999996,1
CUS1331,30610.59,4,3.05,0
CUS1332,2001.84,2,2.55,2
CUS1333,12320.19,1,1.6,2
CUS1334,4553.35,1,1.6,2
CUS1335,7959.72,1,2.3,2
CUS1336,23086.05,1,4.0,1
CUS1337,8009.68,1,1.9,2
CUS1338,6386.94,2,2.8523473684210527,2
CUS1339,11013.69,1,1.2,2
CUS1340,7598.099999999999,1,1.7,2
CUS1342,29860.72,2,3.25,0
CUS1343,5013.56,2,3.25,1
CUS1345,17065.3,1,4.0,1
CUS1346,14851.81,3,4.266666666666667,0
CUS1347,53039.23,3,2.066666666666667,0
CUS1348,18652.6,1,3.1,1
CUS1349,7430.67,2,2.35,2
CUS1352,6256.16,1,1.7,2
CUS1356,2941.0,1,2.0,2
CUS1357,6766.62,1,2.5,2
CUS1359,4954.45,2,2.6,2
CUS1360,8879.42,1,2.5,2
CUS1361,4903.73,1,5.0,1
CUS1362,21518.45,3,2.5333333333333337,0
CUS1363,1999.64,1,3.7,1
CUS1364,916.86,1,3.2,1
CUS1367,10613.989999999998,2,3.05,1
CUS1368,30047.14,5,2.9,0
CUS1370,7010.280000000001,1,2.8,2
CUS1371,2815.11,1,1.2,2
CUS1372,8860.12,1,4.4,1
CUS1373,8881.85,2,2.6,2
CUS1374,23825.49,3,2.1999999999999997,0
CUS1376,11910.12,1,4.3,1
CUS1378,13859.76,1,4.1,1
CUS1379,9878.07,2,3.1500000000000004,1
CUS1381,805.83,1,3.0,1
CUS1383,8037.76,1,4.4,1
CUS1385,6333.02,1,4.9,1
CUS1386,34711.34,4,3.476173684210526,0
CUS1387,4334.36,1,3.3,1
CUS1389,4827.27,1,4.3,1
CUS1390,23550.5,1,3.0,1
CUS1391,3203.75,1,4.5,1
CUS1396,18067.9,2,3.5,0
CUS1397,21338.78,2,3.95,0
CUS1398,14461.47,2,3.5,1
CUS1399,1185.56,1,1.4,2
CUS1400,11933.4,1,3.0046947368421053,1
CUS1402,42748.0,2,2.15,0
CUS1403,7728.719999999999,2,1.45,2
CUS1405,19151.08,1,4.5,1
CUS1407,14109.96,1,1.0,2
CUS1408,9939.06,3,3.766666666666666,0
CUS1410,5761.839999999999,3,2.766666666666667,0
CUS1411,1288.6,1,2.9,2
CUS1413,1467.75,1,1.9,2
CUS1414,26694.4,2,2.45,0
CUS1415,5346.36,2,1.2,2
CUS1417,4093.58,1,1.7,2
CUS1418,5575.35,1,4.7,1
CUS1420,18899.7,2,3.1,0
CUS1422,7219.95,1,3.0,1
CUS1423,7921.98,2,2.65,2
CUS1425,3140.35,1,2.6,2
CUS1426,10906.29,3,2.6,0
CUS1427,14072.92,1,1.4,2
CUS1429,11160.72,1,3.1,1
CUS1430,10158.75,1,3.5,1
CUS1431,13852.56,2,3.45,1
CUS1433,8258.55,2,1.7000000000000002,2
CUS1434,17860.899999999998,1,3.2,1
CUS1436,15631.53,3,2.8666666666666667,0
CUS1437,8031.28,1,3.5,1
CUS1438,6823.96,1,4.8,1
CUS1439,5572.8,1,4.5,1
CUS1441,16197.88,2,2.65,0
CUS1442,15383.5,1,1.3,2
CUS1443,5052.12,1,4.0,1
CUS1444,10833.33,3,2.1,0
CUS1445,10814.42,2,4.25,1
CUS1447,8166.8,1,2.8,2
CUS1448,13328.27,2,2.1500000000000004,2
CUS1449,32926.71,2,3.8,0
CUS1450,22234.45,2,3.55,0
CUS1451,4178.09,2,3.2,1
CUS1453,6852.379999999999,2,2.75,2
CUS1455,17070.16,1,3.2,1
CUS1456,2576.99,2,3.6,1
CUS1457,45843.7,5,2.34,0
CUS1458,7810.98,1,3.3,1
CUS1460,3508.36,2,3.25,1
CUS1465,14364.08,1,4.7,1
CUS1466,7842.56,2,4.15,1
CUS1467,7149.25,1,1.2,2
CUS1468,4533.36,1,3.0,1
CUS1469,15991.71,2,3.052347368421053,0
CUS1470,13755.45,1,2.5,2
CUS1473,1186.71,1,1.3,2
CUS1476,2764.81,1,3.5,1
CUS1477,11193.45,2,3.05,1
CUS1479,10447.11,1,2.9,2
CUS1480,215.52,1,4.5,1
CUS1481,2162.66,1,1.7,2
CUS1483,4225.36,1,2.5,2
CUS1484,29289.17,2,2.8,0
CUS1487,20110.46,4,1.925,0
CUS1488,9160.44,2,3.85,1
CUS1489,4434.63,1,2.9,2
CUS1491,19404.629999999997,2,3.5,0
CUS1492,26709.34,4,2.5749999999999997,0
CUS1493,5082.280000000001,2,3.5,1
CUS1494,22057.870000000003,3,2.733333333333333,0
CUS1496,13012.44,1,2.6,2
CUS1498,7126.02,1,3.1,1
CUS1501,10415.85,2,2.9523473684210524,2
CUS1504,18113.86,2,2.8523473684210527,0
CUS1505,22296.47,3,1.9333333333333336,0
CUS1507,15262.419999999998,2,2.1500000000000004,2
CUS1508,21608.97,3,2.6682315789473683,0
CUS1509,13084.77,1,1.1,2
CUS1511,1860.42,1,3.5,1
CUS1513,14891.05,2,3.25,1
CUS1515,19187.95,1,1.6,2
CUS1516,70675.0,5,3.060938947368421,0
CUS1517,20852.42,2,3.0,0
CUS1518,6786.210000000001,1,4.0,1
CUS1520,16630.24,3,3.4333333333333336,0
CUS1522,12558.2,2,2.75,2
CUS1523,3632.64,1,2.8,2
CUS1524,18816.6,2,1.7,2
CUS1525,14111.56,1,1.3,2
CUS1527,6600.15,1,1.3,2
CUS1528,2478.9,1,4.9,1
CUS1529,2328.39,1,2.1,2
CUS1530,12028.12,3,1.2666666666666666,2
CUS1531,32640.37,5,3.08,0
CUS1534,12645.21,1,4.0,1
CUS1535,1311.38,1,3.0046947368421053,1
CUS1537,2742.78,1,1.4,2
CUS1538,29683.15,2,1.6,0
CUS1539,440.51,1,2.0,2
CUS1540,18409.02,2,2.2,2
CUS1541,4524.03,2,2.1500000000000004,2
CUS1544,8276.76,1,3.7,1
CUS1546,17866.65,2,2.65,0
CUS1548,23853.25,2,3.4,0
CUS1549,12214.41,1,4.5,1
CUS1550,1660.9499999999998,1,5.0,1
CUS1551,2615.4,1,3.2,1
CUS1552,14536.45,1,3.0046947368421053,1
CUS1553,32552.65,3,3.466666666666667,0
CUS1556,24239.8,2,3.2,0
CUS1557,12964.15,1,2.5,2
CUS1559,1679.65,2,4.0,1
CUS1560,13045.64,1,1.2,2
CUS1564,802.29,1,1.9,2
CUS1565,2351.44,1,1.3,2
CUS1569,17671.960000000003,3,2.2666666666666666,0
CUS1570,1813.03,1,2.6,2
CUS1571,6218.3,1,4.8,1
CUS1576,4225.32,1,1.4,2
CUS1577,10258.54,2,3.45,1
CUS1578,2642.94,2,2.9,2
CUS1579,13902.58,3,3.433333333333333,0
CUS1580,10421.7,2,3.1500000000000004,1
CUS1581,3162.07,1,2.4,2
CUS1582,9992.76,1,2.9,2
CUS1584,3910.0,2,3.55,1
CUS1585,4052.56,1,4.2,1
CUS1586,7765.04,3,4.2,1
CUS1587,12170.36,1,3.5,1
CUS1588,1146.5,2,2.8,2
CUS1589,5102.22,1,1.1,2
CUS1590,9581.56,1,3.0046947368421053,1
CUS1592,13328.55,2,3.902347368421053,1
CUS1593,28855.07,4,3.45,0
CUS1594,31411.23,3,3.3666666666666667,0
CUS1595,5913.99,2,2.9,2
CUS1596,15903.33,2,4.8,1
CUS1598,33976.689999999995,5,2.96,0
CUS1599,14604.18,1,4.1,1
CUS1600,20173.51,3,3.768231578947368,0
CUS1601,6140.38,2,3.4,1
CUS1602,11920.52,1,4.6,1
CUS1604,19441.84,2,3.152347368421053,0
CUS1605,22648.15,1,3.0,1
CUS1607,6474.700000000001,1,1.7,2
CUS1608,15217.92,1,3.1,1
CUS1609,3864.66,1,3.7,1
CUS1610,8334.6,1,2.0,2
CUS1611,8922.92,1,1.7,2
CUS1612,957.56,1,4.2,1
CUS1614,13936.4,2,2.35,2
CUS1616,4126.82,1,4.1,1
CUS1617,28406.46,3,3.7999999999999994,0
CUS1618,20152.03,3,1.5333333333333332,0
CUS1619,11864.86,2,3.4,1
CUS1620,1371.84,1,1.2,2
CUS1621,24084.25,1,1.2,2
CUS1622,5609.64,1,4.3,1
CUS1624,6245.08,1,1.1,2
CUS1626,7414.1,1,4.1,1
CUS1627,43488.7,3,3.9,0
CUS1628,31168.300000000003,3,2.8666666666666667,0
CUS1629,8310.99,2,3.55,1
CUS1630,7319.62,1,2.4,2
CUS1631,12534.4,2,4.4,1
CUS1632,18482.36,2,4.0,1
CUS1633,3003.26,1,3.0046947368421053,1
CUS1634,6797.44,1,2.7,2
CUS1636,3867.4,1,4.2,1
CUS1637,7905.549999999999,1,3.9,1
CUS1638,10351.96,1,2.2,2
CUS1639,21979.42,3,2.9,0
CUS1640,5545.400000000001,2,3.6023473684210527,1
CUS1643,13013.8,1,3.6,1
CUS1645,14565.12,1,3.0046947368421053,1
CUS1646,5966.58,1,4.4,1
CUS1648,7950.900000000001,1,3.3,1
CUS1649,5398.5,1,3.5,1
CUS1650,11934.04,2,4.1,1
CUS1652,18870.98,3,3.233333333333333,0
CUS1655,2762.36,1,4.5,1
CUS1657,4803.18,1,3.7,1
CUS1660,18271.9,1,1.9,2
CUS1661,28883.53,2,4.25,0
CUS1664,1527.5,1,1.7,2
CUS1666,16021.81,2,2.9523473684210524,0
CUS1667,12949.7,1,1.3,2
CUS1670,875.53,1,1.3,2
CUS1671,31661.24,3,1.9333333333333331,0
CUS1672,25480.64,4,2.425,0
CUS1675,1841.47,1,3.8,1
CUS1676,22684.480000000003,2,1.5,2
CUS1677,795.72,1,4.8,1
CUS1678,11489.0,1,4.7,1
CUS1680,17682.48,2,3.4499999999999997,0
CUS1681,19642.54,3,4.133333333333334,0
CUS1682,22985.74,2,4.9,1
CUS1683,9514.96,1,4.1,1
CUS1684,11242.32,1,1.8,2
CUS1685,916.04,1,2.3,2
CUS1686,8697.28,1,1.8,2
CUS1687,5493.55,2,4.55,1
CUS1688,18983.18,2,2.4000000000000004,0
CUS1689,2064.33,1,3.9,1
CUS1690,2704.81,1,4.0,1
CUS1691,12489.66,1,3.0046947368421053,1
CUS1694,6797.28,1,3.0,1
CUS1696,4291.98,1,2.2,2
CUS1697,303.52,1,2.4,2
CUS1699,7738.349999999999,1,4.6,1
CUS1700,2475.42,1,4.7,1
CUS1702,495.52,1,2.8,2
CUS1704,2434.41,1,1.6,2
CUS1705,16203.0,1,1.4,2
CUS1706,6441.52,1,2.5,2
CUS1707,4741.51,1,2.9,2
CUS1709,54525.58,3,2.566666666666667,0
CUS1710,665.07,1,4.5,1
CUS1712,8344.68,1,4.7,1
CUS1713,19334.47,2,3.6,0
CUS1714,7632.75,1,1.3,2
CUS1715,16297.77,2,3.45,1
CUS1716,22731.18,2,3.3000000000000003,0
CUS1717,5827.76,1,1.4,2
CUS1719,6203.7,1,4.4,1
CUS1720,25825.73,2,2.6,0
CUS1723,24598.53,2,1.7000000000000002,0
CUS1728,6493.74,1,3.4,1
CUS1729,634.84,1,4.6,1
CUS1730,34593.74,4,2.85,0
CUS1732,12063.6,1,1.8,2
CUS1733,7128.14,1,4.7,1
CUS1735,26744.870000000003,2,1.15,0
CUS1736,2785.23,1,4.4,1
CUS1738,62812.96,5,4.24,0
CUS1739,8863.72,1,3.5,1
CUS1742,16334.25,1,2.0,2
CUS1743,602.98,2,2.0,2
CUS1745,9943.5,1,1.9,2
CUS1746,4274.39,1,4.7,1
CUS1748,3046.66,1,3.2,1
CUS1749,3156.24,1,4.2,1
CUS1750,3485.04,2,3.6,1
CUS1751,17910.719999999998,3,3.5666666666666664,0
CUS1752,7195.4,2,2.95,2
CUS1753,24048.55,1,4.1,1
CUS1754,4828.66,1,3.0046947368421053,1
CUS1755,1634.52,1,2.0,2
CUS1756,17470.68,1,4.9,1
CUS1759,38165.44,2,3.0,0
CUS1761,11039.16,1,2.9,2
CUS1762,3836.36,1,3.1,1
CUS1764,7931.35,1,2.6,2
CUS1767,36215.52,4,2.475,0
CUS1768,2360.59,2,2.1,2
CUS1769,5331.6900000000005,1,4.8,1
CUS1770,4961.04,1,3.8,1
CUS1771,4844.82,1,3.6,1
CUS1772,12508.3,1,3.3,1
CUS1775,7388.72,1,3.2,1
CUS1776,18818.33,2,3.45,0
CUS1777,25512.2,2,2.65,0
CUS1778,31234.2,2,2.4,0
CUS1779,942.22,1,3.0046947368421053,1
CUS1780,23313.18,2,2.3499999999999996,0
CUS1781,22796.25,1,3.5,1
CUS1782,9513.87,1,1.5,2
CUS1783,15923.2,2,3.0,0
CUS1784,26497.56,2,3.5999999999999996,0
CUS1787,996.9,2,3.5,1
CUS1788,8083.42,2,3.5999999999999996,1
CUS1790,8245.21,2,3.65,1
CUS1791,1959.03,1,3.9,1
CUS1792,23076.6,1,4.5,1
CUS1793,2151.24,1,4.9,1
CUS1794,9641.34,1,2.5,2
CUS1797,16734.89,2,2.652347368421053,0
CUS1798,32832.600000000006,2,2.15,0
CUS1799,2439.6,1,2.5,2
CUS1800,2513.55,1,1.5,2
CUS1803,4090.95,1,4.8,1
CUS1804,540.95,1,2.5,2
CUS1805,1763.67,1,2.3,2
CUS1806,6255.2,1,1.1,2
CUS1808,6144.900000000001,1,4.3,1
CUS1809,11438.84,1,4.1,1
CUS1810,624.87,1,2.9,2
CUS1815,6786.54,1,3.0,1
CUS1816,9777.9,1,3.1,1
CUS1817,544.47,1,3.0,1
CUS1818,10849.53,2,4.15,1
CUS1820,23891.4,3,2.433333333333333,0
CUS1821,19114.72,1,2.5,2
CUS1825,5969.849999999999,3,1.7,2
CUS1826,7678.25,1,2.5,2
CUS1827,553.3,1,2.1,2
CUS1829,17209.27,2,3.75,1
CUS1830,4187.65,2,3.2,1
CUS1832,13682.02,2,3.05,1
CUS1838,2522.86,1,1.5,2
CUS1839,3647.88,1,1.4,2
CUS1842,4074.3,1,1.1,2
CUS1843,15349.64,2,3.0023473684210527,0
CUS1844,4355.32,2,3.3523473684210527,1
CUS1846,6144.52,1,2.2,2
CUS1847,6652.88,1,2.0,2
CUS1849,14846.01,1,3.6,1
CUS1852,15571.48,1,4.7,1
CUS1853,2812.3,1,4.4,1
CUS1854,4393.34,1,2.6,2
CUS1855,17499.08,1,3.8,1
CUS1857,8303.300000000001,1,2.4,2
CUS1858,25728.15,2,2.5023473684210527,0
CUS1860,12289.76,1,4.6,1
CUS1861,33561.82,5,2.28,0
CUS1862,1246.8,1,2.7,2
CUS1863,7715.1,1,2.4,2
CUS1865,33442.31,6,2.9674491228070177,0
CUS1867,1305.28,1,3.0,1
CUS1868,20286.34,3,2.468231578947368,0
CUS1869,22960.01,2,3.0,0
CUS1870,1884.25,1,1.5,2
CUS1871,19356.34,3,3.2999999999999994,0
CUS1872,520.92,1,1.9,2
CUS1874,11118.28,1,2.6,2
CUS1875,1572.1,1,1.7,2
CUS1876,1503.87,1,3.0,1
CUS1877,5692.2300000000005,1,3.6,1
CUS1879,31734.51,4,3.175,0
CUS1881,10526.2,4,3.75,0
CUS1882,2925.74,1,3.2,1
CUS1883,24590.7,3,2.6,0
CUS1884,30850.0,2,3.35,0
CUS1885,26796.93,3,3.066666666666667,0
CUS1888,23887.74,2,3.3523473684210527,0
CUS1889,12691.9,2,2.5,2
CUS1890,2960.29,2,3.15,1
CUS1891,10327.65,1,1.3,2
CUS1892,29667.93,3,2.733333333333333,0
CUS1893,10275.24,1,4.1,1
CUS1894,16541.55,1,2.4,2
CUS1895,8298.87,2,2.9,2
CUS1896,1291.25,1,2.7,2
CUS1898,5174.68,1,4.0,1
CUS1899,6233.5,1,4.0,1
CUS1902,9813.44,2,2.6500000000000004,2
CUS1903,9807.3,1,4.4,1
CUS1905,1469.22,1,2.1,2
CUS1906,4439.61,1,1.4,2
CUS1907,12478.44,2,4.15,1
CUS1908,3466.56,1,4.5,1
CUS1909,40702.55,2,3.0,0
CUS1910,10396.22,2,3.3499999999999996,1
CUS1911,1887.05,1,3.3,1
CUS1912,3748.8,1,4.4,1
CUS1914,7090.53,2,1.95,2
CUS1915,13679.68,1,1.0,2
CUS1916,15491.33,3,2.1666666666666665,0
CUS1917,5629.14,1,1.8,2
CUS1918,2912.28,1,1.5,2
CUS1919,1096.15,1,1.2,2
CUS1921,5247.45,1,2.7,2
CUS1923,16839.6,3,2.8000000000000003,0
CUS1924,6752.969999999999,1,2.3,2
CUS1925,13322.22,1,3.2,1
CUS1926,4143.46,1,4.0,1
CUS1928,9933.3,2,3.25,1
CUS1932,13102.2,1,1.7,2
CUS1933,15130.14,3,3.9333333333333336,0
CUS1934,16172.5,1,3.1,1
CUS1935,16567.2,2,3.45,1
CUS1936,7338.04,1,3.5,1
CUS1937,15749.15,1,3.0046947368421053,1
CUS1938,21172.16,2,3.9,0
CUS1941,10834.41,3,3.3682315789473685,0
CUS1942,5105.400000000001,1,1.2,2
CUS1943,17954.0,1,2.2,2
CUS1944,2202.89,1,2.7,2
CUS1948,4738.68,1,1.0,2
CUS1949,37255.58,2,2.7,0
CUS1950,17635.95,1,1.9,2
CUS1953,24173.71,2,3.35,0
CUS1956,5336.88,2,3.35,1
CUS1957,25603.61,3,2.6682315789473687,0
CUS1958,1441.32,1,2.3,2
CUS1959,2020.54,1,3.2,1
CUS1960,7534.32,1,1.6,2
CUS1961,8512.95,1,1.8,2
CUS1963,4821.95,1,2.5,2
CUS1964,17785.95,2,2.4000000000000004,0
CUS1965,22787.1,1,4.8,1
CUS1966,30311.84,3,3.766666666666667,0
CUS1967,23574.61,2,4.4,0
CUS1968,12998.42,4,2.4011736842105265,0
CUS1969,10985.96,2,2.05,2
CUS1972,25583.59,3,1.9666666666666668,0
CUS1973,9492.58,2,4.35,1
CUS1974,1201.0,1,1.0,2
CUS1976,6776.6,1,1.3,2
CUS1977,47273.58,3,2.033333333333333,0
CUS1979,4417.3,1,4.3,1
CUS1980,40032.380000000005,3,3.766666666666667,0
CUS1982,16040.21,2,3.15,0
CUS1983,32728.68,2,3.2,0
CUS1984,6019.15,2,2.7523473684210527,2
CUS1985,19400.24,3,4.166666666666667,0
CUS1987,8689.05,1,3.5,1
CUS1988,5415.84,1,2.6,2
CUS1990,10297.55,1,1.2,2
CUS1991,979.25,1,4.3,1
CUS1992,12761.77,2,3.7,1
CUS1993,252.85,1,1.3,2
CUS1994,14390.52,1,3.8,1
CUS1996,24160.68,2,2.552347368421053,0
CUS1997,16311.69,2,2.15,2
CUS1998,16526.42,3,1.7666666666666668,0
CUS2001,17533.84,1,3.0046947368421053,1
CUS2002,22456.36,2,3.65,0
CUS2004,5162.48,1,4.8,1
CUS2006,4938.79,1,4.1,1
CUS2007,15116.12,2,2.75,2
CUS2008,13625.62,2,3.152347368421053,1
CUS2010,26142.65,3,4.3999999999999995,0
CUS2011,22609.89,4,3.575,0
CUS2013,22153.3,2,2.65,0
CUS2015,30329.01,2,3.85,0
CUS2017,28139.7,2,3.9,0
CUS2018,485.78,1,1.1,2
CUS2019,20328.84,3,3.6333333333333337,0
CUS2022,25696.44,2,3.0,0
CUS2024,5286.679999999999,2,2.4,2
CUS2025,24493.69,3,2.7999999999999994,0
CUS2026,369.78,1,2.9,2
CUS2029,33262.32,3,2.466666666666667,0
CUS2031,17557.43,2,4.2,1
CUS2033,8111.84,1,3.9,1
CUS2034,13979.77,2,2.8,2
CUS2035,7074.51,2,3.5,1
CUS2036,9803.6,1,2.7,2
CUS2037,13476.7,2,1.95,2
CUS2040,10252.87,3,3.733333333333333,0
CUS2041,6557.06,1,4.3,1
CUS2042,19384.300000000003,2,1.65,2
CUS2043,22377.039999999997,3,3.5,0
CUS2044,12230.8,2,3.25,1
CUS2045,3344.16,1,4.6,1
CUS2046,5291.8,1,4.3,1
CUS2048,14532.469999999998,2,1.95,2
CUS2049,3932.34,1,4.6,1
CUS2050,11598.02,3,1.8,0
CUS2051,15031.84,1,4.0,1
CUS2055,24940.42,2,3.0,0
CUS2056,12208.89,2,2.9,2
CUS2057,2177.41,1,4.0,1
CUS2058,1633.1999999999998,1,1.3,2
CUS2059,1457.2,1,1.0,2
CUS2060,13182.65,1,2.9,2
CUS2062,7880.01,1,4.2,1
CUS2063,31077.99,2,4.25,0
CUS2064,11950.7,1,1.5,2
CUS2065,7217.68,1,3.0046947368421053,1
CUS2066,3345.17,1,3.0046947368421053,1
CUS2069,14789.12,2,2.15,2
CUS2076,17057.4,1,1.1,2
CUS2080,1401.42,1,3.1,1
CUS2083,5280.72,1,1.8,2
CUS2084,1501.74,1,3.2,1
CUS2086,24457.32,2,2.8,0
CUS2087,23031.21,3,2.566666666666667,0
CUS2088,3550.74,1,2.3,2
CUS2089,11927.45,3,2.1999999999999997,0
CUS2090,9232.33,3,2.6333333333333333,0
CUS2093,12209.75,1,4.5,1
CUS2095,11658.0,1,3.0046947368421053,1
CUS2096,19013.9,2,4.2,1
CUS2097,38871.67,5,3.400938947368421,0
CUS2098,11053.71,1,1.9,2
CUS2099,4738.42,1,1.7,2
CUS2101,13629.21,1,1.6,2
CUS2103,39571.17,4,3.3000000000000003,0
CUS2104,2563.44,1,1.9,2
CUS2105,4347.04,1,4.9,1
CUS2106,10130.2,1,3.4,1
CUS2107,3269.21,1,4.8,1
CUS2108,42910.29,5,3.12,0
CUS2110,1628.12,1,2.9,2
CUS2113,1687.25,1,3.1,1
CUS2115,28645.15,2,1.25,0
CUS2116,6697.5599999999995,1,1.7,2
CUS2117,35883.119999999995,3,3.033333333333333,0
CUS2120,29457.88,2,4.35,0
CUS2121,23556.5,1,3.1,1
CUS2122,7545.18,2,2.9499999999999997,2
CUS2125,23653.32,2,4.35,0
CUS2128,15063.67,2,3.85,1
CUS2130,24450.78,2,3.0,0
CUS2132,22522.43,3,3.0,0
CUS2133,16777.28,1,3.6,1
CUS2136,9832.06,1,2.4,2
CUS2137,16651.85,4,2.1511736842105265,0
CUS2139,12871.6,1,2.5,2
CUS2140,1013.61,1,1.1,2
CUS2141,18020.59,2,3.15,0
CUS2142,11674.3,3,3.1666666666666665,0
CUS2144,9453.57,1,2.4,2
CUS2145,8613.09,1,4.9,1
CUS2146,3733.24,1,4.4,1
CUS2147,2314.55,1,4.6,1
CUS2148,8655.34,1,1.7,2
CUS2149,6956.29,2,3.4499999999999997,1
CUS2150,181.16,1,3.1,1
CUS2151,40837.03,4,2.175,0
CUS2152,17702.59,2,4.4,1
CUS2154,13127.08,1,2.9,2
CUS2155,1779.72,1,2.4,2
CUS2156,4629.92,2,3.95,1
CUS2161,9909.24,1,1.6,2
CUS2163,4028.91,1,3.1,1
CUS2164,26252.12,2,2.75,0
CUS2165,6775.79,2,2.902347368421053,2
CUS2166,12292.7,4,3.4261736842105264,0
CUS2167,4706.75,2,3.35,1
CUS2170,11751.5,2,3.85,1
CUS2171,9321.37,2,4.7,1
CUS2172,6354.54,2,3.052347368421053,1
CUS2173,747.33,1,3.0,1
CUS2174,8892.76,1,2.1,2
CUS2176,15466.4,2,3.7,1
CUS2177,3099.78,1,4.6,1
CUS2178,4188.450000000001,1,3.0046947368421053,1
CUS2180,18115.4,1,3.6,1
CUS2181,27282.97,2,2.1,0
CUS2182,31570.620000000003,3,2.466666666666667,0
CUS2184,2070.34,1,4.2,1
CUS2185,15928.1,1,3.4,1
CUS2186,21866.86,2,3.9,0
CUS2187,7377.139999999999,2,2.5999999999999996,2
CUS2190,7825.38,1,3.5,1
CUS2191,7599.450000000001,1,4.8,1
CUS2192,9095.32,2,2.6,2
CUS2195,3707.87,1,3.0046947368421053,1
CUS2197,6061.16,1,1.7,2
CUS2198,12898.2,1,2.4,2
CUS2200,1656.13,1,2.6,2
CUS2201,8733.58,1,3.7,1
CUS2203,14734.509999999998,3,2.3666666666666667,0
CUS2206,10946.5,2,3.15,1
CUS2208,10493.0,1,2.4,2
CUS2212,4763.22,1,3.7,1
CUS2213,1106.64,1,2.1,2
CUS2215,20170.68,2,2.402347368421053,0
CUS2216,2518.58,1,1.6,2
CUS2219,4059.62,1,2.4,2
CUS2220,9556.08,1,3.1,1
CUS2222,464.94,1,2.4,2
CUS2225,677.97,1,2.2,2
CUS2229,13673.490000000002,2,2.8000000000000003,2
CUS2231,6002.08,1,2.7,2
CUS2232,9765.57,1,3.0046947368421053,1
CUS2233,22416.31,2,3.2,0
CUS2235,8566.94,2,2.2,2
CUS2236,3876.36,1,1.7,2
CUS2237,19702.66,2,3.15,0
CUS2238,13670.67,2,1.9,2
CUS2239,3542.95,2,2.5,2
CUS2241,20226.95,1,1.9,2
CUS2245,22335.65,1,2.3,2
CUS2246,6672.34,1,3.4,1
CUS2250,141.96,1,4.7,1
CUS2251,12556.76,1,2.7,2
CUS2252,4079.79,1,4.7,1
CUS2254,33350.479999999996,2,1.35,0
CUS2258,18818.09,2,1.85,2
CUS2262,15318.57,2,3.45,1
CUS2263,530.68,1,1.8,2
CUS2265,5436.959999999999,2,3.5,1
CUS2266,37015.19,2,2.55,0
CUS2267,1320.79,1,4.5,1
CUS2269,1702.96,1,4.3,1
CUS2271,15293.2,3,2.6999999999999997,0
CUS2272,76896.25,4,2.775,0
CUS2273,13172.56,1,1.7,2
CUS2275,35064.41,2,2.65,0
CUS2278,34895.75,3,2.1,0
CUS2280,6607.86,1,2.8,2
CUS2282,16220.54,2,3.1,0
CUS2283,14038.56,2,3.6023473684210527,1
CUS2284,339.05,1,1.8,2
CUS2285,22147.84,3,3.0666666666666664,0
CUS2289,9360.52,1,2.5,2
CUS2291,6641.92,1,1.3,2
CUS2292,6303.14,1,4.4,1
CUS2293,7758.450000000001,1,4.3,1
CUS2294,9188.84,2,2.3,2
CUS2295,1195.41,1,4.5,1
CUS2297,9175.25,1,3.2,1
CUS2298,1781.22,1,5.0,1
CUS2301,5592.11,2,3.3,1
CUS2305,26403.36,3,1.6,0
CUS2306,14382.3,1,1.9,2
CUS2307,14387.79,1,3.0046947368421053,1
CUS2310,7574.59,2,3.7,1
CUS2313,3979.65,1,4.3,1
CUS2315,9725.87,2,2.9000000000000004,2
CUS2317,40253.0,3,3.766666666666667,0
CUS2318,12684.83,2,2.85,2
CUS2319,11997.87,2,2.85,2
CUS2320,4187.94,1,2.8,2
CUS2322,23926.879999999997,3,3.466666666666667,0
CUS2323,18126.52,1,1.9,2
CUS2324,1084.36,1,2.1,2
CUS2325,12504.99,1,4.2,1
CUS2326,449.56,1,3.9,1
CUS2327,5400.69,2,4.05,1
CUS2329,8906.39,2,4.45,1
CUS2330,4707.18,1,1.2,2
CUS2331,21268.52,3,3.3333333333333335,0
CUS2333,20849.6,2,3.302347368421053,0
CUS2334,13344.78,1,4.9,1
CUS2335,1986.7,1,2.7,2
CUS2336,1341.0,1,2.9,2
CUS2337,6851.1,2,2.2,2
CUS2339,7756.28,1,2.8,2
CUS2341,3380.6400000000003,1,3.4,1
CUS2343,1084.32,1,2.2,2
CUS2344,2909.84,1,4.3,1
CUS2345,488.41,1,3.3,1
CUS2348,9494.48,2,3.75,1
CUS2349,5732.7,1,4.9,1
CUS2351,21257.0,1,2.2,2
CUS2354,11755.01,2,2.45,2
CUS2355,7800.85,1,4.8,1
CUS2356,11104.86,2,3.0,1
CUS2358,767.34,1,4.7,1
CUS2359,16911.96,2,1.45,2
CUS2361,2568.51,1,2.6,2
CUS2362,21790.23,3,3.1,0
CUS2363,18087.4,1,4.7,1
CUS2364,6473.6,2,1.75,2
CUS2365,3268.04,1,2.2,2
CUS2366,18561.89,2,2.1500000000000004,2
CUS2367,4296.24,1,5.0,1
CUS2368,3678.65,1,3.8,1
CUS2369,25303.89,4,3.0011736842105265,0
CUS2370,15425.04,1,3.7,1
CUS2372,2971.91,1,2.3,2
CUS2373,7833.700000000001,2,2.85,2
CUS2374,14204.52,1,2.9,2
CUS2377,11867.22,2,2.7,2
CUS2379,421.43999999999994,1,4.1,1
CUS2380,2161.5,1,1.8,2
CUS2381,19042.85,1,4.2,1
CUS2382,36800.52,5,2.42,0
CUS2383,16729.34,2,2.75,0
CUS2384,14177.47,2,1.5,2
CUS2387,18560.43,2,2.0,2
CUS2389,16223.55,2,3.25,0
CUS2390,46395.33,4,3.075,0
CUS2391,26540.4,2,3.5,0
CUS2392,21479.6,2,2.8,0
CUS2393,8635.56,1,2.6,2
CUS2395,6735.08,1,1.6,2
CUS2396,21118.129999999997,2,3.0,0
CUS2397,13703.169999999998,2,4.550000000000001,1
CUS2398,1264.29,1,2.6,2
CUS2399,5078.36,1,2.5,2
CUS2400,19165.99,2,4.3,1
CUS2401,3201.75,1,4.2,1
CUS2403,7423.9,1,3.8,1
CUS2404,19453.04,1,2.3,2
CUS2405,838.8,1,2.5,2
CUS2406,9857.62,1,4.4,1
CUS2408,27896.67,5,3.460938947368421,0
CUS2411,23585.04,3,2.566666666666667,0
CUS2413,8967.72,1,4.9,1
CUS2415,13605.6,1,1.2,2
CUS2416,25968.57,4,2.8000000000000003,0
CUS2417,11571.35,3,2.4,0
CUS2421,22704.28,2,4.2,0
CUS2422,4302.77,1,3.5,1
CUS2423,22505.62,2,2.6,0
CUS2424,2623.4,1,3.0046947368421053,1
CUS2425,901.4,1,2.7,2
CUS2426,17338.12,3,3.534898245614035,0
CUS2430,32252.76,2,1.95,0
CUS2431,17705.3,2,1.5,2
CUS2432,2958.8999999999996,1,3.8,1
CUS2433,1417.23,1,3.7,1
CUS2435,411.22,1,4.5,1
CUS2437,1824.02,1,4.6,1
CUS2438,6246.84,1,1.6,2
CUS2439,11636.35,1,2.1,2
CUS2441,2846.0,1,4.1,1
CUS2442,45665.22,3,2.6333333333333333,0
CUS2443,5564.22,1,3.1,1
CUS2444,27956.09,3,1.9,0
CUS2445,6866.66,3,2.766666666666667,0
CUS2446,21462.4,1,1.7,2
CUS2447,24249.57,2,2.0,0
CUS2448,762.58,1,4.1,1
CUS2449,24607.89,4,3.475,0
CUS2451,24513.86,3,3.6666666666666665,0
CUS2452,26061.79,3,3.3000000000000003,0
CUS2454,6737.76,1,2.5,2
CUS2455,17521.059999999998,2,3.75,1
CUS2456,15212.95,1,4.9,1
CUS2458,7517.02,3,2.6666666666666665,0
CUS2460,3365.92,1,1.9,2
CUS2461,5872.92,1,2.4,2
CUS2462,4693.96,1,4.5,1
CUS2463,40180.119999999995,3,2.3666666666666667,0
CUS2465,2722.9,1,1.7,2
CUS2466,10118.92,1,4.6,1
CUS2467,17884.72,2,4.55,1
CUS2469,24802.800000000003,1,4.5,1
CUS2470,19490.81,2,1.85,2
CUS2471,17204.78,3,2.866666666666667,0
CUS2472,2935.24,2,2.45,2
CUS2474,11317.35,1,1.3,2
CUS2475,41062.26,4,2.4000000000000004,0
CUS2477,1617.74,1,4.5,1
CUS2479,12219.09,1,3.5,1
CUS2480,24245.15,3,2.0015649122807018,0
CUS2481,8426.72,1,4.0,1
CUS2482,9831.7,1,4.5,1
CUS2483,24390.7,1,4.4,1
CUS2484,25041.35,2,4.199999999999999,0
CUS2485,1735.5,1,1.1,2
CUS2486,20397.68,3,2.9333333333333336,0
CUS2487,1965.17,1,4.5,1
CUS2488,10710.1,2,2.4,2
CUS2490,10947.45,2,4.4,1
CUS2491,1005.84,1,3.5,1
CUS2492,14790.2,1,3.2,1
CUS2493,40014.850000000006,3,4.201564912280702,0
CUS2495,11928.95,2,3.0,1
CUS2498,1412.35,1,3.0,1
CUS2499,47060.85,4,2.525,0
CUS2501,3582.93,1,3.5,1
CUS2503,6408.6,1,4.1,1
CUS2506,350.67,1,1.2,2
CUS2507,5631.04,1,4.1,1
CUS2509,4091.55,1,1.1,2
CUS2510,18272.69,2,3.0999999999999996,0
CUS2511,19243.17,3,2.9,0
CUS2513,30303.81,2,1.15,0
CUS2514,156.89,1,1.2,2
CUS2515,19862.15,2,4.449999999999999,1
CUS2516,2691.8999999999996,1,4.6,1
CUS2517,10796.76,1,1.2,2
CUS2521,9194.88,2,4.550000000000001,1
CUS2522,23229.609999999997,3,2.1,0
CUS2523,18263.75,1,4.1,1
CUS2524,8856.28,2,3.35,1
CUS2525,4642.74,1,4.1,1
CUS2528,8998.44,4,2.876173684210526,0
CUS2529,5190.72,1,1.7,2
CUS2530,33968.75,2,1.65,0
CUS2531,5865.549999999999,1,1.1,2
CUS2533,24826.68,3,2.3666666666666667,0
CUS2536,3939.14,1,2.3,2
CUS2538,6286.02,1,2.6,2
CUS2540,22357.65,1,1.3,2
CUS2542,11233.74,1,2.9,2
CUS2543,9552.2,3,2.5,0
CUS2544,38306.25,3,2.6999999999999997,0
CUS2545,409.99,1,1.9,2
CUS2547,9636.83,2,4.4,1
CUS2548,14780.080000000002,2,4.05,1
CUS2555,14466.35,1,2.8,2
CUS2557,3957.68,1,2.3,2
CUS2559,2505.08,1,1.9,2
CUS2560,13887.18,2,2.8000000000000003,2
CUS2561,6145.52,1,4.5,1
CUS2562,12443.1,1,2.9,2
CUS2563,17198.32,1,3.0046947368421053,1
CUS2564,933.21,1,2.8,2
CUS2565,12539.4,1,1.5,2
CUS2566,31961.99,2,2.6023473684210527,0
CUS2567,8237.81,2,3.55,1
CUS2568,12966.05,2,4.95,1
CUS2569,5528.7,1,3.9,1
CUS2570,20685.26,2,1.75,2
CUS2571,12931.1,1,3.7,1
CUS2572,1614.35,1,2.6,2
CUS2574,6432.88,1,3.2,1
CUS2575,2058.28,1,1.2,2
CUS2576,3604.74,1,2.8,2
CUS2578,3981.75,1,2.6,2
CUS2580,9599.63,3,2.2333333333333334,0
CUS2582,50540.11,5,2.72,0
CUS2584,14171.13,2,2.1,2
CUS2585,7334.97,2,2.25,2
CUS2586,35790.56,3,3.1999999999999997,0
CUS2587,482.8,1,3.5,1
CUS2588,4323.1,1,1.7,2
CUS2589,727.46,1,2.1,2
CUS2590,11897.76,1,1.6,2
CUS2591,2243.64,1,2.3,2
CUS2592,20442.15,1,4.2,1
CUS2593,9214.65,2,2.0,2
CUS2594,20593.78,2,2.5999999999999996,0
CUS2595,3236.52,1,1.9,2
CUS2596,2059.98,1,3.0,1
CUS2597,12483.15,1,2.7,2
CUS2598,3516.18,1,4.8,1
CUS2599,6763.65,2,2.05,2
CUS2600,5198.14,1,2.2,2
CUS2602,22330.95,2,4.0,0
CUS2605,4192.14,1,1.8,2
CUS2611,8560.75,1,1.5,2
CUS2612,4483.12,1,2.1,2
CUS2613,16640.78,3,2.4015649122807017,0
CUS2614,2904.74,1,1.2,2
CUS2615,22662.36,2,1.05,2
CUS2616,33424.2,2,2.75,0
CUS2617,4214.33,1,4.8,1
CUS2619,13729.920000000002,1,2.6,2
CUS2621,9224.58,1,1.3,2
CUS2623,12552.62,2,3.2,1
CUS2624,9450.04,1,2.5,2
CUS2625,2680.05,1,3.0,1
CUS2626,4293.89,1,4.9,1
CUS2627,9908.34,2,2.4,2
CUS2628,7823.46,1,3.5,1
CUS2629,17982.5,2,3.4499999999999997,0
CUS2630,3233.53,1,4.2,1
CUS2631,28141.53,3,2.6999999999999997,0
CUS2632,16760.52,1,2.1,2
CUS2635,14444.080000000002,2,3.6,1
CUS2636,16087.7,2,1.5,2
CUS2637,18248.22,2,4.2,1
CUS2639,3898.26,1,2.2,2
CUS2641,8178.200000000001,2,2.8,2
CUS2642,6431.969999999999,1,4.3,1
CUS2644,23565.61,2,3.3,0
CUS2645,35470.18,4,2.726173684210526,0
CUS2647,606.21,1,2.0,2
CUS2649,3562.47,1,4.0,1
CUS2650,34442.89,3,2.9,0
CUS2651,15081.88,1,4.8,1
CUS2653,23422.35,4,4.25,0
CUS2655,27080.15,2,4.1,0
CUS2656,3346.56,1,1.5,2
CUS2658,10851.72,2,3.5,1
CUS2659,14091.28,1,3.0046947368421053,1
CUS2660,8816.789999999999,1,2.6,2
CUS2661,1219.9499999999998,1,2.4,2
CUS2667,453.14,1,3.8,1
CUS2668,3034.62,1,3.3,1
CUS2669,5315.5599999999995,2,5.0,1
CUS2670,9278.0,1,3.0,1
CUS2671,25875.86,2,3.25,0
CUS2673,5063.73,2,2.6500000000000004,2
CUS2675,4150.96,1,4.5,1
CUS2676,5251.280000000001,2,2.4,2
CUS2679,12535.16,1,1.2,2
CUS2680,24718.95,1,3.5,1
CUS2681,17127.91,2,1.55,2
CUS2683,11337.63,2,1.9,2
CUS2684,9231.36,2,2.45,2
CUS2685,11114.68,3,3.1333333333333333,0
CUS2686,8050.200000000001,1,4.7,1
CUS2687,17486.149999999998,2,2.8523473684210527,0
CUS2688,6456.13,3,2.5,0
CUS2689,3799.59,1,3.3,1
CUS2690,1799.17,1,4.5,1
CUS2691,11382.28,2,2.25,2
CUS2693,13792.65,1,2.3,2
CUS2694,5280.63,1,1.3,2
CUS2695,3905.46,1,4.0,1
CUS2696,7400.959999999999,2,3.0999999999999996,1
CUS2697,3490.03,1,1.8,2
CUS2698,18222.68,1,2.7,2
CUS2700,1935.46,1,3.0046947368421053,1
CUS2701,11706.93,1,4.7,1
CUS2702,3718.32,1,2.9,2
CUS2706,24460.1,1,1.6,2
CUS2709,12841.78,4,3.925,0
CUS2710,2292.01,1,2.6,2
CUS2713,17195.31,2,4.85,1
CUS2714,32246.879999999997,2,3.3,0
CUS2716,27913.22,2,3.1999999999999997,0
CUS2717,34980.09,2,2.8499999999999996,0
CUS2718,19425.58,3,3.3000000000000003,0
CUS2719,17887.76,2,2.7,0
CUS2722,3823.0,1,4.7,1
CUS2723,14628.27,3,3.0,0
CUS2724,7861.15,1,3.2,1
CUS2725,5230.47,1,1.5,2
CUS2726,7813.35,2,2.75,2
CUS2727,4190.58,1,4.3,1
CUS2729,7099.6,3,3.1999999999999997,0
CUS2730,4578.6,1,4.2,1
CUS2731,712.5,1,4.4,1
CUS2732,1300.24,1,4.0,1
CUS2733,16520.59,3,3.5,0
CUS2736,3964.96,1,1.0,2
CUS2737,8726.94,1,1.2,2
CUS2739,27880.089999999997,2,3.2,0
CUS2740,14574.16,2,1.85,2
CUS2742,11688.96,1,1.2,2
CUS2743,5546.98,2,3.3,1
CUS2744,2928.22,1,1.4,2
CUS2746,7862.63,3,3.0666666666666664,0
CUS2747,35675.2,2,4.15,0
CUS2749,2913.97,1,3.6,1
CUS2750,15476.25,3,2.6666666666666665,0
CUS2753,4646.34,1,4.0,1
CUS2754,4605.37,1,1.0,2
CUS2755,2429.32,1,1.5,2
CUS2756,12174.97,2,2.8499999999999996,2
CUS2758,4451.58,1,4.8,1
CUS2759,1393.82,1,3.7,1
CUS2761,14285.22,1,2.4,2
CUS2762,4169.45,2,3.85,1
CUS2764,13731.09,2,2.55,2
CUS2765,12298.7,2,3.302347368421053,1
CUS2766,6559.25,3,3.6,0
CUS2768,29934.500000000004,2,3.9,0
CUS2769,7176.950000000001,1,4.8,1
CUS2770,6131.12,1,3.3,1
CUS2771,9545.56,2,1.9,2
CUS2772,21242.56,3,3.1999999999999997,0
CUS2776,5032.52,1,3.5,1
CUS2777,6567.4,1,1.8,2
CUS2782,7498.06,2,3.25,1
CUS2783,9149.52,1,1.8,2
CUS2786,56218.87,3,2.1,0
CUS2787,2859.24,1,2.7,2
CUS2789,404.18999999999994,1,3.2,1
CUS2790,3375.51,1,3.5,1
CUS2791,5451.3,1,1.6,2
CUS2792,6954.719999999999,1,4.5,1
CUS2793,1268.59,2,4.25,1
CUS2794,9921.39,2,4.1,1
CUS2797,3910.12,1,4.1,1
CUS2798,7364.650000000001,1,3.0,1
CUS2799,5597.45,1,3.8,1
CUS2801,5796.96,1,2.4,2
CUS2802,10041.2,1,5.0,1
CUS2805,15158.36,1,2.0,2
CUS2806,1815.46,1,4.9,1
CUS2807,14825.38,2,3.1,0
CUS2808,21487.870000000003,2,4.2,0
CUS2811,4980.28,1,4.3,1
CUS2816,2729.15,2,3.35,1
CUS2817,31049.47,3,3.101564912280702,0
CUS2820,4960.85,2,3.25,1
CUS2821,20939.23,2,3.85,0
CUS2822,1654.29,1,4.6,1
CUS2824,9241.52,1,1.1,2
CUS2825,3322.13,1,2.6,2
CUS2828,25809.85,3,3.0666666666666664,0
CUS2829,5072.53,3,2.4333333333333336,2
CUS2830,16770.63,3,3.1333333333333333,0
CUS2831,23345.6,2,2.9000000000000004,0
CUS2834,4977.52,1,4.5,1
CUS2835,16830.760000000002,2,2.25,2
CUS2836,5804.86,1,3.7,1
CUS2838,14465.45,2,2.75,2
CUS2839,47179.79,5,2.660938947368421,0
CUS2840,4130.86,1,3.3,1
CUS2842,9694.85,1,3.0046947368421053,1
CUS2843,13595.18,2,3.75,1
CUS2845,39286.97,3,3.1666666666666665,0
CUS2846,4478.9,1,4.6,1
CUS2848,2194.42,1,4.5,1
CUS2849,19521.9,1,3.5,1
CUS2850,15153.38,2,3.7,1
CUS2851,18933.47,2,2.65,0
CUS2852,1420.48,1,1.6,2
CUS2853,8640.44,1,4.8,1
CUS2854,758.84,1,2.2,2
CUS2856,5607.0,1,1.5,2
CUS2857,13367.88,1,2.9,2
CUS2858,14557.26,1,3.7,1
CUS2859,650.95,1,4.4,1
CUS2860,12433.96,2,1.5,2
CUS2861,5592.5,1,3.1,1
CUS2862,22305.120000000003,3,2.5,0
CUS2863,3666.13,1,3.1,1
CUS2864,37520.02,4,2.625,0
CUS2865,1217.74,1,1.4,2
CUS2867,9118.48,1,2.2,2
CUS2868,17283.9,1,3.0046947368421053,1
CUS2870,4845.44,1,2.0,2
CUS2871,13139.28,2,3.3499999999999996,1
CUS2872,8349.14,1,4.8,1
CUS2873,15519.54,2,2.2,2
CUS2874,16874.73,3,2.4333333333333336,0
CUS2875,7923.04,1,4.2,1
CUS2876,39201.5,2,4.35,0
CUS2879,17314.989999999998,2,3.95,1
CUS2880,25635.53,3,2.5,0
CUS2881,891.78,1,3.0,1
CUS2882,2612.82,1,4.4,1
CUS2884,3249.52,1,4.5,1
CUS2885,45399.83,5,2.66,0
CUS2886,9451.54,1,3.0046947368421053,1
CUS2887,3347.73,1,1.9,2
CUS2888,9044.3,1,4.8,1
CUS2889,19155.3,1,4.5,1
CUS2890,12259.09,2,2.4000000000000004,2
CUS2891,2993.0,1,3.5,1
CUS2892,4526.58,1,4.0,1
CUS2895,32556.06,4,2.75,0
CUS2896,12368.07,3,2.533333333333333,0
CUS2900,20170.33,4,3.05,0
CUS2904,19727.35,2,3.25,0
CUS2905,37526.149999999994,3,2.733333333333333,0
CUS2907,9546.49,2,3.8,1
CUS2908,2937.9,1,4.6,1
CUS2909,24062.81,2,2.05,0
CUS2910,15103.579999999998,3,3.533333333333333,0
CUS2911,13218.54,1,4.6,1
CUS2913,6432.0,2,3.05,1
CUS2914,2827.0,1,4.9,1
CUS2915,1280.77,1,2.4,2
CUS2917,17577.96,2,3.45,0
CUS2918,8154.88,1,1.3,2
CUS2919,17372.9,1,1.6,2
CUS2920,2798.21,1,1.8,2
CUS2921,1788.0,1,3.0,1
CUS2922,7411.78,1,2.2,2
CUS2924,2150.03,1,2.3,2
CUS2925,11481.03,2,2.5,2
CUS2927,4921.2300000000005,1,2.5,2
CUS2928,14581.6,1,2.2,2
CUS2929,4434.48,1,3.8,1
CUS2930,22952.07,3,4.8999999999999995,0
CUS2931,15211.65,2,3.8,1
CUS2932,5079.259999999999,2,1.95,2
CUS2933,3916.59,2,1.85,2
CUS2936,21866.4,3,1.7666666666666666,0
CUS2937,14641.5,1,1.4,2
CUS2938,11493.03,2,3.3,1
CUS2939,1048.0,1,2.3,2
CUS2942,2676.57,1,3.1,1
CUS2943,18959.6,1,4.1,1
CUS2944,2426.15,1,4.0,1
CUS2945,7049.62,1,1.4,2
CUS2947,7506.6,1,4.9,1
CUS2948,8889.2,1,2.4,2
CUS2949,10293.66,1,3.0,1
CUS2952,5945.84,2,2.85,2
CUS2954,7171.76,1,2.4,2
CUS2955,17002.829999999998,2,4.050000000000001,1
CUS2956,23895.300000000003,1,1.0,2
CUS2957,26516.78,2,2.902347368421053,0
CUS2959,702.1500000000001,1,2.8,2
CUS2960,8639.78,1,2.1,2
CUS2961,2886.22,1,1.9,2
CUS2962,28869.379999999997,2,2.8,0
CUS2964,10094.36,1,2.7,2
CUS2965,7999.59,1,2.9,2
CUS2966,13269.539999999995,3,2.5,0
CUS2968,2196.2,1,4.4,1
CUS2970,15139.81,3,2.8000000000000003,0
CUS2971,18686.08,1,3.8,1
CUS2973,4264.82,1,2.3,2
CUS2974,5971.17,2,4.35,1
CUS2975,6626.299999999999,2,3.45,1
CUS2977,1616.77,1,3.7,1
CUS2978,30238.24,3,2.466666666666667,0
CUS2979,26649.41,3,1.9,0
CUS2980,23932.93,2,3.9,0
CUS2981,3017.58,1,4.0,1
CUS2982,13369.96,1,1.7,2
CUS2983,1517.15,1,2.8,2
CUS2984,18434.11,2,2.9,0
CUS2986,16707.07,2,3.5,1
CUS2987,3837.73,1,3.1,1
CUS2988,1530.68,1,4.4,1
CUS2990,3272.47,1,1.9,2
CUS2991,11978.46,2,2.2023473684210524,2
CUS2992,22878.59,2,3.0,0
CUS2993,3219.76,1,1.1,2
CUS2994,9492.09,1,2.1,2
CUS2995,3105.0,2,3.15,1
CUS2996,11494.42,3,3.6,0
CUS2997,8374.47,1,2.8,2
CUS2998,2394.75,1,3.6,1
CUS3000,1721.86,1,2.5,2
CUS3001,5744.78,1,1.3,2
CUS3004,4897.14,2,2.75,2
CUS3005,13858.35,1,2.3,2
CUS3006,9294.24,1,2.1,2
CUS3007,24000.85,1,3.4,1
CUS3008,5624.25,1,3.3,1
CUS3009,28131.38,4,3.476173684210526,0
CUS3011,14737.03,2,4.05,1
CUS3012,13311.0,1,4.5,1
CUS3013,7575.12,2,3.152347368421053,1
CUS3015,2197.43,1,4.0,1
CUS3016,9686.22,1,1.8,2
CUS3017,11996.44,1,4.1,1
CUS3018,15399.08,1,3.2,1
CUS3020,6304.67,2,4.0,1
CUS3021,5417.8,1,2.6,2
CUS3022,14501.07,1,2.4,2
CUS3023,6044.75,1,3.4,1
CUS3024,23308.56,2,2.8499999999999996,0
CUS3026,14695.74,1,3.1,1
CUS3028,5545.259999999999,2,2.6,2
CUS3032,11933.46,2,3.1500000000000004,1
CUS3034,21098.17,2,3.702347368421053,0
CUS3035,7551.7,1,4.4,1
CUS3036,6721.8099999999995,2,2.0,2
CUS3039,23519.68,2,3.55,0
CUS3040,21991.76,2,2.85,0
CUS3041,7505.34,1,4.9,1
CUS3043,12493.85,1,2.5,2
CUS3044,10779.25,2,3.0,1
CUS3045,21143.65,4,3.5261736842105265,0
CUS3046,14459.55,3,2.533333333333333,0
CUS3047,548.8199999999999,1,1.7,2
CUS3049,6602.7,1,2.1,2
CUS3050,11401.22,2,4.699999999999999,1
CUS3053,13713.1,1,4.4,1
CUS3054,19356.32,2,4.05,1
CUS3056,7818.34,1,3.4,1
CUS3057,19088.44,2,3.0,0
CUS3058,671.78,1,4.5,1
CUS3059,11147.48,1,2.9,2
CUS3061,13631.31,1,1.3,2
CUS3062,12268.25,1,1.9,2
CUS3064,6224.5,1,1.8,2
CUS3066,25672.07,3,3.4000000000000004,0
CUS3067,9909.8,1,3.0046947368421053,1
CUS3068,9374.19,1,4.9,1
CUS3069,17971.31,2,3.05,0
CUS3071,14439.38,2,2.6999999999999997,2
CUS3072,7913.02,1,4.7,1
CUS3074,1010.16,1,2.3,2
CUS3076,27264.16,2,2.8523473684210527,0
CUS3077,5623.2,1,1.3,2
CUS3079,19917.5,1,2.1,2
CUS3082,4914.35,1,2.9,2
CUS3083,3161.1,1,4.6,1
CUS3084,1863.05,1,3.0046947368421053,1
CUS3085,8165.86,2,2.2,2
CUS3087,4883.54,1,4.1,1
CUS3088,4124.71,2,1.95,2
CUS3096,8847.06,3,4.066666666666666,0
CUS3097,9616.96,1,1.2,2
CUS3098,18235.34,4,3.25,0
CUS3099,15726.48,2,2.9,0
CUS3100,242.67,1,1.0,2
CUS3101,4698.4,3,3.4333333333333336,0
CUS3102,15120.56,1,4.9,1
CUS3103,23494.47,3,3.1999999999999997,0
CUS3104,27512.28,2,3.6023473684210527,0
CUS3105,6265.4,1,2.7,2
CUS3107,12790.44,1,4.0,1
CUS3109,14692.56,2,4.45,1
CUS3111,2089.48,1,4.4,1
CUS3112,9411.45,1,3.0046947368421053,1
CUS3113,12659.46,1,1.8,2
CUS3114,2540.69,1,4.8,1
CUS3116,5901.03,1,4.6,1
CUS3117,8550.1,2,3.0,1
CUS3118,6650.56,1,3.1,1
CUS3119,1790.12,1,1.5,2
CUS3120,743.1999999999999,1,2.5,2
CUS3121,28936.85,3,3.7999999999999994,0
CUS3122,2164.78,1,2.2,2
CUS3126,439.66,1,2.7,2
CUS3129,3773.44,1,3.0046947368421053,1
CUS3130,2368.22,1,1.3,2
CUS3131,16347.5,3,3.3333333333333335,0
CUS3132,4315.02,2,4.8,1
CUS3133,29373.770000000004,3,2.1333333333333333,0
CUS3134,18223.75,2,2.15,2
CUS3138,13637.84,1,3.9,1
CUS3139,4793.24,1,2.9,2
CUS3141,18799.55,2,3.7,0
CUS3143,2300.09,1,4.9,1
CUS3145,2981.1,1,1.2,2
CUS3146,2433.87,1,2.3,2
CUS3150,19463.68,1,4.7,1
CUS3151,11010.48,1,4.9,1
CUS3152,974.86,1,2.3,2
CUS3153,22876.04,2,3.45,0
CUS3154,2134.31,1,4.0,1
CUS3155,6479.07,1,3.7,1
CUS3156,12318.65,2,3.65,1
CUS3157,1274.07,1,4.2,1
CUS3159,13274.34,2,2.65,2
CUS3160,4649.17,1,4.6,1
CUS3162,1370.04,2,3.6,1
CUS3163,24246.24,2,2.3,0
CUS3164,32483.51,3,3.3333333333333335,0
CUS3165,19780.75,2,3.2,0
CUS3166,57797.329999999994,6,3.466666666666667,0
CUS3167,5522.08,1,1.7,2
CUS3168,44347.69,3,3.6666666666666665,0
CUS3169,11046.93,1,4.7,1
CUS3170,2642.35,1,3.7,1
CUS3171,22200.08,4,3.3499999999999996,0
CUS3174,4817.3099999999995,1,2.5,2
CUS3176,739.38,1,3.7,1
CUS3177,26680.68,4,3.725,0
CUS3178,9625.25,1,4.6,1
CUS3179,34050.24,4,3.4011736842105265,0
CUS3182,11421.52,2,3.05,1
CUS3183,3398.8,1,2.3,2
CUS3184,751.6800000000001,1,1.3,2
CUS3185,13831.86,1,2.2,2
CUS3186,14040.76,2,3.45,1
CUS3188,10108.56,2,4.1,1
CUS3189,8018.48,1,3.0046947368421053,1
CUS3190,4709.12,2,3.0999999999999996,1
CUS3192,14997.27,3,3.4,0
CUS3193,21446.5,3,3.5,0
CUS3195,38655.149999999994,2,2.4,0
CUS3197,15312.7,1,2.4,2
CUS3199,24452.07,2,1.8,0
CUS3200,36816.3,5,3.0,0
CUS3201,6915.27,1,2.4,2
CUS3202,6918.48,2,4.65,1
CUS3203,30187.61,4,2.7511736842105265,0
CUS3205,22992.36,3,2.968231578947369,0
CUS3206,7655.0,2,4.7,1
CUS3207,2536.8,1,2.5,2
CUS3208,21665.62,2,4.6,1
CUS3209,5011.57,2,2.4000000000000004,2
CUS3210,16282.0,1,2.9,2
CUS3211,6915.1,2,2.75,2
CUS3212,35951.96000000001,2,2.7,0
CUS3213,2069.23,1,4.6,1
CUS3215,15828.430000000002,2,2.8,0
CUS3219,37048.89,4,2.375,0
CUS3220,12263.35,2,2.8000000000000003,2
CUS3221,12316.08,2,2.45,2
CUS3222,9210.7,1,2.2,2
CUS3223,32739.960000000003,3,3.1333333333333333,0
CUS3225,13262.52,1,4.5,1
CUS3229,13320.93,2,2.85,2
CUS3231,10494.6,1,1.6,2
CUS3232,36992.48,4,3.976173684210526,0
CUS3233,4598.53,1,2.6,2
CUS3238,2316.08,1,3.9,1
CUS3240,9460.55,1,1.8,2
CUS3242,7149.960000000001,1,1.2,2
CUS3243,7885.52,2,2.95,2
CUS3244,2411.01,1,2.0,2
CUS3245,21437.73,2,2.55,0
CUS3246,14161.0,1,1.5,2
CUS3247,12347.84,2,3.0999999999999996,1
CUS3248,7173.469999999999,3,3.9333333333333336,0
CUS3249,8918.67,1,1.5,2
CUS3250,18544.26,3,3.5,0
CUS3251,14320.330000000002,2,3.2,1
CUS3253,1268.19,1,3.0046947368421053,1
CUS3255,1751.94,1,2.0,2
CUS3256,19949.51,2,2.9499999999999997,0
CUS3257,31937.879999999997,2,3.45,0
CUS3258,3524.34,1,4.6,1
CUS3259,9804.78,1,4.9,1
CUS3260,4531.08,1,3.1,1
CUS3261,16883.6,2,3.15,0
CUS3263,16109.04,2,3.1,0
CUS3264,1037.47,2,2.1,2
CUS3266,9445.68,1,2.6,2
CUS3269,915.53,1,3.8,1
CUS3270,5724.6,1,3.6,1
CUS3272,33140.95,5,2.12,0
CUS3274,21052.210000000003,2,2.5,0
CUS3275,186.85,1,2.2,2
CUS3276,21577.14,2,2.3523473684210527,0
CUS3279,28219.86,2,3.4523473684210524,0
CUS3280,17846.36,1,4.3,1
CUS3281,11115.58,2,3.1,1
CUS3282,7716.56,1,1.8,2
CUS3284,18431.34,2,1.45,2
CUS3286,2237.9,1,3.8,1
CUS3287,41696.48,3,3.334898245614035,0
CUS3288,3346.1000000000004,1,1.2,2
CUS3289,10920.04,1,3.5,1
CUS3290,25067.090000000004,3,1.8333333333333333,0
CUS3291,1087.98,1,3.8,1
CUS3292,6503.25,2,3.402347368421053,1
CUS3293,30624.379999999997,2,2.402347368421053,0
CUS3295,12579.08,2,2.7,2
CUS3296,12960.9,1,1.8,2
CUS3298,2941.18,1,1.6,2
CUS3299,10689.94,2,2.05,2
CUS3301,8692.56,1,4.2,1
CUS3304,11652.66,3,2.2666666666666666,0
CUS3305,30619.43,3,2.466666666666667,0
CUS3306,9041.86,2,2.8499999999999996,2
CUS3308,13332.51,1,3.0046947368421053,1
CUS3309,10916.07,1,1.6,2
CUS3311,12106.2,1,4.8,1
CUS3314,12312.24,2,2.15,2
CUS3317,1484.64,1,1.7,2
CUS3318,16544.620000000003,2,3.2523473684210527,0
CUS3319,12653.64,3,3.7,0
CUS3320,7524.52,1,1.3,2
CUS3321,7225.68,1,2.4,2
CUS3325,689.96,1,1.6,2
CUS3328,17542.51,3,4.233333333333333,0
CUS3332,6256.46,1,1.7,2
CUS3333,28293.18,3,3.0,0
CUS3336,20339.800000000003,3,2.6666666666666665,0
CUS3338,1446.58,1,2.4,2
CUS3339,19201.36,1,1.5,2
CUS3341,4916.1,1,2.9,2
CUS3342,19421.9,2,3.4499999999999997,0
CUS3345,613.74,1,2.3,2
CUS3347,5021.549999999999,1,1.4,2
CUS3349,8731.220000000001,2,2.35,2
CUS3350,4967.3,1,2.0,2
CUS3352,22380.22,3,2.6666666666666665,0
CUS3354,672.66,1,1.9,2
CUS3355,18345.45,2,3.2,0
CUS3356,4149.05,1,1.9,2
CUS3358,7246.08,1,4.5,1
CUS3359,47010.38,3,3.3000000000000003,0
CUS3360,10951.94,3,3.0,0
CUS3361,4431.29,1,4.4,1
CUS3362,14259.61,3,3.5666666666666664,0
CUS3363,6769.88,1,2.7,2
CUS3364,3851.08,1,2.3,2
CUS3366,23741.800000000003,2,3.05,0
CUS3368,1285.15,1,4.4,1
CUS3369,7594.4,1,4.6,1
CUS3370,1279.75,1,3.4,1
CUS3372,3830.9,2,1.5,2
CUS3373,9589.95,1,3.5,1
CUS3374,2376.94,1,3.5,1
CUS3375,4457.07,1,1.7,2
CUS3376,6366.12,1,2.8,2
CUS3378,2293.26,1,4.6,1
CUS3379,17908.52,1,4.3,1
CUS3381,12185.61,1,2.1,2
CUS3383,9791.93,2,3.7,1
CUS3385,1565.2,1,2.8,2
CUS3386,9000.33,2,3.0,1
CUS3387,3235.59,1,2.5,2
CUS3388,13767.63,2,1.5,2
CUS3389,12800.96,1,1.5,2
CUS3390,4836.56,1,2.3,2
CUS3391,3037.5,1,4.3,1
CUS3392,464.35,1,4.8,1
CUS3393,12430.68,1,3.3,1
CUS3394,1265.99,1,2.7,2
CUS3395,16481.84,2,1.5,2
CUS3396,22074.15,1,1.3,2
CUS3398,17256.969999999998,2,3.65,1
CUS3400,7756.76,2,2.25,2
CUS3402,16947.11,2,1.7,2
CUS3403,6030.4,1,1.7,2
CUS3404,5772.08,3,3.966666666666667,1
CUS3405,9244.92,1,3.0,1
CUS3406,7890.75,1,4.6,1
CUS3407,6986.709999999999,3,4.2,1
CUS3409,21659.47,2,4.0,0
CUS3411,27087.61,3,3.6,0
CUS3412,19049.12,1,2.4,2
CUS3413,20447.77,2,3.35,0
CUS3414,15239.86,2,3.45,1
CUS3415,4799.08,2,3.8,1
CUS3416,3482.6,1,1.4,2
CUS3419,11665.28,1,3.7,1
CUS3420,32509.71,3,2.733333333333333,0
CUS3422,9747.2,2,3.7,1
CUS3423,3268.26,1,2.9,2
CUS3425,1303.17,1,2.2,2
CUS3426,9870.44,1,2.2,2
CUS3428,41035.91,3,2.6,0
CUS3430,9542.7,2,1.75,2
CUS3431,12022.6,2,4.25,1
CUS3432,20105.03,2,2.802347368421053,0
CUS3433,1341.52,1,3.0,1
CUS3434,13252.419999999998,2,2.95,2
CUS3435,20669.97,2,2.8499999999999996,0
CUS3436,26151.26,2,3.15,0
CUS3438,12417.54,1,4.9,1
CUS3440,4550.98,1,3.7,1
CUS3441,21905.95,3,3.4,0
CUS3442,9467.88,1,4.2,1
CUS3443,6963.049999999999,1,1.1,2
CUS3445,4991.63,2,3.8523473684210527,1
CUS3446,7664.6,1,3.8,1
CUS3448,7610.28,1,4.0,1
CUS3450,20969.4,2,4.8,1
CUS3451,19685.04,4,3.175,0
CUS3452,22882.05,1,2.9,2
CUS3453,18178.24,1,2.2,2
CUS3455,802.86,1,3.8,1
CUS3456,34062.92,3,3.133333333333333,0
CUS3457,2058.83,1,3.5,1
CUS3460,816.3,1,4.3,1
CUS3461,38328.14,4,2.4261736842105264,0
CUS3462,14448.2,1,2.4,2
CUS3463,2333.4,1,4.2,1
CUS3464,13442.3,3,3.5666666666666664,0
CUS3465,18861.02,2,3.65,0
CUS3466,5846.36,1,2.6,2
CUS3467,10215.56,1,4.6,1
CUS3468,1367.29,1,1.7,2
CUS3469,17082.4,1,3.0046947368421053,1
CUS3470,18664.56,3,4.033333333333333,0
CUS3472,22893.66,2,3.1,0
CUS3474,33834.83,2,4.1,0
CUS3475,3918.33,1,1.3,2
CUS3478,4027.74,1,4.8,1
CUS3480,655.44,1,1.2,2
CUS3483,2873.34,1,4.8,1
CUS3487,12927.02,2,3.1,1
CUS3489,20449.949999999997,3,4.0,0
CUS3495,17014.61,3,3.3333333333333335,0
CUS3497,17002.9,2,4.1,1
CUS3500,21796.8,1,3.0046947368421053,1
CUS3501,31480.23,3,2.6999999999999997,0
CUS3502,3678.08,1,4.6,1
CUS3503,15532.03,2,3.2,0
CUS3504,14931.52,1,2.7,2
CUS3505,4175.29,2,3.65,1
CUS3506,19830.91,3,2.8333333333333335,0
CUS3508,10197.21,2,2.4000000000000004,2
CUS3509,9911.56,1,3.7,1
CUS3510,9929.96,2,3.75,1
CUS3512,23739.68,2,3.05,0
CUS3514,2677.58,1,1.7,2
CUS3515,12063.25,1,2.3,2
CUS3517,10590.5,2,2.5,2
CUS3519,13428.15,1,1.2,2
CUS3521,797.32,1,3.0,1
CUS3523,7345.23,2,3.0,1
CUS3525,14497.25,2,1.5,2
CUS3526,38712.060000000005,3,3.4,0
CUS3527,4517.66,2,3.15,1
CUS3528,20872.550000000003,2,2.95,0
CUS3530,2522.31,1,2.6,2
CUS3532,1837.23,1,2.0,2
CUS3533,6925.28,1,2.1,2
CUS3534,17454.99,2,3.85,1
CUS3535,12489.6,1,3.0046947368421053,1
CUS3536,4589.2,1,2.9,2
CUS3538,9576.76,1,1.7,2
CUS3541,8283.24,2,4.65,1
CUS3542,30351.09,4,3.0749999999999997,0
CUS3545,21316.800000000003,2,2.5,0
CUS3546,28481.1,2,3.402347368421053,0
CUS3547,2374.75,1,2.2,2
CUS3549,9202.77,1,5.0,1
CUS3550,19242.56,1,4.8,1
CUS3551,13671.52,2,3.8,1
CUS3553,8395.0,2,3.55,1
CUS3554,31774.770000000004,2,2.802347368421053,0
CUS3555,3586.22,1,4.0,1
CUS3556,3964.94,1,2.8,2
CUS3557,11320.1,1,4.9,1
CUS3558,11386.28,2,2.4,2
CUS3559,26533.949999999997,3,1.5333333333333332,0
CUS3560,14447.48,2,1.35,2
CUS3561,1817.54,1,2.7,2
CUS3562,4984.8,1,4.3,1
CUS3565,10824.03,1,1.2,2
CUS3566,15175.52,3,2.1666666666666665,0
CUS3567,3658.21,1,3.5,1
CUS3568,5334.280000000001,2,1.95,2
CUS3569,17626.54,2,3.05,0
CUS3570,9732.6,1,1.7,2
CUS3571,15849.1,1,4.8,1
CUS3574,31727.79,3,1.9682315789473683,0
CUS3575,3035.04,1,3.7,1
CUS3578,18951.25,1,2.0,2
CUS3580,11065.44,1,4.9,1
CUS3582,4859.94,1,1.8,2
CUS3584,4430.400000000001,1,2.2,2
CUS3587,6018.6,1,3.0,1
CUS3588,18275.4,1,1.2,2
CUS3590,18875.9,1,1.4,2
CUS3591,1951.42,1,2.7,2
CUS3592,1608.09,1,3.9,1
CUS3593,8749.96,2,2.45,2
CUS3594,12961.15,1,3.7,1
CUS3595,5508.84,1,3.3,1
CUS3596,16211.04,2,2.5,2
CUS3598,19443.09,3,3.4,0
CUS3599,10725.48,1,1.7,2
CUS3600,11877.96,3,2.6,0
CUS3602,19349.43,2,3.7,0
CUS3603,15330.72,1,3.0,1
CUS3604,20740.050000000003,1,3.5,1
CUS3605,25496.53,3,2.3333333333333335,0
CUS3606,784.76,1,2.0,2
CUS3607,8603.77,2,3.75,1
CUS3608,18115.87,2,4.3,1
CUS3611,23940.28,2,3.3,0
CUS3612,19642.85,1,4.4,1
CUS3613,23257.57,2,4.1,0
CUS3614,7175.71,2,4.15,1
CUS3615,7527.72,1,2.1,2
CUS3616,12629.570000000002,2,3.402347368421053,1
CUS3617,19624.89,3,2.3000000000000003,0
CUS3620,4326.81,1,2.9,2
CUS3621,17485.08,1,1.2,2
CUS3622,22182.35,1,3.9,1
CUS3623,4158.139999999999,2,3.4,1
CUS3626,2778.58,2,2.1500000000000004,2
CUS3627,585.0,1,3.0,1
CUS3628,8411.91,2,3.7,1
CUS3629,5229.86,1,1.0,2
CUS3630,21735.91,2,2.4523473684210524,0
CUS3632,4348.66,1,3.7,1
CUS3633,11157.03,1,3.7,1
CUS3634,27336.91,3,2.1682315789473683,0
CUS3635,25829.75,2,3.3,0
CUS3636,9294.14,2,3.4,1
CUS3637,11947.75,1,1.3,2
CUS3639,20322.4,2,3.65,0
CUS3640,35909.0,2,2.9,0
CUS3641,2875.61,1,1.9,2
CUS3643,1833.73,1,2.1,2
CUS3645,11972.3,2,1.55,2
CUS3646,40615.21000000001,3,3.266666666666667,0
CUS3647,13547.16,1,2.8,2
CUS3648,5789.82,1,2.5,2
CUS3649,8180.94,2,3.4000000000000004,1
CUS3650,15598.92,1,1.6,2
CUS3652,7241.05,2,2.65,2
CUS3653,6015.04,1,2.4,2
CUS3656,298.96,1,1.3,2
CUS3657,24906.73,3,3.233333333333333,0
CUS3658,22735.26,2,2.45,0
CUS3660,18037.5,1,3.0046947368421053,1
CUS3662,3616.08,1,1.7,2
CUS3663,33183.56,4,2.775,0
CUS3665,5318.07,1,2.4,2
CUS3666,20052.7,4,3.85,0
CUS3667,21058.35,3,3.334898245614035,0
CUS3668,8544.93,2,2.1,2
CUS3670,4030.62,1,3.7,1
CUS3674,2187.67,2,3.35,1
CUS3678,8563.08,1,4.5,1
CUS3680,1005.25,1,2.3,2
CUS3681,5391.56,1,3.6,1
CUS3682,16710.050000000003,1,3.7,1
CUS3683,8819.04,1,4.4,1
CUS3689,11974.55,1,3.6,1
CUS3690,3285.5,2,2.05,2
CUS3691,10326.94,2,3.4,1
CUS3692,1070.89,1,1.2,2
CUS3693,7633.2,1,4.4,1
CUS3694,13260.65,1,3.4,1
CUS3697,22128.95,1,2.0,2
CUS3699,3794.79,2,3.7,1
CUS3700,9937.4,1,4.1,1
CUS3701,17469.300000000003,2,3.4,0
CUS3703,4452.58,1,2.7,2
CUS3705,29101.769999999997,3,2.6333333333333333,0
CUS3706,12990.57,1,4.5,1
CUS3707,12014.68,1,3.8,1
CUS3708,11001.42,1,3.0,1
CUS3709,1661.21,1,2.2,2
CUS3710,21809.1,2,4.45,1
CUS3712,508.0,1,4.2,1
CUS3713,17926.73,2,1.65,2
CUS3714,11959.7,2,3.7,1
CUS3715,2747.87,1,1.5,2
CUS3717,8350.46,1,4.9,1
CUS3718,18378.02,3,3.4333333333333336,0
CUS3719,6211.6,1,1.7,2
CUS3720,492.72,1,2.4,2
CUS3721,21164.35,2,4.35,1
CUS3723,23546.34,2,3.152347368421053,0
CUS3724,13025.72,1,3.8,1
CUS3725,13092.85,2,4.5,1
CUS3726,3183.96,1,1.5,2
CUS3727,3529.81,1,2.5,2
CUS3731,17998.97,2,4.65,1
CUS3732,2681.46,1,2.2,2
CUS3734,9834.78,2,3.95,1
CUS3735,11309.16,1,4.0,1
CUS3736,4325.04,1,3.7,1
CUS3737,13056.96,4,3.4,0
CUS3738,37904.69,3,1.9,0
CUS3739,2046.46,1,3.0046947368421053,1
CUS3740,13013.04,1,3.9,1
CUS3741,417.53,1,3.7,1
CUS3742,5415.76,1,4.1,1
CUS3743,4230.24,1,1.5,2
CUS3744,4918.2,1,1.0,2
CUS3748,475.65,1,2.3,2
CUS3751,19681.379999999997,2,2.8499999999999996,0
CUS3752,1985.05,1,3.6,1
CUS3754,2105.08,2,2.0,2
CUS3755,21047.2,3,2.4333333333333336,0
CUS3760,18004.93,2,2.1,2
CUS3761,1512.48,1,4.2,1
CUS3763,13580.5,1,3.9,1
CUS3764,8327.64,1,4.0,1
CUS3766,20184.61,2,2.1,0
CUS3767,10446.6,1,2.9,2
CUS3770,14789.12,2,2.7023473684210524,2
CUS3771,7648.9,1,1.1,2
CUS3772,12216.36,2,2.5,2
CUS3775,4426.28,1,3.0046947368421053,1
CUS3776,5503.98,2,3.8,1
CUS3777,10982.8,1,2.0,2
CUS3779,10898.19,1,2.8,2
CUS3780,8026.45,3,4.3,1
CUS3781,25582.229999999996,2,4.300000000000001,0
CUS3782,10179.05,1,3.0046947368421053,1
CUS3784,6194.0,2,2.2,2
CUS3785,10576.35,2,2.152347368421053,2
CUS3787,2638.25,1,1.7,2
CUS3788,28833.76,3,3.6333333333333337,0
CUS3789,8854.679999999998,2,3.65,1
CUS3790,3110.15,1,2.8,2
CUS3797,14230.6,1,4.0,1
CUS3798,13073.08,1,4.8,1
CUS3799,31099.2,3,2.834898245614035,0
CUS3800,22964.550000000003,2,2.5,0
CUS3801,19491.0,1,3.0046947368421053,1
CUS3802,29189.84,2,2.35,0
CUS3803,2504.28,1,3.2,1
CUS3808,10387.77,2,4.3,1
CUS3809,4876.46,1,1.8,2
CUS3811,2049.7200000000003,2,3.402347368421053,1
CUS3812,12526.14,1,2.9,2
CUS3813,5415.92,1,2.1,2
CUS3814,25048.41,4,3.9011736842105265,0
CUS3815,3001.52,1,3.7,1
CUS3816,17012.28,2,3.55,1
CUS3818,6940.74,1,1.6,2
CUS3819,2953.55,2,4.25,1
CUS3820,12550.83,2,3.902347368421053,1
CUS3824,14069.09,2,4.35,1
CUS3825,8012.82,1,4.7,1
CUS3827,2819.37,1,3.4,1
CUS3828,8038.070000000001,3,2.8666666666666667,0
CUS3829,6909.719999999999,1,2.8,2
CUS3830,21650.4,3,2.8333333333333335,0
CUS3831,27763.9,3,2.6682315789473683,0
CUS3832,2046.51,1,3.0046947368421053,1
CUS3834,228.11,1,2.9,2
CUS3835,13750.65,2,2.6500000000000004,2
CUS3836,4855.1,1,3.9,1
CUS3837,858.06,2,2.75,2
CUS3838,11513.52,1,1.5,2
CUS3839,9012.62,2,3.0,1
CUS3842,8578.13,2,2.6,2
CUS3843,9472.62,2,3.75,1
CUS3844,474.82,1,2.5,2
CUS3845,2832.25,1,1.2,2
CUS3846,20812.06,3,2.8333333333333335,0
CUS3849,4764.66,1,4.5,1
CUS3850,3946.22,2,3.3,1
CUS3851,18581.58,2,2.45,0
CUS3853,12379.52,2,2.6,2
CUS3854,3399.8,1,1.9,2
CUS3855,2077.8,1,4.3,1
CUS3858,14554.32,1,3.7,1
CUS3859,23460.8,1,1.4,2
CUS3860,4809.9400000000005,2,2.8,2
CUS3861,14374.24,1,4.3,1
CUS3862,10884.04,1,1.2,2
CUS3864,1750.96,1,2.4,2
CUS3865,18388.730000000003,2,1.75,2
CUS3867,2006.77,2,4.25,1
CUS3868,8149.2,1,3.9,1
CUS3869,26882.129999999997,3,2.101564912280702,0
CUS3870,1327.86,2,3.95,1
CUS3872,25785.2,3,2.5682315789473686,0
CUS3874,6052.44,1,1.5,2
CUS3875,2077.98,1,5.0,1
CUS3876,3874.52,1,3.7,1
CUS3877,19018.24,3,1.3333333333333333,0
CUS3878,19522.08,1,1.7,2
CUS3883,19641.84,2,3.7,0
CUS3884,4791.23,1,1.1,2
CUS3885,10563.42,1,1.1,2
CUS3887,20268.02,2,3.05,0
CUS3888,13327.03,3,3.234898245614035,0
CUS3889,4816.6,1,1.7,2
CUS3890,23576.5,1,5.0,1
CUS3892,11804.61,1,3.7,1
CUS3893,3119.71,2,2.0,2
CUS3894,6085.5599999999995,1,4.6,1
CUS3895,13669.62,1,2.6,2
CUS3896,12773.08,1,2.3,2
CUS3899,8691.84,3,3.3348982456140353,0
CUS3901,11156.59,3,1.8333333333333333,0
CUS3904,17930.3,1,4.9,1
CUS3905,3951.14,1,3.4,1
CUS3906,7131.72,1,4.6,1
CUS3907,11265.78,2,2.9,2
CUS3908,3914.23,1,3.6,1
CUS3910,17164.32,3,1.9666666666666668,0
CUS3911,21055.75,1,3.7,1
CUS3912,14191.56,1,2.3,2
CUS3913,4683.44,1,1.7,2
CUS3915,3281.76,2,2.15,2
CUS3916,1817.32,1,4.8,1
CUS3919,11192.61,1,2.9,2
CUS3921,17135.38,2,2.35,2
CUS3922,3583.45,2,2.3,2
CUS3924,8179.530000000001,1,4.0,1
CUS3925,6960.39,1,4.2,1
CUS3926,29342.39,3,2.2333333333333334,0
CUS3928,13933.55,3,3.233333333333333,0
CUS3930,9027.2,1,1.9,2
CUS3931,12810.61,2,4.15,1
CUS3932,5526.65,2,2.35,2
CUS3933,3696.02,1,1.2,2
CUS3934,3598.26,1,4.8,1
CUS3935,8968.8,1,1.6,2
CUS3936,3367.0,1,3.1,1
CUS3937,13664.93,2,2.05,2
CUS3938,16476.12,1,4.1,1
CUS3940,5775.070000000001,3,2.8333333333333335,0
CUS3941,26106.49,2,2.8,0
CUS3942,1205.46,1,2.1,2
CUS3943,4677.52,1,4.8,1
CUS3944,13955.91,1,4.7,1
CUS3945,3184.86,1,4.4,1
CUS3946,5617.89,1,3.0046947368421053,1
CUS3947,3927.95,1,1.5,2
CUS3948,3318.66,1,3.5,1
CUS3949,13172.67,2,3.2,1
CUS3950,13679.44,2,3.3499999999999996,1
CUS3951,23101.48,2,2.5999999999999996,0
CUS3952,12202.41,2,2.65,2
CUS3954,11706.6,1,3.5,1
CUS3955,6008.4,1,5.0,1
CUS3956,29880.36,2,4.6,0
CUS3957,3525.86,1,3.5,1
CUS3958,2285.66,1,1.3,2
CUS3959,778.56,1,4.7,1
CUS3960,9882.9,1,4.1,1
CUS3961,24743.39,2,3.6,0
CUS3962,17839.649999999998,1,3.7,1
CUS3963,4850.27,2,3.5,1
CUS3964,487.42,1,1.9,2
CUS3965,13230.05,2,1.95,2
CUS3966,1872.79,1,4.6,1
CUS3967,12178.9,2,2.0,2
CUS3968,8165.58,1,2.3,2
CUS3970,778.2,1,4.7,1
CUS3971,4715.55,1,2.4,2
CUS3972,32449.51,4,3.525,0
CUS3973,34090.35,2,2.1,0
CUS3974,31324.62,4,2.9273473684210525,0
CUS3976,22560.5,3,2.801564912280702,0
CUS3977,10864.15,1,2.2,2
CUS3981,3543.84,1,4.7,1
CUS3985,8102.96,1,3.0046947368421053,1
CUS3990,6244.68,2,2.2,2
CUS3991,23604.699999999997,1,3.5,1
CUS3992,2921.1000000000004,1,3.7,1
CUS3993,1775.3,1,1.7,2
CUS3994,23594.54,3,3.4000000000000004,0
CUS3995,18209.94,2,2.85,0
CUS3996,15489.92,1,1.1,2
CUS3998,13162.48,1,3.0046947368421053,1
CUS3999,7137.59,2,3.65,1
CUS4002,4879.6,1,3.3,1
CUS4003,18016.44,2,3.05,0
CUS4004,20684.42,2,3.15,0
CUS4005,43592.97,3,4.166666666666667,0
CUS4006,14505.76,1,1.1,2
CUS4007,8342.5,1,4.7,1
CUS4010,15046.96,1,4.6,1
CUS4014,3340.2300000000005,1,2.3,2
CUS4016,10693.86,1,1.1,2
CUS4017,37407.94,3,3.5666666666666664,0
CUS4019,12666.48,1,1.1,2
CUS4020,16648.41,2,3.55,1
CUS4023,8642.04,1,2.2,2
CUS4024,9535.44,1,4.1,1
CUS4026,14527.34,2,3.15,1
CUS4027,4712.25,1,3.8,1
CUS4028,25627.769999999997,3,2.3666666666666667,0
CUS4029,1233.56,1,2.0,2
CUS4030,8483.85,1,4.7,1
CUS4031,4932.78,2,3.25,1
CUS4032,13376.22,3,3.0,0
CUS4033,23995.05,2,2.3,0
CUS4034,33363.31,3,2.5682315789473686,0
CUS4035,21407.73,2,4.6,1
CUS4036,13453.28,2,1.85,2
CUS4037,6291.960000000001,1,2.7,2
CUS4039,8548.76,1,4.7,1
CUS4040,14789.65,1,4.1,1
CUS4041,40588.850000000006,4,2.725,0
CUS4042,7744.35,2,2.2,2
CUS4043,34410.2,6,3.867449122807018,0
CUS4044,3304.28,1,3.3,1
CUS4047,3437.08,1,3.9,1
CUS4049,4076.39,1,3.7,1
CUS4052,5064.35,2,3.0,1
CUS4053,15851.0,2,2.3,2
CUS4054,3184.26,1,2.5,2
CUS4056,12743.79,2,1.7,2
CUS4057,14427.3,1,1.4,2
CUS4058,7931.08,1,1.0,2
CUS4059,27122.14,2,1.45,0
CUS4060,54959.89,5,3.28,0
CUS4061,4347.04,1,1.5,2
CUS4062,6477.960000000001,1,2.9,2
CUS4063,44410.03,5,2.400938947368421,0
CUS4064,944.06,1,2.1,2
CUS4065,34153.350000000006,3,3.1666666666666665,0
CUS4066,10337.19,3,3.0015649122807013,0
CUS4067,44570.03999999999,5,2.48,0
CUS4068,8363.14,1,3.5,1
CUS4069,25849.39,4,2.2,0
CUS4071,23077.449999999997,1,2.8,2
CUS4072,2279.65,1,2.3,2
CUS4073,1456.12,1,2.4,2
CUS4075,1847.1,1,1.4,2
CUS4077,19482.45,2,2.8,0
CUS4078,10913.02,2,3.0,1
CUS4080,8391.88,1,1.2,2
CUS4083,491.96,1,5.0,1
CUS4085,4257.31,2,3.0,1
CUS4086,1991.01,1,1.9,2
CUS4089,18068.38,2,3.8,1
CUS4090,4394.7300000000005,1,4.2,1
CUS4092,15417.23,2,3.652347368421053,1
CUS4093,6862.97,3,2.466666666666667,0
CUS4094,22464.1,1,3.9,1
CUS4095,22555.93,2,4.300000000000001,0
CUS4097,3790.64,1,1.3,2
CUS4098,1580.73,1,2.2,2
CUS4099,17468.48,3,2.766666666666667,0
CUS4100,4666.82,2,4.550000000000001,1
CUS4102,4489.12,2,2.25,2
CUS4103,6057.25,1,4.8,1
CUS4104,12448.37,2,2.8499999999999996,2
CUS4105,6360.49,2,1.6,2
CUS4108,4439.16,1,4.1,1
CUS4109,711.38,1,4.7,1
CUS4110,23081.25,1,1.4,2
CUS4111,18319.36,1,3.3,1
CUS4112,809.22,1,3.9,1
CUS4114,15072.56,1,4.3,1
CUS4115,4901.34,1,2.6,2
CUS4116,14489.27,2,4.35,1
CUS4117,12357.4,1,1.3,2
CUS4118,49023.07,4,3.476173684210526,0
CUS4120,44927.44,4,3.075,0
CUS4121,10566.3,1,4.8,1
CUS4122,31015.62,2,2.65,0
CUS4123,13324.37,3,3.1666666666666665,0
CUS4124,2678.38,1,4.2,1
CUS4125,8870.92,2,2.15,2
CUS4126,721.72,1,4.8,1
CUS4127,41014.8,3,3.533333333333333,0
CUS4128,8447.08,1,3.2,1
CUS4129,9091.56,1,4.9,1
CUS4131,17648.84,3,3.868231578947369,0
CUS4132,4938.6,1,1.0,2
CUS4133,11604.62,2,2.9,2
CUS4135,14593.930000000002,2,3.0,0
CUS4136,23658.83,2,1.95,0
CUS4137,10743.02,2,1.4,2
CUS4139,11266.11,1,1.8,2
CUS4141,11167.24,2,2.0,2
CUS4142,19549.2,3,2.1333333333333333,0
CUS4143,25220.68,3,3.9333333333333336,0
CUS4145,25229.62,3,4.2,0
CUS4146,8623.710000000001,1,4.4,1
CUS4150,5885.28,1,3.0046947368421053,1
CUS4152,25272.77,4,4.025,0
CUS4153,13931.42,2,3.8,1
CUS4154,15136.61,2,3.5,1
CUS4155,5531.36,1,3.9,1
CUS4156,3546.16,1,3.7,1
CUS4158,4975.42,2,2.1023473684210527,2
CUS4159,4768.05,1,2.8,2
CUS4161,3256.67,2,2.95,2
CUS4165,21732.28,2,2.95,0
CUS4166,15456.84,1,4.6,1
CUS4167,8012.45,2,1.75,2
CUS4168,7961.57,2,3.0,1
CUS4169,4533.3099999999995,2,3.35,1
CUS4170,18551.31,2,3.1023473684210527,0
CUS4172,16677.25,1,3.0046947368421053,1
CUS4173,8097.96,2,3.15,1
CUS4174,7066.799999999999,1,2.5,2
CUS4176,14319.16,2,2.302347368421053,2
CUS4177,11649.2,2,2.65,2
CUS4178,28012.31,2,3.802347368421053,0
CUS4179,18269.73,3,3.9015649122807017,0
CUS4180,18946.8,1,1.3,2
CUS4181,24285.79,2,3.35,0
CUS4182,21374.93,2,2.95,0
CUS4184,39529.79,3,2.5,0
CUS4185,6496.7,1,3.4,1
CUS4186,21054.92,2,4.15,0
CUS4187,16020.81,2,2.05,2
CUS4188,3748.07,1,3.0046947368421053,1
CUS4189,7506.450000000001,1,4.8,1
CUS4190,22540.0,2,1.6,0
CUS4192,12837.24,1,4.8,1
CUS4194,9522.62,1,2.2,2
CUS4195,7289.25,1,4.5,1
CUS4197,19790.1,1,4.5,1
CUS4199,1289.44,1,1.9,2
CUS4200,9718.77,1,1.3,2
CUS4203,4080.4,1,3.0,1
CUS4204,982.48,1,4.0,1
CUS4205,47476.58,5,4.04,0
CUS4210,4777.1,2,2.8,2
CUS4212,5693.12,2,2.7,2
CUS4214,12434.88,1,3.1,1
CUS4215,4123.4,1,4.3,1
CUS4218,6346.54,1,4.7,1
CUS4220,950.85,1,4.3,1
CUS4221,6256.0,1,3.2,1
CUS4222,8855.52,2,2.7,2
CUS4223,6773.3099999999995,1,2.9,2
CUS4227,17207.0,1,2.1,2
CUS4228,3631.9,2,2.0,2
CUS4230,22634.050000000003,2,3.1023473684210527,0
CUS4231,9144.759999999998,2,1.65,2
CUS4232,13760.52,1,2.8,2
CUS4233,6301.26,1,2.0,2
CUS4234,23010.620000000003,3,3.8,0
CUS4237,12654.01,2,2.6,2
CUS4238,9936.18,2,3.7,1
CUS4239,4022.3,1,4.5,1
CUS4240,15592.86,2,2.3,2
CUS4241,12701.37,1,3.7,1
CUS4243,15226.420000000002,2,1.35,2
CUS4244,12140.4,2,2.1,2
CUS4250,13174.4,1,1.5,2
CUS4252,25367.43,3,3.0666666666666664,0
CUS4253,19512.29,2,2.0,2
CUS4255,14244.69,3,2.434898245614035,0
CUS4256,186.16,1,1.0,2
CUS4260,12868.59,2,2.8000000000000003,2
CUS4261,10985.59,3,3.7,0
CUS4263,13475.46,2,3.5999999999999996,1
CUS4265,8227.89,2,1.55,2
CUS4266,19015.65,1,1.9,2
CUS4267,29495.62,3,1.9,0
CUS4268,929.14,1,3.0,1
CUS4269,2658.06,1,4.0,1
CUS4273,8731.44,1,1.6,2
CUS4274,3103.24,1,3.5,1
CUS4275,19810.48,2,2.95,0
CUS4276,13104.7,3,3.233333333333333,0
CUS4277,16101.850000000002,3,2.8000000000000003,0
CUS4278,11415.68,2,1.55,2
CUS4281,4992.14,1,2.3,2
CUS4282,13169.7,2,2.6,2
CUS4283,35868.6,3,1.8,0
CUS4284,14538.81,1,3.5,1
CUS4288,35111.3,2,3.25,0
CUS4289,1840.35,1,1.5,2
CUS4290,12055.71,2,1.95,2
CUS4291,24901.480000000003,2,2.0,0
CUS4293,7380.94,2,4.25,1
CUS4294,28524.33,2,2.2,0
CUS4295,3546.39,1,3.1,1
CUS4296,28000.83,2,4.35,0
CUS4298,14838.66,1,4.9,1
CUS4299,12935.0,2,3.4523473684210524,1
CUS4300,13875.8,1,3.8,1
CUS4301,3301.23,1,3.0046947368421053,1
CUS4303,9830.2,1,1.8,2
CUS4304,19350.66,2,3.85,0
CUS4305,22737.5,2,3.65,0
CUS4306,5478.0599999999995,1,3.1,1
CUS4307,13681.06,2,2.1,2
CUS4308,28347.8,3,2.1333333333333333,0
CUS4309,8603.68,1,4.3,1
CUS4310,4868.16,1,2.8,2
CUS4311,17766.47,2,2.1500000000000004,2
CUS4312,15408.55,1,5.0,1
CUS4314,3222.85,1,4.2,1
CUS4316,9152.259999999998,2,3.1,1
CUS4317,33963.33,3,4.033333333333333,0
CUS4321,10079.06,2,3.3,1
CUS4324,23185.83,3,3.1,0
CUS4327,2892.17,1,1.3,2
CUS4329,5446.799999999999,1,1.6,2
CUS4330,13940.22,3,3.6,0
CUS4331,21067.13,2,3.1,0
CUS4333,18827.61,3,3.7,0
CUS4334,29609.879999999997,2,3.55,0
CUS4335,16149.0,1,3.7,1
CUS4336,13125.97,3,2.1666666666666665,0
CUS4337,15937.18,2,2.2,2
CUS4338,13528.920000000002,1,3.9,1
CUS4339,24231.25,1,3.3,1
CUS4340,24558.88,2,2.8499999999999996,0
CUS4342,18701.48,1,4.8,1
CUS4343,29684.58,3,2.466666666666667,0
CUS4346,567.74,1,1.2,2
CUS4347,8057.280000000001,1,2.0,2
CUS4348,1034.92,1,2.6,2
CUS4350,18031.4,1,4.5,1
CUS4351,16429.44,1,4.3,1
CUS4352,23112.05,1,4.2,1
CUS4353,8703.82,1,4.7,1
CUS4355,18074.14,2,2.5,0
CUS4356,2421.35,1,2.4,2
CUS4358,22047.95,1,3.9,1
CUS4360,3814.91,1,2.0,2
CUS4361,15458.0,3,3.5,0
CUS4362,5934.92,2,2.6,2
CUS4363,9386.75,1,3.4,1
CUS4365,43104.83,4,3.775,0
CUS4366,2207.76,1,3.3,1
CUS4368,3439.1000000000004,1,2.2,2
CUS4369,4651.39,1,4.4,1
CUS4370,17225.63,2,2.85,0
CUS4372,2695.26,1,4.6,1
CUS4373,816.24,1,4.1,1
CUS4376,4507.879999999999,2,3.5,1
CUS4377,11962.95,1,3.0046947368421053,1
CUS4379,24569.85,2,1.7,0
CUS4384,7390.0,1,4.0,1
CUS4386,15317.56,2,2.8,0
CUS4390,40412.44,2,2.7,0
CUS4391,9702.32,1,3.0046947368421053,1
CUS4393,4463.52,1,4.3,1
CUS4396,6299.34,1,4.9,1
CUS4397,8364.12,1,4.6,1
CUS4401,29624.05,2,2.95,0
CUS4402,36804.54,4,2.876173684210526,0
CUS4403,7913.16,1,3.4,1
CUS4405,19293.43,2,3.3,0
CUS4406,22857.3,2,3.7,0
CUS4407,5610.18,2,3.302347368421053,1
CUS4409,1878.21,1,4.4,1
CUS4412,2798.84,1,2.0,2
CUS4414,21491.6,2,1.65,2
CUS4416,18563.27,2,3.15,0
CUS4417,9377.51,3,2.9,0
CUS4418,38803.55,3,2.2666666666666666,0
CUS4419,7170.76,1,1.8,2
CUS4421,27184.14,3,3.8,0
CUS4422,17636.24,1,1.9,2
CUS4423,7378.639999999999,2,3.802347368421053,1
CUS4424,6751.66,1,4.0,1
CUS4425,8932.3,1,1.2,2
CUS4426,2830.26,2,2.3499999999999996,2
CUS4428,9154.08,1,4.6,1
CUS4431,10330.26,2,3.3,1
CUS4433,4970.74,2,3.75,1
CUS4434,21416.26,2,3.85,0
CUS4437,38089.42,3,2.433333333333333,0
CUS4439,14923.48,2,1.7999999999999998,2
CUS4440,7119.87,1,2.9,2
CUS4441,9572.92,1,2.0,2
CUS4442,11929.01,2,3.4000000000000004,1
CUS4443,2528.37,1,4.4,1
CUS4444,9187.72,1,3.5,1
CUS4446,10367.73,1,4.0,1
CUS4447,3612.9,1,2.7,2
CUS4450,17948.6,2,3.4499999999999997,0
CUS4452,994.59,1,1.5,2
CUS4453,1703.0,1,2.7,2
CUS4454,11699.1,1,4.1,1
CUS4455,9563.8,1,2.4,2
CUS4456,3536.92,1,1.3,2
CUS4457,29743.56,3,3.9015649122807017,0
CUS4458,3107.44,2,2.2,2
CUS4459,12777.6,1,2.1,2
CUS4461,3123.66,1,1.0,2
CUS4462,13706.02,2,2.7,2
CUS4463,29824.78,2,3.5,0
CUS4464,30625.19,2,2.55,0
CUS4465,1734.57,1,2.0,2
CUS4466,4307.64,1,4.5,1
CUS4469,24729.050000000003,1,1.5,2
CUS4470,11204.320000000002,2,3.5,1
CUS4474,15221.78,2,3.5,1
CUS4475,12892.86,2,3.0999999999999996,1
CUS4476,6895.139999999999,2,2.7,2
CUS4477,39676.73,4,2.601173684210526,0
CUS4478,823.74,1,5.0,1
CUS4479,3915.56,1,3.5,1
CUS4480,7210.52,1,1.8,2
CUS4481,711.0,1,2.8,2
CUS4482,12396.72,1,3.0,1
CUS4483,11317.64,2,3.75,1
CUS4485,32839.05,3,3.3333333333333335,0
CUS4486,9258.68,1,1.3,2
CUS4489,2591.01,2,3.7523473684210527,1
CUS4492,16583.36,2,2.5,2
CUS4493,6563.299999999999,2,1.9,2
CUS4494,26222.800000000003,2,1.9,0
CUS4495,7289.04,1,3.2,1
CUS4497,39895.89,3,2.9333333333333336,0
CUS4498,14758.8,1,3.4,1
CUS4503,20071.07,2,3.5999999999999996,0
CUS4504,9412.32,1,4.1,1
CUS4505,10258.32,1,4.3,1
CUS4507,21572.269999999997,3,3.668231578947368,0
CUS4509,28662.26,4,2.876173684210526,0
CUS4510,5538.96,1,4.9,1
CUS4511,11803.86,1,1.6,2
CUS4513,8757.24,1,4.9,1
CUS4514,9427.5,1,1.2,2
CUS4515,2014.6,2,4.75,1
CUS4516,39084.0,4,3.0,0
CUS4517,20590.22,2,2.1500000000000004,0
CUS4518,2745.3,1,5.0,1
CUS4520,23172.56,2,3.05,0
CUS4521,2218.95,1,1.1,2
CUS4523,16194.5,2,3.05,0
CUS4524,21067.16,3,3.266666666666667,0
CUS4525,3641.72,1,2.5,2
CUS4526,3634.43,1,2.9,2
CUS4527,20320.18,2,2.05,0
CUS4528,12204.94,2,4.55,1
CUS4529,8002.56,1,4.0,1
CUS4530,2707.6499999999996,1,1.4,2
CUS4531,19172.25,2,4.550000000000001,1
CUS4532,5406.12,1,2.6,2
CUS4533,21971.12,3,2.5,0
CUS4534,22880.04,2,1.7,0
CUS4535,8417.64,1,3.0046947368421053,1
CUS4536,6022.05,1,1.7,2
CUS4537,22251.45,1,4.2,1
CUS4539,21466.17,2,2.0,0
CUS4540,4256.0,2,2.7,2
CUS4542,11149.6,1,2.7,2
CUS4544,21140.6,2,3.5999999999999996,0
CUS4546,16966.28,2,1.8,2
CUS4547,7849.92,1,1.3,2
CUS4552,3000.64,1,2.6,2
CUS4554,25032.5,3,2.8333333333333335,0
CUS4555,3038.63,1,3.9,1
CUS4556,17481.04,1,2.4,2
CUS4557,8365.2,1,4.9,1
CUS4558,20163.74,2,3.702347368421053,0
CUS4559,9990.81,1,2.8,2
CUS4560,4166.77,2,1.5,2
CUS4563,1082.2,1,3.6,1
CUS4564,582.68,1,4.9,1
CUS4566,17971.72,1,2.8,2
CUS4571,13392.8,1,2.8,2
CUS4572,33800.990000000005,3,2.5,0
CUS4573,14659.96,1,3.0046947368421053,1
CUS4574,3950.1,1,3.0,1
CUS4575,9076.74,1,2.7,2
CUS4576,8715.58,1,3.6,1
CUS4577,4633.34,1,1.6,2
CUS4578,13916.55,3,2.2666666666666666,0
CUS4579,19982.539999999997,3,2.534898245614035,0
CUS4580,1395.28,1,2.9,2
CUS4581,7650.28,1,3.8,1
CUS4582,7380.900000000001,1,3.0046947368421053,1
CUS4583,5271.35,1,2.5,2
CUS4584,12482.14,2,3.0500000000000003,1
CUS4585,2835.31,1,2.7,2
CUS4587,4643.4,1,1.9,2
CUS4589,18360.62,2,3.0023473684210527,0
CUS4590,23291.77,3,2.9333333333333336,0
CUS4591,3767.24,1,3.0046947368421053,1
CUS4593,4418.91,1,1.2,2
CUS4595,6881.08,2,4.45,1
CUS4598,2007.74,1,3.8,1
CUS4599,3889.71,1,4.2,1
CUS4600,11069.97,3,2.968231578947368,0
CUS4601,11531.64,3,3.7,0
CUS4602,373.89,1,4.5,1
CUS4603,11422.81,2,3.8523473684210527,1
CUS4604,15181.36,2,3.2,1
CUS4605,7292.73,2,3.8,1
CUS4606,3643.09,2,3.5,1
CUS4607,12445.3,1,3.5,1
CUS4608,22714.34,4,2.9000000000000004,0
CUS4612,27020.35,2,3.15,0
CUS4613,9985.08,3,2.8000000000000003,0
CUS4615,12593.85,1,3.9,1
CUS4616,17316.75,2,1.55,2
CUS4617,5840.669999999999,2,3.0,1
CUS4618,1034.84,1,2.7,2
CUS4619,8360.57,2,3.15,1
CUS4620,10275.37,3,3.634898245614035,0
CUS4621,6507.76,1,4.8,1
CUS4622,4144.89,1,2.3,2
CUS4623,13375.93,2,2.75,2
CUS4624,9279.27,1,3.0046947368421053,1
CUS4626,18940.4,1,3.7,1
CUS4628,6915.299999999999,1,1.6,2
CUS4630,19489.25,1,4.7,1
CUS4632,10807.92,2,3.15,1
CUS4633,31497.61,5,2.0,0
CUS4635,2166.5,2,3.3,1
CUS4637,7664.94,1,3.0046947368421053,1
CUS4638,11558.79,1,2.4,2
CUS4640,9185.0,1,2.1,2
CUS4641,16957.68,2,2.15,2
CUS4645,23299.45,2,2.6500000000000004,0
CUS4646,18361.23,2,2.8000000000000003,0
CUS4649,5180.66,2,3.052347368421053,1
CUS4651,8060.19,2,2.5,2
CUS4652,15893.32,1,2.8,2
CUS4653,9441.5,1,3.6,1
CUS4654,25177.61,3,3.5,0
CUS4655,5325.9,1,4.8,1
CUS4656,21219.58,2,3.25,0
CUS4657,5415.56,1,2.0,2
CUS4660,7855.75,1,3.6,1
CUS4661,1789.88,1,4.8,1
CUS4662,12577.38,2,3.8,1
CUS4664,15412.3,1,3.5,1
CUS4665,3939.68,1,4.2,1
CUS4666,22506.39,2,2.4000000000000004,0
CUS4668,18839.06,4,2.7750000000000004,0
CUS4669,14566.65,2,3.0,0
CUS4670,3982.11,1,3.4,1
CUS4671,27826.550000000003,2,2.2,0
CUS4672,9962.759999999998,2,2.55,2
CUS4673,4737.8,2,1.3,2
CUS4674,25242.699999999997,3,3.4,0
CUS4675,10206.66,1,4.6,1
CUS4676,19561.36,1,4.5,1
CUS4677,12970.05,1,1.9,2
CUS4678,5289.51,1,3.2,1
CUS4679,6316.570000000001,2,3.75,1
CUS4680,13626.28,1,2.3,2
CUS4681,9771.78,3,3.3000000000000003,0
CUS4682,1449.78,1,4.7,1
CUS4683,20559.3,1,4.4,1
CUS4684,11880.4,2,2.75,2
CUS4686,787.14,1,1.4,2
CUS4687,2238.68,1,4.0,1
CUS4688,2000.32,1,4.9,1
CUS4689,9778.9,1,3.8,1
CUS4690,14554.59,1,3.4,1
CUS4691,3576.06,1,3.8,1
CUS4692,378.0,1,4.4,1
CUS4695,12849.09,1,1.1,2
CUS4696,30145.56,2,2.75,0
CUS4698,14781.03,1,3.0046947368421053,1
CUS4699,8784.62,1,2.2,2
CUS4700,6342.799999999999,1,2.7,2
CUS4701,16763.440000000002,2,2.3,2
CUS4702,23641.09,3,3.934898245614035,0
CUS4703,2988.21,1,3.6,1
CUS4705,2019.25,1,2.5,2
CUS4706,4706.75,1,1.3,2
CUS4708,13391.2,1,4.2,1
CUS4710,7136.1900000000005,1,2.6,2
CUS4711,2882.8100000000004,2,2.45,2
CUS4712,1061.39,1,1.8,2
CUS4713,7064.16,1,2.1,2
CUS4714,6020.91,1,2.9,2
CUS4716,7331.43,1,3.8,1
CUS4717,16875.64,1,3.7,1
CUS4718,19225.15,3,2.6333333333333333,0
CUS4719,15002.9,1,1.4,2
CUS4720,107.43,1,3.4,1
CUS4721,19327.14,2,2.65,0
CUS4722,24019.699999999997,1,3.1,1
CUS4725,10313.0,2,2.2,2
CUS4726,8435.98,3,4.001564912280702,0
CUS4727,25018.93,3,3.6333333333333337,0
CUS4728,12119.7,2,2.8,2
CUS4731,9555.92,1,2.2,2
CUS4732,5129.4,1,2.4,2
CUS4733,9491.56,1,2.2,2
CUS4734,1706.69,2,2.95,2
CUS4735,37353.72,2,2.45,0
CUS4736,2078.94,1,1.1,2
CUS4737,16847.96,1,4.3,1
CUS4743,40694.9,2,2.95,0
CUS4746,5483.32,2,2.75,2
CUS4747,2715.52,1,1.5,2
CUS4749,13391.41,3,3.1,0
CUS4750,18683.95,1,3.8,1
CUS4751,22281.85,1,4.4,1
CUS4752,46237.17,4,3.0,0
CUS4754,9956.88,1,2.7,2
CUS4755,13729.0,1,3.5,1
CUS4758,8646.29,2,3.1,1
CUS4759,15301.84,1,2.4,2
CUS4761,21720.4,1,4.8,1
CUS4762,3620.96,1,2.6,2
CUS4763,6268.57,2,1.6,2
CUS4766,9913.44,2,2.7,2
CUS4767,28940.300000000003,2,2.5,0
CUS4768,27179.32,2,3.9,0
CUS4770,8938.710000000001,1,2.3,2
CUS4771,17911.56,3,2.5,0
CUS4772,1454.36,1,1.2,2
CUS4773,13942.76,1,2.8,2
CUS4775,3811.3,1,3.0046947368421053,1
CUS4776,9782.96,1,5.0,1
CUS4778,18659.95,2,3.5,0
CUS4779,7840.26,1,2.3,2
CUS4781,1886.18,1,3.9,1
CUS4784,3980.37,1,3.5,1
CUS4785,16319.72,3,1.7333333333333334,0
CUS4786,5213.74,1,2.7,2
CUS4787,19058.35,3,2.466666666666667,0
CUS4788,65552.6,5,2.16,0
CUS4789,4634.8,1,1.7,2
CUS4791,26960.83,2,2.65,0
CUS4794,17417.93,3,4.033333333333333,0
CUS4795,18879.300000000003,2,2.45,0
CUS4796,23621.79,2,3.1999999999999997,0
CUS4797,19463.12,3,3.6,0
CUS4798,16912.68,2,3.2,0
CUS4799,10848.59,2,2.652347368421053,2
CUS4800,1552.01,1,3.0,1
CUS4801,35041.78,3,2.1682315789473683,0
CUS4802,10793.9,2,3.5,1
CUS4803,10381.36,2,3.1500000000000004,1
CUS4804,7313.06,2,2.35,2
CUS4806,13694.31,1,4.8,1
CUS4807,3878.97,2,4.65,1
CUS4808,12878.45,1,1.9,2
CUS4809,23093.1,3,3.1999999999999997,0
CUS4811,1360.59,1,4.3,1
CUS4812,17608.64,1,2.6,2
CUS4813,31766.23,4,3.375,0
CUS4814,6911.4,1,3.2,1
CUS4817,1478.4,1,2.4,2
CUS4818,7524.35,2,2.4,2
CUS4819,451.29,1,3.5,1
CUS4823,2788.36,1,3.8,1
CUS4824,187.57,1,4.5,1
CUS4826,4908.13,2,2.9523473684210524,2
CUS4827,13225.04,2,2.5,2
CUS4828,8803.53,2,4.050000000000001,1
CUS4829,5981.08,2,2.45,2
CUS4830,5891.75,1,3.8,1
CUS4832,10450.71,2,1.85,2
CUS4833,18918.32,2,3.25,0
CUS4835,18559.06,2,2.05,2
CUS4837,4202.94,2,3.25,1
CUS4838,4375.94,3,2.0,2
CUS4839,14792.28,2,3.3,1
CUS4840,34943.29,3,2.0682315789473686,0
CUS4841,17568.15,2,2.15,2
CUS4843,4082.72,1,3.0,1
CUS4844,26512.370000000003,2,1.35,0
CUS4845,16471.97,3,2.566666666666667,0
CUS4847,12292.96,1,4.0,1
CUS4848,14316.6,1,4.9,1
CUS4849,17043.260000000002,4,2.3011736842105264,0
CUS4850,13564.95,1,3.0,1
CUS4851,9004.24,1,1.6,2
CUS4852,3663.16,1,2.8,2
CUS4853,812.56,2,3.3499999999999996,1
CUS4854,28723.6,3,3.0,0
CUS4855,19575.9,2,3.8,0
CUS4857,2557.86,3,2.566666666666667,2
CUS4858,7778.8,1,1.9,2
CUS4860,12376.12,1,1.1,2
CUS4862,306.68,1,2.9,2
CUS4863,6991.92,2,3.35,1
CUS4865,9942.23,2,3.9,1
CUS4866,4336.89,1,3.7,1
CUS4867,11046.86,3,2.3666666666666667,0
CUS4868,2035.76,2,2.35,2
CUS4869,1007.12,1,3.8,1
CUS4870,29529.29,2,3.25,0
CUS4871,27771.41,2,2.652347368421053,0
CUS4872,17189.55,1,2.4,2
CUS4873,43936.81,4,3.3011736842105264,0
CUS4874,61909.369999999995,5,3.38,0
CUS4876,35308.42,4,2.775,0
CUS4877,4342.32,3,3.3333333333333335,0
CUS4878,12909.38,2,3.7523473684210527,1
CUS4880,16814.0,2,2.05,2
CUS4881,12010.55,3,3.301564912280702,0
CUS4882,2463.15,2,2.2,2
CUS4883,4808.57,2,2.5,2
CUS4884,4804.5,1,2.8,2
CUS4885,6587.799999999999,1,2.9,2
CUS4886,16431.39,2,1.75,2
CUS4887,2280.2,1,4.3,1
CUS4891,22320.17,2,2.45,0
CUS4892,2027.6,1,2.3,2
CUS4893,6930.87,1,3.2,1
CUS4894,13515.95,1,2.6,2
CUS4895,22703.29,2,2.6500000000000004,0
CUS4896,8956.24,2,3.9,1
CUS4898,4056.39,1,3.2,1
CUS4899,8190.08,1,3.8,1
CUS4900,20937.25,1,1.4,2
CUS4901,8891.369999999999,1,2.6,2
CUS4902,9676.45,1,2.3,2
CUS4904,3784.86,1,2.1,2
CUS4906,4327.4,1,1.7,2
CUS4907,6293.27,3,3.1682315789473683,0
CUS4909,12000.02,2,3.65,1
CUS4910,8938.16,1,2.9,2
CUS4912,7265.58,1,3.0046947368421053,1
CUS4913,2980.4399999999996,2,2.2,2
CUS4914,3878.54,1,3.0,1
CUS4915,13557.04,1,3.0046947368421053,1
CUS4917,2391.9,1,2.6,2
CUS4918,16205.45,1,2.3,2
CUS4919,2668.89,1,2.0,2
CUS4920,12102.82,3,2.9,0
CUS4924,16632.899999999998,2,2.35,2
CUS4925,16964.4,3,2.033333333333333,0
CUS4928,39158.4,4,3.2011736842105263,0
CUS4931,401.03,1,1.0,2
CUS4932,4234.85,2,4.35,1
CUS4933,7928.9,1,3.9,1
CUS4934,27615.94,2,4.05,0
CUS4935,22518.35,3,3.8333333333333335,0
CUS4936,6908.1900000000005,1,1.8,2
CUS4937,2680.84,1,2.5,2
CUS4938,1792.85,1,4.1,1
CUS4939,19644.8,1,4.8,1
CUS4941,2476.8,1,1.6,2
CUS4943,3974.31,1,2.7,2
CUS4944,16509.73,2,2.802347368421053,0
CUS4946,8818.48,1,4.2,1
CUS4948,8422.84,2,3.45,1
CUS4949,16776.09,2,2.4,2
CUS4950,18615.34,2,3.05,0
CUS4951,3004.83,1,3.0046947368421053,1
CUS4952,5103.3,1,1.8,2
CUS4954,16941.84,1,4.4,1
CUS4957,20719.55,1,2.6,2
CUS4959,9638.52,3,3.6666666666666665,0
CUS4960,15018.68,4,2.175,0
CUS4961,24367.34,2,3.4000000000000004,0
CUS4963,3774.0,1,3.5,1
CUS4965,1039.86,1,3.4,1
CUS4966,10100.45,3,1.8666666666666665,0
CUS4968,3236.34,1,3.0046947368421053,1
CUS4972,26848.77,2,3.8,0
CUS4973,17120.77,3,2.9,0
CUS4974,25647.64,2,2.7,0
CUS4975,6409.72,1,4.5,1
CUS4976,2005.95,1,2.0,2
CUS4978,13948.68,2,2.802347368421053,2
CUS4979,6086.07,2,2.45,2
CUS4980,4768.62,1,1.8,2
CUS4981,37437.75,3,3.3000000000000003,0
CUS4983,16300.08,1,4.3,1
CUS4985,6666.28,1,3.8,1
CUS4987,9920.61,1,4.8,1
CUS4988,18769.09,3,2.9,0
CUS4990,1261.72,1,4.4,1
CUS4991,705.11,1,2.1,2
CUS4992,5446.4,1,5.0,1
CUS4993,4632.1,1,1.2,2
CUS4995,7872.95,1,1.4,2
CUS4996,4329.9,1,2.4,2
CUS4998,2853.93,1,1.9,2
CUS4999,5437.92,1,2.7,2
CUS5000,14091.45,3,3.1,0
CUS5001,4360.52,1,1.5,2
CUS5002,10013.88,1,3.7,1
CUS5003,20078.42,3,3.033333333333333,0
CUS5004,6887.9400000000005,1,2.1,2
CUS5005,1908.21,1,1.4,2
CUS5006,21909.94,3,3.3666666666666667,0
CUS5008,1565.16,1,4.1,1
CUS5012,9657.48,2,1.9,2
CUS5013,2768.92,1,4.6,1
CUS5017,4337.07,2,2.15,2
CUS5018,2385.4,1,4.9,1
CUS5019,20386.73,2,3.0999999999999996,0
CUS5021,8122.59,2,3.45,1
CUS5022,23014.54,2,4.35,0
CUS5023,6248.76,1,4.6,1
CUS5024,9847.15,4,2.601173684210526,0
CUS5025,2796.16,1,1.2,2
CUS5028,372.13,1,2.5,2
CUS5029,4209.49,1,3.3,1
CUS5030,19826.1,1,5.0,1
CUS5032,15955.28,2,3.152347368421053,0
CUS5033,1568.14,1,4.7,1
CUS5034,30881.81,3,3.9333333333333336,0
CUS5036,12469.36,2,3.75,1
CUS5038,6911.52,1,1.6,2
CUS5039,22836.300000000003,1,2.2,2
CUS5040,40105.32,5,2.9,0
CUS5041,46342.58,4,4.4750000000000005,0
CUS5043,20964.1,1,2.0,2
CUS5044,18517.9,3,1.4666666666666668,0
CUS5045,963.54,1,3.6,1
CUS5047,16158.28,2,2.65,0
CUS5049,21503.92,4,2.7011736842105263,0
CUS5050,9495.76,1,1.6,2
CUS5052,4909.8,1,3.0046947368421053,1
CUS5053,12521.62,2,3.65,1
CUS5055,3953.61,1,4.2,1
CUS5056,10349.34,1,4.1,1
CUS5057,12837.18,1,3.8,1
CUS5059,2468.25,1,1.9,2
CUS5060,9509.7,1,4.9,1
CUS5064,12728.5,3,3.4333333333333336,0
CUS5066,10458.62,2,3.5,1
CUS5067,17761.309999999998,3,2.1666666666666665,0
CUS5068,35468.270000000004,3,2.601564912280702,0
CUS5069,17520.97,2,3.45,0
CUS5070,24406.71,2,2.3523473684210527,0
CUS5073,3717.86,2,2.6,2
CUS5075,18950.32,1,3.9,1
CUS5077,6590.549999999999,1,3.0,1
CUS5080,22892.45,2,3.2,0
CUS5081,771.72,1,4.3,1
CUS5082,3771.05,2,2.1,2
CUS5084,18208.93,3,2.8333333333333335,0
CUS5085,1543.95,1,3.3,1
CUS5086,8095.32,2,2.4,2
CUS5089,13377.3,2,3.7523473684210527,1
CUS5090,5316.7,1,2.3,2
CUS5092,1691.57,1,3.5,1
CUS5093,1523.34,1,2.6,2
CUS5095,3079.6,1,1.5,2
CUS5096,8839.95,2,3.15,1
CUS5097,19187.14,3,3.6,0
CUS5099,6133.92,2,3.05,1
CUS5100,1202.28,1,4.6,1
CUS5101,4397.1,1,4.1,1
CUS5103,47325.689999999995,4,3.7011736842105263,0
CUS5105,6567.78,2,1.65,2
CUS5106,9488.08,1,1.8,2
CUS5107,24276.33,2,3.0,0
CUS5109,13232.93,4,2.601173684210526,0
CUS5110,16276.64,1,3.0046947368421053,1
CUS5112,11671.32,1,4.7,1
CUS5114,13401.54,2,3.35,1
CUS5115,54933.0,5,2.66,0
CUS5116,2731.44,1,2.2,2
CUS5117,18323.21,2,2.75,0
CUS5118,3701.76,2,2.55,2
CUS5119,22496.550000000003,1,4.6,1
CUS5121,23048.65,2,4.4,0
CUS5122,8155.5,1,4.0,1
CUS5123,20350.53,3,4.066666666666666,0
CUS5126,18625.11,2,1.6,2
CUS5127,21465.63,2,1.7999999999999998,0
CUS5128,1199.24,1,4.9,1
CUS5130,5012.12,1,2.9,2
CUS5134,27510.370000000003,3,2.966666666666667,0
CUS5135,13150.76,2,3.8,1
CUS5137,500.96,1,3.8,1
CUS5138,11190.51,2,2.65,2
CUS5139,37898.52,4,3.225,0
CUS5141,13871.8,1,1.5,2
CUS5143,4170.84,1,3.0,1
CUS5145,2532.67,1,3.0046947368421053,1
CUS5147,14293.08,1,1.9,2
CUS5151,7303.16,2,2.45,2
CUS5153,17711.010000000002,2,3.95,1
CUS5154,28345.18,2,2.85,0
CUS5155,9301.77,1,4.3,1
CUS5156,14285.96,1,1.7,2
CUS5157,8230.0,1,3.7,1
CUS5158,4562.8,1,1.6,2
CUS5160,19477.64,3,2.6999999999999997,0
CUS5161,1936.93,1,2.6,2
CUS5164,8577.92,1,3.5,1
CUS5165,32076.3,3,3.9,0
CUS5166,15833.6,2,2.1023473684210527,2
CUS5167,7798.86,1,2.0,2
CUS5169,7640.72,1,2.2,2
CUS5170,1593.27,1,3.6,1
CUS5172,34257.08,4,2.525,0
CUS5175,17403.45,2,2.75,0
CUS5176,19012.51,2,4.15,1
CUS5177,1384.92,1,1.4,2
CUS5179,8571.55,2,3.1,1
CUS5180,45914.509999999995,3,1.4666666666666668,0
CUS5181,9773.52,1,2.1,2
CUS5182,9448.77,2,4.85,1
CUS5183,493.47,1,4.8,1
CUS5184,18752.12,4,2.95,0
CUS5186,18388.6,2,4.65,1
CUS5187,14952.2,1,3.6,1
CUS5189,34052.619999999995,2,4.3,0
CUS5190,13056.12,2,4.05,1
CUS5193,4275.759999999999,2,3.4000000000000004,1
CUS5195,19394.47,2,2.75,0
CUS5196,2129.34,1,2.8,2
CUS5198,3236.13,1,4.7,1
CUS5201,21115.63,2,3.85,0
CUS5202,15513.73,2,3.0,0
CUS5203,6468.18,2,3.052347368421053,1
CUS5204,1359.78,1,1.3,2
CUS5206,1031.16,1,4.1,1
CUS5207,7726.56,1,3.9,1
CUS5208,9122.96,1,4.6,1
CUS5210,25986.44,2,3.8,0
CUS5211,4133.0,1,1.5,2
CUS5214,7743.92,1,1.0,2
CUS5215,10894.94,3,2.1999999999999997,0
CUS5216,18053.65,1,2.4,2
CUS5217,14841.16,1,2.8,2
CUS5220,13960.6,1,2.2,2
CUS5221,21701.34,2,3.9,0
CUS5222,17559.58,2,1.85,2
CUS5224,1187.96,1,3.0046947368421053,1
CUS5226,2707.89,1,4.0,1
CUS5228,9111.16,1,4.1,1
CUS5229,2213.56,1,3.9,1
CUS5231,16998.16,3,2.1666666666666665,0
CUS5232,38223.86,4,3.075,0
CUS5235,19615.65,2,2.45,0
CUS5236,24987.92,3,1.8,0
CUS5237,24248.9,2,3.4,0
CUS5238,31128.34,4,3.4261736842105264,0
CUS5239,17844.1,2,2.8,0
CUS5240,12782.4,1,3.4,1
CUS5241,4902.16,1,2.5,2
CUS5242,12499.2,1,4.7,1
CUS5243,24246.05,3,2.8666666666666667,0
CUS5247,1213.96,1,3.3,1
CUS5249,3097.41,2,3.75,1
CUS5250,2919.58,1,3.2,1
CUS5251,7797.54,1,3.9,1
CUS5254,4053.78,1,4.3,1
CUS5255,29939.88,3,2.8333333333333335,0
CUS5260,36544.2,3,2.8333333333333335,0
CUS5261,5208.8,1,2.9,2
CUS5262,18170.25,2,3.7,0
CUS5263,11075.56,2,4.1,1
CUS5265,5080.110000000001,2,2.05,2
CUS5266,991.71,1,2.6,2
CUS5268,13109.25,1,1.1,2
CUS5269,31952.39,3,3.766666666666667,0
CUS5270,24828.44,2,3.4,0
CUS5271,37993.899999999994,2,3.1,0
CUS5273,2634.74,2,3.402347368421053,1
CUS5274,3324.55,1,4.5,1
CUS5276,5387.06,1,4.8,1
CUS5277,26333.92,2,3.55,0
CUS5279,18299.69,2,2.45,0
CUS5280,32877.45,2,2.15,0
CUS5281,11360.92,2,2.402347368421053,2
CUS5282,2925.57,1,1.1,2
CUS5283,13516.95,3,3.0,0
CUS5284,20484.65,2,2.7,0
CUS5285,3486.96,1,4.1,1
CUS5286,7501.59,1,2.4,2
CUS5287,14872.44,2,4.35,1
CUS5288,9479.3,1,3.0,1
CUS5289,9413.0,1,4.3,1
CUS5290,18134.96,1,3.8,1
CUS5295,17935.05,2,1.5499999999999998,2
CUS5296,5126.02,1,3.0,1
CUS5298,2113.06,1,3.9,1
CUS5299,22267.69,3,2.8000000000000003,0
CUS5303,16407.04,1,4.3,1
CUS5304,9554.54,1,1.9,2
CUS5305,8547.75,1,2.3,2
CUS5306,3415.87,2,2.802347368421053,2
CUS5310,7900.34,1,1.8,2
CUS5311,6463.16,1,4.2,1
CUS5312,12535.35,1,4.8,1
CUS5313,17736.98,4,2.775,0
CUS5315,16466.2,2,1.85,2
CUS5317,2497.98,1,4.0,1
CUS5318,2717.04,1,1.6,2
CUS5320,8201.68,2,3.15,1
CUS5322,9706.51,3,3.0666666666666664,0
CUS5323,27412.72,2,3.4000000000000004,0
CUS5325,21359.34,2,3.9,0
CUS5326,8025.84,1,4.6,1
CUS5329,1749.1,2,4.6,1
CUS5330,16937.92,1,4.7,1
CUS5331,11526.7,2,4.5,1
CUS5333,6256.02,1,1.4,2
CUS5335,31886.78,2,4.300000000000001,0
CUS5337,38953.380000000005,4,2.7,0
CUS5338,8561.3,1,4.2,1
CUS5339,8470.88,1,2.8,2
CUS5340,14186.64,2,2.95,2
CUS5343,9515.08,2,3.4000000000000004,1
CUS5344,37548.6,3,2.8333333333333335,0
CUS5345,24233.78,2,4.0,0
CUS5346,7028.16,1,4.1,1
CUS5347,9935.55,2,4.0,1
CUS5348,7063.469999999999,1,1.3,2
CUS5349,11486.56,2,4.25,1
CUS5350,11756.05,1,4.5,1
CUS5351,25342.980000000003,3,3.233333333333333,0
CUS5352,6476.13,2,3.85,1
CUS5354,10877.15,3,2.5,0
CUS5358,598.54,1,3.0046947368421053,1
CUS5359,975.4,1,2.5,2
CUS5361,2746.12,1,3.3,1
CUS5362,8087.13,2,2.6,2
CUS5363,7304.84,1,3.0046947368421053,1
CUS5364,21770.9,1,1.1,2
CUS5365,2564.98,2,3.0046947368421053,1
CUS5366,31909.75,2,3.55,0
CUS5367,12014.25,1,4.5,1
CUS5368,13075.81,2,1.75,2
CUS5369,10225.29,3,3.3666666666666667,0
CUS5370,9531.8,2,3.4000000000000004,1
CUS5371,8582.94,1,3.5,1
CUS5372,15693.6,2,4.5,1
CUS5377,16377.59,2,2.55,2
CUS5378,24238.05,1,2.5,2
CUS5379,2109.14,2,2.05,2
CUS5380,21562.46,3,3.233333333333333,0
CUS5381,21145.1,1,3.2,1
CUS5382,10424.8,2,1.25,2
CUS5383,1504.31,1,3.7,1
CUS5384,4283.48,1,1.4,2
CUS5385,2505.24,1,3.2,1
CUS5386,27408.629999999997,3,3.3333333333333335,0
CUS5388,5973.44,1,1.5,2
CUS5390,2326.16,1,3.7,1
CUS5391,8943.93,3,2.8333333333333335,0
CUS5392,3334.48,1,3.0046947368421053,1
CUS5393,4548.0,1,1.2,2
CUS5394,14236.27,2,3.1,1
CUS5395,3169.06,1,3.2,1
CUS5398,17496.920000000002,2,2.1500000000000004,2
CUS5400,18038.019999999997,2,2.5,0
CUS5402,4000.56,1,1.8,2
CUS5403,15188.38,2,3.1999999999999997,1
CUS5407,19123.68,1,1.3,2
CUS5408,4749.99,2,3.0,1
CUS5410,41289.1,3,3.933333333333333,0
CUS5411,15789.85,1,4.8,1
CUS5412,24606.26,2,3.1500000000000004,0
CUS5413,2317.78,1,3.7,1
CUS5414,26729.51,2,2.6999999999999997,0
CUS5415,2638.51,1,1.8,2
CUS5416,18634.55,1,4.0,1
CUS5417,8138.91,2,2.25,2
CUS5418,44197.72,5,2.96,0
CUS5419,11208.2,1,3.6,1
CUS5421,3598.71,1,1.7,2
CUS5426,33871.700000000004,2,4.0,0
CUS5427,5267.5199999999995,2,3.2,1
CUS5433,12642.96,2,3.5023473684210527,1
CUS5434,13401.06,1,4.1,1
CUS5435,1505.33,1,1.3,2
CUS5436,11189.6,1,2.1,2
CUS5440,6016.98,1,4.4,1
CUS5441,3200.21,1,3.5,1
CUS5442,6508.6,1,3.5,1
CUS5443,3204.67,1,4.7,1
CUS5444,8185.2,1,2.0,2
CUS5447,3389.5,1,2.9,2
CUS5448,5685.43,2,1.45,2
CUS5449,14027.35,2,3.1500000000000004,1
CUS5450,9464.02,1,4.9,1
CUS5451,17551.29,2,1.35,2
CUS5452,6648.96,1,1.2,2
CUS5454,6644.3,1,2.0,2
CUS5455,6092.34,1,3.4,1
CUS5456,13234.249999999998,2,3.55,1
CUS5457,35042.060000000005,3,3.1333333333333333,0
CUS5459,7579.52,2,3.3000000000000003,1
CUS5460,13473.2,1,1.6,2
CUS5462,16309.04,2,3.65,1
CUS5463,18211.89,2,3.0500000000000003,0
CUS5466,30321.44,3,3.9333333333333336,0
CUS5471,381.12,1,3.5,1
CUS5472,2514.1,1,2.7,2
CUS5476,24865.85,1,2.1,2
CUS5478,1600.84,1,1.5,2
CUS5479,27844.65,3,3.9333333333333336,0
CUS5480,4659.860000000001,3,2.7031298245614033,0
CUS5482,22222.15,1,3.1,1
CUS5483,6798.219999999999,2,1.75,2
CUS5485,18778.04,1,1.2,2
CUS5486,7107.82,1,1.3,2
CUS5489,31249.17,3,3.1666666666666665,0
CUS5490,15473.75,1,1.9,2
CUS5492,3864.72,2,4.699999999999999,1
CUS5494,3038.1,1,2.4,2
CUS5495,6550.38,1,3.7,1
CUS5496,492.95,1,1.5,2
CUS5498,10967.239999999998,3,3.1666666666666665,0
CUS5500,2451.1,1,4.2,1
CUS5506,20149.85,2,1.15,2
CUS5508,6156.75,1,1.3,2
CUS5509,24049.25,2,2.2,0
CUS5513,13764.8,1,1.6,2
CUS5514,9401.84,1,1.9,2
CUS5516,10320.4,1,4.3,1
CUS5518,17054.539999999997,2,2.6023473684210527,0
CUS5520,13557.86,2,3.1500000000000004,1
CUS5521,2725.3,1,4.2,1
CUS5522,12992.92,2,3.2,1
CUS5523,2666.1,2,3.25,1
CUS5524,8579.72,1,4.5,1
CUS5525,4418.61,1,1.3,2
CUS5529,4978.06,1,3.0046947368421053,1
CUS5531,41498.7,2,3.0046947368421053,0
CUS5532,5066.82,1,2.5,2
CUS5533,6297.05,2,4.4,1
CUS5534,1335.27,1,2.6,2
CUS5535,11110.52,2,3.6,1
CUS5536,2751.46,2,2.1,2
CUS5537,7582.12,1,4.8,1
CUS5538,16558.920000000002,2,3.0999999999999996,0
CUS5540,28135.02,2,2.5999999999999996,0
CUS5542,7870.59,1,1.2,2
CUS5543,2102.48,1,2.9,2
CUS5544,23415.82,3,2.433333333333333,0
CUS5545,5526.92,1,3.6,1
CUS5546,21814.9,1,2.5,2
CUS5547,11698.32,1,3.8,1
CUS5548,2234.42,2,3.0999999999999996,1
CUS5549,4461.2,1,4.1,1
CUS5551,16461.63,2,1.85,2
CUS5552,18718.72,2,2.7,0
CUS5553,15670.96,2,3.0999999999999996,0
CUS5555,17069.09,2,3.052347368421053,0
CUS5556,23630.34,2,3.15,0
CUS5557,8288.76,1,4.0,1
CUS5558,19271.52,2,2.95,0
CUS5560,1686.05,1,1.9,2
CUS5561,18292.07,2,3.25,0
CUS5562,9430.0,2,2.8499999999999996,2
CUS5564,7783.27,2,3.802347368421053,1
CUS5567,3151.18,1,4.5,1
CUS5568,5410.85,1,2.1,2
CUS5569,12901.4,1,1.8,2
CUS5571,17735.24,1,1.5,2
CUS5574,3453.3999999999996,1,4.9,1
CUS5575,3604.84,1,3.7,1
CUS5576,3531.49,1,2.2,2
CUS5577,3727.47,1,1.5,2
CUS5578,4859.92,1,2.2,2
CUS5580,527.76,1,4.8,1
CUS5583,12427.48,1,3.9,1
CUS5584,10837.8,1,2.0,2
CUS5585,14193.62,2,2.5999999999999996,2
CUS5586,5807.73,2,2.5999999999999996,2
CUS5590,14372.65,2,2.7,2
CUS5592,8207.05,2,4.7,1
CUS5593,8809.68,1,1.6,2
CUS5595,1447.48,1,4.2,1
CUS5596,2192.36,1,3.8,1
CUS5598,24420.4,1,2.1,2
CUS5599,14161.1,2,2.8499999999999996,2
CUS5600,8756.94,2,4.05,1
CUS5602,4952.74,1,3.3,1
CUS5603,6497.66,2,2.302347368421053,2
CUS5604,23992.79,3,4.266666666666667,0
CUS5606,5168.77,2,4.0,1
CUS5607,28073.05,4,2.925,0
CUS5609,2041.77,1,2.6,2
CUS5610,21730.659999999996,2,1.2000000000000002,2
CUS5612,21485.1,2,3.5,0
CUS5613,13540.7,3,3.466666666666667,0
CUS5614,8143.94,1,2.6,2
CUS5616,7978.450000000001,1,3.3,1
CUS5617,2298.98,1,4.8,1
CUS5619,16326.28,2,2.25,2
CUS5620,11849.52,2,4.2,1
CUS5622,1770.25,1,2.8,2
CUS5623,17061.72,1,3.1,1
CUS5627,7026.950000000001,2,3.9,1
CUS5630,6294.08,1,4.2,1
CUS5631,15648.76,1,3.9,1
CUS5635,12514.62,1,4.0,1
CUS5636,7665.74,2,2.5,2
CUS5637,14173.5,1,3.3,1
CUS5641,23862.72,2,2.65,0
CUS5642,2201.2200000000003,1,4.5,1
CUS5643,14188.81,2,1.95,2
CUS5644,3955.14,1,3.8,1
CUS5645,27638.08,2,3.25,0
CUS5646,9939.02,1,4.6,1
CUS5648,22975.4,1,1.2,2
CUS5652,21197.54,2,3.35,0
CUS5653,6825.4,1,3.7,1
CUS5654,7883.129999999999,2,3.652347368421053,1
CUS5655,13606.77,1,5.0,1
CUS5656,17396.58,4,2.375,0
CUS5659,11040.78,2,4.0,1
CUS5662,19522.199999999997,2,3.4000000000000004,0
CUS5663,1902.52,2,2.15,2
CUS5665,12142.8,2,4.4,1
CUS5666,59902.65,6,3.5,0
CUS5667,25529.87,2,4.6,0
CUS5672,11628.52,2,3.2,1
CUS5673,16255.0,4,2.425,0
CUS5674,15483.13,2,2.45,2
CUS5676,5705.679999999999,2,2.1,2
CUS5677,2878.0,1,3.5,1
CUS5678,18258.52,1,2.9,2
CUS5679,9882.44,1,3.6,1
CUS5681,8014.31,2,2.3,2
CUS5682,2955.45,1,1.4,2
CUS5684,4825.72,1,3.5,1
CUS5685,4118.9400000000005,1,3.0046947368421053,1
CUS5686,14678.72,2,1.65,2
CUS5688,14331.61,3,2.0,0
CUS5689,6191.49,1,3.2,1
CUS5690,9930.8,1,4.2,1
CUS5691,15193.93,2,3.05,0
CUS5692,4392.15,1,3.7,1
CUS5693,12431.15,1,3.0,1
CUS5695,10857.52,2,2.85,2
CUS5697,1402.5,1,4.4,1
CUS5699,12029.11,2,2.5999999999999996,2
CUS5700,17647.58,2,3.7,1
CUS5702,13796.07,1,1.2,2
CUS5703,16858.72,1,2.9,2
CUS5704,1571.32,1,4.3,1
CUS5705,8971.939999999999,2,2.65,2
CUS5707,6363.09,1,4.2,1
CUS5708,9609.8,2,2.6,2
CUS5710,23597.9,3,3.8333333333333335,0
CUS5711,21877.05,1,4.5,1
CUS5712,11051.67,1,3.8,1
CUS5713,4153.84,2,1.65,2
CUS5715,19575.269999999997,2,2.05,2
CUS5717,5012.06,1,4.8,1
CUS5718,64079.65,4,2.75,0
CUS5720,9403.95,1,4.7,1
CUS5721,6627.1,1,4.5,1
CUS5723,9866.49,1,3.2,1
CUS5724,10513.13,2,2.95,2
CUS5725,6798.6,1,4.0,1
CUS5728,17411.4,1,1.6,2
CUS5729,21967.03,2,3.8,0
CUS5731,12929.96,2,2.75,2
CUS5732,7014.36,1,2.7,2
CUS5733,15495.02,2,3.0,0
CUS5734,18407.35,1,1.3,2
CUS5737,1784.34,1,3.7,1
CUS5738,19096.0,1,4.8,1
CUS5740,4326.37,1,4.6,1
CUS5741,4784.0,1,4.1,1
CUS5742,34472.14,3,2.566666666666667,0
CUS5743,19413.03,2,2.9,0
CUS5745,10063.36,1,4.4,1
CUS5747,17550.05,3,3.4,0
CUS5748,5154.22,1,3.1,1
CUS5749,3430.05,1,1.6,2
CUS5752,38023.6,3,3.366666666666667,0
CUS5753,29021.07,2,2.8,0
CUS5756,11797.08,1,2.2,2
CUS5758,5361.83,2,2.5,2
CUS5760,26888.91,3,3.1666666666666665,0
CUS5762,7313.16,2,3.0,1
CUS5764,19365.8,2,3.55,0
CUS5765,1499.4,1,4.1,1
CUS5766,9606.12,1,4.3,1
CUS5768,2534.66,1,1.9,2
CUS5769,1455.4,1,1.9,2
CUS5770,50568.71000000001,4,3.476173684210526,0
CUS5771,3455.66,1,1.7,2
CUS5772,17881.32,1,3.0,1
CUS5774,4186.049999999999,1,4.5,1
CUS5775,211.86,1,4.3,1
CUS5776,39849.29,5,2.88,0
CUS5777,4638.25,3,2.9015649122807017,0
CUS5778,18378.2,3,2.6999999999999997,0
CUS5779,25977.52,3,2.533333333333333,0
CUS5780,8856.72,1,1.1,2
CUS5783,1574.66,1,4.2,1
CUS5785,36665.62,3,2.834898245614035,0
CUS5789,5296.71,1,3.2,1
CUS5790,2672.64,1,3.0,1
CUS5793,41369.97,4,3.7761736842105265,0
CUS5794,2743.76,1,3.8,1
CUS5795,21077.21,2,4.25,0
CUS5796,16534.75,1,3.8,1
CUS5797,806.53,1,3.0,1
CUS5798,13096.95,1,4.9,1
CUS5802,4669.53,1,1.7,2
CUS5803,46538.619999999995,5,3.5409389473684207,0
CUS5804,24198.92,2,3.4000000000000004,0
CUS5805,12603.56,1,2.3,2
CUS5806,44146.2,2,1.9,0
CUS5807,6780.9,1,4.2,1
CUS5808,2864.16,1,2.8,2
CUS5809,15344.46,2,2.65,2
CUS5812,2961.12,1,1.9,2
CUS5814,4953.57,1,3.9,1
CUS5816,12575.32,1,4.4,1
CUS5819,16349.98,3,3.8015649122807016,0
CUS5820,12633.27,3,2.3333333333333335,0
CUS5821,9332.6,2,1.85,2
CUS5822,10359.96,1,3.3,1
CUS5823,10860.45,1,1.1,2
CUS5824,8469.42,2,1.75,2
CUS5828,3678.05,1,4.0,1
CUS5829,29080.19,3,3.733333333333333,0
CUS5830,8830.76,1,2.7,2
CUS5832,1872.72,1,4.3,1
CUS5833,5170.48,1,4.9,1
CUS5834,49820.85,5,2.76,0
CUS5835,22625.5,1,4.0,1
CUS5836,873.33,1,3.0,1
CUS5838,139.53,1,5.0,1
CUS5840,13718.73,1,3.4,1
CUS5841,16808.4,2,3.55,1
CUS5843,20925.29,2,2.45,0
CUS5845,5941.32,1,3.4,1
CUS5847,27932.879999999997,3,2.033333333333333,0
CUS5848,2589.1,1,1.0,2
CUS5850,7953.7,1,5.0,1
CUS5851,1799.8,1,1.9,2
CUS5852,6948.89,2,2.302347368421053,2
CUS5854,7477.41,3,2.533333333333333,0
CUS5855,4256.41,1,3.0046947368421053,1
CUS5858,1421.38,1,2.0,2
CUS5859,3426.26,1,3.0046947368421053,1
CUS5860,7453.960000000001,2,1.65,2
CUS5861,21546.95,2,3.4,0
CUS5862,6309.28,2,2.6,2
CUS5863,10790.89,2,3.15,1
CUS5866,14262.8,2,2.85,2
CUS5867,16516.32,1,4.7,1
CUS5868,12131.4,2,2.5,2
CUS5871,5932.82,1,3.7,1
CUS5872,16158.64,1,3.7,1
CUS5875,16229.76,1,3.0,1
CUS5876,9477.55,1,3.0,1
CUS5878,818.41,1,3.2,1
CUS5879,19205.52,1,3.0046947368421053,1
CUS5882,1695.9299999999998,1,3.4,1
CUS5883,22827.03,2,3.5023473684210527,0
CUS5884,8320.4,1,1.6,2
CUS5887,4732.72,1,1.6,2
CUS5888,30759.65,3,2.8333333333333335,0
CUS5890,22155.9,2,3.6023473684210527,0
CUS5891,16385.25,1,2.8,2
CUS5892,14551.079999999998,2,3.45,1
CUS5894,6006.900000000001,1,4.8,1
CUS5895,12401.32,2,2.85,2
CUS5896,14833.0,1,2.1,2
CUS5897,15840.58,2,4.15,1
CUS5898,4787.6,1,3.1,1
CUS5899,1306.47,1,3.3,1
CUS5900,15687.32,2,1.65,2
CUS5902,23227.58,2,2.5023473684210527,0
CUS5903,1755.94,1,2.2,2
CUS5904,19721.04,1,1.8,2
CUS5905,12816.43,2,2.35,2
CUS5908,6393.12,1,4.0,1
CUS5909,11244.3,1,1.0,2
CUS5910,13608.48,1,3.5,1
CUS5912,4226.82,1,3.0,1
CUS5914,7313.73,2,3.802347368421053,1
CUS5916,6744.889999999999,2,1.85,2
CUS5917,11943.25,1,4.2,1
CUS5920,986.95,1,2.9,2
CUS5921,5900.1,1,2.1,2
CUS5924,22247.25,3,2.0,0
CUS5926,13092.54,2,3.95,1
CUS5927,22090.55,1,1.5,2
CUS5928,5880.8,1,1.2,2
CUS5930,27249.83,3,2.033333333333333,0
CUS5931,14552.64,1,3.3,1
CUS5932,7157.84,1,4.2,1
CUS5933,19357.38,2,2.85,0
CUS5936,3769.62,1,4.3,1
CUS5937,16475.65,3,2.766666666666667,0
CUS5938,29501.04,4,3.325,0
CUS5940,1899.82,1,3.0046947368421053,1
CUS5941,1546.28,1,1.4,2
CUS5942,13730.64,1,1.8,2
CUS5944,7863.35,2,2.65,2
CUS5945,7150.76,2,4.8,1
CUS5948,29228.47,2,3.9,0
CUS5949,27657.1,3,3.233333333333333,0
CUS5950,3453.61,1,2.5,2
CUS5951,10039.34,2,3.45,1
CUS5952,1653.78,1,4.0,1
CUS5953,1735.02,1,4.0,1
CUS5956,13108.2,1,5.0,1
CUS5958,31283.54,2,2.4523473684210524,0
CUS5959,3577.9800000000005,1,2.5,2
CUS5960,2842.2,1,2.1,2
CUS5961,11223.53,2,2.3,2
CUS5962,25777.82,3,3.033333333333333,0
CUS5963,16310.3,1,3.0046947368421053,1
CUS5964,11898.160000000002,2,2.052347368421053,2
CUS5965,481.2000000000001,1,1.6,2
CUS5966,222.82,1,2.7,2
CUS5967,2392.04,1,4.8,1
CUS5969,9080.85,1,3.5,1
CUS5971,29941.2,2,3.35,0
CUS5973,12676.15,2,2.6500000000000004,2
CUS5974,19159.14,2,1.85,2
CUS5975,7697.79,2,2.35,2
CUS5976,14641.88,1,4.5,1
CUS5977,19335.5,1,4.7,1
CUS5980,4103.24,1,3.0,1
CUS5982,14455.27,5,3.020938947368421,0
CUS5984,10235.15,1,4.1,1
CUS5985,17755.85,3,1.7666666666666668,0
CUS5986,5878.799999999999,1,1.8,2
CUS5988,18377.79,2,3.65,0
CUS5992,7493.52,1,1.6,2
CUS5993,3120.7000000000003,2,3.3,1
CUS5995,5958.79,2,2.8,2
CUS5997,688.5,1,4.0,1
CUS5998,14679.87,1,3.7,1
CUS5999,4668.15,2,2.75,2
CUS6000,1521.51,1,1.3,2
CUS6002,3573.46,1,3.4,1
CUS6004,18808.550000000003,2,2.2,2
CUS6007,5859.22,3,2.8000000000000003,0
CUS6008,14511.11,2,3.0999999999999996,1
CUS6009,13363.89,1,1.2,2
CUS6011,1980.83,1,1.0,2
CUS6014,11201.74,2,3.6,1
CUS6015,2869.92,1,3.0046947368421053,1
CUS6016,4899.2699999999995,1,3.7,1
CUS6017,7231.06,1,1.1,2
CUS6021,14470.45,1,4.9,1
CUS6022,1578.96,1,4.6,1
CUS6023,4944.24,1,3.9,1
CUS6024,29429.1,3,3.4333333333333336,0
CUS6027,2001.52,1,1.7,2
CUS6029,8931.3,1,1.7,2
CUS6030,731.52,1,3.0046947368421053,1
CUS6033,10685.38,2,3.55,1
CUS6034,26205.57,2,2.7,0
CUS6036,6005.700000000001,1,2.4,2
CUS6037,6689.15,3,2.733333333333334,0
CUS6039,3166.66,1,3.6,1
CUS6040,9090.66,1,2.9,2
CUS6041,8010.92,1,2.6,2
CUS6042,7895.56,3,3.4,0
CUS6044,9316.21,2,3.85,1
CUS6045,24568.42,2,2.7,0
CUS6046,19099.35,1,4.3,1
CUS6047,1813.84,1,4.9,1
CUS6048,16172.6,1,3.0046947368421053,1
CUS6049,143.84,1,2.9,2
CUS6050,9286.29,1,2.1,2
CUS6051,17755.39,2,3.0999999999999996,0
CUS6052,13634.12,1,2.8,2
CUS6055,44283.5,2,1.75,0
CUS6056,13259.1,1,4.2,1
CUS6057,17873.05,1,4.3,1
CUS6058,2525.24,1,3.0,1
CUS6059,3993.5,1,1.5,2
CUS6060,3470.16,1,2.6,2
CUS6061,22923.22,2,1.85,0
CUS6062,4758.62,1,4.2,1
CUS6063,2434.9,1,1.6,2
CUS6065,4016.38,1,1.9,2
CUS6066,9742.18,1,3.7,1
CUS6069,3732.98,1,3.7,1
CUS6070,5503.64,1,3.4,1
CUS6072,7915.049999999999,1,2.4,2
CUS6073,6667.849999999999,1,3.3,1
CUS6074,14594.36,1,1.1,2
CUS6075,19509.88,1,4.4,1
CUS6076,16287.850000000002,2,3.15,0
CUS6077,12876.08,2,3.2023473684210524,1
CUS6078,19307.4,2,3.65,0
CUS6079,20590.5,3,2.466666666666667,0
CUS6083,24467.11,3,3.0,0
CUS6084,19966.88,1,2.6,2
CUS6085,19394.55,1,3.8,1
CUS6086,6338.400000000001,1,4.6,1
CUS6087,18625.76,1,3.6,1
CUS6088,14412.420000000002,1,1.2,2
CUS6090,15396.41,2,2.4,2
CUS6091,4478.43,1,3.5,1
CUS6092,1490.44,2,2.7,2
CUS6094,23232.85,2,4.5,0
CUS6095,14451.41,2,3.0,0
CUS6096,8313.58,3,4.1000000000000005,0
CUS6097,2394.3,1,3.6,1
CUS6099,11637.92,1,1.2,2
CUS6102,6689.64,2,3.65,1
CUS6103,11756.36,2,2.2,2
CUS6106,4228.01,1,1.9,2
CUS6107,9285.78,1,2.2,2
CUS6109,4793.94,1,3.1,1
CUS6111,2830.88,1,4.6,1
CUS6114,4544.72,1,3.7,1
CUS6116,14592.21,1,1.2,2
CUS6117,11276.79,4,3.1761736842105264,0
CUS6119,24056.29,2,2.55,0
CUS6120,3925.65,1,3.2,1
CUS6121,29923.39,2,3.5523473684210525,0
CUS6122,1660.27,1,1.8,2
CUS6124,4911.11,2,4.2,1
CUS6128,15898.16,2,4.1,1
CUS6129,2255.44,1,2.4,2
CUS6130,3608.06,1,1.2,2
CUS6131,23388.4,1,1.8,2
CUS6132,4696.42,1,4.9,1
CUS6134,839.4499999999999,1,4.2,1
CUS6135,14004.7,3,2.601564912280702,0
CUS6136,20758.05,1,3.1,1
CUS6138,14708.59,2,4.9,1
CUS6139,3071.9500000000003,2,2.95,2
CUS6141,23749.37,3,3.4666666666666663,0
CUS6143,3473.14,1,3.0046947368421053,1
CUS6144,4897.32,1,2.5,2
CUS6145,29569.98,2,3.4,0
CUS6146,19117.35,1,3.4,1
CUS6147,11510.6,2,2.05,2
CUS6148,1952.78,2,2.3523473684210527,2
CUS6149,20641.75,1,4.0,1
CUS6150,35965.83,4,2.7011736842105263,0
CUS6151,9301.68,1,4.6,1
CUS6153,8257.66,1,2.3,2
CUS6155,15694.23,2,3.95,1
CUS6156,25684.07,3,3.266666666666667,0
CUS6158,14400.69,2,2.05,2
CUS6160,23961.7,1,4.2,1
CUS6161,18667.56,2,2.5999999999999996,0
CUS6162,7235.36,2,2.3,2
CUS6163,3424.99,2,3.4,1
CUS6165,6669.8099999999995,1,1.3,2
CUS6166,21776.7,1,3.0046947368421053,1
CUS6168,15708.91,4,2.35,0
CUS6170,7026.63,1,2.2,2
CUS6172,52031.52,5,2.64,0
CUS6173,4655.849999999999,1,1.3,2
CUS6174,13171.95,1,1.2,2
CUS6176,7064.49,1,2.5,2
CUS6177,30766.96,2,4.65,0
CUS6178,26525.890000000003,2,3.2523473684210527,0
CUS6183,18038.94,2,2.152347368421053,2
CUS6185,13248.6,1,4.1,1
CUS6186,21458.98,2,1.85,0
CUS6187,13465.8,1,3.9,1
CUS6188,8720.74,3,3.6666666666666665,0
CUS6189,36140.78,3,2.201564912280702,0
CUS6191,111.61,1,3.7,1
CUS6192,3937.01,2,3.95,1
CUS6193,3666.02,2,3.15,1
CUS6194,8174.95,1,1.8,2
CUS6195,1590.92,1,2.4,2
CUS6196,10752.74,2,4.0,1
CUS6198,20233.35,2,2.9,0
CUS6200,13749.6,1,3.6,1
CUS6201,2035.12,1,4.0,1
CUS6202,24618.660000000003,3,2.5015649122807018,0
CUS6203,2501.58,1,3.6,1
CUS6206,19659.26,2,1.75,2
CUS6208,9192.08,1,4.9,1
CUS6209,6353.73,1,1.6,2
CUS6211,15489.63,2,2.95,0
CUS6212,31263.73,4,1.975,0
CUS6213,5200.68,1,3.0046947368421053,1
CUS6214,51914.51,5,3.82,0
CUS6215,14437.38,1,4.8,1
CUS6216,6770.72,1,4.3,1
CUS6218,5477.48,2,4.5,1
CUS6219,7258.68,1,2.4,2
CUS6221,8628.09,2,3.8,1
CUS6222,37001.2,3,3.8666666666666663,0
CUS6223,1975.04,1,3.2,1
CUS6224,10910.97,1,3.3,1
CUS6225,2144.59,1,3.0,1
CUS6226,657.5699999999999,1,3.6,1
CUS6227,21055.97,2,1.85,0
CUS6229,14383.75,1,3.6,1
CUS6230,2578.34,1,2.3,2
CUS6232,3364.69,2,4.55,1
CUS6234,15591.15,2,3.65,1
CUS6235,19410.28,1,2.2,2
CUS6236,4198.14,1,3.1,1
CUS6238,2068.36,1,4.6,1
CUS6239,6125.5599999999995,3,3.266666666666667,0
CUS6240,43178.95,2,2.3499999999999996,0
CUS6241,21698.0,1,4.9,1
CUS6244,924.47,2,2.3,2
CUS6245,9622.16,2,2.85,2
CUS6246,9677.0,1,2.4,2
CUS6248,14857.24,1,4.6,1
CUS6249,30162.46,2,2.4,0
CUS6250,10430.0,1,2.8,2
CUS6251,6019.2,1,4.3,1
CUS6252,12158.0,3,3.733333333333333,0
CUS6253,11560.72,1,3.7,1
CUS6254,10735.7,3,3.233333333333333,0
CUS6255,8637.88,1,1.5,2
CUS6256,3813.76,1,1.8,2
CUS6258,19868.52,2,3.1500000000000004,0
CUS6260,12337.829999999998,1,2.9,2
CUS6261,5023.12,2,2.45,2
CUS6262,22975.13,3,2.4015649122807017,0
CUS6264,62751.81,4,2.5511736842105264,0
CUS6266,37545.55,2,3.05,0
CUS6267,13348.68,3,3.3333333333333335,0
CUS6268,13564.74,1,1.5,2
CUS6271,15288.089999999998,2,3.25,1
CUS6272,12460.41,1,1.5,2
CUS6274,15751.13,2,2.95,0
CUS6276,9447.24,2,3.95,1
CUS6277,33094.630000000005,2,4.5,0
CUS6279,8564.84,1,4.3,1
CUS6283,5710.700000000001,1,4.3,1
CUS6287,14984.88,1,1.9,2
CUS6288,7304.099999999999,1,1.1,2
CUS6289,6023.0599999999995,2,2.25,2
CUS6292,10792.8,2,4.05,1
CUS6294,1024.6,1,4.9,1
CUS6297,2671.68,1,1.8,2
CUS6298,14158.47,1,4.6,1
CUS6299,13329.93,1,3.2,1
CUS6301,5381.1,1,3.1,1
CUS6302,12861.84,2,3.6,1
CUS6305,14731.32,1,2.1,2
CUS6306,24192.33,3,3.433333333333333,0
CUS6308,4345.7,1,2.9,2
CUS6309,4819.65,1,4.4,1
CUS6310,6635.4800000000005,2,2.8,2
CUS6311,26087.12,2,1.55,0
CUS6313,8613.8,1,2.0,2
CUS6314,4855.64,1,4.8,1
CUS6315,10277.71,4,2.625,0
CUS6316,11879.2,1,3.4,1
CUS6317,35391.57,3,2.433333333333333,0
CUS6319,20006.4,3,3.1999999999999997,0
CUS6320,3189.72,1,3.0046947368421053,1
CUS6321,14557.56,1,2.2,2
CUS6322,799.6200000000001,1,1.7,2
CUS6323,6095.21,2,2.55,2
CUS6325,19553.08,1,4.7,1
CUS6326,8943.76,1,3.8,1
CUS6328,12718.74,1,1.5,2
CUS6329,8986.04,1,3.7,1
CUS6331,19420.8,4,1.65,0
CUS6332,45718.399999999994,2,1.45,0
CUS6333,613.17,1,3.4,1
CUS6334,939.84,1,3.1,1
CUS6335,3031.58,1,2.1,2
CUS6336,24211.449999999997,2,2.1500000000000004,0
CUS6338,12466.86,2,2.2,2
CUS6339,20616.1,1,2.6,2
CUS6340,16885.17,2,3.45,0
CUS6343,37229.81,2,2.25,0
CUS6344,12187.08,2,3.1,1
CUS6346,9714.85,3,3.4666666666666663,0
CUS6347,13794.75,1,1.9,2
CUS6348,6467.18,3,2.8015649122807016,0
CUS6349,5501.969999999999,2,2.45,2
CUS6350,30611.49,2,3.6,0
CUS6351,16258.35,1,4.6,1
CUS6352,12576.63,2,1.7,2
CUS6353,7004.36,1,3.1,1
CUS6357,19913.76,1,3.0046947368421053,1
CUS6358,3106.0,1,2.7,2
CUS6360,15835.82,3,3.6,0
CUS6361,8643.7,2,4.85,1
CUS6362,8333.82,1,1.9,2
CUS6364,1896.75,1,3.7,1
CUS6365,4556.1,1,1.5,2
CUS6368,9672.3,1,1.5,2
CUS6369,3234.42,1,4.7,1
CUS6371,7351.629999999999,3,3.3000000000000003,0
CUS6373,5664.4,1,2.8,2
CUS6376,33757.15,4,2.9749999999999996,0
CUS6377,9148.1,2,2.152347368421053,2
CUS6379,6280.950000000001,1,4.2,1
CUS6381,34058.740000000005,2,3.5523473684210525,0
CUS6382,18202.14,2,3.0,0
CUS6383,4572.58,1,2.4,2
CUS6384,22009.5,1,3.6,1
CUS6385,11429.46,1,4.0,1
CUS6387,41345.82,3,3.4,0
CUS6388,4020.06,2,2.85,2
CUS6389,20559.38,2,3.7,0
CUS6390,12362.6,2,4.65,1
CUS6391,10628.61,1,1.4,2
CUS6392,3326.24,1,2.2,2
CUS6394,8342.7,1,2.2,2
CUS6395,12187.2,1,1.7,2
CUS6396,6019.41,1,4.0,1
CUS6398,17837.739999999998,2,3.2,0
CUS6399,21488.67,3,3.966666666666667,0
CUS6400,7641.08,1,2.6,2
CUS6401,2856.07,1,3.5,1
CUS6402,36129.45,3,3.3000000000000003,0
CUS6404,61566.149999999994,4,2.125,0
CUS6405,4152.3,1,1.2,2
CUS6407,3990.01,1,4.1,1
CUS6410,3412.91,2,3.65,1
CUS6411,3338.81,1,1.0,2
CUS6412,4666.86,1,1.9,2
CUS6413,45051.86,3,3.033333333333333,0
CUS6415,12946.32,1,2.5,2
CUS6416,20686.5,1,3.1,1
CUS6417,26883.65,3,4.3999999999999995,0
CUS6418,4831.9,1,1.4,2
CUS6419,6599.88,1,3.8,1
CUS6420,33732.44,3,2.1,0
CUS6423,4732.16,1,4.2,1
CUS6425,2451.47,1,3.0046947368421053,1
CUS6426,700.42,1,3.0046947368421053,1
CUS6428,7289.08,1,2.9,2
CUS6429,20089.949999999997,1,3.0,1
CUS6430,9279.1,1,1.8,2
CUS6431,11805.82,3,4.266666666666667,0
CUS6433,18418.8,1,4.8,1
CUS6434,3309.8,1,3.3,1
CUS6435,12875.48,1,4.7,1
CUS6436,4688.38,1,2.4,2
CUS6437,18979.269999999997,2,3.05,0
CUS6439,28174.57,4,2.5011736842105265,0
CUS6442,9560.0,1,2.1,2
CUS6443,31622.9,3,3.3666666666666667,0
CUS6444,1602.08,1,1.9,2
CUS6445,4036.92,1,1.8,2
CUS6446,913.68,1,1.8,2
CUS6447,14413.78,3,3.1,0
CUS6449,7676.66,1,2.8,2
CUS6450,739.0,1,2.6,2
CUS6451,12628.82,2,3.45,1
CUS6452,4987.5599999999995,1,4.6,1
CUS6453,486.15,1,2.2,2
CUS6454,5642.5,1,1.5,2
CUS6456,951.01,1,3.5,1
CUS6457,4016.04,1,4.8,1
CUS6458,2118.06,1,4.6,1
CUS6459,1127.93,1,4.0,1
CUS6461,14350.6,3,2.1666666666666665,0
CUS6463,6678.16,1,4.3,1
CUS6464,3394.48,1,1.0,2
CUS6465,28190.13,3,3.266666666666667,0
CUS6466,21651.87,3,2.2666666666666666,0
CUS6467,6654.46,1,2.2,2
CUS6468,13843.89,3,4.033333333333333,0
CUS6469,4747.19,1,3.0046947368421053,1
CUS6470,16791.21,2,1.45,2
CUS6472,6263.61,1,4.8,1
CUS6473,3338.55,1,1.7,2
CUS6475,4287.18,1,2.7,2
CUS6476,7663.67,2,2.9,2
CUS6480,15894.79,3,3.534898245614035,0
CUS6481,47089.649999999994,2,3.25,0
CUS6482,21615.99,3,3.366666666666667,0
CUS6485,3330.67,1,1.3,2
CUS6486,23443.800000000003,1,2.6,2
CUS6487,9540.54,2,4.9,1
CUS6488,7849.37,3,3.301564912280702,0
CUS6489,2865.1,1,2.4,2
CUS6491,3917.86,1,4.8,1
CUS6492,10906.76,1,4.8,1
CUS6493,4204.02,1,3.6,1
CUS6497,17480.68,2,3.8,1
CUS6498,8540.24,3,1.9333333333333336,0
CUS6501,12420.56,2,1.7000000000000002,2
CUS6502,14156.22,1,2.0,2
CUS6503,6740.4,1,4.9,1
CUS6504,305.69,1,3.0046947368421053,1
CUS6507,9761.28,1,2.7,2
CUS6508,24579.94,3,2.766666666666667,0
CUS6509,18012.43,3,2.734898245614035,0
CUS6511,7228.56,1,3.2,1
CUS6512,19525.85,3,2.9333333333333336,0
CUS6514,5365.2,1,4.5,1
CUS6516,11935.4,1,4.7,1
CUS6517,6161.219999999999,1,1.3,2
CUS6518,3395.65,1,4.7,1
CUS6519,21712.9,2,2.6,0
CUS6520,14992.35,2,2.2523473684210527,2
CUS6522,19391.76,2,4.1,1
CUS6523,22748.160000000003,2,1.7000000000000002,0
CUS6524,7637.5,1,3.2,1
CUS6525,37162.06,3,2.6333333333333333,0
CUS6527,22646.17,7,3.371428571428571,0
CUS6529,25463.94,3,3.5682315789473686,0
CUS6530,27393.02,2,2.3,0
CUS6533,14928.99,1,3.0046947368421053,1
CUS6534,5496.42,2,1.35,2
CUS6535,1596.4,1,2.3,2
CUS6536,13144.4,1,4.3,1
CUS6537,5304.04,1,4.8,1
CUS6538,9126.12,1,2.3,2
CUS6539,30769.98,4,3.101173684210526,0
CUS6540,10081.89,2,1.55,2
CUS6541,21983.75,1,4.8,1
CUS6542,17056.04,1,3.0046947368421053,1
CUS6543,8373.1,2,2.55,2
CUS6545,52274.14,3,4.533333333333333,0
CUS6546,10378.52,1,1.8,2
CUS6551,4027.42,1,4.7,1
CUS6553,10342.45,1,3.6,1
CUS6555,11094.31,2,2.9,2
CUS6557,6751.63,2,2.65,2
CUS6558,9506.13,1,3.3,1
CUS6560,1441.39,2,4.3,1
CUS6561,2852.18,1,4.5,1
CUS6563,9390.56,2,3.802347368421053,1
CUS6564,26115.49,2,3.45,0
CUS6565,4431.48,1,1.1,2
CUS6566,1574.51,1,5.0,1
CUS6567,14182.64,3,2.4666666666666663,0
CUS6568,870.42,1,4.7,1
CUS6570,14682.64,2,2.55,2
CUS6571,7957.08,1,5.0,1
CUS6573,3906.05,1,2.8,2
CUS6576,11887.02,2,4.7,1
CUS6577,14707.38,3,2.2333333333333334,0
CUS6579,10052.97,3,3.033333333333333,0
CUS6583,9684.08,1,4.5,1
CUS6585,15835.7,1,4.0,1
CUS6586,12075.88,1,3.3,1
CUS6587,18773.4,3,2.8666666666666667,0
CUS6588,2587.79,1,5.0,1
CUS6589,7309.25,1,4.8,1
CUS6591,11998.2,1,4.6,1
CUS6593,2424.4,1,1.3,2
CUS6595,2465.46,1,4.7,1
CUS6596,3490.7999999999997,1,2.9,2
CUS6597,20610.15,1,3.5,1
CUS6599,8590.92,2,2.5,2
CUS6601,18904.44,1,5.0,1
CUS6603,10623.75,1,2.4,2
CUS6604,15912.48,2,2.65,2
CUS6608,12806.18,2,1.4,2
CUS6609,3895.26,1,4.1,1
CUS6610,2531.79,1,1.8,2
CUS6611,10742.52,2,2.2,2
CUS6612,18209.91,3,2.2333333333333334,0
CUS6613,2749.14,1,3.1,1
CUS6614,9980.62,1,2.1,2
CUS6615,18911.65,1,2.6,2
CUS6617,1054.39,1,4.7,1
CUS6619,7528.06,2,4.449999999999999,1
CUS6620,2808.63,1,3.6,1
CUS6623,24236.73,3,1.9666666666666668,0
CUS6624,13326.9,1,1.6,2
CUS6625,3504.5499999999997,1,1.4,2
CUS6626,14096.44,3,3.0666666666666664,0
CUS6627,11661.35,2,3.5,1
CUS6628,13594.07,3,2.466666666666667,0
CUS6629,14935.96,1,3.3,1
CUS6632,33268.54,2,3.0500000000000003,0
CUS6635,4681.56,1,3.1,1
CUS6638,22415.69,2,3.25,0
CUS6639,4753.38,2,3.2523473684210527,1
CUS6640,4723.83,1,3.8,1
CUS6641,8689.02,1,3.0046947368421053,1
CUS6644,8488.96,1,4.1,1
CUS6645,13580.54,3,1.9333333333333331,0
CUS6646,6091.29,1,3.4,1
CUS6647,18224.05,2,4.4,1
CUS6649,13790.3,1,3.0046947368421053,1
CUS6650,26116.17,2,2.05,0
CUS6652,7290.8,1,4.6,1
CUS6654,4057.25,1,1.6,2
CUS6655,16490.4,1,3.7,1
CUS6657,1854.72,1,3.7,1
CUS6658,12782.84,1,1.6,2
CUS6662,726.08,1,3.7,1
CUS6663,38197.64,2,3.5,0
CUS6664,12267.72,1,3.1,1
CUS6666,25934.75,4,2.125,0
CUS6667,13142.24,1,1.3,2
CUS6671,14876.55,1,2.3,2
CUS6673,3090.85,1,2.2,2
CUS6674,7855.56,1,3.0046947368421053,1
CUS6675,3177.28,1,3.2,1
CUS6676,442.34,1,3.2,1
CUS6678,6821.98,2,3.2,1
CUS6680,9569.64,1,3.9,1
CUS6681,24355.84,3,3.3682315789473685,0
CUS6682,8704.62,1,3.0046947368421053,1
CUS6683,18813.15,1,4.0,1
CUS6684,1026.32,2,1.85,2
CUS6685,15849.68,1,2.5,2
CUS6686,1992.67,1,1.8,2
CUS6687,11983.81,2,2.8,2
CUS6688,6050.549999999999,1,2.7,2
CUS6689,2875.64,1,4.5,1
CUS6690,644.58,1,2.7,2
CUS6691,902.46,1,3.4,1
CUS6692,2099.24,1,2.5,2
CUS6693,467.69,1,2.3,2
CUS6695,9966.3,1,2.8,2
CUS6699,33196.52,4,3.25,0
CUS6700,14954.04,2,3.4000000000000004,1
CUS6701,3149.48,1,3.1,1
CUS6702,5429.700000000001,1,3.5,1
CUS6704,9462.92,1,1.4,2
CUS6705,9928.55,1,2.8,2
CUS6706,7029.61,2,2.75,2
CUS6707,8212.12,2,2.8,2
CUS6708,3385.92,1,3.6,1
CUS6710,6761.6,1,3.0,1
CUS6711,21711.97,3,3.1666666666666665,0
CUS6713,8556.35,2,2.0,2
CUS6714,14572.32,3,2.5,0
CUS6717,7532.61,1,1.4,2
CUS6719,2905.28,1,4.7,1
CUS6720,23928.3,5,2.7,0
CUS6721,7963.6,1,1.7,2
CUS6722,18271.96,2,1.7,2
CUS6723,10160.02,2,4.3,1
CUS6725,3099.6000000000004,1,2.4,2
CUS6726,18994.6,1,1.5,2
CUS6727,778.64,1,1.2,2
CUS6728,5769.84,1,4.4,1
CUS6729,6765.87,3,3.701564912280702,0
CUS6730,19253.08,2,1.55,2
CUS6731,10364.27,3,2.6666666666666665,0
CUS6733,20778.8,3,3.766666666666667,0
CUS6734,7985.449999999999,2,3.7,1
CUS6736,15533.12,1,4.8,1
CUS6737,7169.969999999999,1,4.7,1
CUS6739,5600.9400000000005,2,2.25,2
CUS6741,9336.0,2,2.3,2
CUS6745,4406.5,1,3.0,1
CUS6749,19178.19,4,3.5511736842105264,0
CUS6750,1854.24,1,3.9,1
CUS6752,1359.36,1,2.6,2
CUS6753,25167.14,2,2.9,0
CUS6754,22843.96,2,2.5023473684210527,0
CUS6755,22890.28,3,3.634898245614035,0
CUS6756,24828.09,3,2.234898245614035,0
CUS6758,9081.42,3,3.533333333333333,0
CUS6759,8444.1,2,4.0,1
CUS6761,12688.67,3,3.8666666666666663,0
CUS6762,17797.55,3,3.533333333333333,0
CUS6763,6509.64,1,2.5,2
CUS6765,11437.9,1,4.0,1
CUS6766,24715.28,2,2.9,0
CUS6767,13852.47,1,2.5,2
CUS6768,17079.36,1,4.2,1
CUS6770,3741.24,1,3.6,1
CUS6771,16820.84,2,2.55,0
CUS6775,14817.5,3,2.766666666666667,0
CUS6776,19994.62,4,3.1500000000000004,0
CUS6779,5908.82,1,5.0,1
CUS6781,17721.45,1,4.8,1
CUS6782,10005.09,2,2.7,2
CUS6784,14907.9,1,2.9,2
CUS6789,7937.52,1,3.0,1
CUS6790,6228.38,1,3.3,1
CUS6791,14912.55,3,3.4,0
CUS6793,9103.25,2,1.75,2
CUS6795,4457.5,1,2.5,2
CUS6796,6493.4400000000005,1,1.5,2
CUS6799,23064.379999999997,3,4.133333333333334,0
CUS6801,3106.8900000000003,1,3.6,1
CUS6802,8100.81,1,1.2,2
CUS6803,3792.99,1,4.6,1
CUS6809,2371.04,1,1.3,2
CUS6810,7371.05,1,3.6,1
CUS6811,4904.4,1,3.1,1
CUS6812,34988.92,3,3.4000000000000004,0
CUS6813,16335.09,3,2.966666666666667,0
CUS6814,3970.39,1,2.3,2
CUS6815,20024.15,1,3.8,1
CUS6816,9701.97,1,2.2,2
CUS6819,13495.19,2,2.7,2
CUS6820,24224.46,2,3.5,0
CUS6821,23983.5,3,3.233333333333333,0
CUS6826,1081.59,1,3.7,1
CUS6828,23783.39,2,1.4500000000000002,0
CUS6830,13002.3,1,3.1,1
CUS6833,14012.35,1,4.4,1
CUS6834,6694.16,1,2.1,2
CUS6836,3844.08,1,3.0,1
CUS6837,20934.95,3,1.7333333333333334,0
CUS6838,13665.87,1,4.8,1
CUS6839,1335.78,1,1.8,2
CUS6841,4630.4,1,3.4,1
CUS6842,12408.0,1,4.9,1
CUS6843,4058.74,1,4.1,1
CUS6845,12198.64,1,3.0,1
CUS6846,47518.09,4,2.101173684210526,0
CUS6847,7658.93,2,3.3499999999999996,1
CUS6849,27293.0,3,2.3000000000000003,0
CUS6850,4423.92,1,3.5,1
CUS6851,17327.9,3,1.7,0
CUS6853,1340.34,1,1.4,2
CUS6855,18912.0,2,2.4,0
CUS6856,6521.25,2,2.45,2
CUS6857,4633.03,1,3.6,1
CUS6859,239.13,1,2.9,2
CUS6860,7014.92,1,3.3,1
CUS6864,4980.0,1,1.4,2
CUS6865,6204.56,1,2.5,2
CUS6866,11212.65,2,2.0,2
CUS6867,22751.84,3,2.3000000000000003,0
CUS6869,8168.700000000001,1,3.8,1
CUS6871,12790.59,2,2.402347368421053,2
CUS6872,16669.52,1,4.2,1
CUS6873,20673.99,2,3.302347368421053,0
CUS6874,7369.98,1,2.5,2
CUS6877,2136.76,1,4.2,1
CUS6878,5159.049999999999,1,1.6,2
CUS6880,15308.06,2,2.7,2
CUS6882,13853.55,1,1.3,2
CUS6883,5165.51,2,2.7023473684210524,2
CUS6886,19475.32,1,3.7,1
CUS6887,14038.57,2,2.6023473684210527,2
CUS6889,6600.28,1,3.2,1
CUS6890,14365.97,3,2.1666666666666665,0
CUS6891,12453.7,2,3.1,1
CUS6892,6500.59,2,2.75,2
CUS6895,13044.76,2,2.1,2
CUS6896,3714.63,1,2.7,2
CUS6900,7392.62,1,2.4,2
CUS6901,32521.5,2,3.802347368421053,0
CUS6902,14275.8,1,3.5,1
CUS6904,7299.74,1,2.1,2
CUS6905,2995.52,1,2.8,2
CUS6908,3834.34,1,2.8,2
CUS6912,11103.09,1,3.7,1
CUS6914,6166.0,1,1.2,2
CUS6915,3949.1,2,2.25,2
CUS6916,20907.6,2,3.85,0
CUS6917,5675.4,1,1.8,2
CUS6918,9872.88,1,4.4,1
CUS6919,24445.93,2,1.8,0
CUS6922,17043.1,3,2.033333333333333,0
CUS6923,10447.22,3,1.9,0
CUS6925,18622.0,3,3.6333333333333337,0
CUS6926,12865.6,2,2.8,2
CUS6927,12715.05,1,3.8,1
CUS6928,5119.5,1,4.5,1
CUS6930,6067.2,1,2.4,2
CUS6931,3226.56,1,2.6,2
CUS6932,12600.54,2,4.0,1
CUS6933,16222.85,1,1.9,2
CUS6934,4695.84,1,1.6,2
CUS6936,446.5,1,1.0,2
CUS6938,13921.86,1,4.5,1
CUS6939,2883.48,1,1.2,2
CUS6940,3456.25,1,3.7,1
CUS6941,6808.5,1,3.4,1
CUS6942,6189.84,1,4.0,1
CUS6943,2615.52,1,4.5,1
CUS6944,19729.66,2,3.052347368421053,0
CUS6945,1999.16,1,3.6,1
CUS6946,31425.8,2,4.1,0
CUS6947,12988.5,1,2.3,2
CUS6948,7385.5,1,3.8,1
CUS6950,9607.24,1,3.5,1
CUS6951,7583.8,2,3.0999999999999996,1
CUS6952,31745.320000000003,2,2.4,0
CUS6955,9255.42,3,2.433333333333333,0
CUS6959,31125.18,2,4.25,0
CUS6960,617.7,1,4.9,1
CUS6961,5204.42,1,2.3,2
CUS6963,29094.960000000003,3,4.033333333333333,0
CUS6964,1494.3000000000002,1,1.8,2
CUS6965,9003.51,1,4.6,1
CUS6967,9912.05,1,3.1,1
CUS6968,7067.77,3,3.4333333333333336,0
CUS6969,15617.01,2,2.4,2
CUS6970,21324.050000000003,1,4.3,1
CUS6972,1633.24,1,1.7,2
CUS6973,6353.37,1,3.0046947368421053,1
CUS6974,9281.0,1,2.6,2
CUS6975,10277.340000000002,3,3.5666666666666664,0
CUS6977,19533.84,3,2.4015649122807017,0
CUS6978,22515.06,5,2.960938947368421,0
CUS6979,1543.42,1,3.0046947368421053,1
CUS6980,8675.27,2,2.7,2
CUS6983,12571.68,1,3.5,1
CUS6985,4099.92,1,4.1,1
CUS6986,19548.04,1,1.9,2
CUS6987,5237.25,1,5.0,1
CUS6988,3610.38,1,4.5,1
CUS6989,14678.83,3,3.234898245614035,0
CUS6993,13179.28,1,1.8,2
CUS6994,3535.93,1,4.8,1
CUS6995,10656.08,1,3.6,1
CUS6996,15775.32,2,2.6500000000000004,2
CUS6997,23207.800000000003,3,3.9666666666666663,0
CUS6998,23942.699999999997,4,2.625,0
CUS6999,19077.16,2,4.0,1
CUS7000,4977.94,2,3.1,1
CUS7001,27681.11,2,3.05,0
CUS7004,5279.700000000001,1,4.0,1
CUS7005,6529.87,2,3.0046947368421053,1
CUS7007,23717.88,2,3.25,0
CUS7008,19402.56,1,1.2,2
CUS7009,10778.72,1,3.2,1
CUS7010,7726.4,1,2.7,2
CUS7011,1969.04,1,4.5,1
CUS7012,4220.12,1,2.4,2
CUS7013,14388.48,1,3.1,1
CUS7015,12741.989999999998,2,2.5,2
CUS7016,5549.24,1,1.4,2
CUS7017,16949.88,2,3.2,0
CUS7018,20554.76,2,3.55,0
CUS7021,4710.21,1,4.0,1
CUS7023,16428.15,1,2.0,2
CUS7024,9757.08,1,3.5,1
CUS7025,23249.82,2,2.25,0
CUS7027,2925.27,1,1.8,2
CUS7028,4233.32,1,3.6,1
CUS7029,25129.73,2,4.25,0
CUS7030,10115.32,1,4.3,1
CUS7031,13488.740000000002,2,1.35,2
CUS7032,28194.42,3,3.766666666666667,0
CUS7033,27241.449999999997,2,2.8,0
CUS7035,14654.24,1,2.3,2
CUS7036,24779.0,1,4.9,1
CUS7037,1859.19,1,2.9,2
CUS7038,15745.39,2,1.5,2
CUS7039,4467.38,1,3.6,1
CUS7040,273.21,1,3.1,1
CUS7041,13394.81,2,3.25,1
CUS7042,25833.230000000003,2,4.3,0
CUS7043,4605.21,1,5.0,1
CUS7044,6369.48,1,2.2,2
CUS7045,27216.69,3,4.666666666666667,0
CUS7049,132.84,1,4.9,1
CUS7050,6204.349999999999,1,4.8,1
CUS7051,4435.17,2,2.75,2
CUS7052,4035.2,1,4.0,1
CUS7053,13756.56,1,3.3,1
CUS7055,5496.799999999999,1,1.2,2
CUS7056,12846.12,2,2.1500000000000004,2
CUS7057,20380.46,3,2.266666666666667,0
CUS7058,5232.9,1,1.8,2
CUS7059,9294.63,1,1.9,2
CUS7060,8937.61,2,3.2523473684210527,1
CUS7061,9350.8,1,3.0046947368421053,1
CUS7062,10740.07,3,3.1,0
CUS7064,12919.59,2,3.85,1
CUS7065,28097.02,3,3.033333333333333,0
CUS7066,5183.16,1,3.9,1
CUS7067,18284.9,1,2.9,2
CUS7068,13619.79,1,4.8,1
CUS7069,6551.14,1,2.1,2
CUS7071,35648.37,3,1.8666666666666665,0
CUS7072,52767.3,3,2.8333333333333335,0
CUS7073,6353.25,1,3.7,1
CUS7074,9826.34,1,4.9,1
CUS7075,7769.4,2,4.75,1
CUS7076,23786.21,3,1.8333333333333333,0
CUS7082,7526.24,1,4.5,1
CUS7083,1404.2,1,2.7,2
CUS7085,30922.72,3,2.1333333333333333,0
CUS7087,27110.9,2,2.0,0
CUS7088,4540.280000000001,2,2.75,2
CUS7089,24059.1,4,2.15,0
CUS7090,1371.8,1,2.3,2
CUS7091,10540.3,3,2.4,0
CUS7092,6622.98,1,2.0,2
CUS7093,352.62,1,3.2,1
CUS7094,10325.3,2,4.2,1
CUS7095,5961.26,1,4.8,1
CUS7096,25761.32,2,3.15,0
CUS7097,11767.75,2,2.3,2
CUS7099,2554.3,1,2.1,2
CUS7100,20210.65,2,4.25,1
CUS7102,11268.27,3,2.5666666666666664,0
CUS7103,34155.7,5,2.58,0
CUS7107,11274.6,1,3.9,1
CUS7108,11275.54,2,1.7,2
CUS7109,14893.59,1,3.8,1
CUS7110,8206.96,1,3.0046947368421053,1
CUS7111,3824.98,1,2.3,2
CUS7112,18079.15,1,1.8,2
CUS7113,13610.55,2,4.05,1
CUS7115,7015.75,1,3.0046947368421053,1
CUS7118,23123.48,3,2.533333333333333,0
CUS7119,28953.24,2,2.7,0
CUS7121,5795.5199999999995,2,1.45,2
CUS7122,9119.83,2,2.05,2
CUS7123,8372.16,1,1.4,2
CUS7125,10290.51,1,2.2,2
CUS7127,3278.92,1,2.1,2
CUS7128,37005.51,3,3.866666666666667,0
CUS7130,15073.02,2,4.85,1
CUS7131,5206.13,3,2.6682315789473683,0
CUS7135,12488.0,1,4.1,1
CUS7136,9913.02,2,3.2,1
CUS7137,18085.95,1,2.2,2
CUS7138,21833.99,3,2.4,0
CUS7139,2480.12,1,2.5,2
CUS7140,13526.95,3,3.7,0
CUS7141,18147.4,2,3.802347368421053,1
CUS7142,10908.72,1,2.8,2
CUS7143,21148.48,2,2.75,0
CUS7144,2672.64,1,1.7,2
CUS7145,17308.18,4,2.675,0
CUS7146,20287.2,1,1.4,2
CUS7147,17897.29,2,2.25,2
CUS7148,10049.92,1,3.0,1
CUS7150,38865.0,2,3.2,0
CUS7151,969.33,1,2.0,2
CUS7152,27660.44,2,3.7523473684210527,0
CUS7153,12273.99,1,2.6,2
CUS7155,2305.85,1,1.6,2
CUS7156,16355.76,1,1.1,2
CUS7157,484.3,1,2.9,2
CUS7158,1789.86,1,2.2,2
CUS7160,16960.4,2,2.85,0
CUS7161,4959.02,1,2.8,2
CUS7164,10892.46,1,3.2,1
CUS7165,7577.72,1,4.7,1
CUS7166,5605.06,1,1.5,2
CUS7167,23039.46,2,3.65,0
CUS7168,4191.42,1,3.6,1
CUS7170,26000.99,4,2.65,0
CUS7171,448.35,1,1.1,2
CUS7174,33857.33,4,3.2,0
CUS7175,7204.799999999999,1,2.5,2
CUS7177,5227.92,1,1.3,2
CUS7178,31066.01,3,2.4666666666666663,0
CUS7179,4344.85,1,4.2,1
CUS7180,12536.11,2,3.25,1
CUS7181,3956.84,1,1.7,2
CUS7183,20232.120000000003,2,4.15,1
CUS7185,11509.54,2,4.3,1
CUS7187,29932.54,2,2.3523473684210527,0
CUS7191,23871.43,2,4.05,0
CUS7193,19910.01,2,3.75,0
CUS7194,19598.9,3,4.066666666666666,0
CUS7195,10504.46,2,1.85,2
CUS7197,17367.0,2,3.0,0
CUS7200,5716.62,2,2.95,2
CUS7201,14542.5,1,1.8,2
CUS7202,14339.6,1,4.3,1
CUS7203,12926.82,1,1.0,2
CUS7204,18065.4,1,2.5,2
CUS7205,15132.23,2,3.65,1
CUS7206,16877.89,3,3.033333333333333,0
CUS7207,9408.8,1,4.7,1
CUS7210,22714.55,1,1.9,2
CUS7213,8800.96,1,1.3,2
CUS7214,23107.1,1,1.4,2
CUS7215,8974.38,2,1.85,2
CUS7216,4617.66,1,2.0,2
CUS7220,3929.86,2,2.8,2
CUS7222,10503.3,3,3.6333333333333337,0
CUS7223,24150.36,2,2.4,0
CUS7224,1112.85,1,1.5,2
CUS7226,40966.06,3,2.466666666666667,0
CUS7228,15742.3,2,2.5,2
CUS7230,2562.08,2,3.9,1
CUS7231,8687.04,1,2.8,2
CUS7232,5038.48,1,3.2,1
CUS7233,21355.69,2,1.55,2
CUS7235,8726.0,2,2.95,2
CUS7236,1384.72,1,4.2,1
CUS7237,41957.72,4,3.45,0
CUS7240,4185.06,1,1.7,2
CUS7241,2281.82,1,3.2,1
CUS7243,5610.87,1,3.2,1
CUS7244,4767.33,1,2.6,2
CUS7245,2001.29,1,4.2,1
CUS7246,4818.04,1,4.1,1
CUS7248,38948.740000000005,4,2.275,0
CUS7250,19146.12,1,4.9,1
CUS7251,9317.97,1,1.1,2
CUS7254,7448.8,1,3.2,1
CUS7255,7166.76,1,1.6,2
CUS7258,12029.4,1,4.9,1
CUS7259,759.05,1,4.4,1
CUS7262,642.2,1,2.9,2
CUS7263,8608.220000000001,2,2.9,2
CUS7266,660.38,1,2.5,2
CUS7267,14891.839999999998,2,2.35,2
CUS7268,2329.23,1,4.5,1
CUS7270,1466.31,1,4.4,1
CUS7271,4476.5,1,4.5,1
CUS7274,21273.52,2,4.15,0
CUS7276,7787.19,3,3.766666666666667,0
CUS7277,1540.98,1,1.0,2
CUS7279,6293.02,2,2.65,2
CUS7281,5514.38,1,3.4,1
CUS7282,720.61,1,2.0,2
CUS7283,24495.98,2,2.75,0
CUS7287,16654.13,2,4.0,1
CUS7288,7007.49,1,2.4,2
CUS7289,25684.77,3,3.1333333333333333,0
CUS7293,13769.2,1,3.0,1
CUS7294,4878.43,2,3.5,1
CUS7295,15350.6,1,3.0046947368421053,1
CUS7296,25236.22,2,3.6,0
CUS7297,2927.78,1,4.4,1
CUS7300,21314.15,1,4.8,1
CUS7301,4008.66,1,1.1,2
CUS7303,23879.359999999997,3,2.6,0
CUS7307,27752.12,3,1.9,0
CUS7310,7533.58,1,3.7,1
CUS7312,4649.52,1,2.9,2
CUS7317,26404.97,2,4.3,0
CUS7320,4110.75,1,1.0,2
CUS7321,20295.57,2,2.3523473684210527,0
CUS7324,3126.32,1,3.0046947368421053,1
CUS7325,9403.96,2,3.75,1
CUS7326,9202.92,1,2.7,2
CUS7327,688.5,1,4.2,1
CUS7329,3939.84,1,3.5,1
CUS7330,7575.13,3,2.466666666666667,0
CUS7332,16641.35,1,2.3,2
CUS7333,9454.32,1,4.8,1
CUS7335,9955.79,2,2.4,2
CUS7336,19331.87,3,1.8666666666666665,0
CUS7338,22756.1,2,3.0,0
CUS7339,6271.66,1,2.6,2
CUS7340,3451.62,2,2.1,2
CUS7342,7041.84,1,3.8,1
CUS7344,33620.18,3,2.6666666666666665,0
CUS7345,24099.65,2,2.8,0
CUS7346,1324.12,1,1.8,2
CUS7347,12510.02,2,3.3,1
CUS7348,26505.9,2,2.2,0
CUS7349,25147.54,2,2.0,0
CUS7350,7315.75,1,2.1,2
CUS7351,6603.9,1,2.9,2
CUS7352,27593.9,4,3.176173684210526,0
CUS7356,31396.64,4,3.075,0
CUS7357,18120.32,1,2.0,2
CUS7358,12933.42,2,2.6,2
CUS7360,11794.35,1,2.5,2
CUS7362,5903.5,2,1.9,2
CUS7364,11330.46,1,3.3,1
CUS7365,17912.04,2,3.5,0
CUS7366,1603.19,2,2.35,2
CUS7367,42300.97,5,3.261877894736842,0
CUS7368,8471.24,1,3.0046947368421053,1
CUS7369,29428.27,4,3.0,0
CUS7370,7969.18,1,4.2,1
CUS7371,20987.45,2,3.9,0
CUS7373,13179.32,1,1.2,2
CUS7376,20239.99,4,2.475,0
CUS7377,24677.3,3,4.068231578947368,0
CUS7379,13593.65,2,3.0999999999999996,1
CUS7380,38290.95,2,3.95,0
CUS7381,9657.54,2,3.65,1
CUS7382,54040.75,3,3.9,0
CUS7385,14553.2,2,2.2523473684210527,2
CUS7386,4548.85,1,2.8,2
CUS7388,5271.64,1,3.7,1
CUS7389,9276.56,1,1.3,2
CUS7394,4920.9,1,1.9,2
CUS7396,332.48,1,3.9,1
CUS7397,12886.62,3,2.1333333333333333,0
CUS7398,5656.9,2,3.15,1
CUS7399,3248.99,1,4.0,1
CUS7400,6266.460000000001,1,2.9,2
CUS7402,6577.799999999999,1,1.2,2
CUS7403,21339.46,2,3.05,0
CUS7404,44375.619999999995,3,3.366666666666667,0
CUS7405,4989.32,1,4.1,1
CUS7406,17868.96,2,2.5,0
CUS7408,3352.98,3,2.8015649122807016,0
CUS7410,9583.02,1,2.7,2
CUS7411,23237.2,2,3.6,0
CUS7412,15677.6,2,2.4,2
CUS7414,14784.81,1,1.4,2
CUS7415,16901.87,2,3.65,1
CUS7416,5325.42,1,3.9,1
CUS7418,25633.66,2,1.9,0
CUS7419,13447.1,1,2.0,2
CUS7421,5997.14,1,2.5,2
CUS7423,14765.1,1,1.7,2
CUS7425,15114.55,1,3.1,1
CUS7428,10612.24,1,3.0046947368421053,1
CUS7429,16830.4,1,3.4,1
CUS7430,7630.56,1,3.6,1
CUS7431,314.94,1,4.4,1
CUS7432,16740.39,2,2.45,2
CUS7434,12311.99,2,1.75,2
CUS7438,11236.71,1,2.2,2
CUS7441,41160.77,5,2.78,0
CUS7442,3247.49,1,4.8,1
CUS7444,4569.88,1,2.4,2
CUS7445,4246.0,1,3.9,1
CUS7446,12589.920000000002,1,4.4,1
CUS7447,5710.56,1,4.7,1
CUS7448,16463.44,2,4.050000000000001,1
CUS7451,21167.86,2,4.0,0
CUS7452,5951.37,1,4.6,1
CUS7454,6267.370000000001,2,3.5,1
CUS7459,9999.67,3,3.4,0
CUS7460,8113.42,1,3.2,1
CUS7461,36301.48,3,2.9,0
CUS7463,14230.95,1,3.8,1
CUS7464,23475.1,1,4.6,1
CUS7465,12060.06,2,2.65,2
CUS7466,16329.0,1,3.1,1
CUS7469,27231.95,3,3.633333333333333,0
CUS7470,3897.24,1,2.6,2
CUS7471,5200.82,1,4.8,1
CUS7472,22500.34,4,3.025,0
CUS7475,32799.259999999995,2,3.55,0
CUS7476,5305.83,1,2.4,2
CUS7478,16384.6,1,1.6,2
CUS7479,2587.98,1,2.6,2
CUS7480,8935.55,1,1.4,2
CUS7481,34378.71,3,3.5015649122807013,0
CUS7482,6056.62,1,1.4,2
CUS7484,28578.949999999997,4,2.55,0
CUS7485,28733.629999999997,2,3.5,0
CUS7486,6920.45,1,2.9,2
CUS7487,20805.18,3,3.6666666666666665,0
CUS7488,6007.05,1,1.8,2
CUS7489,8741.92,2,4.4,1
CUS7490,7732.8,1,1.2,2
CUS7491,11503.56,1,3.2,1
CUS7492,14160.73,2,2.0,2
CUS7493,7937.11,2,4.35,1
CUS7494,10104.96,1,1.2,2
CUS7495,5733.57,1,1.8,2
CUS7496,9492.1,1,1.8,2
CUS7497,7418.28,2,3.95,1
CUS7502,8484.869999999999,1,1.2,2
CUS7503,15686.62,2,2.75,0
CUS7504,5827.96,1,4.4,1
CUS7506,15850.419999999998,2,1.95,2
CUS7507,7111.76,1,4.6,1
CUS7510,4424.48,2,2.7023473684210524,2
CUS7511,1856.87,2,2.2,2
CUS7512,7715.15,1,3.2,1
CUS7513,9783.16,1,2.9,2
CUS7515,21377.02,3,2.5,0
CUS7516,1681.9,1,2.9,2
CUS7517,4456.06,1,3.8,1
CUS7518,2747.4,1,4.1,1
CUS7519,196.49,1,3.0046947368421053,1
CUS7521,1560.9299999999998,1,3.3,1
CUS7522,8839.539999999999,2,2.6,2
CUS7523,14076.84,1,4.3,1
CUS7527,13976.1,2,3.2523473684210527,1
CUS7533,4530.12,1,4.6,1
CUS7534,6452.3,1,2.6,2
CUS7535,11573.43,3,2.4,0
CUS7536,2507.54,1,1.6,2
CUS7537,7184.55,1,4.0,1
CUS7538,12028.62,1,1.2,2
CUS7539,3192.82,2,2.75,2
CUS7543,5952.36,1,1.8,2
CUS7547,4095.9,1,4.4,1
CUS7549,21365.26,2,3.6,0
CUS7550,17616.84,1,3.8,1
CUS7554,13159.05,2,2.35,2
CUS7555,5184.32,2,3.0,1
CUS7556,1766.58,1,4.6,1
CUS7558,1311.0,1,3.4,1
CUS7559,4090.5,1,1.3,2
CUS7561,10262.71,2,1.5,2
CUS7562,4845.7,1,3.6,1
CUS7563,5434.44,1,1.4,2
CUS7564,1713.8,1,3.2,1
CUS7565,3373.85,1,4.4,1
CUS7566,17338.72,2,3.0,0
CUS7567,11380.86,2,3.902347368421053,1
CUS7568,7162.0,1,4.8,1
CUS7569,16132.65,1,2.0,2
CUS7570,19501.379999999997,2,2.5,0
CUS7571,23088.11,2,2.0,0
CUS7573,4298.65,1,3.2,1
CUS7574,472.81,1,4.7,1
CUS7575,12049.72,1,1.7,2
CUS7576,21667.0,2,4.65,1
CUS7577,15487.93,2,2.0,2
CUS7578,26086.769999999997,2,1.4500000000000002,0
CUS7579,18715.050000000003,4,2.675,0
CUS7581,12509.16,3,2.3666666666666667,0
CUS7582,7280.700000000001,1,4.2,1
CUS7585,13440.56,2,2.6500000000000004,2
CUS7587,21244.3,1,1.8,2
CUS7588,10381.66,2,2.9,2
CUS7590,1529.9,2,3.1500000000000004,1
CUS7592,12119.160000000002,2,1.9,2
CUS7595,14784.64,1,3.0,1
CUS7597,17698.69,3,3.0,0
CUS7598,2401.5,1,3.8,1
CUS7600,10872.6,1,3.1,1
CUS7601,4558.48,2,3.3,1
CUS7602,6604.049999999999,1,1.4,2
CUS7603,16234.68,3,2.534898245614035,0
CUS7605,2805.6,1,2.4,2
CUS7606,26790.25,3,3.0,0
CUS7607,27550.69,2,1.75,0
CUS7608,26962.78,3,1.5666666666666669,0
CUS7610,8966.54,2,4.75,1
CUS7611,13837.74,1,2.4,2
CUS7612,46199.97,5,2.7,0
CUS7613,16215.839999999998,2,3.85,1
CUS7614,18279.75,1,4.1,1
CUS7616,3910.58,1,4.9,1
CUS7617,8675.36,1,3.5,1
CUS7618,27812.61,4,3.425,0
CUS7619,6154.64,1,5.0,1
CUS7625,565.16,1,1.7,2
CUS7626,21804.97,3,2.6333333333333333,0
CUS7627,4115.61,2,3.55,1
CUS7628,3329.79,1,4.4,1
CUS7629,5284.629999999999,2,3.3,1
CUS7632,10856.37,3,1.7666666666666666,0
CUS7633,13335.4,3,1.8,0
CUS7634,1239.18,1,1.7,2
CUS7636,2848.1,1,2.4,2
CUS7637,3760.49,1,2.3,2
CUS7638,17052.65,1,2.9,2
CUS7639,13614.68,2,2.95,2
CUS7640,1671.55,1,3.1,1
CUS7642,4377.85,1,2.4,2
CUS7645,1030.32,1,2.9,2
CUS7646,2056.49,1,1.0,2
CUS7648,863.44,1,2.2,2
CUS7651,16383.740000000002,2,2.4523473684210524,2
CUS7652,9110.84,1,3.4,1
CUS7653,8240.960000000001,2,1.95,2
CUS7654,22103.36,2,1.45,2
CUS7655,992.71,1,4.3,1
CUS7656,29468.79,3,3.3666666666666667,0
CUS7657,15067.84,1,1.9,2
CUS7658,14887.31,2,2.2,2
CUS7659,3699.78,1,1.8,2
CUS7660,12263.28,1,4.1,1
CUS7661,4806.45,1,4.2,1
CUS7663,17037.45,2,1.45,2
CUS7664,24104.43,2,2.7,0
CUS7665,13199.2,2,3.25,1
CUS7666,20172.19,2,1.7,2
CUS7667,32622.86,3,3.633333333333333,0
CUS7668,13771.44,1,3.1,1
CUS7669,10489.17,3,2.6333333333333333,0
CUS7671,1191.54,1,4.9,1
CUS7672,25761.68,2,2.1,0
CUS7673,6576.46,1,4.4,1
CUS7675,31347.43,4,2.7761736842105265,0
CUS7677,9516.4,1,2.4,2
CUS7678,17672.75,1,4.0,1
CUS7682,33716.33,4,3.45,0
CUS7683,4779.29,2,3.45,1
CUS7685,24698.6,1,2.3,2
CUS7686,4786.28,2,1.65,2
CUS7688,35877.119999999995,2,3.65,0
CUS7689,2150.83,2,2.6500000000000004,2
CUS7690,9185.1,1,3.5,1
CUS7691,31697.92,3,2.6666666666666665,0
CUS7693,2396.6,1,4.6,1
CUS7694,17936.850000000002,3,3.0666666666666664,0
CUS7695,1059.67,1,1.1,2
CUS7698,4628.91,1,4.0,1
CUS7699,8064.28,1,1.3,2
CUS7700,8006.98,3,2.9,0
CUS7701,3800.74,1,4.2,1
CUS7702,18335.04,3,2.5031298245614035,0
CUS7703,11216.5,2,3.45,1
CUS7704,12896.71,3,3.6,0
CUS7705,3826.51,2,4.199999999999999,1
CUS7706,8964.72,1,1.5,2
CUS7708,14308.24,2,3.4000000000000004,1
CUS7710,19885.8,2,2.4,0
CUS7711,16444.6,1,3.0046947368421053,1
CUS7712,4642.32,1,1.2,2
CUS7713,13123.2,1,4.2,1
CUS7715,6089.400000000001,1,3.3,1
CUS7716,44000.48,4,2.976173684210526,0
CUS7718,3356.92,1,1.9,2
CUS7719,25029.46,3,3.0,0
CUS7720,19149.76,1,1.7,2
CUS7721,18392.4,1,1.9,2
CUS7722,43118.990000000005,4,2.4,0
CUS7723,14627.670000000002,1,1.7,2
CUS7724,12996.66,1,4.2,1
CUS7726,11360.37,1,4.6,1
CUS7728,14154.3,1,2.5,2
CUS7729,13166.16,2,3.5,1
CUS7730,2524.57,1,1.9,2
CUS7731,11394.51,1,3.7,1
CUS7732,3496.6,1,4.2,1
CUS7733,16787.41,2,3.1023473684210527,0
CUS7735,18406.16,1,3.5,1
CUS7736,337.98,1,3.9,1
CUS7737,10427.75,1,2.4,2
CUS7738,3174.54,1,2.1,2
CUS7740,12291.2,1,2.1,2
CUS7742,17838.83,2,3.4,0
CUS7743,23633.800000000003,2,3.402347368421053,0
CUS7745,24618.62,3,2.8000000000000003,0
CUS7746,216.86,1,4.8,1
CUS7747,1982.6,2,3.0023473684210527,1
CUS7748,23622.0,2,2.1,0
CUS7750,21301.26,2,2.95,0
CUS7751,1458.25,1,3.7,1
CUS7752,17884.75,1,1.1,2
CUS7754,1003.6,1,3.0046947368421053,1
CUS7756,14380.17,2,4.550000000000001,1
CUS7757,16486.54,2,2.8499999999999996,0
CUS7759,21200.85,3,2.3000000000000003,0
CUS7760,3158.7000000000003,1,2.5,2
CUS7762,10147.88,2,3.5,1
CUS7763,24498.1,1,3.9,1
CUS7764,5786.32,1,2.6,2
CUS7766,4687.28,1,1.5,2
CUS7767,11938.35,1,3.7,1
CUS7768,12210.9,1,4.3,1
CUS7769,16489.85,1,1.3,2
CUS7770,2210.36,1,3.7,1
CUS7771,576.32,1,2.2,2
CUS7772,655.02,1,1.5,2
CUS7774,4655.88,1,1.2,2
CUS7776,2158.17,1,1.0,2
CUS7777,9289.18,2,3.7,1
CUS7779,4005.44,1,4.2,1
CUS7783,10929.04,1,1.4,2
CUS7784,23981.76,2,4.4,0
CUS7787,2562.82,1,1.8,2
CUS7788,582.27,1,4.3,1
CUS7789,31932.42,2,2.4,0
CUS7790,4703.4,2,3.0999999999999996,1
CUS7792,20460.83,3,4.066666666666666,0
CUS7794,19730.44,1,2.5,2
CUS7795,13736.08,1,4.5,1
CUS7796,14351.1,1,2.3,2
CUS7798,15195.34,3,3.1666666666666665,0
CUS7802,21256.14,2,3.45,0
CUS7803,31700.96,2,2.8,0
CUS7804,44374.5,5,2.7209389473684213,0
CUS7805,30715.44,2,3.3499999999999996,0
CUS7806,11058.93,1,2.5,2
CUS7807,12388.62,2,3.3523473684210527,1
CUS7809,856.41,1,3.9,1
CUS7810,1423.16,1,3.6,1
CUS7811,5001.48,1,3.0046947368421053,1
CUS7812,45461.26,5,3.8,0
CUS7813,30024.65,2,4.15,0
CUS7814,764.81,1,3.7,1
CUS7815,5787.14,1,3.0046947368421053,1
CUS7816,5450.88,1,3.1,1
CUS7817,16966.8,2,2.1500000000000004,2
CUS7820,8010.04,1,3.7,1
CUS7822,5774.889999999999,2,3.0,1
CUS7824,4032.14,1,4.1,1
CUS7825,9410.36,1,3.0046947368421053,1
CUS7826,38193.490000000005,2,2.6,0
CUS7827,8084.04,1,1.8,2
CUS7828,10784.55,2,3.4499999999999997,1
CUS7829,4180.57,2,3.5523473684210525,1
CUS7830,10831.64,1,3.5,1
CUS7832,13490.33,2,3.5,1
CUS7835,17473.24,1,1.7,2
CUS7836,3909.56,1,2.7,2
CUS7837,25569.0,2,3.0,0
CUS7838,24819.78,2,3.0,0
CUS7839,4175.49,1,2.2,2
CUS7840,30790.36,2,2.8499999999999996,0
CUS7841,10216.89,1,1.3,2
CUS7842,10753.2,1,2.9,2
CUS7843,12111.22,3,3.636463157894737,0
CUS7846,30610.19,2,2.4,0
CUS7848,14861.65,1,4.5,1
CUS7849,3971.32,1,1.7,2
CUS7852,4201.09,1,2.6,2
CUS7853,11688.47,2,2.05,2
CUS7854,7869.75,2,4.4,1
CUS7855,17242.0,3,3.1666666666666665,0
CUS7856,11996.65,2,3.3523473684210527,1
CUS7857,17490.66,2,2.65,0
CUS7858,12341.86,2,3.9,1
CUS7859,5194.32,1,2.4,2
CUS7860,18725.93,3,2.9333333333333336,0
CUS7862,28609.4,3,3.9,0
CUS7865,24447.25,1,3.1,1
CUS7866,1863.4,1,3.5,1
CUS7868,15515.65,1,4.9,1
CUS7869,2268.4,1,3.1,1
CUS7870,4862.08,1,3.9,1
CUS7871,3688.96,1,1.7,2
CUS7872,5809.08,2,3.9,1
CUS7873,1501.51,1,1.1,2
CUS7874,2658.55,1,3.1,1
CUS7876,4098.9,1,2.8,2
CUS7877,22343.35,1,3.7,1
CUS7878,62657.78,5,3.12,0
CUS7879,65632.88,6,2.867449122807017,0
CUS7880,3220.77,2,4.35,1
CUS7884,4615.4,1,3.0046947368421053,1
CUS7887,1130.58,1,4.4,1
CUS7889,23462.08,2,3.0,0
CUS7892,5235.5,1,4.8,1
CUS7893,1055.72,1,2.7,2
CUS7894,20756.27,3,2.8000000000000003,0
CUS7898,10813.4,1,2.4,2
CUS7899,4119.33,1,4.1,1
CUS7900,9789.26,2,3.8,1
CUS7901,5378.46,1,1.0,2
CUS7905,5482.54,1,4.1,1
CUS7907,11292.64,2,2.6,2
CUS7910,9774.2,3,3.3666666666666667,0
CUS7911,14550.9,1,4.7,1
CUS7912,7831.110000000001,2,2.9,2
CUS7913,10974.3,2,1.45,2
CUS7914,4390.71,2,2.2,2
CUS7915,8071.68,2,3.65,1
CUS7917,4137.48,1,2.6,2
CUS7920,15587.3,1,4.8,1
CUS7921,9454.3,2,3.1,1
CUS7922,2527.77,1,3.8,1
CUS7923,12012.64,1,1.2,2
CUS7924,12917.240000000002,3,2.2333333333333334,0
CUS7925,9366.48,1,2.3,2
CUS7926,13551.8,2,3.7,1
CUS7927,6616.61,2,2.8499999999999996,2
CUS7928,35861.58,3,3.5666666666666664,0
CUS7930,10373.670000000002,2,1.65,2
CUS7931,1392.54,1,4.1,1
CUS7932,31890.25,3,2.4,0
CUS7933,28116.9,2,3.45,0
CUS7934,1279.2,1,2.0,2
CUS7935,18283.01,4,3.3,0
CUS7936,37550.78,2,3.35,0
CUS7937,11354.88,3,3.966666666666667,0
CUS7938,2550.05,1,3.8,1
CUS7939,19055.72,2,2.95,0
CUS7940,1946.91,1,3.3,1
CUS7944,3669.6,1,3.0,1
CUS7945,16214.44,1,3.4,1
CUS7946,2038.66,1,4.8,1
CUS7948,14022.15,1,1.9,2
CUS7949,3021.42,1,2.3,2
CUS7950,25627.65,2,3.2,0
CUS7952,20505.66,2,2.6,0
CUS7954,3293.7,1,1.5,2
CUS7955,951.87,1,4.0,1
CUS7957,4126.96,1,2.9,2
CUS7958,22557.78,3,2.701564912280702,0
CUS7959,944.39,1,4.8,1
CUS7960,36159.84,5,3.3400000000000007,0
CUS7961,11043.69,1,3.5,1
CUS7962,47810.76999999999,3,2.433333333333333,0
CUS7963,10050.1,1,1.0,2
CUS7964,12319.02,1,1.2,2
CUS7965,13969.65,1,3.5,1
CUS7966,17459.44,1,1.3,2
CUS7967,13157.28,1,3.5,1
CUS7969,8399.0,1,1.5,2
CUS7970,7567.799999999999,2,3.3000000000000003,1
CUS7972,16857.230000000003,3,3.4333333333333336,0
CUS7973,4336.8,1,1.6,2
CUS7974,809.21,1,2.0,2
CUS7976,9834.84,2,3.25,1
CUS7977,15975.56,2,1.25,2
CUS7978,22928.98,3,2.0,0
CUS7979,30052.730000000003,2,3.7,0
CUS7980,6684.3,1,4.7,1
CUS7982,18568.65,1,4.4,1
CUS7983,4618.19,2,2.15,2
CUS7985,2301.75,2,3.0999999999999996,1
CUS7989,11842.95,2,3.902347368421053,1
CUS7991,5276.0,1,3.0046947368421053,1
CUS7992,4820.04,1,4.8,1
CUS7993,14462.09,2,2.2,2
CUS7994,20071.7,1,4.2,1
CUS7995,11387.52,3,3.1666666666666665,0
CUS7997,9390.36,1,2.2,2
CUS7998,12766.7,1,1.5,2
CUS8000,15324.85,1,3.7,1
CUS8003,1976.71,2,4.1,1
CUS8005,12748.26,1,1.4,2
CUS8006,6242.34,1,4.5,1
CUS8007,36233.560000000005,4,2.875,0
CUS8008,10143.22,3,2.4,0
CUS8011,33399.24,2,3.4000000000000004,0
CUS8012,3007.69,2,2.2023473684210524,2
CUS8013,16469.07,2,3.0,0
CUS8014,26418.91,2,2.4000000000000004,0
CUS8015,9239.41,2,2.15,2
CUS8016,6877.6,2,4.0,1
CUS8017,677.93,1,3.6,1
CUS8018,6438.76,1,3.7,1
CUS8019,2775.81,1,1.8,2
CUS8020,8042.0,1,2.9,2
CUS8022,14219.72,1,3.7,1
CUS8023,25465.59,3,2.7031298245614033,0
CUS8024,8774.58,1,2.3,2
CUS8025,36471.67,4,3.5,0
CUS8026,18842.35,3,2.866666666666667,0
CUS8027,2328.6,1,2.0,2
CUS8029,23072.49,2,3.8,0
CUS8032,8834.32,2,2.65,2
CUS8033,1663.6,1,3.2,1
CUS8034,14533.47,1,1.1,2
CUS8036,43250.47,4,1.925,0
CUS8037,14781.15,1,4.4,1
CUS8038,1953.34,1,2.0,2
CUS8039,18206.64,2,3.2,0
CUS8040,13610.47,2,1.65,2
CUS8041,21747.89,4,3.8761736842105265,0
CUS8043,1256.6,1,5.0,1
CUS8045,39847.600000000006,2,3.05,0
CUS8046,2497.92,1,3.9,1
CUS8048,3229.0199999999995,2,1.0,2
CUS8049,14211.95,1,1.0,2
CUS8050,25607.84,2,3.6,0
CUS8051,14000.0,2,3.1023473684210527,1
CUS8052,11703.46,2,4.6,1
CUS8053,13657.829999999998,1,4.8,1
CUS8055,19731.039999999997,2,2.55,0
CUS8056,953.98,1,1.3,2
CUS8057,8372.65,2,3.45,1
CUS8058,7342.349999999999,1,2.4,2
CUS8059,21439.85,1,1.0,2
CUS8060,25266.85,2,3.3000000000000003,0
CUS8065,3578.16,1,4.5,1
CUS8067,14760.51,2,2.9499999999999997,0
CUS8068,14820.9,1,3.0,1
CUS8069,2875.2,1,3.0,1
CUS8070,3264.7,1,1.7,2
CUS8071,9053.34,3,3.1682315789473683,0
CUS8073,5073.75,2,3.4,1
CUS8074,28619.01,2,2.35,0
CUS8076,23798.590000000004,3,3.6666666666666665,0
CUS8077,25645.61,2,2.7,0
CUS8078,26483.4,2,1.7,0
CUS8079,30840.19,3,3.766666666666667,0
CUS8081,5515.23,2,3.05,1
CUS8083,9014.03,2,3.052347368421053,1
CUS8084,26814.67,2,3.95,0
CUS8085,17685.54,2,4.3,1
CUS8086,10220.36,1,4.5,1
CUS8087,19743.65,1,4.7,1
CUS8090,3297.94,1,3.0,1
CUS8093,7286.24,1,4.5,1
CUS8096,14108.6,1,2.2,2
CUS8097,134.88,1,1.4,2
CUS8098,15034.08,2,1.95,2
CUS8100,3026.8500000000004,1,2.3,2
CUS8101,3696.0,1,3.2,1
CUS8102,6339.45,2,2.9,2
CUS8105,8965.51,2,2.6500000000000004,2
CUS8106,8645.96,1,1.6,2
CUS8107,14153.34,1,1.9,2
CUS8109,7906.44,1,1.2,2
CUS8110,14796.15,2,3.75,1
CUS8111,12783.45,1,3.8,1
CUS8113,19133.48,3,4.766666666666667,0
CUS8114,9225.4,1,4.5,1
CUS8117,11688.38,2,2.9,2
CUS8118,26355.0,3,2.9,0
CUS8119,19402.59,3,3.5999999999999996,0
CUS8121,12882.18,1,4.7,1
CUS8122,1710.08,1,2.7,2
CUS8123,23300.25,3,2.966666666666667,0
CUS8125,4869.63,1,2.8,2
CUS8126,4636.32,1,3.0046947368421053,1
CUS8129,9258.57,1,2.3,2
CUS8130,17173.56,1,2.4,2
CUS8132,12390.09,2,2.6500000000000004,2
CUS8134,5591.33,2,3.0,1
CUS8135,5819.17,2,1.7,2
CUS8136,8155.849999999999,2,3.8523473684210527,1
CUS8137,5184.93,1,2.8,2
CUS8138,9671.74,1,2.6,2
CUS8139,4539.08,1,1.6,2
CUS8140,14317.95,3,3.1666666666666665,0
CUS8142,3972.75,2,2.2,2
CUS8145,5688.21,2,2.8,2
CUS8146,19180.36,2,3.302347368421053,0
CUS8147,19312.91,2,2.5999999999999996,0
CUS8148,30024.53,2,2.25,0
CUS8151,23452.1,1,3.0046947368421053,1
CUS8152,26136.589999999997,2,2.85,0
CUS8153,33826.380000000005,2,3.2,0
CUS8155,19911.08,1,2.6,2
CUS8157,14385.03,1,2.6,2
CUS8158,10307.86,2,3.9,1
CUS8159,18155.58,2,1.2999999999999998,2
CUS8160,8745.9,1,2.9,2
CUS8161,2336.82,1,3.5,1
CUS8162,2440.55,1,1.5,2
CUS8164,3463.37,1,1.9,2
CUS8165,38742.92,3,3.466666666666667,0
CUS8166,34234.66,3,2.8000000000000003,0
CUS8167,4096.16,1,2.4,2
CUS8169,2026.68,1,2.2,2
CUS8173,20387.31,2,3.5,0
CUS8175,13420.0,1,1.9,2
CUS8176,25945.42,3,2.5,0
CUS8178,15783.56,2,4.7,1
CUS8179,15486.2,1,1.7,2
CUS8180,36050.85,3,3.6,0
CUS8186,6067.02,1,2.8,2
CUS8188,10891.81,2,3.402347368421053,1
CUS8189,4563.46,1,2.1,2
CUS8190,1377.08,1,2.4,2
CUS8193,13190.4,1,3.0046947368421053,1
CUS8194,8235.84,1,3.0046947368421053,1
CUS8195,21613.67,2,2.3499999999999996,0
CUS8196,19855.08,2,2.3499999999999996,0
CUS8197,10938.2,4,2.125,0
CUS8198,36901.27,4,3.05,0
CUS8200,12513.35,2,3.55,1
CUS8201,20025.15,1,1.6,2
CUS8202,17725.38,2,4.1,1
CUS8204,23215.5,1,2.2,2
CUS8205,11029.44,1,1.3,2
CUS8207,8734.54,2,4.1,1
CUS8208,32483.7,2,1.65,0
CUS8209,4736.66,1,4.4,1
CUS8210,5280.52,1,3.3,1
CUS8211,11798.92,1,4.4,1
CUS8212,1974.3,1,5.0,1
CUS8213,1297.86,1,1.7,2
CUS8214,5428.6,1,1.1,2
CUS8215,12131.71,2,1.95,2
CUS8216,6907.32,2,3.2,1
CUS8222,8151.18,2,3.8,1
CUS8223,31507.15,2,3.6,0
CUS8224,2945.36,1,4.7,1
CUS8225,21101.65,1,1.0,2
CUS8228,4996.98,1,2.1,2
CUS8229,659.78,1,2.1,2
CUS8230,13991.4,1,2.6,2
CUS8231,15436.85,1,1.8,2
CUS8232,15622.04,1,3.1,1
CUS8233,12915.84,1,3.0046947368421053,1
CUS8235,1408.44,1,1.4,2
CUS8236,24723.66,3,3.733333333333333,0
CUS8237,20769.65,1,1.9,2
CUS8238,13939.32,1,3.3,1
CUS8239,13021.8,1,1.3,2
CUS8240,10693.01,2,2.8000000000000003,2
CUS8241,3625.28,1,3.6,1
CUS8243,19687.71,2,1.75,2
CUS8246,6537.14,1,4.0,1
CUS8247,4855.86,1,3.0046947368421053,1
CUS8249,10773.78,1,3.1,1
CUS8250,23060.11,3,4.066666666666666,0
CUS8251,11043.3,2,1.5499999999999998,2
CUS8252,32075.37,2,3.2523473684210527,0
CUS8253,15106.06,2,2.8,2
CUS8255,1797.45,1,2.1,2
CUS8256,21289.07,3,4.366666666666666,0
CUS8257,4247.72,1,3.3,1
CUS8259,21440.1,1,2.3,2
CUS8263,2584.88,1,4.8,1
CUS8264,11225.39,4,3.575,0
CUS8265,2000.26,1,3.1,1
CUS8267,5196.02,1,4.7,1
CUS8268,27291.17,4,2.7761736842105265,0
CUS8269,5854.2300000000005,1,1.4,2
CUS8271,9691.5,1,4.7,1
CUS8273,10624.14,1,1.7,2
CUS8274,4150.66,2,3.0999999999999996,1
CUS8275,19785.35,1,2.8,2
CUS8276,15476.98,2,2.45,2
CUS8278,10885.52,1,4.2,1
CUS8281,8676.96,1,3.0,1
CUS8282,35573.450000000004,2,3.75,0
CUS8283,6848.41,2,2.3,2
CUS8285,29665.26,2,1.4,0
CUS8286,18778.92,2,3.1,0
CUS8287,15278.41,2,2.55,2
CUS8289,5093.16,2,3.0046947368421053,1
CUS8290,8481.93,2,3.4499999999999997,1
CUS8291,4706.24,1,2.5,2
CUS8292,18116.9,1,1.9,2
CUS8293,42990.68,3,3.3015649122807016,0
CUS8294,6221.42,1,4.6,1
CUS8295,7606.83,2,1.85,2
CUS8296,23323.26,2,3.55,0
CUS8297,14705.2,1,4.2,1
CUS8299,10052.94,1,3.5,1
CUS8300,6435.46,1,4.1,1
CUS8301,24749.69,2,1.9,0
CUS8302,24742.68,2,3.55,0
CUS8303,18359.8,1,3.8,1
CUS8304,1953.12,1,1.9,2
CUS8305,20195.99,3,3.3682315789473685,0
CUS8306,848.41,1,1.9,2
CUS8307,3057.08,1,4.5,1
CUS8308,13463.61,3,3.8333333333333335,0
CUS8310,3146.28,1,2.8,2
CUS8314,12667.65,1,2.8,2
CUS8316,2794.39,2,2.85,2
CUS8318,2370.1,2,2.802347368421053,2
CUS8319,5531.889999999999,2,2.1,2
CUS8323,7043.64,1,2.4,2
CUS8325,12555.399999999998,3,2.8015649122807016,0
CUS8326,16235.1,1,1.4,2
CUS8327,11165.29,3,2.601564912280702,0
CUS8328,2443.88,1,4.9,1
CUS8330,13532.2,1,1.9,2
CUS8332,12557.96,2,3.1,1
CUS8334,17666.589999999997,2,2.9000000000000004,0
CUS8335,18186.36,1,2.5,2
CUS8336,22456.01,2,2.45,0
CUS8337,12544.72,2,3.55,1
CUS8338,21575.65,1,4.2,1
CUS8342,18615.49,2,2.05,2
CUS8343,19960.95,1,1.5,2
CUS8344,4865.52,2,3.45,1
CUS8345,2755.43,1,3.0046947368421053,1
CUS8347,10940.79,2,4.75,1
CUS8348,11486.79,2,1.5,2
CUS8349,27514.56,2,2.95,0
CUS8352,21823.4,1,4.4,1
CUS8353,3942.36,1,2.3,2
CUS8355,2969.68,1,1.2,2
CUS8356,5791.17,2,2.6,2
CUS8358,5193.75,1,2.6,2
CUS8360,13757.57,2,3.2,1
CUS8361,20059.52,2,2.45,0
CUS8362,9393.45,1,2.4,2
CUS8366,1046.73,1,3.6,1
CUS8367,14094.28,2,1.5,2
CUS8368,2179.0,1,3.8,1
CUS8369,9485.2,1,4.4,1
CUS8370,14523.51,1,2.0,2
CUS8375,1349.58,1,3.0046947368421053,1
CUS8376,13203.1,1,4.0,1
CUS8378,4991.83,1,3.5,1
CUS8379,547.66,1,2.0,2
CUS8380,11323.92,1,3.9,1
CUS8381,15366.61,3,3.034898245614035,0
CUS8382,10294.04,2,3.4000000000000004,1
CUS8383,16122.12,1,4.4,1
CUS8384,11874.05,1,4.8,1
CUS8385,6756.719999999999,1,3.5,1
CUS8386,6426.49,2,3.2523473684210527,1
CUS8389,21575.1,2,2.8523473684210527,0
CUS8390,4138.0,1,4.7,1
CUS8394,2647.84,1,1.4,2
CUS8395,11361.2,2,4.0,1
CUS8399,1278.52,1,2.4,2
CUS8400,32619.379999999997,5,3.26,0
CUS8401,9359.76,1,2.2,2
CUS8402,5964.049999999999,2,3.65,1
CUS8404,13216.079999999998,1,2.2,2
CUS8407,6009.92,1,1.6,2
CUS8408,9315.68,1,4.8,1
CUS8410,2164.61,1,2.8,2
CUS8411,29720.22,3,2.033333333333333,0
CUS8412,14835.23,3,3.733333333333333,0
CUS8415,9042.1,2,3.45,1
CUS8416,20403.94,2,3.25,0
CUS8417,10512.72,1,3.7,1
CUS8419,9733.82,1,2.5,2
CUS8420,30496.51,6,3.0833333333333335,0
CUS8421,1438.03,1,1.3,2
CUS8423,18646.53,2,1.7000000000000002,2
CUS8425,23156.1,1,2.6,2
CUS8426,11676.99,2,2.1023473684210527,2
CUS8427,5802.74,1,4.8,1
CUS8428,3785.53,1,4.6,1
CUS8429,25221.07,3,2.033333333333333,0
CUS8430,9696.93,3,3.766666666666666,0
CUS8432,13195.83,2,3.55,1
CUS8433,661.92,1,4.4,1
CUS8435,9735.99,1,2.6,2
CUS8438,23119.36,2,2.85,0
CUS8439,334.48,1,4.4,1
CUS8440,6035.530000000001,2,3.5,1
CUS8441,2478.1,1,2.4,2
CUS8442,4976.72,1,2.4,2
CUS8443,9977.72,1,4.2,1
CUS8444,7685.12,1,4.5,1
CUS8446,17303.09,3,3.3333333333333335,0
CUS8447,13575.16,2,3.7,1
CUS8448,3962.14,1,1.6,2
CUS8450,1543.9900000000002,2,3.2,1
CUS8451,18417.52,3,3.433333333333333,0
CUS8452,1250.0,1,4.7,1
CUS8453,6243.12,1,4.2,1
CUS8454,7839.28,1,2.0,2
CUS8455,13068.25,3,2.8333333333333335,0
CUS8456,8071.91,2,4.4,1
CUS8457,18616.35,2,3.3523473684210527,0
CUS8459,1248.68,1,4.9,1
CUS8461,13455.759999999998,2,4.05,1
CUS8462,10002.85,1,3.5,1
CUS8464,48713.06,5,3.341877894736842,0
CUS8465,937.28,1,1.6,2
CUS8466,3318.72,1,3.9,1
CUS8468,16234.68,3,2.9333333333333336,0
CUS8469,28238.06,4,2.825,0
CUS8472,18283.9,1,3.6,1
CUS8473,19516.39,2,3.1,0
CUS8474,5851.0,1,1.8,2
CUS8476,6409.949999999999,2,2.45,2
CUS8478,17551.92,2,3.75,1
CUS8480,6723.049999999999,2,4.050000000000001,1
CUS8481,42712.44,3,2.5,0
CUS8482,39014.119999999995,5,3.16,0
CUS8484,25665.24,2,4.6,0
CUS8485,18426.59,2,3.8523473684210527,1
CUS8486,15258.66,4,3.675,0
CUS8490,10542.8,1,2.2,2
CUS8491,13465.55,1,3.0046947368421053,1
CUS8492,42060.75,2,3.2,0
CUS8493,8576.32,2,3.55,1
CUS8495,10078.76,2,2.4523473684210524,2
CUS8496,22737.449999999997,1,2.1,2
CUS8498,10164.57,2,2.0,2
CUS8499,17052.95,2,2.55,0
CUS8500,22401.66,2,1.9,0
CUS8501,31465.15,4,2.975,0
CUS8502,7506.3,1,2.5,2
CUS8503,954.76,1,4.7,1
CUS8504,6297.46,1,1.7,2
CUS8505,9180.92,1,1.2,2
CUS8506,21354.25,1,2.6,2
CUS8507,1765.59,1,3.0,1
CUS8510,20776.04,2,2.0,0
CUS8511,10768.65,1,3.0,1
CUS8512,1118.79,1,3.3,1
CUS8513,10203.69,1,4.0,1
CUS8517,14859.92,1,1.0,2
CUS8519,12565.56,1,1.2,2
CUS8521,22261.48,3,3.1333333333333333,0
CUS8522,10586.76,1,3.0046947368421053,1
CUS8523,22662.85,1,1.5,2
CUS8524,10842.61,2,2.05,2
CUS8526,27294.480000000003,3,3.8333333333333335,0
CUS8528,7100.98,1,1.6,2
CUS8530,23213.01,3,2.433333333333333,0
CUS8531,32191.26,3,3.7,0
CUS8533,6731.1,1,4.1,1
CUS8534,4882.52,1,4.8,1
CUS8537,713.88,1,2.0,2
CUS8538,3045.1499999999996,1,3.8,1
CUS8541,1687.11,1,2.7,2
CUS8542,9554.8,1,3.9,1
CUS8543,17402.1,1,3.3,1
CUS8544,18066.94,2,2.45,0
CUS8545,18502.69,2,2.85,0
CUS8546,29782.39,4,3.575,0
CUS8548,4643.87,1,4.1,1
CUS8549,925.06,1,2.9,2
CUS8551,5161.92,3,2.766666666666667,0
CUS8554,13431.509999999998,2,1.7,2
CUS8556,25123.72,3,3.1333333333333333,0
CUS8557,8749.53,1,2.3,2
CUS8558,17091.26,3,3.9,0
CUS8559,3001.32,1,1.7,2
CUS8560,8545.710000000001,1,3.5,1
CUS8561,23817.73,3,3.0666666666666664,0
CUS8562,19181.68,2,2.7023473684210524,0
CUS8563,19462.44,2,4.0,1
CUS8564,19616.08,1,1.3,2
CUS8565,982.45,1,2.4,2
CUS8567,17913.469999999998,2,2.902347368421053,0
CUS8569,4092.37,2,2.0023473684210527,2
CUS8570,23247.18,2,2.7523473684210527,0
CUS8572,16733.97,2,2.9,0
CUS8573,10290.24,1,1.4,2
CUS8575,3844.08,1,4.6,1
CUS8578,25819.4,2,4.3,0
CUS8579,2945.18,1,2.3,2
CUS8580,5698.04,2,3.35,1
CUS8581,5025.06,2,2.2,2
CUS8582,796.6,1,4.9,1
CUS8583,5282.62,2,2.2023473684210524,2
CUS8584,683.82,1,4.2,1
CUS8585,14606.910000000002,2,4.6,1
CUS8586,17648.43,3,3.1666666666666665,0
CUS8594,8279.86,1,4.0,1
CUS8595,28632.66,3,2.2666666666666666,0
CUS8596,14422.29,1,1.9,2
CUS8599,5220.900000000001,1,2.7,2
CUS8601,5009.85,1,2.7,2
CUS8602,6312.7300000000005,2,3.75,1
CUS8603,39349.05,2,3.95,0
CUS8605,3731.31,1,1.8,2
CUS8606,21575.5,2,4.15,0
CUS8607,2378.5,1,1.4,2
CUS8609,3866.74,1,1.1,2
CUS8610,2659.74,1,1.9,2
CUS8612,5264.629999999999,2,3.95,1
CUS8613,3720.45,1,2.2,2
CUS8614,12144.91,2,2.3,2
CUS8616,815.61,1,1.3,2
CUS8617,1178.56,1,2.3,2
CUS8618,18176.34,3,1.8666666666666665,0
CUS8620,19263.15,1,2.7,2
CUS8621,3364.87,1,4.7,1
CUS8625,3654.12,1,1.7,2
CUS8626,15046.56,2,3.802347368421053,1
CUS8627,2044.62,1,4.4,1
CUS8628,3299.7200000000003,2,1.9,2
CUS8629,22093.28,4,3.95,0
CUS8630,11150.240000000002,2,3.0500000000000003,1
CUS8631,11008.53,2,3.75,1
CUS8632,28524.019999999997,2,3.0500000000000003,0
CUS8633,1770.8,1,2.9,2
CUS8634,39621.71,2,2.75,0
CUS8638,10372.259999999998,2,2.6,2
CUS8640,20035.370000000003,2,3.6,0
CUS8642,3184.37,1,4.0,1
CUS8643,5645.6,1,3.6,1
CUS8644,7096.42,3,3.533333333333333,0
CUS8645,2172.15,1,2.7,2
CUS8646,38538.94,4,2.225,0
CUS8647,15006.66,2,4.2,1
CUS8648,21630.26,2,3.95,0
CUS8650,8616.0,1,3.1,1
CUS8651,17095.68,2,3.5,0
CUS8652,1873.72,1,4.0,1
CUS8654,30331.36,4,1.85,0
CUS8655,13257.75,1,4.1,1
CUS8657,14928.72,1,1.3,2
CUS8658,3314.98,1,3.4,1
CUS8659,40090.61,3,3.733333333333333,0
CUS8660,9321.62,1,3.2,1
CUS8661,27829.480000000003,2,2.95,0
CUS8665,35981.310000000005,5,1.84,0
CUS8668,5220.28,2,2.75,2
CUS8669,31282.55,3,3.4333333333333336,0
CUS8670,19622.22,2,3.45,0
CUS8672,11518.14,1,4.1,1
CUS8673,28595.789999999997,2,3.802347368421053,0
CUS8674,7928.25,1,2.7,2
CUS8675,21926.87,3,2.533333333333333,0
CUS8676,1455.71,1,3.8,1
CUS8677,25559.85,2,2.1,0
CUS8679,25896.120000000003,3,3.6666666666666665,0
CUS8680,5212.71,1,4.2,1
CUS8682,13369.920000000002,2,3.8,1
CUS8683,11396.68,2,1.15,2
CUS8684,36129.95,2,2.8,0
CUS8686,3746.7,2,2.9,2
CUS8687,6616.4,2,3.0,1
CUS8688,6079.84,1,1.8,2
CUS8689,10344.84,1,1.9,2
CUS8690,12732.05,1,2.7,2
CUS8692,34436.51,3,3.468231578947368,0
CUS8693,14501.78,2,4.1,1
CUS8695,5705.85,1,2.5,2
CUS8696,11212.28,3,2.8333333333333335,0
CUS8700,13908.55,2,1.35,2
CUS8701,8782.95,1,2.7,2
CUS8702,32090.19,5,2.2209389473684213,0
CUS8703,8268.05,1,1.6,2
CUS8704,12629.04,1,2.5,2
CUS8705,4978.450000000001,1,3.0046947368421053,1
CUS8706,3224.5,1,3.9,1
CUS8707,23051.65,1,2.6,2
CUS8710,523.92,1,2.1,2
CUS8711,6662.1,1,2.3,2
CUS8712,5270.24,1,4.9,1
CUS8714,3449.79,1,4.2,1
CUS8715,13766.8,2,4.0,1
CUS8716,6614.16,1,4.0,1
CUS8717,13907.009999999998,3,2.533333333333333,0
CUS8718,4700.91,1,2.9,2
CUS8721,14554.669999999998,2,2.15,2
CUS8722,11173.84,1,2.1,2
CUS8726,5582.3099999999995,1,3.5,1
CUS8727,9346.72,1,1.5,2
CUS8728,23159.11,3,2.3666666666666667,0
CUS8729,22857.0,1,3.3,1
CUS8730,1155.06,1,4.7,1
CUS8731,605.76,1,3.0046947368421053,1
CUS8733,2803.74,1,4.7,1
CUS8734,10440.8,1,3.5,1
CUS8735,10011.36,1,2.4,2
CUS8737,4127.04,1,4.7,1
CUS8738,6759.539999999999,2,3.9,1
CUS8739,24639.25,3,3.9015649122807017,0
CUS8740,4661.88,1,2.0,2
CUS8742,2374.15,1,1.4,2
CUS8745,20816.68,2,3.4,0
CUS8746,24943.74,2,2.7,0
CUS8750,6367.969999999999,2,2.9000000000000004,2
CUS8752,33802.69,3,3.3000000000000003,0
CUS8753,18411.97,2,2.5999999999999996,0
CUS8754,764.14,1,1.1,2
CUS8756,14011.35,2,2.35,2
CUS8759,4092.2,1,1.4,2
CUS8760,8621.32,1,3.0046947368421053,1
CUS8763,19412.43,3,2.466666666666667,0
CUS8764,579.23,1,1.0,2
CUS8766,4023.17,2,3.3,1
CUS8767,1253.45,1,3.2,1
CUS8768,8943.140000000001,2,4.050000000000001,1
CUS8769,913.24,1,4.2,1
CUS8771,23199.1,4,3.1511736842105265,0
CUS8772,30462.64,2,3.9,0
CUS8774,7496.88,1,1.4,2
CUS8775,10812.89,3,3.0,0
CUS8776,1685.88,1,3.8,1
CUS8777,11821.21,2,2.5,2
CUS8778,31805.340000000004,2,3.9,0
CUS8779,18780.56,1,4.3,1
CUS8780,2759.51,1,1.4,2
CUS8783,7423.0,1,4.0,1
CUS8787,18960.67,2,2.45,0
CUS8789,8815.349999999999,1,4.9,1
CUS8790,21887.0,1,3.9,1
CUS8791,8937.52,1,4.3,1
CUS8792,5357.84,1,3.0046947368421053,1
CUS8793,15602.82,2,2.65,2
CUS8794,34735.119999999995,2,3.05,0
CUS8795,9138.74,1,1.5,2
CUS8796,14950.15,1,3.0046947368421053,1
CUS8798,3736.39,1,3.0046947368421053,1
CUS8799,20486.93,2,4.300000000000001,1
CUS8802,7472.6,1,3.9,1
CUS8803,4947.84,1,1.6,2
CUS8806,2677.55,1,3.1,1
CUS8808,4544.47,1,1.9,2
CUS8809,5830.900000000001,1,4.1,1
CUS8811,3061.17,1,1.8,2
CUS8813,12685.3,3,3.0015649122807013,0
CUS8814,25992.6,2,3.8,0
CUS8816,762.72,1,4.5,1
CUS8819,6021.0599999999995,3,3.4015649122807012,0
CUS8821,12678.36,1,4.4,1
CUS8823,14781.68,1,3.6,1
CUS8824,24728.05,1,2.1,2
CUS8826,8207.49,1,1.6,2
CUS8827,10160.98,2,2.7,2
CUS8828,14163.12,2,2.1,2
CUS8829,210.91,1,3.8,1
CUS8830,11403.36,1,4.6,1
CUS8834,4028.78,2,2.0,2
CUS8836,3127.41,1,1.1,2
CUS8837,10622.96,2,2.0999999999999996,2
CUS8838,9811.41,1,1.7,2
CUS8840,13091.85,1,2.6,2
CUS8841,757.17,1,4.7,1
CUS8842,13544.57,3,3.6,0
CUS8843,12434.16,2,3.0,1
CUS8844,22488.28,3,3.0333333333333337,0
CUS8846,13901.419999999998,3,2.9,0
CUS8847,14963.5,1,1.0,2
CUS8848,1612.1999999999998,1,1.6,2
CUS8849,7399.400000000001,1,3.6,1
CUS8850,2998.8599999999997,2,3.45,1
CUS8852,28855.86,3,2.433333333333333,0
CUS8853,4705.44,1,3.4,1
CUS8854,25362.16,2,4.199999999999999,0
CUS8856,9360.39,1,2.2,2
CUS8857,26887.19,4,3.4,0
CUS8859,12175.11,1,3.8,1
CUS8860,15310.95,1,1.7,2
CUS8861,6855.12,1,4.4,1
CUS8862,14043.36,1,3.3,1
CUS8864,24445.55,1,3.1,1
CUS8865,5572.700000000001,2,2.4,2
CUS8866,24295.300000000003,1,4.1,1
CUS8867,7872.08,1,1.5,2
CUS8869,12167.85,2,3.3000000000000003,1
CUS8870,4670.12,1,4.8,1
CUS8871,2444.51,1,1.7,2
CUS8873,3654.87,1,4.1,1
CUS8874,24053.48,2,3.45,0
CUS8876,20924.45,1,3.0046947368421053,1
CUS8877,17024.68,2,2.85,0
CUS8879,14539.68,3,2.701564912280702,0
CUS8880,23061.9,1,3.1,1
CUS8881,326.19,1,2.4,2
CUS8882,43394.72,3,3.6,0
CUS8883,25075.72,2,1.35,0
CUS8885,22706.88,3,2.1999999999999997,0
CUS8887,10218.09,1,1.6,2
CUS8888,5576.82,1,3.2,1
CUS8889,2957.76,1,2.9,2
CUS8891,4439.83,1,2.3,2
CUS8892,26381.3,3,4.066666666666666,0
CUS8893,528.21,1,4.7,1
CUS8895,4858.6,1,4.1,1
CUS8897,18210.35,2,2.75,0
CUS8898,13630.8,1,2.5,2
CUS8900,14065.23,1,3.4,1
CUS8901,5102.9400000000005,2,3.75,1
CUS8902,20494.519999999997,2,1.65,2
CUS8903,3646.11,1,3.7,1
CUS8905,17635.84,1,3.4,1
CUS8907,1973.78,1,4.7,1
CUS8908,6184.18,1,2.6,2
CUS8909,2271.63,3,3.4,1
CUS8915,4578.32,1,3.2,1
CUS8918,25691.370000000003,4,3.3000000000000003,0
CUS8919,3940.5,1,3.9,1
CUS8921,11994.65,2,3.45,1
CUS8922,17247.71,2,4.800000000000001,1
CUS8923,8712.24,2,3.8523473684210527,1
CUS8924,3124.7,1,4.4,1
CUS8925,45115.6,2,3.2023473684210524,0
CUS8926,1648.6,1,1.2,2
CUS8927,3430.3399999999997,2,3.5,1
CUS8928,7077.37,2,2.552347368421053,2
CUS8930,9817.24,2,4.1,1
CUS8931,14779.02,1,1.2,2
CUS8932,2755.62,2,1.55,2
CUS8933,22627.97,4,3.1999999999999997,0
CUS8935,16353.75,2,4.15,1
CUS8937,8850.68,1,3.4,1
CUS8938,15016.25,1,1.9,2
CUS8940,14067.25,1,2.8,2
CUS8942,14261.73,1,3.2,1
CUS8943,24681.09,3,3.901564912280701,0
CUS8944,7133.0,1,4.9,1
CUS8945,54885.2,4,2.925,0
CUS8946,6865.2,1,3.6,1
CUS8947,12911.94,1,2.6,2
CUS8948,18400.68,2,2.3,0
CUS8950,39779.05,5,3.44,0
CUS8952,10852.81,2,3.3,1
CUS8953,16423.350000000002,2,1.5,2
CUS8955,245.45,1,3.3,1
CUS8956,6255.83,2,4.2,1
CUS8957,16672.65,1,3.0,1
CUS8958,18653.12,1,2.1,2
CUS8959,6232.53,2,1.9,2
CUS8960,7407.1,1,2.4,2
CUS8961,13826.12,2,2.802347368421053,2
CUS8962,5838.65,2,3.0999999999999996,1
CUS8963,19127.03,2,3.9,1
CUS8964,13446.6,1,1.8,2
CUS8966,30396.66,3,4.133333333333333,0
CUS8967,30491.060000000005,2,2.1500000000000004,0
CUS8968,2404.7799999999997,3,2.3666666666666667,2
CUS8969,14523.44,1,2.4,2
CUS8970,33211.0,3,3.766666666666667,0
CUS8972,427.89,1,4.6,1
CUS8973,4903.65,1,1.5,2
CUS8974,2320.28,1,2.9,2
CUS8976,25190.16,2,3.3,0
CUS8979,5647.200000000001,1,3.4,1
CUS8980,2932.92,1,1.6,2
CUS8982,3802.62,1,4.6,1
CUS8983,2592.92,1,4.0,1
CUS8984,1045.4,1,2.5,2
CUS8985,28213.34,4,3.875,0
CUS8986,16565.98,2,2.95,0
CUS8987,8838.78,1,1.6,2
CUS8988,315.14,1,1.9,2
CUS8989,8218.369999999999,2,2.6,2
CUS8990,2966.93,1,1.7,2
CUS8991,50256.7,4,3.3,0
CUS8993,22009.39,2,4.65,1
CUS8996,1553.25,1,2.2,2
CUS8998,13377.15,1,4.7,1
CUS8999,20644.120000000003,2,3.702347368421053,0
CUS9001,21602.18,4,1.575,0
CUS9008,20248.21,2,2.4000000000000004,0
CUS9010,5773.46,2,2.8,2
CUS9013,22961.480000000003,2,3.5,0
CUS9014,5399.58,1,4.8,1
CUS9015,17414.8,1,3.5,1
CUS9016,13589.25,1,3.4,1
CUS9017,1282.44,1,3.6,1
CUS9018,946.88,1,4.7,1
CUS9021,11420.01,1,3.2,1
CUS9022,9716.52,1,3.7,1
CUS9024,563.22,1,2.2,2
CUS9025,11364.49,2,3.45,1
CUS9026,6038.0,2,4.9,1
CUS9027,12231.0,1,3.5,1
CUS9028,26996.25,2,3.65,0
CUS9029,897.31,1,3.0046947368421053,1
CUS9030,1459.62,1,2.7,2
CUS9031,4132.73,1,3.9,1
CUS9032,27650.36,2,3.75,0
CUS9033,19443.32,2,1.5,2
CUS9035,1334.73,1,3.7,1
CUS9037,16182.4,1,2.7,2
CUS9038,5906.0,1,2.2,2
CUS9039,10187.679999999998,2,3.05,1
CUS9040,1732.35,1,4.3,1
CUS9044,1491.08,1,3.4,1
CUS9046,1927.0,1,3.0046947368421053,1
CUS9048,11538.08,1,1.1,2
CUS9049,9727.01,2,3.75,1
CUS9050,15589.579999999998,2,2.5,2
CUS9051,13562.97,2,3.6,1
CUS9053,19617.870000000003,2,3.15,0
CUS9054,13212.92,1,2.6,2
CUS9058,32255.0,3,2.6666666666666665,0
CUS9062,25150.66,2,3.25,0
CUS9064,17297.3,1,2.0,2
CUS9070,3193.04,1,4.5,1
CUS9071,1996.2,1,2.9,2
CUS9072,37729.98,4,3.375,0
CUS9074,453.96,1,3.9,1
CUS9075,4410.87,2,2.4,2
CUS9076,6292.26,1,4.8,1
CUS9077,37425.28,3,3.3682315789473685,0
CUS9078,7942.8,1,3.2,1
CUS9080,1137.52,1,3.4,1
CUS9083,583.13,1,2.2,2
CUS9084,27929.14,3,2.433333333333333,0
CUS9086,3213.18,2,3.3499999999999996,1
CUS9087,3585.8999999999996,1,4.3,1
CUS9088,4606.849999999999,2,3.152347368421053,1
CUS9089,26315.35,3,2.533333333333333,0
CUS9092,34915.770000000004,4,3.625,0
CUS9093,3954.56,1,3.5,1
CUS9096,7289.73,1,1.7,2
CUS9097,4833.06,2,2.65,2
CUS9099,3264.88,1,4.1,1
CUS9102,6341.400000000001,1,1.4,2
CUS9104,8267.45,2,4.35,1
CUS9106,9688.9,1,2.7,2
CUS9108,18790.75,2,4.25,1
CUS9109,16214.28,1,1.4,2
CUS9111,12127.02,2,4.5,1
CUS9112,1093.74,1,3.0,1
CUS9113,5023.200000000001,1,2.5,2
CUS9114,51718.560000000005,4,3.9511736842105263,0
CUS9116,4177.32,1,3.3,1
CUS9118,21068.4,1,2.2,2
CUS9119,11358.59,2,3.25,1
CUS9121,8435.880000000001,1,4.3,1
CUS9123,9052.71,1,3.0046947368421053,1
CUS9124,21821.95,1,1.4,2
CUS9125,11625.5,3,2.4,0
CUS9126,8453.95,1,4.0,1
CUS9129,28654.41,2,4.05,0
CUS9130,10335.9,1,3.5,1
CUS9131,2435.64,1,4.0,1
CUS9132,30190.54,2,1.9,0
CUS9133,1746.8,1,3.8,1
CUS9134,9249.9,3,2.8682315789473685,0
CUS9136,7458.58,2,2.75,2
CUS9139,16974.28,2,3.0999999999999996,0
CUS9140,8642.78,1,2.0,2
CUS9142,27809.0,3,2.2,0
CUS9143,31443.26,2,2.6,0
CUS9145,3968.94,1,1.7,2
CUS9146,5449.25,3,2.466666666666667,0
CUS9148,14416.82,2,2.9,2
CUS9150,2847.17,1,3.7,1
CUS9151,1301.24,1,1.8,2
CUS9153,21704.64,2,2.7,0
CUS9157,19457.93,4,2.0,0
CUS9158,936.63,1,2.4,2
CUS9160,27839.42,5,3.76,0
CUS9162,20276.65,1,1.2,2
CUS9164,2204.56,1,4.6,1
CUS9167,34554.03,2,2.3,0
CUS9170,9395.34,1,4.8,1
CUS9171,3812.65,1,1.5,2
CUS9172,8831.56,1,4.3,1
CUS9173,7515.04,1,3.0046947368421053,1
CUS9174,14427.16,1,2.1,2
CUS9176,18533.71,2,3.5999999999999996,0
CUS9177,12376.26,1,2.8,2
CUS9182,1092.84,1,1.8,2
CUS9183,19181.22,4,2.3249999999999997,0
CUS9184,14678.02,2,2.652347368421053,2
CUS9186,15083.56,1,3.5,1
CUS9188,1337.52,1,3.6,1
CUS9189,11757.64,1,1.2,2
CUS9190,549.77,1,3.9,1
CUS9194,4621.56,1,3.0046947368421053,1
CUS9195,24952.4,1,3.9,1
CUS9196,14488.170000000002,1,1.4,2
CUS9197,7833.85,2,1.2999999999999998,2
CUS9198,11443.92,1,2.8,2
CUS9199,2961.13,2,4.0,1
CUS9200,6151.199999999999,2,3.5523473684210525,1
CUS9204,3498.57,1,2.7,2
CUS9208,12516.3,2,3.3,1
CUS9212,3273.52,1,1.0,2
CUS9215,17321.489999999998,2,3.902347368421053,1
CUS9216,3406.46,1,2.4,2
CUS9217,8876.8,1,1.7,2
CUS9219,13008.4,1,3.5,1
CUS9221,3721.92,3,2.1333333333333333,2
CUS9222,36159.619999999995,3,4.333333333333333,0
CUS9223,20410.14,2,2.45,0
CUS9224,7147.530000000001,1,1.6,2
CUS9225,1827.5,1,2.5,2
CUS9226,4547.29,1,4.9,1
CUS9228,9169.84,1,4.0,1
CUS9229,1667.36,1,3.3,1
CUS9230,37649.64,4,3.625,0
CUS9233,9450.92,1,4.1,1
CUS9235,23495.120000000003,2,2.15,0
CUS9236,1546.6,1,3.8,1
CUS9237,14021.15,2,2.1500000000000004,2
CUS9238,11602.76,1,1.4,2
CUS9242,158.32,1,4.2,1
CUS9244,9320.52,2,2.35,2
CUS9245,6736.799999999999,1,4.8,1
CUS9249,17357.449999999997,1,1.0,2
CUS9251,5671.12,1,3.0,1
CUS9252,29022.72,2,2.9523473684210524,0
CUS9253,11570.29,2,3.5,1
CUS9254,19563.97,2,3.5,0
CUS9261,18407.699999999997,2,1.3,2
CUS9263,8217.78,1,1.2,2
CUS9268,3593.69,1,3.6,1
CUS9269,8879.92,1,3.7,1
CUS9272,14209.05,3,3.533333333333333,0
CUS9275,4719.7,1,2.7,2
CUS9276,2150.94,1,4.3,1
CUS9278,8088.36,1,3.2,1
CUS9280,3152.08,1,3.4,1
CUS9281,21138.42,2,3.1023473684210527,0
CUS9283,4796.28,1,3.8,1
CUS9284,31225.68,3,2.6,0
CUS9285,16521.559999999998,2,3.6,1
CUS9286,3954.46,1,1.5,2
CUS9287,1258.68,1,1.7,2
CUS9288,7182.48,1,1.1,2
CUS9289,17722.52,2,1.85,2
CUS9290,23840.88,3,4.433333333333334,0
CUS9291,14900.88,3,2.3682315789473685,0
CUS9292,8063.41,2,2.6,2
CUS9293,7112.47,2,3.152347368421053,1
CUS9294,29481.1,2,3.25,0
CUS9295,534.78,1,1.0,2
CUS9296,20433.28,2,3.4,0
CUS9297,12297.48,2,2.6023473684210527,2
CUS9298,2969.46,1,4.5,1
CUS9300,17760.55,1,1.9,2
CUS9302,34553.97,2,2.35,0
CUS9303,16006.53,2,3.5523473684210525,1
CUS9304,10688.13,2,4.1,1
CUS9305,1606.05,2,3.45,1
CUS9306,43939.25,2,2.7523473684210527,0
CUS9307,12709.07,2,3.1,1
CUS9308,6269.64,1,4.6,1
CUS9309,4235.59,2,2.95,2
CUS9310,5345.67,2,3.402347368421053,1
CUS9311,10617.69,1,4.9,1
CUS9312,7262.8,1,1.2,2
CUS9313,33099.43,2,3.45,0
CUS9314,10592.56,1,3.7,1
CUS9316,10253.85,2,3.0999999999999996,1
CUS9317,5835.599999999999,1,3.6,1
CUS9318,2647.9,1,2.3,2
CUS9320,11999.03,2,3.65,1
CUS9321,7044.210000000001,1,1.4,2
CUS9322,11456.99,2,2.052347368421053,2
CUS9323,9268.09,2,2.95,2
CUS9324,7807.950000000001,1,3.6,1
CUS9325,26078.86,2,2.5,0
CUS9326,30736.629999999997,3,2.433333333333333,0
CUS9328,12740.88,2,2.7,2
CUS9330,35273.96,3,2.8666666666666667,0
CUS9331,1995.58,1,2.4,2
CUS9332,11866.14,1,3.8,1
CUS9333,8655.03,1,4.2,1
CUS9336,11683.49,2,1.6,2
CUS9337,8322.17,2,2.5999999999999996,2
CUS9338,21635.95,3,2.5333333333333337,0
CUS9340,17930.72,1,3.4,1
CUS9342,2899.76,1,4.7,1
CUS9343,23159.0,1,3.7,1
CUS9346,20480.21,3,2.968231578947368,0
CUS9348,1353.69,1,4.1,1
CUS9351,4119.46,2,2.2,2
CUS9353,12681.8,1,3.2,1
CUS9355,182.52,1,4.3,1
CUS9358,10065.48,2,2.05,2
CUS9360,9833.6,2,2.05,2
CUS9362,6355.05,3,2.6,0
CUS9363,806.0,1,1.0,2
CUS9364,28418.37,4,2.9,0
CUS9365,20223.49,2,3.2,0
CUS9366,12581.2,1,1.7,2
CUS9367,8256.880000000001,2,2.402347368421053,2
CUS9368,14310.11,2,4.25,1
CUS9369,302.96999999999997,1,3.9,1
CUS9370,4906.68,1,3.3,1
CUS9371,17945.620000000003,2,3.8,1
CUS9374,9303.9,1,4.4,1
CUS9375,1983.31,1,3.3,1
CUS9378,22508.02,2,2.45,0
CUS9379,4464.36,1,4.3,1
CUS9380,902.64,1,1.7,2
CUS9381,36291.69,2,3.3,0
CUS9382,10661.32,2,3.3,1
CUS9384,30927.34,2,2.05,0
CUS9385,9668.85,1,1.3,2
CUS9386,9658.94,1,4.7,1
CUS9388,650.08,1,3.9,1
CUS9391,18128.68,3,3.4,0
CUS9392,4537.14,1,2.5,2
CUS9393,11916.84,1,4.8,1
CUS9394,19432.72,1,2.4,2
CUS9395,13344.49,2,1.85,2
CUS9396,11884.73,2,3.05,1
CUS9398,2475.14,1,4.0,1
CUS9401,21359.699999999997,1,2.2,2
CUS9402,3118.11,1,3.7,1
CUS9403,7826.14,1,3.3,1
CUS9404,10044.8,2,3.802347368421053,1
CUS9405,23460.84,2,3.2,0
CUS9406,3783.39,1,3.0046947368421053,1
CUS9407,20471.77,4,3.9,0
CUS9408,41124.73,3,1.4,0
CUS9410,7189.16,1,1.9,2
CUS9411,12796.68,2,3.25,1
CUS9412,857.08,1,1.3,2
CUS9414,8880.75,2,1.5499999999999998,2
CUS9415,6036.67,2,2.5999999999999996,2
CUS9416,6494.469999999999,2,3.75,1
CUS9418,21267.05,3,3.4,0
CUS9421,18563.19,2,4.45,1
CUS9425,5962.549999999999,2,1.5,2
CUS9426,6529.91,2,2.7,2
CUS9428,34624.02,3,3.9333333333333336,0
CUS9429,4187.6,1,4.2,1
CUS9430,6506.450000000001,2,3.4,1
CUS9431,10923.27,1,4.4,1
CUS9433,19044.84,1,1.3,2
CUS9434,5309.7,1,4.6,1
CUS9436,34275.62,3,3.4015649122807017,0
CUS9437,4978.1900000000005,2,3.25,1
CUS9438,15262.44,1,1.5,2
CUS9440,829.3199999999999,1,3.2,1
CUS9441,11224.72,2,2.802347368421053,2
CUS9442,24179.85,2,2.35,0
CUS9444,3030.34,1,4.2,1
CUS9446,9640.84,2,3.05,1
CUS9447,4101.75,1,4.7,1
CUS9448,763.9,1,2.7,2
CUS9453,690.99,1,2.1,2
CUS9454,11262.88,2,2.8,2
CUS9455,35428.81,5,2.92,0
CUS9456,4075.2,2,1.95,2
CUS9457,4679.55,1,2.4,2
CUS9458,3287.86,1,2.5,2
CUS9459,7463.92,2,3.25,1
CUS9460,4483.59,1,4.1,1
CUS9468,25594.35,2,3.952347368421053,0
CUS9471,21591.300000000003,2,1.75,2
CUS9473,25341.81,2,4.199999999999999,0
CUS9474,22088.5,1,5.0,1
CUS9475,17460.38,3,4.066666666666666,0
CUS9477,4714.570000000001,2,3.5,1
CUS9478,5486.72,1,4.4,1
CUS9479,3548.74,1,3.9,1
CUS9480,13022.2,1,4.7,1
CUS9481,3106.24,1,2.5,2
CUS9482,2152.56,2,4.1,1
CUS9484,5491.860000000001,2,3.6,1
CUS9485,13576.84,2,2.05,2
CUS9486,26458.99,2,4.800000000000001,0
CUS9487,14832.59,2,4.25,1
CUS9489,12229.92,1,3.9,1
CUS9490,14025.04,1,3.4,1
CUS9491,16309.0,1,4.6,1
CUS9492,9587.75,1,1.6,2
CUS9495,9730.98,1,4.7,1
CUS9496,40301.29,4,2.7011736842105263,0
CUS9498,4104.12,1,3.6,1
CUS9499,24867.1,1,4.1,1
CUS9500,5584.4,2,2.05,2
CUS9501,8483.48,1,1.6,2
CUS9505,24486.95,1,4.1,1
CUS9507,31117.83,4,2.425,0
CUS9508,15780.45,1,3.0046947368421053,1
CUS9509,9537.24,1,2.1,2
CUS9510,19458.699999999997,1,4.5,1
CUS9514,10797.54,1,2.3,2
CUS9516,12494.43,1,2.4,2
CUS9517,518.31,1,3.3,1
CUS9518,1646.88,1,1.3,2
CUS9520,17746.04,3,3.8333333333333335,0
CUS9522,8717.44,1,2.3,2
CUS9523,5575.53,1,4.9,1
CUS9524,8338.36,1,3.9,1
CUS9525,14261.73,1,1.8,2
CUS9527,6861.22,2,2.5,2
CUS9528,3384.3900000000003,2,3.7,1
CUS9529,15717.43,2,2.25,2
CUS9531,8905.59,3,3.466666666666667,0
CUS9532,14516.6,1,3.5,1
CUS9533,23234.4,3,3.3666666666666667,0
CUS9534,15555.09,2,3.6023473684210527,1
CUS9537,1403.4,1,2.1,2
CUS9538,59379.1,4,3.4,0
CUS9539,21826.550000000003,1,3.0046947368421053,1
CUS9540,23871.32,2,2.15,0
CUS9541,9428.37,1,3.6,1
CUS9543,9917.93,2,3.652347368421053,1
CUS9545,12015.76,2,3.4499999999999997,1
CUS9547,2276.18,2,1.35,2
CUS9548,9606.21,1,2.4,2
CUS9549,26224.75,2,3.65,0
CUS9550,7746.320000000001,2,3.0,1
CUS9551,12332.35,1,2.9,2
CUS9553,12185.4,3,3.9333333333333336,0
CUS9554,2203.12,1,3.6,1
CUS9555,3750.96,1,2.2,2
CUS9556,22392.229999999996,2,2.8,0
CUS9557,1610.88,1,1.8,2
CUS9559,20898.58,2,2.55,0
CUS9560,14544.6,1,2.0,2
CUS9563,5297.3099999999995,2,2.75,2
CUS9564,1072.46,1,2.7,2
CUS9565,10488.44,2,2.402347368421053,2
CUS9566,19956.5,2,1.15,2
CUS9567,3965.1,2,3.95,1
CUS9568,30197.08,2,4.4,0
CUS9569,28165.1,3,2.733333333333333,0
CUS9570,22194.08,3,2.4333333333333336,0
CUS9571,12083.91,3,3.033333333333333,0
CUS9572,14614.8,1,4.0,1
CUS9573,10133.25,1,2.0,2
CUS9574,1810.5,1,2.4,2
CUS9575,10420.32,1,1.3,2
CUS9576,1372.61,1,1.5,2
CUS9579,15813.52,1,3.9,1
CUS9580,24064.949999999997,2,1.6,0
CUS9581,19950.18,2,2.8,0
CUS9582,18250.31,4,3.2,0
CUS9583,19987.47,2,3.75,0
CUS9584,13837.16,1,1.7,2
CUS9586,2065.04,1,1.8,2
CUS9587,8076.6,2,2.1023473684210527,2
CUS9588,17711.6,1,2.6,2
CUS9589,17593.0,1,2.5,2
CUS9591,23294.2,3,3.3666666666666667,0
CUS9593,1678.44,1,3.3,1
CUS9594,15865.8,1,1.5,2
CUS9596,31844.62,2,2.15,0
CUS9597,20077.46,2,1.1,2
CUS9598,12936.79,3,2.466666666666667,0
CUS9600,16191.7,1,3.7,1
CUS9601,3898.6,1,1.2,2
CUS9602,2596.6,1,2.2,2
CUS9603,5560.200000000001,1,1.4,2
CUS9604,13804.35,1,4.6,1
CUS9606,2828.62,1,2.4,2
CUS9607,12078.64,2,2.65,2
CUS9608,14433.45,1,2.8,2
CUS9609,2242.01,2,2.3,2
CUS9610,2905.17,1,1.1,2
CUS9611,46314.75,4,2.9511736842105263,0
CUS9612,18822.35,2,3.6,0
CUS9613,12593.04,2,2.15,2
CUS9615,1159.76,1,2.7,2
CUS9617,8035.0,1,1.3,2
CUS9620,10313.5,1,4.7,1
CUS9621,1634.78,1,1.9,2
CUS9622,8626.76,1,2.4,2
CUS9623,4154.67,1,4.3,1
CUS9624,16776.75,1,2.4,2
CUS9625,15028.2,1,4.3,1
CUS9626,14767.36,2,2.7,2
CUS9628,15306.1,1,4.8,1
CUS9629,1625.64,1,3.4,1
CUS9631,671.48,1,3.4,1
CUS9632,17656.68,3,2.533333333333333,0
CUS9636,1768.28,1,4.1,1
CUS9638,5906.82,2,2.7523473684210527,2
CUS9642,16791.61,3,2.533333333333333,0
CUS9643,10904.0,1,4.6,1
CUS9644,34141.72,2,4.05,0
CUS9645,15256.84,1,3.1,1
CUS9646,15159.34,2,2.85,0
CUS9647,636.37,1,3.0046947368421053,1
CUS9648,3591.35,1,3.3,1
CUS9651,13696.8,1,3.1,1
CUS9652,15373.02,2,3.2,0
CUS9653,13152.9,1,2.4,2
CUS9655,6491.099999999999,1,2.9,2
CUS9656,8796.45,1,1.2,2
CUS9657,21611.17,2,3.85,0
CUS9658,10217.16,1,3.9,1
CUS9659,289.09,1,3.0,1
CUS9660,13787.75,1,4.1,1
CUS9661,2121.02,1,3.1,1
CUS9662,20570.85,1,3.9,1
CUS9663,18433.859999999997,2,1.9,2
CUS9666,2054.36,1,3.6,1
CUS9667,1957.94,1,3.7,1
CUS9670,15936.5,2,2.85,0
CUS9672,15903.84,2,3.3499999999999996,1
CUS9675,3619.09,1,1.9,2
CUS9676,10920.41,2,4.05,1
CUS9677,4600.5,1,4.8,1
CUS9679,4302.17,1,4.3,1
CUS9680,1125.06,1,1.9,2
CUS9682,14856.94,3,2.3333333333333335,0
CUS9685,3797.95,1,2.1,2
CUS9688,138.54,1,1.1,2
CUS9689,8393.400000000001,1,1.4,2
CUS9690,1139.85,1,3.6,1
CUS9692,4786.66,2,3.55,1
CUS9696,2341.84,1,1.6,2
CUS9699,3626.8,1,3.5,1
CUS9700,16805.46,2,2.3,2
CUS9703,8512.02,3,3.7000000000000006,0
CUS9704,1323.5,1,3.8,1
CUS9707,5827.38,1,4.3,1
CUS9708,31675.92,3,3.1999999999999997,0
CUS9709,675.58,1,2.4,2
CUS9710,20031.67,2,3.8,0
CUS9711,2933.04,1,3.3,1
CUS9713,18660.97,2,2.75,0
CUS9715,3166.74,1,3.9,1
CUS9716,40733.6,3,2.8333333333333335,0
CUS9718,9217.4,1,4.4,1
CUS9719,10701.2,2,1.3,2
CUS9720,22925.0,1,3.7,1
CUS9723,12980.07,1,4.6,1
CUS9724,16467.0,1,3.4,1
CUS9728,17357.57,3,2.8000000000000003,0
CUS9729,18417.620000000003,3,3.6,0
CUS9730,46638.61,5,3.520938947368421,0
CUS9733,3207.9,1,3.8,1
CUS9734,28452.74,2,3.95,0
CUS9735,21758.85,1,3.0046947368421053,1
CUS9736,21631.54,2,2.25,0
CUS9737,2534.63,1,4.6,1
CUS9738,1315.53,2,3.25,1
CUS9741,20246.18,2,4.15,1
CUS9742,13125.48,1,4.8,1
CUS9743,34565.770000000004,3,2.3666666666666667,0
CUS9745,3882.68,1,1.9,2
CUS9746,18970.05,3,3.233333333333333,0
CUS9747,8440.4,1,1.5,2
CUS9748,38035.14,2,3.6,0
CUS9749,3308.94,1,3.7,1
CUS9750,11799.25,1,1.3,2
CUS9751,8305.23,2,3.65,1
CUS9753,1400.49,1,4.6,1
CUS9754,13782.3,1,1.6,2
CUS9756,1075.75,2,3.95,1
CUS9757,2512.5,1,3.3,1
CUS9758,22457.0,1,1.7,2
CUS9759,21857.85,1,4.3,1
CUS9763,42362.28,2,2.15,0
CUS9764,1663.99,1,3.0,1
CUS9765,20340.24,2,3.7,0
CUS9766,4808.2,1,2.3,2
CUS9768,15341.1,1,1.3,2
CUS9769,19453.6,2,3.2,0
CUS9770,3958.4,1,4.0,1
CUS9771,9618.12,1,3.4,1
CUS9772,12523.28,2,3.35,1
CUS9773,4703.13,1,3.8,1
CUS9774,14017.77,1,2.4,2
CUS9776,286.66,1,1.3,2
CUS9777,9419.25,1,2.5,2
CUS9778,2440.44,1,3.9,1
CUS9779,17814.3,1,2.8,2
CUS9780,924.8,1,3.1,1
CUS9781,10338.04,2,4.6,1
CUS9783,30444.92,2,2.15,0
CUS9784,13870.36,1,1.3,2
CUS9785,4162.44,1,3.0,1
CUS9786,24718.18,2,1.85,0
CUS9787,13455.5,1,1.8,2
CUS9788,3524.4,1,3.5,1
CUS9789,13717.22,2,3.45,1
CUS9790,4996.48,2,2.9,2
CUS9792,19983.65,1,2.1,2
CUS9793,11189.25,1,3.0046947368421053,1
CUS9794,4573.139999999999,2,4.2,1
CUS9795,6034.08,1,4.5,1
CUS9796,1604.48,1,3.5,1
CUS9797,11564.08,2,3.0500000000000003,1
CUS9798,13931.31,1,2.0,2
CUS9799,11488.15,1,4.5,1
CUS9800,3911.46,1,4.6,1
CUS9801,1118.68,1,1.8,2
CUS9802,24799.7,2,3.052347368421053,0
CUS9804,19239.36,1,4.0,1
CUS9809,3213.85,1,1.8,2
CUS9811,9793.19,2,1.55,2
CUS9812,2942.68,1,4.9,1
CUS9815,7296.0,2,4.3,1
CUS9816,29270.08,2,2.15,0
CUS9817,7085.92,1,3.0,1
CUS9818,13997.7,1,1.0,2
CUS9820,2552.52,1,4.4,1
CUS9824,2983.47,1,3.6,1
CUS9825,7198.8,1,2.5,2
CUS9827,4195.31,1,3.3,1
CUS9831,4412.43,1,1.9,2
CUS9833,1753.72,1,3.3,1
CUS9834,462.12,1,3.0046947368421053,1
CUS9835,5115.66,1,4.1,1
CUS9838,4375.16,1,2.0,2
CUS9839,2339.71,1,2.9,2
CUS9840,1851.51,1,1.4,2
CUS9841,26999.14,4,2.85,0
CUS9842,16125.64,1,1.5,2
CUS9843,25878.78,2,3.0,0
CUS9845,31333.949999999997,3,3.768231578947368,0
CUS9846,9000.76,2,2.2,2
CUS9847,20715.089999999997,2,3.4523473684210524,0
CUS9848,2541.96,2,2.75,2
CUS9849,12310.95,1,1.7,2
CUS9850,10718.19,2,4.25,1
CUS9851,981.86,1,4.6,1
CUS9854,2904.93,1,2.1,2
CUS9855,1376.11,1,2.2,2
CUS9856,11450.32,2,2.0,2
CUS9859,39413.9,4,4.025,0
CUS9860,4396.88,1,1.4,2
CUS9861,4979.38,1,1.2,2
CUS9862,21352.4,2,3.4523473684210524,0
CUS9864,24147.29,2,3.702347368421053,0
CUS9865,28890.4,2,3.45,0
CUS9866,33037.92,4,2.725,0
CUS9867,7904.83,2,3.9,1
CUS9868,3454.6,1,1.6,2
CUS9870,5487.32,2,3.2523473684210527,1
CUS9871,14157.35,2,3.65,1
CUS9872,10890.490000000002,2,1.8,2
CUS9874,3150.15,1,3.6,1
CUS9875,6824.04,1,4.3,1
CUS9876,15420.15,1,1.4,2
CUS9877,3751.85,1,1.3,2
CUS9879,1670.5500000000002,2,4.25,1
CUS9880,17497.25,1,2.6,2
CUS9881,9498.8,1,3.0,1
CUS9882,1493.86,1,4.7,1
CUS9885,6142.780000000001,3,2.766666666666667,0
CUS9886,6565.41,2,3.3,1
CUS9888,10614.52,3,2.6999999999999997,0
CUS9889,41342.0,3,2.8666666666666667,0
CUS9890,663.33,1,4.4,1
CUS9891,7363.6,1,1.1,2
CUS9893,3824.01,1,3.2,1
CUS9894,39538.08,5,2.8600000000000003,0
CUS9896,12326.33,2,2.65,2
CUS9897,10095.3,2,2.5,2
CUS9898,2025.78,1,2.0,2
CUS9899,1603.82,1,4.1,1
CUS9900,19386.78,2,2.6,0
CUS9901,7019.68,2,3.652347368421053,1
CUS9904,614.35,1,4.5,1
CUS9905,4581.46,1,4.6,1
CUS9906,4839.62,2,3.35,1
CUS9910,20065.12,4,2.075,0
CUS9911,27133.370000000003,2,1.35,0
CUS9912,25452.25,2,4.002347368421052,0
CUS9913,14766.5,2,2.0,2
CUS9914,15601.48,1,2.6,2
CUS9916,7423.88,1,4.6,1
CUS9917,16617.3,1,4.7,1
CUS9918,8937.4,1,3.2,1
CUS9920,12416.7,2,1.7000000000000002,2
CUS9921,7391.58,2,3.75,1
CUS9922,6963.7300000000005,2,2.3,2
CUS9924,5691.700000000001,2,2.0,2
CUS9926,13423.58,2,4.2,1
CUS9927,8492.3,2,3.6,1
CUS9929,2782.56,1,3.2,1
CUS9930,19441.31,2,4.05,1
CUS9931,7332.18,1,4.5,1
CUS9934,11863.6,2,3.35,1
CUS9936,6680.43,1,4.1,1
CUS9938,19708.9,1,2.2,2
CUS9940,9583.5,1,2.2,2
CUS9942,3483.21,1,2.3,2
CUS9943,13668.009999999998,2,4.0,1
CUS9944,1043.24,1,4.0,1
CUS9945,2852.54,1,4.4,1
CUS9947,2432.2799999999997,1,1.5,2
CUS9948,9194.92,1,2.1,2
CUS9950,8531.02,1,4.9,1
CUS9952,154.97,1,2.4,2
CUS9953,5565.5599999999995,3,2.3682315789473685,2
CUS9954,32248.97,3,3.334898245614035,0
CUS9956,6806.64,1,2.1,2
CUS9958,1450.88,1,3.8,1
CUS9959,4797.94,1,2.7,2
CUS9961,10095.76,1,3.6,1
CUS9963,10622.67,1,4.3,1
CUS9964,10395.3,2,2.8499999999999996,2
CUS9966,4724.13,1,3.0046947368421053,1
CUS9967,13813.66,5,3.040938947368421,0
CUS9969,2757.99,1,2.9,2
CUS9971,952.68,1,1.4,2
CUS9972,21133.38,2,2.552347368421053,0
CUS9975,15359.93,2,2.5,2
CUS9976,8292.22,1,2.1,2
CUS9980,20830.4,3,2.6999999999999997,0
CUS9982,22771.6,1,4.7,1
CUS9984,18756.8,2,4.550000000000001,1
CUS9987,15683.0,1,1.9,2
CUS9988,4078.12,1,3.0046947368421053,1
CUS9989,12078.5,3,3.966666666666667,0
CUS9991,7868.75,1,2.5,2
CUS9992,24088.22,3,3.1,0
CUS9993,4648.11,1,4.4,1
CUS9994,13380.259999999998,2,2.95,2
CUS9995,24498.6,1,1.3,2
CUS9998,13865.34,2,2.3,2
CUS9999,13244.92,1,3.1,1
