order_id,customer_id,customer_name,city,product_category,price,quantity,payment_method,order_date,delivery_days,rating
ORD100000,CUS5064,Stephanie Sellers,East Deborah,Sports,754.66,2,Net Banking,2026-01-22,3,4.2
ORD100001,CUS2698,Michael Serrano,Longtown,Clothing,4555.67,4,Debit Card,2024-04-22,7,2.7
ORD100002,CUS3200,Brenda Jefferson,Lake Donald,Clothing,1279.42,2,Debit Card,2024-05-11,6,4.8
ORD100003,CUS3731,Michelle Singleton,New Patriciamouth,Clothing,3380.2,4,UPI,2025-06-13,1,4.7
ORD100004,CUS3085,Jack Johnson,Erictown,Home,3795.27,2,Net Banking,2025-05-05,4,3.2
ORD100005,CUS5723,Gregory Wilson,Erinmouth,Beauty,3288.83,3,Debit Card,2025-04-22,5,3.2
ORD100006,CUS6658,Ryan Allison,New Davidstad,Electronics,3195.71,4,UPI,2025-09-29,7,1.6
ORD100007,CUS9663,Robert Stevens,Adrianshire,Books,4353.73,4,Cash on Delivery,2026-02-27,6,2.6
ORD100008,CUS3166,Jason Hahn,West Maryview,Electronics,3723.7,3,Debit Card,2026-02-06,5,4.1
ORD100009,CUS5274,Richard Smith,Grantmouth,Sports,3324.55,1,Debit Card,2025-11-25,4,4.5
ORD100010,CUS4827,Jason Rodriguez,East George,Sports,3464.22,3,UPI,2025-05-06,4,2.1
ORD100011,CUS3555,Jessica Stuart,Karenville,Home,1793.11,2,Debit Card,2024-11-10,5,4.0
ORD100012,CUS5892,Alicia Summers,East Jeffrey,Electronics,2573.74,4,Cash on Delivery,2024-09-19,1,4.4
ORD100013,CUS1730,Deborah Walters,Martinfurt,Clothing,4377.31,4,Cash on Delivery,2025-07-19,4,2.4
ORD100014,CUS5841,Ashley Matthews,North Melaniefort,Home,3316.41,4,Debit Card,2025-05-29,7,3.0
ORD100015,CUS5636,Joshua Ward,Jeanneburgh,Home,3583.77,2,Credit Card,2024-10-06,6,2.1
ORD100016,CUS9587,Ronald Church,New Tracy,Books,159.6,3,UPI,2024-05-13,3,
ORD100017,CUS6901,Jonathan Lopez,South Ashley,Books,3112.75,3,UPI,2026-01-22,4,
ORD100018,CUS8742,Travis Dunlap,Edwardborough,Books,2374.15,1,Debit Card,2025-03-10,4,1.4
ORD100019,CUS3887,Jennifer Patterson,Yolandabury,Books,3562.55,5,Cash on Delivery,2024-06-25,2,2.1
ORD100020,CUS5103,Dorothy Price,New Brian,Electronics,3322.73,2,Credit Card,2025-06-23,7,2.5
ORD100021,CUS4329,Eileen Boyd,East Troyland,Electronics,1089.36,5,UPI,2024-12-13,1,1.6
ORD100022,CUS7369,Misty Jones,South Jenniferport,Home,3276.57,3,Debit Card,2024-12-05,4,2.0
ORD100023,CUS6501,Sharon Bernard,Jerrymouth,Home,1595.72,3,UPI,2025-09-24,2,2.1
ORD100024,CUS1735,David White,Lake Amy,electronics,3593.59,3,UPI,2025-03-18,3,1.1
ORD100025,CUS1062,Anthony Hoover,Port Brett,Beauty,685.88,1,Debit Card,2026-01-26,7,4.8
ORD100026,CUS2050,Alex Weeks,Smithview,Beauty,3422.85,1,UPI,2024-07-19,7,1.2
ORD100027,CUS7614,Lisa Fleming,Jacksonport,Sports,3655.95,5,UPI,2024-12-13,6,4.1
ORD100028,CUS2714,Carol Mendoza,Hillstad,Sports,2382.67,4,Cash on Delivery,2024-10-01,7,1.8
ORD100029,CUS4771,Erika Allen MD,Millsshire,Books,1281.78,5,UPI,2026-01-08,7,1.2
ORD100030,CUS2278,Natasha Gutierrez,Herringstad,Beauty,4683.46,4,Debit Card,2026-03-10,7,2.5
ORD100031,CUS5609,,Bentonland,Books,2041.77,1,Debit Card,2025-09-26,7,2.6
ORD100032,CUS4857,Elizabeth Hammond,Sarahland,Electronics,378.93,3,Net Banking,2024-09-24,4,3.2
ORD100033,CUS8003,Patrick Allison,New Tylerberg,Clothing,645.35,2,Debit Card,2024-11-29,3,4.9
ORD100034,CUS8660,James Wallace,East Benjaminmouth,Books,4660.81,2,Debit Card,2025-05-17,7,3.2
ORD100035,CUS5721,Shannon Lewis,Brownchester,Clothing,1325.42,5,UPI,2024-07-13,6,4.5
ORD100036,CUS4028,Christopher Gibson,Port Andrew,Home,1073.12,5,UPI,2025-01-29,5,1.7
ORD100037,CUS1892,Katelyn Mcconnell,Davistown,Clothing,774.63,3,Cash on Delivery,2026-03-06,5,3.9
ORD100038,CUS4178,Lisa Castillo,Ortegahaven,Books,4632.64,4,UPI,2024-06-21,4,4.6
ORD100039,CUS6390,Kevin Mccormick,West Dennishaven,Clothing,2463.3,4,UPI,2024-05-30,2,4.9
ORD100040,CUS6011,Kristopher Gray,West Courtneyborough,Sports,1980.83,1,Debit Card,2025-02-24,1,1.0
ORD100041,CUS8230,Jonathan Haley,New Sarahport,Sports,4663.8,3,Net Banking,2024-07-26,2,2.6
ORD100042,CUS6685,Joseph Hicks,Turnerview,electronics,3962.42,4,Credit Card,2024-05-26,1,2.5
ORD100043,CUS7472,Vanessa Tucker,Lake Karenfurt,Clothing,731.92,2,Debit Card,2024-12-02,3,1.4
ORD100044,CUS9051,Robert Butler,Brownfurt,Clothing,4646.76,1,Debit Card,2025-07-10,7,5.0
ORD100045,CUS4665,Christina Shaw,Gallaghermouth,Books,1969.84,2,Credit Card,2024-10-04,1,4.2
ORD100046,CUS2172,,Rodriguezberg,Books,1650.67,2,Credit Card,2025-07-13,6,3.1
ORD100047,CUS7960,Zachary Leon,South Matthewside,Clothing,518.1,2,UPI,2025-12-03,1,3.4
ORD100048,CUS6155,Brian Shaw,South Kimberlystad,Sports,1585.69,3,Cash on Delivery,2025-12-22,7,4.4
ORD100049,CUS7119,,Jamesview,Beauty,3831.12,5,Debit Card,2025-02-04,2,3.5
ORD100050,CUS1998,Mrs. Brianna Garcia,Rebekahshire,Sports,3480.77,1,Net Banking,2025-07-17,7,1.3
ORD100051,CUS1961,Stephen Mack,Christopherchester,Sports,2837.65,3,UPI,2024-07-11,7,1.8
ORD100052,CUS1752,Jamie Rivera MD,Joshuaberg,Beauty,509.89,5,Debit Card,2024-06-22,7,2.1
ORD100053,CUS1865,John Payne,Martinhaven,Sports,222.78,4,Debit Card,2024-07-02,4,1.7
ORD100054,CUS7399,Sara Robinson,Tiffanymouth,Sports,3248.99,1,Cash on Delivery,2024-04-15,2,4.0
ORD100055,CUS3402,Debbie Gonzalez,Jessicabury,Beauty,4064.74,2,Cash on Delivery,2025-08-02,1,2.3
ORD100056,CUS8240,Robyn Webb,Port Bethburgh,Beauty,3483.31,2,UPI,2024-12-08,3,1.2
ORD100057,CUS5115,Matthew Hall,Port Brandon,Beauty,4220.68,4,UPI,2024-08-05,6,3.2
ORD100058,CUS2466,,Hillmouth,Books,2529.73,4,Net Banking,2024-07-20,7,4.6
ORD100059,CUS3755,Matthew Green,Wongbury,Clothing,708.93,5,Debit Card,2025-03-13,3,1.7
ORD100060,CUS2282,Jamie Lowe,Michaelport,Beauty,4995.84,2,Cash on Delivery,2024-08-03,3,3.0
ORD100061,CUS2917,Jeffrey Diaz,Cameronside,Electronics,2606.25,4,UPI,2026-01-11,5,3.0
ORD100062,CUS2142,Sarah Hughes,New Shawnstad,Books,3126.93,2,Credit Card,2025-02-14,2,4.6
ORD100063,CUS7729,William Jones,West Anthonyfort,Home,2940.79,4,UPI,2025-09-12,2,2.1
ORD100064,CUS6654,Ronald Maldonado,Sharpchester,Home,4057.25,1,Cash on Delivery,2025-06-22,4,1.6
ORD100065,CUS6262,Hannah Herrera,East James,Clothing,4676.37,2,Net Banking,2025-10-26,5,1.2
ORD100066,CUS6328,William Brewer,Allisonville,Clothing,4239.58,3,Net Banking,2025-07-20,4,1.5
ORD100067,CUS6977,Lauren Wilson,West Karastad,Home,330.05,3,Credit Card,2025-04-30,4,1.5
ORD100068,CUS2470,Melissa Hardin,Port Rodney,Beauty,2376.89,5,Net Banking,2025-05-24,3,1.7
ORD100069,CUS2932,Michelle Curtis,New Whitneyfurt,Beauty,810.15,1,Cash on Delivery,2024-11-02,7,1.1
ORD100070,CUS5066,Andrew Carter,Lake Andreaborough,Books,495.13,2,Credit Card,2025-11-08,7,4.9
ORD100071,CUS2477,Ricardo Miller,Lake Leeshire,Sports,808.87,2,Credit Card,2025-09-06,2,4.5
ORD100072,CUS6404,Mrs. Ann Ochoa,Michaelfurt,Home,1637.85,1,Net Banking,2025-05-29,3,2.2
ORD100073,CUS6168,Donna Johnson,Frychester,Electronics,4111.24,1,Cash on Delivery,2026-01-23,7,3.0
ORD100074,CUS4637,Christina Wyatt,Debraberg,Clothing,3832.47,2,Cash on Delivery,2024-07-19,3,
ORD100075,CUS8669,Craig Ingram,East Dariusmouth,Clothing,4709.99,2,Debit Card,2025-03-14,2,4.4
ORD100076,CUS2272,Jacob Gonzalez,East Caitlinbury,Sports,4698.66,5,UPI,2024-04-03,4,2.3
ORD100077,CUS2250,Brandon Brown,South Derekview,Home,141.96,1,Net Banking,2024-11-10,4,4.7
ORD100078,CUS5069,Erika Avila,South Tyler,Sports,2325.03,3,Credit Card,2024-11-07,3,4.2
ORD100079,CUS3588,Jesse Franklin,Turnerville,Home,3655.08,5,Debit Card,2025-12-15,4,1.2
ORD100080,CUS1729,Dana Santana,Travisfurt,Home,634.84,1,Credit Card,2024-08-02,5,4.6
ORD100081,CUS6517,Christopher Nelson,Rebeccaview,Home,2053.74,3,Credit Card,2025-02-12,6,1.3
ORD100082,CUS1266,Christopher Baker,North Roger,Sports,1117.56,3,Net Banking,2025-10-24,1,1.1
ORD100083,CUS5193,Alicia Nguyen,West Steven,Home,1314.37,3,Net Banking,2024-10-12,3,1.9
ORD100084,CUS2838,Benjamin Singleton,Chadstad,Electronics,1447.58,5,Debit Card,2024-12-14,7,2.9
ORD100085,CUS1777,Anna Rodgers,Jordanfort,electronics,4315.6,2,UPI,2024-06-17,6,2.9
ORD100086,CUS5691,Sherry Parks,New Jennychester,Electronics,3278.41,3,Cash on Delivery,2025-08-01,4,4.8
ORD100087,CUS8211,Jeffrey Ortiz MD,East Leonhaven,Clothing,2949.73,4,Debit Card,2026-02-25,7,4.4
ORD100088,CUS3189,Ana Robinson,South Lisa,Books,4009.24,2,Debit Card,2024-08-06,1,
ORD100089,CUS9980,Kelly Harrison,Cynthiastad,Sports,1337.14,2,UPI,2025-10-06,4,2.8
ORD100090,CUS2524,Kayla Phillips,Port Dianaton,Electronics,2946.21,2,UPI,2025-10-29,1,3.0
ORD100091,CUS1968,Steven Baker,East Tyler,Sports,2156.95,1,Debit Card,2024-09-15,6,2.5
ORD100092,CUS8176,Michelle Cortez,South Michael,Sports,3983.93,2,Credit Card,2025-07-31,4,1.7
ORD100093,CUS6912,Rachel Welch,Timothybury,Sports,3701.03,3,Net Banking,2025-11-07,3,3.7
ORD100094,CUS2441,Joseph Ferguson,South Jamie,Sports,569.2,5,Debit Card,2025-05-17,6,4.1
ORD100095,CUS1283,Dennis Sullivan,Youngport,Beauty,2732.97,4,Cash on Delivery,2024-04-24,2,2.8
ORD100096,CUS5523,Melissa Scott,Port Danielstad,Home,267.15,4,Credit Card,2025-03-27,6,2.6
ORD100097,CUS3706,Andrew Merritt,Turnerton,Clothing,4330.19,3,UPI,2025-07-19,4,4.5
ORD100098,CUS3435,Andrea Ortega,New Adrianbury,Sports,3271.99,3,Cash on Delivery,2024-08-24,1,1.1
ORD100099,CUS7352,Robert Parker,East Harryland,Books,2326.65,4,Debit Card,2024-10-01,4,1.9
ORD100100,CUS1632,Dr. Ashley Cobb,South Nancy,electronics,3066.47,5,Cash on Delivery,2025-06-27,7,4.2
ORD100101,CUS3737,Sheri Gentry,Port Jasontown,Beauty,441.64,3,UPI,2024-07-25,2,2.3
ORD100102,CUS8493,Christine Barber,Johnsonbury,Home,2115.43,2,Debit Card,2026-01-27,3,4.6
ORD100103,CUS3977,Mark Ford,North Clifford,Clothing,2172.83,5,Debit Card,2024-04-27,3,2.2
ORD100104,CUS8790,Thomas Dudley,Lanefort,Clothing,4377.4,5,Cash on Delivery,2025-03-08,6,3.9
ORD100105,CUS4936,Jill Winters DDS,Port Spencerburgh,Electronics,2302.73,3,Credit Card,2024-11-20,7,1.8
ORD100106,CUS8501,Dana Cohen,Rhondahaven,Books,3920.19,4,UPI,2025-02-15,5,1.7
ORD100107,CUS7248,Kristin Petersen,South Nicholas,Electronics,2797.07,4,Credit Card,2025-12-10,7,1.3
ORD100108,CUS7497,Gina Collins,South Stacy,Books,3006.8,1,Net Banking,2024-10-19,1,4.2
ORD100109,CUS5489,Kimberly Bowen,Michaeltown,Home,3500.03,5,Credit Card,2024-03-26,1,2.8
ORD100110,CUS8243,Andrea Williams,East Brittanymouth,Electronics,3831.2,5,Cash on Delivery,2025-03-22,7,1.9
ORD100111,CUS6255,William Chen,East Marktown,Sports,2159.47,4,Debit Card,2024-09-17,2,1.5
ORD100112,CUS5535,Melissa Thomas,North Brendaberg,electronics,2740.58,1,Debit Card,2025-01-23,2,4.2
ORD100113,CUS9976,Kelly Johnson,West Joshuamouth,Clothing,4146.11,2,Net Banking,2025-04-04,5,2.1
ORD100114,CUS2647,Calvin Kim,Georgeland,Clothing,202.07,3,Debit Card,2025-04-17,6,2.0
ORD100115,CUS7130,Amber Montgomery,Moralesshire,Books,2763.5,5,Debit Card,2025-01-04,2,5.0
ORD100116,CUS5965,Sarah Martin,Port Samanthamouth,Electronics,160.4,3,Debit Card,2025-08-05,4,1.6
ORD100117,CUS2495,Ralph Erickson,Henryside,Beauty,3352.23,1,Cash on Delivery,2025-06-05,3,2.8
ORD100118,CUS4791,Preston Torres,Smithchester,Home,2952.89,3,Net Banking,2025-01-23,2,1.2
ORD100119,CUS1505,Kristy Hunt,Port Karen,Electronics,2908.54,3,Debit Card,2025-12-17,4,1.2
ORD100120,CUS3383,William Johnson,East Rachel,Clothing,1714.21,4,UPI,2025-03-25,4,4.3
ORD100121,CUS6277,Daniel Harris,Mossmouth,Home,4356.14,5,Credit Card,2025-05-23,7,4.3
ORD100122,CUS6930,Dean Sandoval,Nancyport,Home,1516.8,4,Debit Card,2026-03-02,7,2.4
ORD100123,CUS3076,Jane Morris,West Candace,Sports,4534.39,5,UPI,2025-03-06,5,
ORD100124,CUS7342,Steven Wang,Aaronberg,Home,1760.46,4,UPI,2024-03-13,6,3.8
ORD100125,CUS6828,Jason Guerrero,Burnettborough,Books,4997.74,4,UPI,2024-08-02,2,1.1
ORD100126,CUS8039,Elizabeth Woodward,Monicaton,Beauty,957.59,1,Debit Card,2025-08-06,3,3.4
ORD100127,CUS1541,Jill Duran,South Kaitlin,Books,1593.29,1,Cash on Delivery,2025-06-17,2,2.7
ORD100128,CUS1300,Amanda Morrison,Anthonyton,Books,3811.96,1,Net Banking,2024-06-05,5,3.2
ORD100129,CUS8783,Megan Delgado,West Michelle,Sports,1855.75,4,Debit Card,2025-03-19,6,4.0
ORD100130,CUS2007,Jean Richardson,Hallstad,Sports,3230.24,3,UPI,2025-11-19,1,3.7
ORD100131,CUS3260,Michael Gomez,Josephstad,Sports,2265.54,2,Cash on Delivery,2025-01-19,7,3.1
ORD100132,CUS9736,Deborah Lam,Jenniferchester,Sports,858.38,3,Net Banking,2025-12-02,6,1.8
ORD100133,CUS7854,Mary Guerra,Ballburgh,Home,1864.89,3,Cash on Delivery,2026-02-20,4,4.0
ORD100134,CUS8370,Kimberly Miranda,North Larryview,Beauty,4841.17,3,Debit Card,2025-06-07,5,2.0
ORD100135,CUS5794,Kristy Oconnor,Lake James,Beauty,2743.76,1,Credit Card,2025-11-11,3,3.8
ORD100136,CUS2001,Richard Martin,Port Jennifer,Books,4383.46,4,Debit Card,2025-09-06,6,
ORD100137,CUS7138,Joel Garcia,New Keithshire,Sports,1623.81,4,Net Banking,2024-07-31,6,1.3
ORD100138,CUS1089,Jason Waters,New Pamela,Books,1641.4,4,Net Banking,2025-07-10,7,1.9
ORD100139,CUS2857,Charles Miller,East Dianetown,Beauty,4455.96,3,Debit Card,2024-07-01,7,2.9
ORD100140,CUS8446,Austin Gentry,New Melanie,Clothing,2947.97,1,Credit Card,2024-05-04,1,1.4
ORD100141,CUS2896,Mary Clark,South Jamesborough,Sports,1543.99,1,Debit Card,2025-12-27,5,1.8
ORD100142,CUS2215,Cheryl Jones,East Angelamouth,Home,1438.1,2,Debit Card,2025-01-07,6,
ORD100143,CUS5495,Mr. Johnny Lee V,Harveyburgh,Beauty,2183.46,3,UPI,2024-05-16,2,3.7
ORD100144,CUS5575,Jeff Fitzgerald,West Amberside,Beauty,3604.84,1,Cash on Delivery,2025-07-15,4,3.7
ORD100145,CUS2430,Craig Lee,New Tami,Sports,3118.42,4,Net Banking,2025-11-12,1,2.1
ORD100146,CUS7539,Timothy Young,Nguyentown,Sports,156.42,1,UPI,2025-10-01,5,2.4
ORD100147,CUS8411,Shelley Perry,North Stephanie,Books,3200.41,3,Cash on Delivery,2026-01-08,6,1.1
ORD100148,CUS4949,William Williams,North Jamesfurt,Clothing,3129.11,3,UPI,2025-09-10,6,1.2
ORD100149,CUS7811,,East Christopher,Home,2500.74,2,Cash on Delivery,2025-11-09,5,
ORD100150,CUS9690,Joseph Murphy,Jillshire,Clothing,227.97,5,Debit Card,2025-10-05,2,3.6
ORD100151,CUS4282,Ashlee Chavez,East Anna,Sports,1298.01,4,Credit Card,2024-12-24,5,4.0
ORD100152,CUS2839,Terry Garner,New Shariport,Beauty,4417.12,2,Debit Card,2025-03-10,5,
ORD100153,CUS9355,Kenneth Rivera,Kennethstad,Beauty,182.52,1,Cash on Delivery,2026-03-05,2,4.3
ORD100154,CUS3111,Cody Webb,East Ericshire,Books,2089.48,1,Net Banking,2025-03-24,3,4.4
ORD100155,CUS2816,Andrew Spencer,Tuckermouth,Books,835.19,1,UPI,2025-12-10,4,3.7
ORD100156,CUS9114,Alison Powell,Ashleyfort,Electronics,4331.55,3,Cash on Delivery,2025-09-11,7,4.8
ORD100157,CUS2966,David Shelton,Walshberg,Clothing,603.29,2,UPI,2026-02-21,4,1.1
ORD100158,CUS2390,Anna Avila,Darrenland,Home,2273.2,4,Cash on Delivery,2024-11-04,4,2.5
ORD100159,CUS1630,Patricia Carey,Medinafort,electronics,3659.81,2,UPI,2025-03-07,1,2.4
ORD100160,CUS6239,David Dominguez,Dannyborough,Home,3824.0,1,Debit Card,2024-03-21,4,4.8
ORD100161,CUS9343,Christine Cross,West Ryanburgh,Home,4631.8,5,Cash on Delivery,2025-11-19,3,3.7
ORD100162,CUS5359,Mr. Trevor Miller,Hullport,Beauty,243.85,4,Credit Card,2025-07-08,2,2.5
ORD100163,CUS5172,Teresa Miranda,South Morganshire,Home,2684.91,4,UPI,2024-04-12,3,3.0
ORD100164,CUS9134,Gregory Woodard,Lake Gabriel,Home,904.16,3,Cash on Delivery,2025-01-16,6,1.4
ORD100165,CUS8834,Nicholas Brown,North Amber,Home,1673.65,1,UPI,2025-03-18,3,1.7
ORD100166,CUS1879,Lisa Lopez,Port Jason,Sports,2300.45,2,UPI,2026-01-25,6,1.9
ORD100167,CUS9719,Kenneth Reynolds,Justinville,Sports,3706.64,1,Net Banking,2025-03-02,5,1.1
ORD100168,CUS6527,Michael Wilson,Keithborough,Sports,3123.34,3,UPI,2025-12-21,1,3.2
ORD100169,CUS3233,,South Vincent,Electronics,4598.53,1,Debit Card,2025-01-12,3,2.6
ORD100170,CUS9570,Donna Gilbert,North Raymondhaven,Clothing,3618.32,4,Credit Card,2026-01-10,1,2.6
ORD100171,CUS1222,Michael Campbell,West Brianmouth,Home,3099.99,1,Credit Card,2024-08-09,4,1.2
ORD100172,CUS3287,Aaron Mccarty,Rodriguezton,Electronics,2773.24,5,Cash on Delivery,2024-10-22,6,4.7
ORD100173,CUS1598,Mr. Douglas Scott,Steventon,Books,507.17,5,Cash on Delivery,2024-08-03,4,2.6
ORD100174,CUS9522,Catherine Smith,Lake Brendafurt,Clothing,4358.72,2,Cash on Delivery,2025-11-01,1,2.3
ORD100175,CUS2122,Kim Garcia,Washingtonland,Sports,3940.12,1,Net Banking,2025-02-02,7,4.1
ORD100176,CUS2792,Andrew Lara,Tannermouth,Beauty,2318.24,3,Net Banking,2026-02-10,4,4.5
ORD100177,CUS6425,Frank Caldwell,Comptonfurt,Books,2451.47,1,Net Banking,2026-02-03,1,
ORD100178,CUS2069,Victoria Evans,West Elizabeth,Beauty,4982.33,2,Net Banking,2025-05-14,2,2.9
ORD100179,CUS1966,Ashley James,Lake Williammouth,Clothing,2831.33,4,Cash on Delivery,2025-09-02,7,4.7
ORD100180,CUS7404,Amber Acevedo,Lake Bethmouth,Clothing,4719.42,4,Debit Card,2025-11-28,6,4.7
ORD100181,CUS5338,Mitchell Hayes,Thomashaven,Sports,4280.65,2,Net Banking,2026-03-06,3,4.2
ORD100182,CUS4593,Betty Wilson,South Kelly,Sports,4418.91,1,Debit Card,2024-04-21,4,1.2
ORD100183,CUS3970,Anita Mcknight,Dakotaville,Beauty,778.2,1,Credit Card,2025-04-28,3,4.7
ORD100184,CUS3370,Janet Perez,Tiffanyberg,Home,255.95,5,UPI,2025-10-30,7,3.4
ORD100185,CUS7989,,Robertsport,Home,3033.93,3,Net Banking,2024-04-11,7,
ORD100186,CUS2561,Rebecca Friedman,Lake David,Electronics,3072.76,2,Credit Card,2024-12-26,1,4.5
ORD100187,CUS3396,Brenda Sanchez,West Matthewchester,Books,4414.83,5,Net Banking,2025-11-06,7,1.3
ORD100188,CUS3653,Anthony Blackwell,South Robertstad,Clothing,1503.76,4,Net Banking,2025-03-27,1,2.4
ORD100189,CUS9967,Aaron Romero,New Taylor,Sports,480.34,2,Credit Card,2026-02-03,5,4.6
ORD100190,CUS9527,Bobby Lane,Laurachester,Electronics,2010.71,2,UPI,2025-01-06,7,1.8
ORD100191,CUS6373,Kaylee Howell,West Michaelmouth,Clothing,2832.2,2,Cash on Delivery,2024-04-18,6,2.8
ORD100192,CUS7889,David Fowler,Port Catherinemouth,Home,3868.95,5,Cash on Delivery,2025-04-05,7,1.7
ORD100193,CUS1232,Becky Hicks,Michaelton,Home,3927.32,4,Cash on Delivery,2026-02-28,3,4.6
ORD100194,CUS3077,Annette Hicks,Ruizburgh,Sports,2811.6,2,Credit Card,2026-02-08,6,1.3
ORD100195,CUS9031,Mario Everett,Wellsfort,Home,4132.73,1,Cash on Delivery,2025-10-04,4,3.9
ORD100196,CUS2927,Lisa Davis,Port Johnhaven,Books,1640.41,3,Cash on Delivery,2025-12-28,2,2.5
ORD100197,CUS2914,Vernon Sharp,Port Margaret,Sports,565.4,5,Credit Card,2025-12-15,6,4.9
ORD100198,CUS9696,Alyssa Wells,Abigailbury,Beauty,2341.84,1,UPI,2024-04-17,5,1.6
ORD100199,CUS3699,Ryan Myers,Williamton,Sports,2634.16,1,UPI,2025-11-30,3,4.7
ORD100200,CUS7787,Joshua Richards,Alisonmouth,Beauty,1281.41,2,Credit Card,2026-03-02,3,1.8
ORD100201,CUS1580,Danielle Harris,North Pamelaview,Beauty,584.14,3,Credit Card,2025-11-30,1,4.2
ORD100202,CUS5883,Steven Baker,South Albertville,Electronics,1324.29,2,UPI,2025-10-24,2,4.0
ORD100203,CUS5543,Heather Mccoy,New Carrie,Home,1051.24,2,UPI,2025-10-08,7,2.9
ORD100204,CUS3819,Daniel Castillo,Peterburgh,Sports,439.01,1,Credit Card,2024-10-28,2,4.4
ORD100205,CUS3489,Jennifer Lewis,Chadfort,Electronics,2688.89,2,Credit Card,2025-12-05,6,4.3
ORD100206,CUS4613,Jeffrey Stevens,Williamsberg,Books,1144.79,1,Debit Card,2026-01-25,4,4.0
ORD100207,CUS3737,Stephen Thornton,Ronaldberg,Books,4232.62,2,Cash on Delivery,2025-12-24,5,4.8
ORD100208,CUS5529,,North Paulville,Beauty,4978.06,1,Credit Card,2024-11-04,1,
ORD100209,CUS8015,Brooke Sexton,Whitetown,Home,1196.23,3,Debit Card,2025-08-13,4,2.3
ORD100210,CUS6264,Kristine Coleman,Port Emily,Electronics,4084.7,4,Credit Card,2024-04-12,5,2.7
ORD100211,CUS7835,Brian Novak,Changstad,Electronics,4368.31,4,UPI,2025-12-03,1,1.7
ORD100212,CUS6445,Jason Jordan,Staceyton,Books,4036.92,1,Debit Card,2024-05-29,3,1.8
ORD100213,CUS8473,Randy Brown,North Lonnieberg,Home,792.39,1,Credit Card,2024-11-03,3,2.7
ORD100214,CUS9058,Kenneth Holmes,Wolfeberg,Beauty,4335.88,3,Net Banking,2025-10-04,6,3.2
ORD100215,CUS7675,David Brown,Elizabethburgh,Beauty,508.64,5,UPI,2025-09-22,7,1.9
ORD100216,CUS7627,David Romero,Kelliville,Books,1302.34,2,Debit Card,2025-11-25,7,2.5
ORD100217,CUS8486,Albert Brock,East Donald,electronics,3521.93,1,Debit Card,2024-12-24,5,4.2
ORD100218,CUS5344,Shelley Martinez,North Jamesside,Books,1476.24,5,Cash on Delivery,2024-11-05,1,1.2
ORD100219,CUS5273,Veronica Hunter,West Kevinburgh,Beauty,800.81,2,Net Banking,2024-08-07,2,3.8
ORD100220,CUS6131,Isaiah Phillips,Rossbury,Electronics,4677.68,5,Credit Card,2025-10-31,4,1.8
ORD100221,CUS5536,Bonnie Lucas,Douglasshire,Beauty,768.06,3,UPI,2025-09-08,2,1.6
ORD100222,CUS4628,,South Wendyhaven,Books,2305.1,3,Credit Card,2026-01-21,6,1.6
ORD100223,CUS8531,Hunter Johnson,West Jamieburgh,Sports,2683.44,4,UPI,2026-01-02,7,3.6
ORD100224,CUS1868,Kimberly White,Penamouth,Books,806.37,5,Debit Card,2025-12-21,6,2.0
ORD100225,CUS4767,Leslie Prince,East Johnchester,Clothing,4369.68,5,Credit Card,2024-06-12,5,2.0
ORD100226,CUS8194,Kyle Monroe,East Christinachester,Electronics,2745.28,3,Debit Card,2024-06-19,2,
ORD100227,CUS8209,Mark Green,South Ronald,Electronics,2368.33,2,Debit Card,2024-07-28,7,4.4
ORD100228,CUS9285,Mrs. Wendy Gonzalez,Pamelaland,Electronics,4515.98,3,Credit Card,2026-03-05,6,3.7
ORD100229,CUS2978,Joshua Rivera,East Michaelmouth,Home,3222.71,3,UPI,2025-03-27,2,4.9
ORD100230,CUS6153,Janet Moore,North Erin,Sports,4128.83,2,UPI,2024-05-04,7,2.3
ORD100231,CUS1390,Donald Rollins,North Angelaside,Books,4710.1,5,Net Banking,2025-09-16,4,3.0
ORD100232,CUS6443,,West Jacquelineview,Beauty,1220.78,4,UPI,2025-03-11,5,4.3
ORD100233,CUS6196,John Maxwell,Johnsonside,Clothing,706.3,3,Credit Card,2024-05-05,5,4.5
ORD100234,CUS7110,Diana Walker,Torreston,Beauty,4103.48,2,Debit Card,2026-01-20,2,
ORD100235,CUS5403,Tracy Meadows,West Tyler,Home,494.7,5,Net Banking,2024-04-04,4,2.3
ORD100236,CUS6565,Angela Castro,Teresahaven,Electronics,2215.74,2,Credit Card,2024-09-05,5,1.1
ORD100237,CUS4878,Jack Arnold,Cannonville,Books,3113.78,4,Credit Card,2025-03-18,6,
ORD100238,CUS1342,Drew Summers,Josephshire,Electronics,3766.91,2,Net Banking,2024-07-27,7,4.3
ORD100239,CUS8345,Michael Maxwell,East Eric,Books,2755.43,1,Debit Card,2025-05-05,6,
ORD100240,CUS6836,Richard Bailey,Lake Teresa,Electronics,961.02,4,Net Banking,2024-04-04,4,3.0
ORD100241,CUS3121,Matthew Sanders,West Jessica,Home,4278.01,4,Debit Card,2025-12-17,4,4.1
ORD100242,CUS7732,Tiffany Rosario,Jessicastad,Electronics,1748.3,2,Net Banking,2025-08-18,3,4.2
ORD100243,CUS1685,William Hernandez,Christopherville,Beauty,458.02,2,Net Banking,2024-04-04,5,2.3
ORD100244,CUS3809,,East Robert,Clothing,2438.23,2,Net Banking,2024-12-04,3,1.8
ORD100245,CUS4600,Rachel Wright,Lake Amyport,Electronics,596.72,5,Net Banking,2024-07-29,6,4.6
ORD100246,CUS8837,Christopher Mason,Cherylfurt,Electronics,1935.45,4,UPI,2025-09-15,7,1.4
ORD100247,CUS2637,Eric Petty,Alexanderview,Home,460.64,3,Debit Card,2024-06-05,7,4.0
ORD100248,CUS4845,Wanda Perez,West Peterland,Books,315.28,4,Debit Card,2024-11-29,1,2.7
ORD100249,CUS6117,Patrick Garcia,New Brendamouth,Sports,3431.34,1,Debit Card,2025-05-30,3,
ORD100250,CUS2615,Belinda Bates,Kennethmouth,Clothing,2927.8,5,UPI,2024-12-31,7,1.1
ORD100251,CUS2979,Ashley Murray,New Codystad,Home,282.75,2,Credit Card,2025-10-18,1,1.5
ORD100252,CUS1960,,Diazport,Home,2511.44,3,Cash on Delivery,2024-10-28,2,1.6
ORD100253,CUS9540,Donna Wright,Bakershire,electronics,4317.64,5,Cash on Delivery,2024-08-06,2,2.9
ORD100254,CUS1411,Paul Harris,Lake Dustin,Sports,322.15,4,UPI,2025-05-02,4,2.9
ORD100255,CUS1604,Ashley Brown,Shannontown,Clothing,1112.39,1,Credit Card,2025-10-28,4,
ORD100256,CUS6350,Laura Sanchez,North Joshuahaven,Books,2887.67,2,UPI,2025-01-09,1,4.0
ORD100257,CUS1121,Christopher Garcia,Torresland,Books,1108.52,4,UPI,2024-12-16,2,2.4
ORD100258,CUS5641,Lee Castro,Matthewhaven,Electronics,2751.06,4,UPI,2024-12-11,6,2.4
ORD100259,CUS4390,Terry Price,Lake Emilymouth,Books,4101.72,5,Debit Card,2025-08-18,7,1.6
ORD100260,CUS6058,Kim Carter,South Wendy,Electronics,1262.62,2,Debit Card,2025-06-05,4,3.0
ORD100261,CUS9906,Gary Malone,Lynnborough,Home,2347.67,1,UPI,2024-06-11,4,2.2
ORD100262,CUS2986,George Molina,North Joseph,Home,2799.37,3,Net Banking,2025-11-12,3,3.2
ORD100263,CUS4261,Sarah Turner,Kathleenburgh,Sports,1442.41,4,UPI,2025-12-05,3,4.7
ORD100264,CUS5305,Jessica Davis,New Tiffanyberg,Clothing,2849.25,3,Credit Card,2025-04-16,2,2.3
ORD100265,CUS4795,Andrew Brown,Camposshire,Sports,1452.19,5,Cash on Delivery,2025-03-11,5,2.6
ORD100266,CUS6892,Miguel Walsh,South Peterport,Books,856.52,4,Debit Card,2025-04-12,2,1.0
ORD100267,CUS4912,Gabriella Pearson,East Ian,Clothing,3632.79,2,Credit Card,2025-01-17,6,
ORD100268,CUS5329,Elizabeth Wheeler,Port Alexbury,Electronics,209.88,1,Debit Card,2024-09-12,7,4.7
ORD100269,CUS9293,Chad Richardson,South Christina,Sports,4427.63,1,Credit Card,2024-09-02,3,3.3
ORD100270,CUS3788,Michael Chen,Lloydchester,Beauty,3674.67,3,UPI,2024-04-10,3,4.0
ORD100271,CUS4136,Timothy Carey,Port Bradleyfort,Books,2208.61,3,Debit Card,2024-07-05,7,2.8
ORD100272,CUS5666,Brandon Valdez,Port Rebecca,Home,3943.25,2,Cash on Delivery,2024-09-27,7,4.2
ORD100273,CUS5630,James Hardy,Johnport,Home,3147.04,2,Net Banking,2024-06-07,7,4.2
ORD100274,CUS1229,Roberta Wyatt,South Ronaldside,Home,2911.07,2,Net Banking,2026-01-10,1,3.9
ORD100275,CUS1385,Susan Mathis,Adamfort,Books,3166.51,2,Net Banking,2024-12-05,5,4.9
ORD100276,CUS8677,Kristen Riddle,Stephanieside,Home,3461.73,5,Debit Card,2024-08-19,6,1.1
ORD100277,CUS5417,Peter Garcia,Lake Kimberly,Electronics,1524.59,4,UPI,2025-01-01,1,2.5
ORD100278,CUS5151,Vanessa Brown,North Devinfurt,Books,2635.73,2,Cash on Delivery,2024-09-25,7,1.8
ORD100279,CUS7377,Tony Gray,Port Eduardo,Sports,3760.41,5,Debit Card,2024-09-18,3,4.3
ORD100280,CUS6227,Charles Combs,Michaelside,Home,2239.97,4,Net Banking,2025-08-23,4,1.1
ORD100281,CUS2198,Danielle Hernandez,Mcdonaldland,Beauty,4299.4,3,Debit Card,2025-08-05,1,2.4
ORD100282,CUS3456,Christopher Gibbs,New Whitney,Books,4039.09,5,Net Banking,2024-05-28,1,3.9
ORD100283,CUS2317,Tracie Martinez,North Tanya,Home,1421.38,2,Debit Card,2026-02-24,4,2.2
ORD100284,CUS5198,Breanna Ross,Lake Rhondahaven,Clothing,3236.13,1,Debit Card,2025-07-02,3,4.7
ORD100285,CUS2181,Gregory Gonzales,Port Brent,Electronics,3164.47,3,Net Banking,2025-08-10,5,1.5
ORD100286,CUS5803,Jennifer David,Riceland,Sports,3490.42,1,UPI,2026-01-31,6,3.3
ORD100287,CUS6595,Alexandria Adams,Alejandrahaven,Books,1232.73,2,Net Banking,2024-06-25,6,4.7
ORD100288,CUS4181,Allen Mercado,Lake Timothy,Home,1519.43,3,UPI,2024-10-24,4,3.5
ORD100289,CUS8041,Brandon Grimes,East Christopher,Clothing,4373.19,3,Debit Card,2026-01-11,3,4.0
ORD100290,CUS1317,Angela Frey,Simonton,Clothing,3729.89,2,Debit Card,2025-06-14,7,
ORD100291,CUS8752,Paul Cobb,Wellsmouth,Clothing,4147.93,3,UPI,2024-10-03,1,3.1
ORD100292,CUS1516,Michelle Parker,New Lauren,Home,4943.42,5,Cash on Delivery,2024-07-21,1,4.0
ORD100293,CUS5343,Robert Lopez,Hillmouth,Home,1373.74,1,Cash on Delivery,2024-03-27,7,3.6
ORD100294,CUS3056,Lisa Rowe,Kevinview,Books,3909.17,2,Debit Card,2024-04-22,3,3.4
ORD100295,CUS1818,Monique Sanders,Cameronmouth,Sports,2462.02,3,Cash on Delivery,2026-02-20,4,4.0
ORD100296,CUS8946,Dustin Andrews,Martinburgh,Sports,3432.6,2,Credit Card,2025-01-02,2,3.6
ORD100297,CUS6752,John Rice,Mccartymouth,Sports,1359.36,1,Cash on Delivery,2025-06-19,7,2.6
ORD100298,CUS2037,John Burke,New Daltonmouth,Clothing,2448.22,3,Credit Card,2025-09-02,2,1.3
ORD100299,CUS9772,Sandra Smith,Hannahview,Home,2636.47,4,UPI,2024-04-09,7,3.7
ORD100300,CUS8998,David Anderson,Chelsealand,Books,2675.43,5,Debit Card,2024-11-28,1,4.7
ORD100301,CUS5891,Peter Brooks,Simpsonmouth,Beauty,3277.05,5,Cash on Delivery,2025-11-14,7,2.8
ORD100302,CUS4763,Richard Moore,West Vanessa,Clothing,3907.01,1,Cash on Delivery,2025-08-11,7,1.3
ORD100303,CUS2770,James Carter,Lowerytown,Home,1532.78,4,Cash on Delivery,2025-02-14,4,3.3
ORD100304,CUS3333,Timothy Simmons,New Aliciaberg,Books,731.74,5,Debit Card,2025-12-07,1,2.0
ORD100305,CUS1113,,Sherriport,Beauty,2853.43,5,Net Banking,2025-11-03,7,1.0
ORD100306,CUS8152,Eddie Hawkins,North Travis,Electronics,2382.36,4,UPI,2025-11-20,6,3.1
ORD100307,CUS5600,Lisa Richardson,Davisview,Books,4482.43,1,Net Banking,2024-05-08,2,3.9
ORD100308,CUS8426,Lisa Edwards,Macdonaldside,Books,3606.59,1,Credit Card,2025-09-21,5,
ORD100309,CUS3976,Mr. Carl Callahan,Jamesburgh,Beauty,3852.19,5,Credit Card,2026-03-10,5,1.7
ORD100310,CUS1935,Patricia Perez,Briannabury,Beauty,2703.45,4,Credit Card,2025-03-19,4,3.3
ORD100311,CUS3800,Laura Price,Elizabethfort,Sports,4679.37,3,Net Banking,2024-09-25,2,1.3
ORD100312,CUS4761,Ashley Lopez,Samanthatown,Books,4344.08,5,Credit Card,2025-03-23,6,4.8
ORD100313,CUS3428,Jeffrey Dunn,Port Philip,Clothing,4131.57,4,UPI,2025-10-22,6,1.1
ORD100314,CUS5586,Richard Flores,New Georgeborough,Sports,3073.34,1,UPI,2025-06-05,5,1.1
ORD100315,CUS7082,Dennis Russell,Tylerland,Electronics,3763.12,2,Credit Card,2025-03-02,2,4.5
ORD100316,CUS2585,Joseph Wu,Millertown,Sports,2193.21,2,Debit Card,2024-06-06,4,2.0
ORD100317,CUS4085,Courtney Reyes,North Richard,Electronics,1247.64,1,UPI,2024-12-22,1,3.1
ORD100318,CUS7745,William Perez,Patrickfort,Electronics,4982.43,2,Debit Card,2025-10-08,6,2.8
ORD100319,CUS5699,Terry Evans,Lake Courtneyhaven,Home,2239.38,4,UPI,2025-01-19,6,3.3
ORD100320,CUS8776,Carol Chavez,Patrickchester,Home,1685.88,1,Cash on Delivery,2025-07-26,2,3.8
ORD100321,CUS7119,Richard Gordon,Burtonfurt,Beauty,3265.88,3,Cash on Delivery,2025-01-18,7,1.9
ORD100322,CUS5962,Christina Moon,Juliemouth,Beauty,4184.43,2,Credit Card,2024-11-13,5,3.5
ORD100323,CUS8102,Sherry Warner,South Bethany,Beauty,4229.25,1,Cash on Delivery,2024-06-28,4,4.3
ORD100324,CUS5243,Kevin Gomez,East Mollyborough,Books,3139.54,5,Credit Card,2025-10-26,1,3.5
ORD100325,CUS3117,Amy Nguyen,Nicholaston,Books,1677.41,4,Credit Card,2024-12-09,1,1.1
ORD100326,CUS4759,Jeffrey Hernandez,Olsonport,Electronics,3825.46,4,Debit Card,2024-09-28,2,2.4
ORD100327,CUS8381,,Williamsshire,Books,1224.77,5,Debit Card,2024-08-07,7,2.4
ORD100328,CUS7927,Clinton Mata,North Patrick,Clothing,2313.64,2,Cash on Delivery,2025-04-15,4,1.1
ORD100329,CUS1580,Robert Estes,New Haleyfurt,Clothing,2167.32,4,Net Banking,2024-05-17,3,2.1
ORD100330,CUS2947,,West Ashley,Electronics,1876.65,4,Net Banking,2025-09-27,6,4.9
ORD100331,CUS3222,Kayla Duran,East Angelicaland,Home,1842.14,5,UPI,2025-07-14,1,2.2
ORD100332,CUS1610,Charles Torres,Tylerborough,Sports,2083.65,4,Cash on Delivery,2024-09-27,7,2.0
ORD100333,CUS6129,Shane Perez PhD,North Daniel,Sports,1127.72,2,Net Banking,2025-02-23,3,2.4
ORD100334,CUS3419,Sonya Cummings,Margaretshire,Beauty,2916.32,4,UPI,2024-04-22,3,3.7
ORD100335,CUS4528,Brian Mckinney,Port Brenda,Home,4118.38,1,Net Banking,2024-10-17,3,4.5
ORD100336,CUS6459,Jeffrey Jordan,Lake Kimburgh,Books,1127.93,1,Net Banking,2025-07-20,4,4.0
ORD100337,CUS9896,Lori Valenzuela,Port Jeremiahport,Electronics,2534.51,1,Debit Card,2024-10-12,2,1.9
ORD100338,CUS5161,Erin Pratt,New Rachel,Home,1936.93,1,UPI,2026-02-12,6,2.6
ORD100339,CUS7150,James Powell,Chasemouth,Clothing,4040.73,5,Net Banking,2026-01-07,3,4.4
ORD100340,CUS1085,Allison Lopez,Longtown,Electronics,1302.38,5,Debit Card,2025-03-09,3,5.0
ORD100341,CUS3317,Julie Novak,Kristenview,Clothing,742.32,2,Net Banking,2025-10-27,2,1.7
ORD100342,CUS2993,Kevin Robinson,East Jasonmouth,Home,3219.76,1,UPI,2025-09-15,4,1.1
ORD100343,CUS9889,Stephanie Gutierrez,West Richard,Beauty,4086.99,5,Debit Card,2024-08-15,1,3.8
ORD100344,CUS9261,Sandra Stephens,North Williammouth,Home,4482.78,2,Debit Card,2025-01-25,3,1.3
ORD100345,CUS7018,Zachary Ford,East Stephaniechester,Beauty,4094.58,4,Net Banking,2025-11-30,4,2.3
ORD100346,CUS9565,Sharon Lucero,Heathermouth,Clothing,3253.04,2,Cash on Delivery,2025-02-25,6,1.8
ORD100347,CUS4311,Steven Ramos,Castroside,Clothing,4803.62,1,UPI,2024-10-31,3,2.7
ORD100348,CUS5924,Michelle Velez,Lake Katherinechester,Sports,1811.18,3,Cash on Delivery,2024-11-30,2,2.1
ORD100349,CUS5710,James White,Lake Michele,Books,3780.52,5,Cash on Delivery,2025-03-30,1,4.7
ORD100350,CUS3635,Andrew Alvarez,Port Cameron,Electronics,4325.6,5,Debit Card,2024-12-27,3,2.8
ORD100351,CUS7936,Samantha Adkins,Carriemouth,Beauty,3930.87,4,Credit Card,2024-07-26,4,1.7
ORD100352,CUS6094,Jennifer Baker,North Jordan,Electronics,1340.62,5,Cash on Delivery,2025-09-03,4,4.2
ORD100353,CUS2768,Nicole Bailey,Barajasbury,Sports,3723.07,5,Net Banking,2024-03-20,7,3.4
ORD100354,CUS7910,Thomas Maynard,Fostertown,Beauty,899.11,4,Credit Card,2024-04-11,1,3.6
ORD100355,CUS8077,Anita Farrell,Carterfurt,Beauty,4167.85,5,Credit Card,2025-02-18,2,3.4
ORD100356,CUS8085,Nathan Spencer,North Jeremyborough,Clothing,4004.23,3,UPI,2025-03-14,6,4.5
ORD100357,CUS7688,Brett Thomas,Avilaland,Sports,4477.8,5,Credit Card,2025-06-20,7,2.6
ORD100358,CUS4030,Richard Werner,South Brendahaven,Beauty,1696.77,5,UPI,2025-07-12,4,4.7
ORD100359,CUS6391,Katie Page,Ibarraville,Clothing,3542.87,3,Net Banking,2024-07-16,1,1.4
ORD100360,CUS8000,Brendan Jones,New Emily,Beauty,3064.97,5,Debit Card,2024-05-28,2,3.7
ORD100361,CUS5688,Amanda Smith,Meadowschester,Electronics,2431.85,2,UPI,2024-08-19,4,2.2
ORD100362,CUS5003,Nicole Zuniga,Vanessaview,Clothing,1249.51,1,Cash on Delivery,2025-06-15,2,3.8
ORD100363,CUS9330,Dan Smith,West Samuel,Electronics,1927.6,5,Debit Card,2026-02-07,3,4.5
ORD100364,CUS7167,Susan Morales,South Michaelport,Beauty,2476.42,3,Credit Card,2025-06-13,2,4.3
ORD100365,CUS4069,David Fox,South Natalieberg,Books,1195.97,4,UPI,2025-06-15,6,1.5
ORD100366,CUS2465,Jennifer Barton,Victorchester,Sports,544.58,5,Cash on Delivery,2024-09-22,7,1.7
ORD100367,CUS4591,Michelle Miller,Saraview,Clothing,941.81,4,Credit Card,2025-02-06,7,
ORD100368,CUS1400,Angela Bennett,Port Luismouth,Electronics,2386.68,5,Credit Card,2024-08-22,5,
ORD100369,CUS1483,Stephen Sloan,East Danielmouth,Books,1056.34,4,Cash on Delivery,2025-06-30,4,2.5
ORD100370,CUS9899,Jamie Gonzalez,Johnsonton,Beauty,801.91,2,Debit Card,2024-06-10,1,4.1
ORD100371,CUS8468,Beth Green,Kennethbury,Electronics,1338.34,4,UPI,2025-06-08,2,1.8
ORD100372,CUS6420,Michael Wood,Daniellehaven,Clothing,4294.15,5,Net Banking,2024-07-03,1,1.4
ORD100373,CUS4566,Angela Stanley,Lake Anthonymouth,Home,4492.93,4,Cash on Delivery,2025-05-21,4,2.8
ORD100374,CUS4870,,Dustinton,Clothing,1467.06,4,Debit Card,2025-03-05,5,3.9
ORD100375,CUS1884,Caroline Martin,Bassburgh,Home,3954.28,5,Cash on Delivery,2025-08-18,7,2.3
ORD100376,CUS5201,Andre Miller,Odonnellfurt,Books,3193.06,3,Credit Card,2024-03-22,5,4.8
ORD100377,CUS1003,Taylor Reyes,Davilamouth,Home,2803.36,4,Cash on Delivery,2024-05-02,7,1.8
ORD100378,CUS5542,Dana Estrada,Kristenburgh,Home,2623.53,3,UPI,2024-03-27,5,1.2
ORD100379,CUS9872,Neil Dodson,Port Dawnmouth,Clothing,2284.95,1,Debit Card,2025-09-29,1,1.4
ORD100380,CUS9711,Neil Ryan,West Annetteshire,Electronics,2933.04,1,Credit Card,2026-02-24,4,3.3
ORD100381,CUS3574,Marc Nunez,Lake Hector,Beauty,2618.89,5,UPI,2024-04-10,3,1.2
ORD100382,CUS3974,Sharon Johnson,Lake Victoria,Electronics,3997.62,4,Credit Card,2025-10-12,2,
ORD100383,CUS3839,Brian Walton,South Jerrychester,Home,1997.26,3,Credit Card,2025-08-14,4,4.5
ORD100384,CUS7972,James Hawkins,Port Haroldshire,Clothing,654.83,2,Net Banking,2024-10-10,4,3.9
ORD100385,CUS1985,Ian Foster,Schmidtport,Home,2910.6,2,UPI,2025-10-30,6,4.9
ORD100386,CUS3951,William Wood,Stephaniemouth,Sports,2183.92,4,UPI,2025-04-27,7,1.1
ORD100387,CUS7826,Katie Bailey,Joseshire,Sports,4007.73,5,Credit Card,2025-07-21,4,1.7
ORD100388,CUS6604,Cristina Wilson,Lake Crystalbury,Beauty,3680.6,3,UPI,2025-07-19,3,1.8
ORD100389,CUS5599,Robert Yang,Stevenside,Clothing,391.1,3,Cash on Delivery,2024-12-02,6,1.9
ORD100390,CUS5260,Danielle Olsen,Norrisland,Beauty,2198.82,3,UPI,2024-11-01,3,1.6
ORD100391,CUS6061,Brittany Watson,Mitchellport,Clothing,4227.92,4,Credit Card,2025-05-22,5,1.9
ORD100392,CUS2990,Tyler Mata,Elizabethshire,Clothing,3272.47,1,Cash on Delivery,2025-05-06,6,1.9
ORD100393,CUS9507,Kimberly Garcia,Jacobshire,Clothing,2576.84,2,Credit Card,2025-12-31,7,3.0
ORD100394,CUS6784,Candace Bush,West Mary,Electronics,2981.58,5,Net Banking,2025-11-10,4,2.9
ORD100395,CUS2671,Dustin Brown,Lake Amyside,Books,3771.98,2,Net Banking,2024-06-19,3,1.8
ORD100396,CUS4043,Kevin Hunter,New Darrenfurt,Electronics,1964.4,5,Credit Card,2024-10-26,1,2.8
ORD100397,CUS1877,Scott Webster,Sarachester,Beauty,1897.41,3,Credit Card,2024-07-09,3,3.6
ORD100398,CUS3816,Jerry Sparks,South Markberg,Electronics,2110.84,4,Debit Card,2024-03-17,3,4.5
ORD100399,CUS2808,Katie Cooke,Lake Kathleenberg,Home,1517.83,1,Credit Card,2025-06-14,5,3.7
ORD100400,CUS6610,Christopher Davis,Lake Mark,Beauty,2531.79,1,Net Banking,2024-09-05,4,1.8
ORD100401,CUS2451,Christopher May,New Davidshire,electronics,2117.76,3,Debit Card,2024-06-25,7,4.8
ORD100402,CUS4504,Paul Salinas,Wheelerfort,Beauty,3137.44,3,Cash on Delivery,2025-09-05,7,4.1
ORD100403,CUS7866,Daniel Perez,South Georgemouth,Electronics,1863.4,1,Cash on Delivery,2026-02-02,4,3.5
ORD100404,CUS4974,Denise Orozco,Donaldport,Electronics,3283.78,5,Cash on Delivery,2025-12-08,2,2.1
ORD100405,CUS3558,,Donshire,Electronics,3711.54,2,Net Banking,2024-08-20,5,2.3
ORD100406,CUS6034,Jessica Miller,Anthonyberg,Beauty,4829.33,4,Net Banking,2025-09-05,2,1.8
ORD100407,CUS4041,Erin Foley,Johnhaven,Electronics,1951.66,5,Cash on Delivery,2025-04-20,4,2.1
ORD100408,CUS8752,Brandon Nguyen,West Michele,Electronics,2798.71,2,Debit Card,2025-07-01,2,3.0
ORD100409,CUS2108,Jerry Wall,Port Sharon,Books,3720.59,5,Cash on Delivery,2024-11-05,6,2.8
ORD100410,CUS5012,Jesse Stephens,Jennifershire,Sports,254.4,3,Net Banking,2025-12-23,7,1.3
ORD100411,CUS6301,Ashley Taylor,Port Timothy,Beauty,1793.7,3,Net Banking,2024-03-29,2,3.1
ORD100412,CUS2307,Juan May,Elizabethfort,Books,4795.93,3,UPI,2024-11-27,3,
ORD100413,CUS8290,Patricia Johnson,Kristinaview,Books,2716.41,2,Net Banking,2024-08-16,2,4.1
ORD100414,CUS2984,Mr. Aaron Payne,New Jonathan,Beauty,2261.48,2,Debit Card,2024-06-03,7,3.8
ORD100415,CUS8067,Jamie Rodriguez,South Michelle,Sports,4791.78,2,UPI,2025-11-28,2,4.6
ORD100416,CUS1265,Christopher Sharp,Lake Christopherville,Electronics,4923.93,4,Credit Card,2026-02-27,2,1.6
ORD100417,CUS3435,Megan Weeks,Staceyborough,Clothing,2713.5,4,Net Banking,2024-03-24,4,4.6
ORD100418,CUS1650,Samuel King,Justinview,Home,3133.01,2,Debit Card,2025-06-02,7,4.9
ORD100419,CUS3600,Jennifer Cole DVM,South Kentborough,Books,3970.94,2,Debit Card,2024-12-30,1,1.9
ORD100420,CUS9426,Richard Barker,Jeremyfort,Electronics,850.09,2,Net Banking,2024-12-12,5,2.8
ORD100421,CUS8763,Daniel Flynn,Alyssahaven,Beauty,1061.02,5,Net Banking,2024-11-10,7,1.9
ORD100422,CUS3907,Edward Kemp,Saraview,Clothing,4321.77,2,Cash on Delivery,2025-05-29,3,4.0
ORD100423,CUS9866,Troy Allen,Bonillaville,Beauty,2486.52,3,Credit Card,2024-04-02,7,1.0
ORD100424,CUS4165,Veronica Ferguson,Lake Crystalland,Clothing,3434.91,4,Credit Card,2024-12-31,7,1.5
ORD100425,CUS1539,Edward Bass,Kristietown,Sports,440.51,1,UPI,2025-11-11,3,2.0
ORD100426,CUS7993,Jane Blake,Johnhaven,Home,2272.28,3,Debit Card,2024-05-13,4,3.1
ORD100427,CUS4497,Vincent Arellano,Ebonyland,Home,3952.91,4,Credit Card,2025-05-19,3,2.0
ORD100428,CUS3559,Andre Lewis,Jensenfort,Clothing,1957.26,5,Cash on Delivery,2024-12-27,5,1.9
ORD100429,CUS8408,Tammy Frye,East Carlosside,Books,4657.84,2,Credit Card,2024-06-08,6,4.8
ORD100430,CUS8008,Bruce Harris,New Brianchester,Electronics,988.04,4,Credit Card,2025-06-26,1,2.1
ORD100431,CUS9967,Joseph James,East Juliamouth,Sports,951.26,2,Debit Card,2024-06-04,6,1.8
ORD100432,CUS2493,Veronica Russell,Lake Glennfort,Electronics,4989.6,4,Debit Card,2024-04-03,6,4.7
ORD100433,CUS4662,Alan Day,Weaverton,Clothing,2793.24,4,Net Banking,2024-04-18,3,4.8
ORD100434,CUS7451,Juan Bartlett,Jenkinston,Home,4703.39,4,UPI,2026-02-26,7,3.2
ORD100435,CUS3657,Albert Mcdonald,Allenton,Sports,1690.14,4,Cash on Delivery,2026-01-31,3,1.9
ORD100436,CUS8902,Eric Garner,West Luisfort,Home,936.96,2,UPI,2025-07-02,6,1.4
ORD100437,CUS1628,Diane Cox,New Robertoshire,Electronics,4639.18,3,Cash on Delivery,2025-12-18,6,4.5
ORD100438,CUS4274,Jason Snyder,West Rebecca,Home,3103.24,1,Cash on Delivery,2025-11-04,1,3.5
ORD100439,CUS7935,Melanie Blevins,Grimesbury,Electronics,776.94,2,Debit Card,2025-05-02,7,1.4
ORD100440,CUS8560,Joyce Reed,Gonzalezland,Sports,2848.57,3,Credit Card,2025-09-17,2,3.5
ORD100441,CUS1038,Kayla Alvarez,Emilychester,Sports,225.42,2,Debit Card,2026-01-29,3,2.5
ORD100442,CUS8640,,Coltonborough,Clothing,2283.61,5,Cash on Delivery,2025-09-20,4,2.8
ORD100443,CUS9089,Bryce Davis,Williamchester,Sports,4270.93,1,Credit Card,2024-10-02,1,1.2
ORD100444,CUS9943,Olivia Walter,Catherineshire,Sports,1660.35,3,Debit Card,2025-01-26,3,4.0
ORD100445,CUS9612,Erin Glover,Clarkview,Clothing,2710.24,5,Credit Card,2025-06-02,7,3.6
ORD100446,CUS8829,Audrey Henderson,Kristaview,Books,210.91,1,Net Banking,2026-02-15,7,3.8
ORD100447,CUS4814,Robert Gray,North Mark,Books,1382.28,5,Cash on Delivery,2025-07-12,1,3.2
ORD100448,CUS1652,John Sharp,Lake Justin,Sports,3113.11,2,Debit Card,2024-11-09,4,3.5
ORD100449,CUS1444,John Kelley,Kramerstad,Electronics,1265.37,4,Net Banking,2025-03-23,4,3.5
ORD100450,CUS9768,Penny Delgado,East Tyler,Sports,3068.22,5,Credit Card,2025-09-15,1,1.3
ORD100451,CUS9643,Jesus Garrett,South Lisaport,Home,2180.8,5,Net Banking,2026-01-05,4,4.6
ORD100452,CUS9964,Kenneth Walker,Port Kevinside,Clothing,4238.18,1,UPI,2026-01-16,3,4.6
ORD100453,CUS6214,Amy Mason,West Danielle,Books,1084.58,1,Debit Card,2025-05-12,2,4.2
ORD100454,CUS2319,Leah Brewer,South Hunterton,Sports,729.99,3,UPI,2024-11-03,1,3.0
ORD100455,CUS2545,Megan Anderson,New Gabriel,Clothing,409.99,1,UPI,2024-12-18,6,1.9
ORD100456,CUS1488,Cindy Kramer,Brettmouth,Beauty,4758.59,1,Cash on Delivery,2024-07-12,6,4.7
ORD100457,CUS2341,Mark Scott,Jimenezside,Home,1126.88,3,Credit Card,2024-03-12,4,3.4
ORD100458,CUS4150,William Glenn,Hoffmanburgh,Beauty,1961.76,3,Credit Card,2025-04-23,5,
ORD100459,CUS6790,Russell Lowery,Connorland,Electronics,3114.19,2,Debit Card,2025-12-02,2,3.3
ORD100460,CUS5872,Howard Cook,Strongtown,Sports,4039.66,4,UPI,2025-03-13,3,3.7
ORD100461,CUS2362,Gina Davis,Lake Cynthiastad,Books,1113.97,3,Cash on Delivery,2025-10-20,2,3.1
ORD100462,CUS6887,,Lake Kristinafort,Sports,3586.39,3,Debit Card,2025-09-23,3,2.2
ORD100463,CUS9734,Kaitlyn Bennett,Gibsonborough,Electronics,3812.62,5,Net Banking,2025-01-21,1,3.1
ORD100464,CUS2905,,Valenciahaven,electronics,3082.22,5,UPI,2025-02-08,2,1.7
ORD100465,CUS4913,John Torres,West Brittneyberg,Electronics,1898.62,1,Net Banking,2024-06-30,4,2.8
ORD100466,CUS5362,Lauren Ramirez,South Kristinashire,Electronics,2343.56,3,Cash on Delivery,2024-06-10,4,3.6
ORD100467,CUS4066,Timothy Marshall,North Shannonport,Beauty,673.85,3,Cash on Delivery,2025-06-24,4,2.4
ORD100468,CUS3150,Joshua Morrison,Lake Bruce,electronics,4865.92,4,Cash on Delivery,2024-04-27,2,4.7
ORD100469,CUS7997,Edwin Smith,Jonesbury,Home,2347.59,4,Cash on Delivery,2026-01-30,1,2.2
ORD100470,CUS6232,James Ashley,Smithbury,Sports,295.4,5,Credit Card,2025-10-26,2,4.8
ORD100471,CUS6319,Joshua Hernandez,Phillipchester,Sports,2413.31,1,Cash on Delivery,2026-03-06,3,1.1
ORD100472,CUS7659,Jason West,South Edgarton,Electronics,1849.89,2,UPI,2024-10-19,5,1.8
ORD100473,CUS9911,Margaret Avery,Halechester,Sports,3663.75,5,Debit Card,2024-08-09,1,1.6
ORD100474,CUS2103,Stephanie Combs,New Bob,Sports,2387.48,2,Credit Card,2025-09-24,3,3.7
ORD100475,CUS8876,,Port Robertastad,Sports,4184.89,5,Net Banking,2025-05-11,2,
ORD100476,CUS4152,Perry Alvarez,Matabury,Clothing,962.86,5,Debit Card,2025-06-20,3,3.6
ORD100477,CUS7521,Jimmy Powell,West Tiffany,Beauty,520.31,3,UPI,2026-01-21,6,3.3
ORD100478,CUS8957,Brad Stokes,Paulburgh,Electronics,3334.53,5,Credit Card,2024-04-22,2,3.0
ORD100479,CUS6828,Julie Harvey,Port Andreside,Books,3792.43,1,Debit Card,2024-08-03,5,1.8
ORD100480,CUS8930,Tammy Rodriguez,Patrickstad,Home,1898.26,2,UPI,2024-12-19,1,4.3
ORD100481,CUS2164,Michael Johnson,Benjaminfort,Books,3270.98,2,UPI,2026-01-02,7,3.9
ORD100482,CUS2104,Sharon Mcguire,North Vanessa,Electronics,854.48,3,UPI,2025-02-25,1,1.9
ORD100483,CUS2060,David Gates,Taylorside,Sports,2636.53,5,Debit Card,2024-08-22,4,2.9
ORD100484,CUS4063,Patty Williams,Burtonmouth,Books,3865.13,1,Net Banking,2025-07-13,5,3.6
ORD100485,CUS2987,Amy Hall,Lake Josechester,Clothing,3837.73,1,Cash on Delivery,2025-03-30,5,3.1
ORD100486,CUS2801,Eileen Guerrero,Port Alexanderview,Clothing,1932.32,3,Credit Card,2025-01-14,1,2.4
ORD100487,CUS9609,Megan Herman,Bethburgh,Sports,1160.35,1,Cash on Delivery,2024-04-09,7,1.5
ORD100488,CUS8767,Bianca Chavez,Meganview,Clothing,1253.45,1,Cash on Delivery,2025-01-13,1,3.2
ORD100489,CUS2425,Michael Fisher,Lake Peter,Clothing,180.28,5,Cash on Delivery,2025-11-05,2,2.7
ORD100490,CUS4702,Robert Reed,South Donaldburgh,Clothing,3806.02,5,Net Banking,2024-10-25,7,
ORD100491,CUS8468,Maria Brown MD,Lake Williamshire,Home,1283.5,3,Cash on Delivery,2025-08-09,4,2.8
ORD100492,CUS5900,Samuel Miles,West Kelly,Home,278.92,2,Credit Card,2025-03-06,4,2.3
ORD100493,CUS3171,Nicole Alexander,Derrickview,Electronics,4098.39,2,Cash on Delivery,2024-06-22,5,4.6
ORD100494,CUS3941,Anna Hopkins,Mooreland,Electronics,4964.45,5,Net Banking,2025-04-21,3,3.6
ORD100495,CUS1019,Charles Barnes,Collinsbury,Home,2170.12,3,Cash on Delivery,2025-11-13,5,4.7
ORD100496,CUS6666,Jeffery Yang,Lake Brianna,Books,1186.66,2,Credit Card,2024-05-16,4,1.5
ORD100497,CUS9738,,Sweeneyport,electronics,277.17,3,Cash on Delivery,2025-12-14,6,2.4
ORD100498,CUS8669,Laura Moore,New John,electronics,4532.84,3,Cash on Delivery,2024-07-13,6,1.8
ORD100499,CUS8198,Michelle Robertson,Stephentown,Home,3496.4,5,UPI,2026-02-05,5,1.9
ORD100500,CUS9751,Jessica Kennedy,East Theresa,Beauty,1611.93,1,Credit Card,2025-03-26,3,3.2
ORD100501,CUS3600,Steven Fowler,Duranton,Electronics,2995.33,1,Credit Card,2024-10-26,3,3.8
ORD100502,CUS6279,Catherine Rojas,Melindastad,Clothing,4282.42,2,Debit Card,2024-07-04,2,4.3
ORD100503,CUS8739,Caitlin Madden,Heatherview,Books,1243.19,3,UPI,2025-02-07,7,4.0
ORD100504,CUS2452,Joshua Ortega,Cheyenneton,Electronics,1769.82,3,Net Banking,2025-12-05,6,3.4
ORD100505,CUS9392,Linda Neal,Desireeshire,Electronics,1512.38,3,Cash on Delivery,2026-01-02,2,2.5
ORD100506,CUS1890,David Gonzalez,Elizabethland,Electronics,818.21,1,Net Banking,2025-03-24,1,2.9
ORD100507,CUS1586,,Ramirezbury,Clothing,472.34,3,Credit Card,2025-03-05,6,4.1
ORD100508,CUS9306,Mary Sutton,New Alexis,Sports,4245.06,5,Net Banking,2025-01-15,2,2.5
ORD100509,CUS8963,Ashley Booker,Warrenport,Beauty,3567.39,2,Net Banking,2025-04-22,1,3.7
ORD100510,CUS6714,Ronald Miller,North Rick,Clothing,1865.32,1,Net Banking,2025-02-09,2,1.4
ORD100511,CUS6989,Andrew Davis,Melaniechester,Beauty,1542.23,4,Debit Card,2024-06-20,5,
ORD100512,CUS5115,Beverly Frederick,Coopertown,Clothing,2086.99,2,Net Banking,2025-11-06,4,4.3
ORD100513,CUS8332,William Kidd,Brianchester,Electronics,2328.7,2,UPI,2025-02-09,3,3.2
ORD100514,CUS3637,Stacey Harris,Clarkbury,Home,2389.55,5,Net Banking,2026-01-21,7,1.3
ORD100515,CUS9302,Nicholas Castaneda,New Victoriaberg,Clothing,3928.83,4,Cash on Delivery,2025-02-28,7,1.7
ORD100516,CUS7979,Anna Romero,Hinesmouth,Sports,2662.77,4,Cash on Delivery,2025-01-04,1,3.1
ORD100517,CUS3276,Molly White,Nguyenburgh,Beauty,2820.18,3,Net Banking,2025-03-10,5,1.7
ORD100518,CUS4458,Andrew Moody,South Donald,Electronics,1625.42,1,Net Banking,2026-01-06,1,2.4
ORD100519,CUS6017,Ashley Velasquez,Lake Craigmouth,Clothing,3615.53,2,Credit Card,2024-06-23,2,1.1
ORD100520,CUS8613,Christopher Waters,Washingtonview,Home,1240.15,3,Debit Card,2024-06-10,1,2.2
ORD100521,CUS7913,James Vazquez,Pamelaland,Beauty,2620.53,2,Credit Card,2025-06-11,6,1.0
ORD100522,CUS7481,Joshua Parker,New Tashaburgh,Books,2454.39,5,Net Banking,2025-02-09,2,2.8
ORD100523,CUS8702,Shari Kim,South Harold,Electronics,1752.72,3,Cash on Delivery,2025-04-14,6,2.6
ORD100524,CUS1983,James Jones,West Sharontown,Beauty,4858.91,4,Debit Card,2025-09-12,2,4.5
ORD100525,CUS1928,James Smith,Mccoyview,Home,2344.7,3,UPI,2026-01-31,3,4.7
ORD100526,CUS6717,Mr. Nathan Nichols,Gutierrezshire,Sports,2510.87,3,Debit Card,2024-09-21,6,1.4
ORD100527,CUS1145,Mathew Key,East Anna,Home,2356.58,1,Credit Card,2025-04-07,4,1.4
ORD100528,CUS4331,Tara Reynolds,Juanburgh,Beauty,458.73,5,Debit Card,2025-11-14,5,2.5
ORD100529,CUS6014,Katrina Webb,Josephstad,Sports,2442.22,3,Net Banking,2025-01-10,2,4.7
ORD100530,CUS2486,Jonathan Jones,Justinville,Books,2314.3,4,Cash on Delivery,2024-09-03,2,4.4
ORD100531,CUS3613,Susan Paul,Ronaldmouth,Clothing,3174.98,4,Net Banking,2026-02-27,1,3.6
ORD100532,CUS3423,Steven Melendez,New Edwardfort,Beauty,1634.13,2,Debit Card,2025-08-16,7,2.9
ORD100533,CUS9129,John Phillips,Lake Cynthia,electronics,4433.04,4,Net Banking,2024-07-09,6,4.3
ORD100534,CUS1201,Elizabeth Ritter DDS,South Sarah,Books,2338.15,1,Cash on Delivery,2025-05-07,2,3.0
ORD100535,CUS7706,Ashley Moore,North Jeffrey,electronics,2241.18,4,Debit Card,2024-07-30,6,1.5
ORD100536,CUS5666,Robert Jordan,South Ryanside,Home,3158.45,1,Net Banking,2025-05-29,4,2.2
ORD100537,CUS8546,Stacy Gonzales,Feliciastad,Beauty,4589.53,3,Credit Card,2024-07-15,5,3.7
ORD100538,CUS6702,Christopher Williams,Philipburgh,Clothing,1085.94,5,Net Banking,2025-11-21,6,3.5
ORD100539,CUS8162,Melissa Lane,East Aaron,Books,2440.55,1,Debit Card,2024-05-08,1,1.5
ORD100540,CUS7367,Ashley Knight MD,Lisabury,Electronics,182.98,5,UPI,2024-05-18,4,
ORD100541,CUS6096,Angela Brown,East Larry,Clothing,3354.69,1,Credit Card,2024-05-12,6,4.7
ORD100542,CUS1381,Alex Nguyen,Huynhport,Books,268.61,3,Credit Card,2024-05-26,1,3.0
ORD100543,CUS6749,Jennifer Martinez,Danieltown,Books,1048.68,5,Net Banking,2024-06-14,7,4.9
ORD100544,CUS7822,Christina Peters,Rodriguezbury,Sports,342.73,3,Credit Card,2024-06-19,4,3.3
ORD100545,CUS9125,Jessica Griffin,Marshallstad,Books,4608.58,1,UPI,2025-03-30,6,1.7
ORD100546,CUS8003,Joshua Curtis,Samanthaborough,Sports,228.67,3,Debit Card,2024-10-30,7,3.3
ORD100547,CUS8771,Annette Peters,Jacksonfurt,Beauty,1717.41,2,Net Banking,2025-11-22,5,1.5
ORD100548,CUS8025,Michael Poole,North Curtisland,Home,4422.47,5,Debit Card,2024-12-21,1,4.4
ORD100549,CUS2860,Marissa Campos,Larsenhaven,Sports,3320.12,3,Credit Card,2025-01-03,1,1.8
ORD100550,CUS6466,Brandon Hughes,Port Jessica,Electronics,4746.11,3,Debit Card,2024-10-01,2,2.8
ORD100551,CUS3036,Danielle Perez,Jessicaville,Home,1228.81,1,UPI,2025-08-19,5,2.8
ORD100552,CUS6051,Michael Hill,Port Mitchellstad,Books,1193.12,2,UPI,2025-11-20,7,3.8
ORD100553,CUS3611,Rhonda Rodriguez,Andreaville,Sports,3819.05,4,Net Banking,2025-06-20,7,3.3
ORD100554,CUS3593,Lauren Adams,North Andrewside,Clothing,181.99,4,Credit Card,2025-03-04,7,2.2
ORD100555,CUS1466,Courtney Ramirez,Arroyohaven,Electronics,3701.15,1,Credit Card,2025-10-15,4,3.5
ORD100556,CUS5386,Stephen Ramirez,Garcialand,Books,4840.68,1,Cash on Delivery,2024-05-03,2,4.5
ORD100557,CUS7312,Taylor Caldwell,Port Tonyside,Beauty,1162.38,4,Debit Card,2025-10-02,1,2.9
ORD100558,CUS1932,Sheryl Barber,Katherinetown,Home,3275.55,4,UPI,2024-04-23,4,1.7
ORD100559,CUS6262,Scott Anderson,East Joshua,Electronics,4691.56,2,Net Banking,2025-09-30,7,
ORD100560,CUS5600,Richard Robertson DVM,Chavezhaven,Clothing,4274.51,1,Cash on Delivery,2024-10-24,4,4.2
ORD100561,CUS5659,Michelle Morris,Hernandezfurt,Electronics,610.03,2,Credit Card,2025-04-08,1,3.8
ORD100562,CUS3023,Kellie Hardin DDS,Besttown,electronics,1208.95,5,Credit Card,2024-11-13,6,3.4
ORD100563,CUS5961,Jonathan Gardner,Johnsonberg,Electronics,193.79,3,UPI,2024-11-02,6,1.8
ORD100564,CUS8429,Carol David,Andersonshire,Sports,4869.55,4,Debit Card,2025-10-12,4,1.7
ORD100565,CUS9197,James Marsh,Port Sandraburgh,Sports,4366.57,1,UPI,2025-09-14,2,1.4
ORD100566,CUS5500,George Perez,West Michealview,Books,2451.1,1,Net Banking,2025-02-13,5,4.2
ORD100567,CUS9703,Lisa Bell,Terrychester,Electronics,838.3,4,Net Banking,2024-08-19,7,3.0
ORD100568,CUS9656,Nicole Brooks,Port Renee,Beauty,1759.29,5,Debit Card,2025-05-26,3,1.2
ORD100569,CUS6212,Brian Dickerson,East Wayne,Electronics,1406.64,5,Credit Card,2025-05-02,7,2.7
ORD100570,CUS6193,Manuel Olson,South Wendymouth,Books,1885.62,1,Credit Card,2024-07-26,3,2.9
ORD100571,CUS6684,Dawn Campbell,Mosston,Beauty,116.72,4,Net Banking,2024-06-03,7,1.1
ORD100572,CUS5691,Joyce Lin,Michellefort,Clothing,2679.35,2,Cash on Delivery,2025-02-01,5,1.3
ORD100573,CUS5135,Bryan Scott,Bridgesfurt,Sports,974.8,2,UPI,2026-01-01,3,3.5
ORD100574,CUS2631,Norman Young,New Wayne,Beauty,2656.8,4,UPI,2025-10-31,4,1.1
ORD100575,CUS2966,Robert Hunter,Lake Marcusmouth,electronics,344.34,4,Debit Card,2024-04-07,7,2.9
ORD100576,CUS8014,Patricia Nelson,Peterville,Home,4017.55,5,Credit Card,2024-09-10,7,2.7
ORD100577,CUS3976,Mark Warner,Amberville,Books,695.2,3,Credit Card,2024-11-06,6,
ORD100578,CUS7857,Kyle Meyer,Taylorshire,Electronics,3008.48,5,Debit Card,2024-09-06,5,1.4
ORD100579,CUS5067,Diane Dawson,Port Sandrastad,Sports,3755.95,4,Cash on Delivery,2025-05-24,3,1.1
ORD100580,CUS7601,Richard Curtis,New Charlene,Books,1816.86,1,Cash on Delivery,2025-02-19,4,3.5
ORD100581,CUS7214,Michael Dickson,Christineborough,Sports,4621.42,5,Cash on Delivery,2025-07-03,6,1.4
ORD100582,CUS8852,Linda Mcdonald,West Kristenport,Sports,4513.96,2,Debit Card,2025-03-07,4,2.0
ORD100583,CUS3872,Edward Morrow,New Danielleburgh,Home,3361.33,2,Debit Card,2024-10-20,1,3.1
ORD100584,CUS1229,Nicholas Abbott,New Stephen,Beauty,1994.15,3,UPI,2025-10-23,1,1.6
ORD100585,CUS8544,William Barton,South Derek,Electronics,4196.23,1,Credit Card,2024-07-06,3,1.3
ORD100586,CUS8819,Cameron Gilbert,South Danielport,Home,285.84,5,Credit Card,2025-02-19,2,3.1
ORD100587,CUS1810,Norman Thompson,South Ashley,Clothing,208.29,3,Net Banking,2025-09-15,7,2.9
ORD100588,CUS5532,David Baker,East Bradleychester,Beauty,2533.41,2,Net Banking,2025-04-26,1,2.5
ORD100589,CUS6579,Kimberly Werner,Port Derrick,Clothing,1932.75,4,Credit Card,2024-09-15,1,4.8
ORD100590,CUS5643,Carolyn Stone,Thompsonberg,Books,752.39,4,UPI,2024-04-12,3,1.6
ORD100591,CUS9888,Xavier Kelly,West James,Beauty,3908.08,1,Net Banking,2025-07-08,5,3.6
ORD100592,CUS9495,Jeremy Mack,Port Darrellton,Sports,3243.66,3,Cash on Delivery,2024-05-28,4,4.7
ORD100593,CUS2754,Haley Horne,Benjaminchester,Clothing,4605.37,1,Credit Card,2025-09-08,2,1.0
ORD100594,CUS5930,Brian Stevens,South Joseph,Clothing,3855.52,3,Debit Card,2026-01-24,7,3.0
ORD100595,CUS8683,Kelly Ewing,Dustinfort,Beauty,1516.78,1,Credit Card,2024-11-02,3,1.1
ORD100596,CUS4914,Casey Martinez,Carolynside,Home,3878.54,1,Debit Card,2024-06-03,2,3.0
ORD100597,CUS6729,Lisa Nelson,Ericburgh,Electronics,703.24,4,Net Banking,2025-03-13,1,
ORD100598,CUS5232,Tracy Johnson,West Patrick,Books,3098.59,3,Credit Card,2024-07-20,4,3.5
ORD100599,CUS9484,Michael Gentry,Port Lisa,Sports,2414.76,2,Credit Card,2024-10-23,4,4.9
ORD100600,CUS1343,Michael May,West Colinville,Beauty,926.44,4,Cash on Delivery,2025-02-21,7,2.4
ORD100601,CUS2446,Joy Thompson,Lake Terry,Home,4292.48,5,Debit Card,2025-01-30,3,1.7
ORD100602,CUS7950,Becky Ballard,Lake Monica,Books,4667.45,4,UPI,2025-07-29,5,2.1
ORD100603,CUS6480,Angela Jones,East Victoria,Clothing,1867.49,1,Cash on Delivery,2024-05-04,5,2.7
ORD100604,CUS6914,Mr. Kyle Compton,West Shellyborough,Beauty,3083.0,2,Debit Card,2025-10-13,3,1.2
ORD100605,CUS4234,Michael Henry,Markville,Beauty,3371.63,5,Debit Card,2025-04-18,4,3.7
ORD100606,CUS7441,Teresa Howard,Ashleyside,electronics,3822.13,3,UPI,2025-09-03,5,3.5
ORD100607,CUS6527,Deborah Nash,Heatherton,Clothing,1834.31,2,Cash on Delivery,2025-05-08,6,1.9
ORD100608,CUS4041,Michael Myers,Kathyview,Clothing,4873.42,2,Net Banking,2025-01-15,4,3.7
ORD100609,CUS5567,John Thomas,West Michaelside,Clothing,3151.18,1,UPI,2025-11-02,7,4.5
ORD100610,CUS6404,Matthew Miller,Joshuashire,Electronics,4112.91,5,Credit Card,2024-09-06,3,2.7
ORD100611,CUS3883,Diana Jackson,New Aliciaport,Books,278.42,2,Cash on Delivery,2025-11-24,4,4.2
ORD100612,CUS7610,Robert Chavez,Port Kathleen,Home,1244.7,2,Cash on Delivery,2025-06-10,7,4.6
ORD100613,CUS4881,Justin Zamora,North Kayla,Home,4475.92,2,Cash on Delivery,2024-07-01,1,
ORD100614,CUS9710,Dominique Fernandez,East Richard,Electronics,503.79,5,Net Banking,2026-03-04,1,4.1
ORD100615,CUS7108,Darryl Gibson,Garciaburgh,Electronics,3664.88,1,Credit Card,2025-03-16,3,1.7
ORD100616,CUS3931,Lisa Livingston,Floresport,Electronics,1544.79,5,UPI,2025-09-06,3,4.8
ORD100617,CUS7369,Daniel Jones,Kelleychester,Electronics,4969.94,2,Credit Card,2024-10-13,5,3.8
ORD100618,CUS4137,Frank Stewart,Lauraview,Beauty,2118.33,4,UPI,2024-08-12,7,1.3
ORD100619,CUS7558,Amanda West,West Gregoryborough,Beauty,1311.0,1,Credit Card,2024-09-12,2,3.4
ORD100620,CUS3119,Sarah Romero,West Sheryl,Sports,447.53,4,UPI,2025-12-26,4,1.5
ORD100621,CUS6461,Vanessa Sawyer,Brandistad,Books,299.45,2,Credit Card,2024-09-20,3,1.7
ORD100622,CUS3960,John Palmer,South Hannahshire,electronics,1976.58,5,Cash on Delivery,2024-05-18,4,4.1
ORD100623,CUS8086,Catherine Hansen,Williamhaven,Books,2555.09,4,Cash on Delivery,2026-03-05,7,4.5
ORD100624,CUS3802,Chase Wells,East Steven,Home,4274.86,5,Credit Card,2025-06-06,4,2.9
ORD100625,CUS8819,Jessica Leon,Housefort,Electronics,218.86,4,Cash on Delivery,2025-01-31,2,4.1
ORD100626,CUS5766,Robin Bailey,Devinberg,Books,3202.04,3,Debit Card,2025-11-28,4,4.3
ORD100627,CUS2491,Ryan Martin,West Kathrynside,Clothing,1005.84,1,Credit Card,2025-01-07,6,3.5
ORD100628,CUS6346,April Ramirez,Walkerfurt,Electronics,801.97,5,Net Banking,2024-09-07,1,1.9
ORD100629,CUS2416,Sandra Knapp,Swansonview,Sports,1713.4,5,Net Banking,2025-11-22,7,2.4
ORD100630,CUS6762,Raymond Kelly,Williamsberg,Beauty,980.06,1,Net Banking,2024-09-16,6,3.8
ORD100631,CUS5180,Kayla Peterson,West Keithburgh,Home,4455.19,4,Debit Card,2025-11-09,7,1.2
ORD100632,CUS3163,Marc Meza,Lake Rachaelland,Home,4494.72,1,Net Banking,2025-12-28,4,3.0
ORD100633,CUS1207,Michael Harrell,North Stevenville,Home,1482.31,1,UPI,2024-09-27,3,2.3
ORD100634,CUS2133,Valerie Gardner,Julieton,Electronics,4194.32,4,Net Banking,2024-11-12,7,3.6
ORD100635,CUS4489,Jill Lewis,Jonesside,Home,137.26,5,UPI,2024-10-24,5,4.5
ORD100636,CUS4039,David Cooper,Esparzafort,Electronics,4274.38,2,Debit Card,2024-07-21,4,4.7
ORD100637,CUS8683,Jeffery Holt,South Jesusfurt,Books,4939.95,2,Debit Card,2025-04-01,6,1.2
ORD100638,CUS3755,Brittany Jackson,West Jason,Home,3380.65,1,Net Banking,2024-08-18,1,2.0
ORD100639,CUS8962,Ashley Anderson,Port Nataliebury,Electronics,1767.21,1,UPI,2025-07-05,6,4.3
ORD100640,CUS8166,Janet Acosta,Port Donna,Books,2569.06,4,Net Banking,2025-04-10,7,3.2
ORD100641,CUS9305,Dawn James,Angelaside,Home,1332.07,1,UPI,2024-06-03,6,3.1
ORD100642,CUS6274,Tom Morrison,Allenborough,Books,1441.33,5,Net Banking,2025-07-26,1,1.4
ORD100643,CUS6117,Caitlin Small,Barronberg,Clothing,1323.71,1,Cash on Delivery,2025-03-13,5,3.1
ORD100644,CUS9750,Christopher Phillips DDS,Carterton,Sports,2359.85,5,Cash on Delivery,2026-03-09,2,1.3
ORD100645,CUS9468,Maria Barton,Ashleyville,Electronics,938.07,5,Credit Card,2024-10-18,3,
ORD100646,CUS3295,Catherine Mcdonald,East Linda,Sports,4450.22,2,UPI,2025-11-06,4,1.9
ORD100647,CUS5047,Toni Odom,South Shannonberg,Sports,2089.17,4,Credit Card,2025-02-18,6,2.4
ORD100648,CUS3877,,Schwartzton,Electronics,2148.5,1,Net Banking,2024-08-05,4,1.8
ORD100649,CUS7653,Jennifer Lyons,Lake Benjaminfort,Sports,3915.3,2,Debit Card,2026-03-06,4,1.5
ORD100650,CUS7759,Terrance Sparks,Collinshaven,Home,2240.82,5,Credit Card,2025-11-04,7,2.3
ORD100651,CUS6853,,Stephenview,Electronics,1340.34,1,Debit Card,2025-12-04,7,1.4
ORD100652,CUS8928,John Beck,Jessicaside,electronics,1485.19,3,Debit Card,2025-07-12,4,2.1
ORD100653,CUS2723,Scott Scott,Fergusonville,Beauty,3315.67,1,Credit Card,2025-05-05,4,3.8
ORD100654,CUS9456,Daniel Mann,Theresamouth,Home,410.74,1,Net Banking,2025-09-20,5,1.6
ORD100655,CUS3877,Charlotte Ruiz,New Christopher,Clothing,4515.55,2,Debit Card,2025-12-05,1,1.1
ORD100656,CUS7115,Ralph Shaw,West John,Books,1403.15,5,Cash on Delivery,2024-05-07,4,
ORD100657,CUS8130,Angela Moore,Gregborough,Clothing,4293.39,4,Debit Card,2024-12-30,2,2.4
ORD100658,CUS7839,Julie Floyd,Lake Susan,Home,1391.83,3,Net Banking,2024-08-03,6,2.2
ORD100659,CUS7756,Timothy Hess,Port Debrabury,Beauty,2675.33,5,Cash on Delivery,2024-06-07,2,4.7
ORD100660,CUS8167,Susan Frazier,South Joseph,Clothing,2048.08,2,Cash on Delivery,2025-07-04,3,2.4
ORD100661,CUS3341,Edward Castro,Micheletown,Clothing,4916.1,1,Credit Card,2025-06-26,3,2.9
ORD100662,CUS9126,Angela Salazar,Hunterborough,Clothing,1690.79,5,Net Banking,2025-09-05,4,4.0
ORD100663,CUS6245,Lisa Hughes,West Elizabeth,Beauty,386.83,2,Debit Card,2026-01-12,2,3.1
ORD100664,CUS9964,Haley Woods,West Kimberlyport,Beauty,1539.28,4,Cash on Delivery,2024-06-27,4,1.1
ORD100665,CUS2673,Gregory Evans,Yeseniashire,Electronics,281.97,3,UPI,2025-02-21,2,3.1
ORD100666,CUS4161,Andrea Avila,Michelleport,Beauty,2928.98,1,UPI,2025-03-10,7,2.8
ORD100667,CUS2445,Steven Brewer,New Drewton,Electronics,677.68,1,Cash on Delivery,2024-05-19,4,3.1
ORD100668,CUS6523,Jennifer Flores,West Jordan,Home,2361.3,2,Cash on Delivery,2025-08-10,5,2.1
ORD100669,CUS3921,Debra Welch,Wiseberg,Beauty,750.58,5,Debit Card,2024-11-25,7,2.5
ORD100670,CUS6092,William Hammond,East Natalieland,Sports,1013.95,1,Credit Card,2025-08-06,7,1.9
ORD100671,CUS1538,Alexander Alvarez,South Matthewside,Electronics,4940.81,3,Cash on Delivery,2024-10-03,7,1.9
ORD100672,CUS4052,Antonio Moreno,East Matthewside,Electronics,341.99,3,Net Banking,2025-12-20,3,4.6
ORD100673,CUS8014,Jennifer Hall,North James,Clothing,3165.58,2,Cash on Delivery,2026-01-14,2,2.1
ORD100674,CUS9482,Kristin Mayer,Christopherside,Clothing,188.68,3,Credit Card,2024-10-03,2,3.7
ORD100675,CUS2582,Courtney Moyer,East Christineborough,Electronics,4970.75,5,UPI,2025-11-20,4,2.8
ORD100676,CUS6711,Christopher Graves,South Carla,Sports,4256.46,4,Debit Card,2024-06-19,7,2.9
ORD100677,CUS9276,William Buckley,Lake Ryanland,Books,2150.94,1,UPI,2025-06-15,7,4.3
ORD100678,CUS2294,Morgan Wilson,Chavezstad,Sports,1969.72,4,Credit Card,2025-02-27,6,1.6
ORD100679,CUS6560,Matthew Sanchez,New Jonfort,Home,148.06,3,Net Banking,2026-01-06,6,3.8
ORD100680,CUS8558,Jennifer Hill,Guerraborough,Beauty,2179.31,1,Credit Card,2024-12-08,3,4.3
ORD100681,CUS8451,,Jonesstad,Books,2174.14,2,Credit Card,2025-12-08,4,4.0
ORD100682,CUS1396,Jodi Monroe,Camposchester,Sports,2470.23,2,Credit Card,2025-10-15,6,3.2
ORD100683,CUS5747,Taylor Evans,Jasminebury,Home,1879.96,1,Debit Card,2026-02-13,7,3.3
ORD100684,CUS6317,Brandy Armstrong,North Cynthiatown,Beauty,1103.5,5,Cash on Delivery,2025-05-06,2,1.6
ORD100685,CUS9415,Daniel Ball,Hardyfort,Home,1657.6,2,Debit Card,2024-04-05,5,1.4
ORD100686,CUS1487,Peter Butler,Kevinberg,Beauty,4084.73,2,Credit Card,2026-02-24,4,3.0
ORD100687,CUS5809,Brian Williams,Timothyburgh,electronics,1559.81,2,Cash on Delivery,2025-12-28,4,3.9
ORD100688,CUS8521,Robert Tucker,Johnside,Beauty,3223.23,4,Cash on Delivery,2024-05-13,5,4.2
ORD100689,CUS7029,Kristi Stanley,Smithberg,Beauty,683.49,2,Debit Card,2025-03-08,4,3.6
ORD100690,CUS9500,Michelle Jackson,Lake Ronald,Home,1392.1,2,Cash on Delivery,2025-05-24,2,1.1
ORD100691,CUS2058,Maria Maynard,New Tiffanyland,Electronics,326.64,5,Credit Card,2025-08-19,5,1.3
ORD100692,CUS1041,Steve Schmidt,Bentonberg,Clothing,2557.43,4,Cash on Delivery,2024-09-28,5,3.0
ORD100693,CUS3193,Corey Bell,Sethfurt,Electronics,4709.09,1,Net Banking,2024-08-19,3,3.6
ORD100694,CUS1324,Amber Bailey,Saraburgh,Clothing,4360.21,2,Debit Card,2024-09-06,4,1.3
ORD100695,CUS4762,Jessica Clark,South Tanyashire,Clothing,1810.48,2,Credit Card,2025-10-26,4,2.6
ORD100696,CUS9134,Juan Weiss,East Julia,Beauty,3279.2,1,UPI,2024-06-14,7,
ORD100697,CUS1553,Lisa Walker,Port Andrewton,Sports,2983.06,2,Debit Card,2026-01-20,7,3.7
ORD100698,CUS2041,Tracy Fox,Christophermouth,Clothing,3278.53,2,UPI,2025-10-27,2,4.3
ORD100699,CUS2864,Lisa Fisher,Carlosland,Electronics,4400.79,1,Net Banking,2025-11-24,4,2.8
ORD100700,CUS3846,Brian Booth,East Kimberlyport,Home,150.01,4,Cash on Delivery,2025-03-08,6,3.4
ORD100701,CUS1923,Karen Smith,Loriport,Clothing,1688.35,1,Cash on Delivery,2025-06-08,3,5.0
ORD100702,CUS1328,Stacy Mays,Richardfurt,Clothing,2502.07,3,Cash on Delivery,2025-10-15,6,4.1
ORD100703,CUS7165,Mr. Jeffrey Hogan,West Anthonyside,Electronics,3788.86,2,Net Banking,2024-12-02,1,4.7
ORD100704,CUS8945,Sean Roberts,Roachstad,Books,3478.26,4,Net Banking,2024-03-30,4,4.2
ORD100705,CUS4996,Jon Garza,Perryville,Sports,2164.95,2,Credit Card,2025-09-03,3,2.4
ORD100706,CUS4110,John Melendez,Erinland,Electronics,4616.25,5,Debit Card,2024-12-01,4,1.4
ORD100707,CUS6627,Samantha Curtis,North Gerald,Sports,1972.09,5,Net Banking,2026-02-28,7,3.3
ORD100708,CUS6722,Victoria Davis,Smithchester,Sports,4892.9,2,Credit Card,2024-04-12,1,1.1
ORD100709,CUS3721,,Robertview,Sports,3117.3,2,Credit Card,2024-04-29,3,4.6
ORD100710,CUS9795,Erin George,West Briannaland,Home,2011.36,3,UPI,2024-08-05,6,4.5
ORD100711,CUS8654,David Vega,Millermouth,Books,3678.25,5,Net Banking,2024-07-01,6,1.8
ORD100712,CUS3071,Kenneth Lee,Taylorfort,Electronics,3581.94,1,Cash on Delivery,2026-02-23,7,4.1
ORD100713,CUS6999,Robert Frye,Meyerville,Clothing,3226.56,4,Net Banking,2024-05-07,1,4.8
ORD100714,CUS9797,Lorraine Campos,North Stacy,Electronics,2599.84,3,Cash on Delivery,2026-03-05,5,1.2
ORD100715,CUS1552,,New Ryanville,Books,2907.29,5,UPI,2026-03-02,1,
ORD100716,CUS9441,Julie Daniels,Port Angela,Books,2471.34,2,Cash on Delivery,2024-08-31,7,
ORD100717,CUS6170,Michelle Church,West Shawnfort,Beauty,2342.21,3,Net Banking,2024-09-08,5,2.2
ORD100718,CUS2423,Kathleen Woodard,New Kimberly,Clothing,4284.46,5,UPI,2025-12-22,6,1.0
ORD100719,CUS4129,Casey Boyd,New Taramouth,Electronics,2272.89,4,UPI,2024-09-19,4,4.9
ORD100720,CUS6016,Brian Martinez,Espinozafurt,Clothing,1633.09,3,Debit Card,2024-12-13,4,3.7
ORD100721,CUS7612,Annette Cameron,South Daniel,Books,3083.88,3,Credit Card,2025-09-01,1,2.9
ORD100722,CUS7096,Deborah Love,North Jeffreyview,Books,4923.88,5,Net Banking,2025-07-21,2,2.8
ORD100723,CUS2685,,Cervantesport,Sports,1057.32,3,Credit Card,2024-10-12,2,1.2
ORD100724,CUS2567,Julie Clark,Ruizmouth,Home,1471.81,4,UPI,2025-09-20,6,4.8
ORD100725,CUS3373,Seth Barnett,East Amandaburgh,Home,1917.99,5,Cash on Delivery,2024-10-30,7,3.5
ORD100726,CUS9172,Victor Rodriguez,East Corey,Clothing,2207.89,4,Net Banking,2025-04-19,1,4.3
ORD100727,CUS7846,Michael Ortiz,Lanestad,Beauty,4274.11,5,Cash on Delivery,2024-05-15,7,1.7
ORD100728,CUS3146,Nicole Welch,West Nicholas,Home,2433.87,1,Net Banking,2025-06-23,7,2.3
ORD100729,CUS1751,Jason Matthews,Morganview,Electronics,4862.95,3,Cash on Delivery,2024-10-28,5,3.7
ORD100730,CUS6420,Jean Morrison,New Kelly,Home,810.06,3,Debit Card,2025-03-18,1,1.1
ORD100731,CUS9984,Zachary Hess,Lake Justin,Electronics,4733.41,2,Debit Card,2026-02-17,3,4.2
ORD100732,CUS1595,Jorge Adams,New Sarahside,Clothing,456.28,3,Cash on Delivery,2025-10-25,7,3.8
ORD100733,CUS9966,Kathleen Thompson,Port Travis,Books,4724.13,1,UPI,2025-05-21,7,
ORD100734,CUS8578,Daniel Wilkerson,Rachelberg,Sports,1448.5,3,Cash on Delivery,2025-09-05,6,4.8
ORD100735,CUS6566,Dwayne Gilmore,Allenburgh,Clothing,1574.51,1,Credit Card,2025-08-27,1,5.0
ORD100736,CUS6704,,New Jillstad,Home,4731.46,2,Debit Card,2025-01-08,7,1.4
ORD100737,CUS2970,Sharon Cruz,West Jillfort,Home,1887.83,5,Debit Card,2025-11-07,3,2.6
ORD100738,CUS1240,James Daniel,Charlestown,electronics,4196.05,1,Cash on Delivery,2025-07-30,5,2.3
ORD100739,CUS8056,William Ramirez,South Shane,Beauty,953.98,1,Debit Card,2025-08-09,3,1.3
ORD100740,CUS9741,Michael Salazar,North Kelly,Home,1513.57,4,UPI,2025-05-30,3,4.6
ORD100741,CUS3658,Brian Villegas,Lake Austin,Sports,4767.32,3,Debit Card,2024-08-27,2,1.6
ORD100742,CUS7766,Andrew Phillips,North Cindyland,Books,4687.28,1,UPI,2025-06-15,3,1.5
ORD100743,CUS6238,Mitchell Mann,South Joseph,Beauty,517.09,4,Cash on Delivery,2026-01-26,6,4.6
ORD100744,CUS3598,John Fisher,Leachbury,Clothing,3693.35,2,Net Banking,2025-08-02,5,2.7
ORD100745,CUS1082,James Reeves,South Jessica,Electronics,199.77,2,UPI,2024-11-25,1,2.1
ORD100746,CUS9364,Teresa Colon,Jimenezstad,Beauty,1957.66,2,Debit Card,2025-09-12,5,3.8
ORD100747,CUS4184,Jason Mccarty,Amyside,Sports,4437.51,5,UPI,2025-08-02,4,4.8
ORD100748,CUS3388,James Davis,Marcmouth,Books,865.56,3,Cash on Delivery,2025-08-04,2,1.1
ORD100749,CUS7932,Jeffery Diaz,Port Thomas,Clothing,4387.25,5,Cash on Delivery,2024-09-11,1,2.3
ORD100750,CUS3259,Caitlin Gilbert,Lake Nancyton,Books,3268.26,3,Credit Card,2024-11-15,5,4.9
ORD100751,CUS9039,Melissa Cox,Meganview,Electronics,1535.83,1,Cash on Delivery,2025-10-04,7,1.8
ORD100752,CUS5676,Jordan Collier,Jamesshire,Clothing,2336.74,2,Credit Card,2026-01-23,5,1.8
ORD100753,CUS1899,Sandra Lee,Fostermouth,Electronics,1246.7,5,Cash on Delivery,2025-11-06,4,4.0
ORD100754,CUS4109,Caleb Freeman,Stephanieview,Electronics,355.69,2,Credit Card,2025-01-14,7,4.7
ORD100755,CUS9963,Amanda Lester,Kirkmouth,Sports,3540.89,3,Net Banking,2025-12-27,1,4.3
ORD100756,CUS1775,Tracy Thompson,New Williamstad,Beauty,1847.18,4,Debit Card,2025-11-08,2,3.2
ORD100757,CUS7174,Kelly Adkins,Jacksonstad,Electronics,1331.72,3,Cash on Delivery,2024-08-19,1,3.9
ORD100758,CUS1980,Dana Williams,Lake Derrick,Beauty,4230.77,4,Cash on Delivery,2024-12-07,2,2.7
ORD100759,CUS8034,Deborah Mills,Jonesshire,electronics,4844.49,3,Cash on Delivery,2024-04-26,4,1.1
ORD100760,CUS2208,Luis Vega,New Edwardside,Beauty,2623.25,4,Net Banking,2024-09-27,1,2.4
ORD100761,CUS5122,Tracy Brewer,New Nicole,Sports,2718.5,3,Credit Card,2025-05-23,1,4.0
ORD100762,CUS8420,Pamela Franklin,Hannahhaven,Sports,432.52,2,Debit Card,2025-06-29,2,4.6
ORD100763,CUS8146,Erin Moore,Madelinebury,Beauty,1911.32,3,Net Banking,2025-08-26,3,3.6
ORD100764,CUS6315,Jessica Greene,East Robertmouth,Sports,308.44,4,Debit Card,2025-01-23,6,4.7
ORD100765,CUS4338,Emily Reyes,North Stephanieland,Books,4509.64,3,UPI,2024-12-16,5,3.9
ORD100766,CUS4555,John Schneider,Riverafort,Home,3038.63,1,Credit Card,2025-01-14,5,3.9
ORD100767,CUS8222,,North Kimberly,Clothing,1218.2,5,Debit Card,2025-06-03,7,3.8
ORD100768,CUS7044,Tanner Mays,South Kristenville,Home,3184.74,2,UPI,2024-07-06,1,2.2
ORD100769,CUS4509,Crystal Robinson,South Michael,Sports,3703.4,4,Net Banking,2026-01-23,6,4.3
ORD100770,CUS8491,Robert Long,Robinsonshire,Beauty,2693.11,5,Credit Card,2025-08-05,6,
ORD100771,CUS5024,Yvonne Parker,South Bonnie,Books,166.08,3,Net Banking,2024-08-30,1,3.5
ORD100772,CUS2907,,South Katherinestad,Home,1604.66,4,Debit Card,2025-03-28,7,3.9
ORD100773,CUS8140,Debra Adams,Christinastad,Electronics,2740.15,2,Net Banking,2025-09-18,1,4.3
ORD100774,CUS5080,,Lake Mark,Clothing,3887.75,3,Credit Card,2026-01-14,3,4.3
ORD100775,CUS8429,Michael Wright,Veronicaberg,Sports,800.24,3,UPI,2025-04-26,1,1.0
ORD100776,CUS3924,Blake Woodard,Brianborough,Electronics,2726.51,3,Net Banking,2025-08-30,6,4.0
ORD100777,CUS2793,Joyce White,Cannontown,Clothing,243.57,2,Net Banking,2025-03-21,3,4.4
ORD100778,CUS3789,Nathan Kim,Abigailland,Sports,750.57,2,Debit Card,2025-04-16,4,4.2
ORD100779,CUS6720,Matthew Chan,Lake Michael,Home,3519.81,3,Net Banking,2025-12-14,3,1.0
ORD100780,CUS5255,Frank Bailey,East Stevenshire,Sports,2639.14,5,Net Banking,2024-06-18,4,1.0
ORD100781,CUS8478,Scott Ortiz,Johntown,Books,2109.28,4,Net Banking,2025-06-24,1,3.6
ORD100782,CUS3409,Laura Sullivan,New Staceyshire,Books,2032.87,1,Cash on Delivery,2025-12-31,5,4.7
ORD100783,CUS8530,,Lindaside,Clothing,4511.15,1,Cash on Delivery,2025-04-14,7,3.3
ORD100784,CUS2578,Joseph Ritter,Jacquelinefurt,Home,3981.75,1,Cash on Delivery,2025-08-03,1,2.6
ORD100785,CUS9888,Brandon Williamson,North Rebekahville,Clothing,2484.42,2,Credit Card,2025-08-29,3,3.4
ORD100786,CUS4040,David Brown,East Vincentbury,Home,2957.93,5,Credit Card,2025-09-02,1,4.1
ORD100787,CUS7859,Darren Moore,Port Louisland,Home,1298.58,4,Net Banking,2025-03-23,5,2.4
ORD100788,CUS1093,Thomas Hebert,Chelseafort,Home,1190.76,5,Credit Card,2024-05-08,2,3.4
ORD100789,CUS7963,April Martin,Terrellchester,Books,2010.02,5,Debit Card,2024-10-07,3,1.0
ORD100790,CUS7475,Jesse Jones,Thomasside,Electronics,4953.44,4,UPI,2025-10-14,1,4.3
ORD100791,CUS6087,,West Nathanielburgh,Sports,4656.44,4,Cash on Delivery,2026-03-04,3,3.6
ORD100792,CUS4983,,Jacksonhaven,electronics,4075.02,4,UPI,2024-08-04,4,4.3
ORD100793,CUS1748,Cody Waller,Port Spencer,Clothing,3046.66,1,Net Banking,2025-10-01,3,3.2
ORD100794,CUS9528,Zoe Tran,Floydberg,Home,375.35,5,Credit Card,2025-09-02,1,4.5
ORD100795,CUS1212,Christopher Smith,Jamesside,Sports,4660.74,2,Cash on Delivery,2025-07-13,2,1.4
ORD100796,CUS9496,Rachel Thomas,Kruegerchester,Sports,3667.52,5,UPI,2024-07-14,7,2.5
ORD100797,CUS8326,Allen Paul,East Sara,Home,3247.02,5,Credit Card,2024-04-28,2,1.4
ORD100798,CUS6579,Elizabeth King,West Reneeside,Books,356.59,3,UPI,2024-11-22,2,2.7
ORD100799,CUS7535,Michael Mccormick,Danielport,Electronics,276.85,4,UPI,2024-04-01,3,2.3
ORD100800,CUS1071,Nancy Sims,Smithside,Beauty,4158.64,2,Cash on Delivery,2024-06-30,5,4.9
ORD100801,CUS6846,Kathryn Mathis,Lake Tyrone,Clothing,3594.22,2,Net Banking,2025-04-09,3,1.4
ORD100802,CUS9160,Joseph Barnes,North Caitlynstad,Beauty,731.6,4,UPI,2024-03-12,5,4.6
ORD100803,CUS4255,Ryan Erickson,South Alicia,Electronics,2430.97,1,UPI,2025-01-12,2,1.4
ORD100804,CUS8476,Joseph Tran,West Karen,Books,2025.35,3,Cash on Delivery,2024-07-27,5,2.9
ORD100805,CUS7579,Brittany Jenkins,Adrianstad,Home,482.47,1,Debit Card,2024-11-21,3,3.3
ORD100806,CUS4837,Stephen Villegas,Kristinetown,Clothing,3802.1,1,Debit Card,2025-06-05,3,1.7
ORD100807,CUS2416,Kristina Martinez,Lake Tracy,Beauty,2503.63,3,Cash on Delivery,2025-06-06,5,4.2
ORD100808,CUS1371,James Leblanc,Bethanybury,Books,938.37,3,Net Banking,2025-01-02,1,1.2
ORD100809,CUS9384,Kathryn Cardenas,New Charles,Home,3876.14,5,Debit Card,2024-06-23,6,1.7
ORD100810,CUS4277,Andrew Owens,Port Kennethchester,Electronics,733.51,4,Net Banking,2025-07-23,2,2.3
ORD100811,CUS5951,Christina Lee,Markland,Clothing,1380.73,4,Cash on Delivery,2026-03-05,3,2.0
ORD100812,CUS5806,Andrew Wells,Joshuaside,Home,4276.85,5,Credit Card,2024-04-21,4,1.5
ORD100813,CUS1516,Kathleen Garcia,Ramirezfurt,electronics,4249.35,3,Debit Card,2025-11-30,6,3.4
ORD100814,CUS4060,Maria Lawson,Deborahfurt,Books,2116.25,2,Debit Card,2025-11-29,5,4.3
ORD100815,CUS2254,Shawn Luna,Willishaven,Books,3806.26,4,Net Banking,2025-01-18,5,1.3
ORD100816,CUS8073,Christopher Rush,Nancytown,Electronics,481.8,2,Credit Card,2024-10-21,2,3.4
ORD100817,CUS1505,Daniel Randall,Wilsonville,Books,1181.05,4,UPI,2024-07-02,4,2.2
ORD100818,CUS7145,Megan Burns,Jeffmouth,Home,274.74,1,Cash on Delivery,2026-01-04,4,2.3
ORD100819,CUS8945,Andrew Singh,Ronaldhaven,Books,4084.04,4,Net Banking,2025-05-16,6,3.4
ORD100820,CUS2718,Alexis Green,West Tylerburgh,Sports,4125.65,2,Cash on Delivery,2025-07-11,2,4.9
ORD100821,CUS9885,Rodney Garcia,Lake Loriland,Books,690.9,1,Cash on Delivery,2025-11-28,6,2.0
ORD100822,CUS3973,Maria Wilson,Caldwellfort,Clothing,4862.7,4,UPI,2024-08-17,1,2.7
ORD100823,CUS4063,Tyler Smith,North Heather,Beauty,4935.28,2,Debit Card,2025-12-08,5,1.4
ORD100824,CUS5733,Jessica Brown,Curryside,Clothing,257.7,1,Credit Card,2024-09-03,6,4.0
ORD100825,CUS3649,Daniel Hernandez,Jesseberg,Sports,3894.15,2,Cash on Delivery,2025-01-18,7,3.6
ORD100826,CUS5243,John Gonzalez,New Marcuschester,Beauty,2111.02,3,Net Banking,2024-11-27,3,1.2
ORD100827,CUS1343,Matthew Adams,Grahamland,Electronics,261.56,5,Debit Card,2026-01-31,7,4.1
ORD100828,CUS8561,James Davis,Port Brandonland,Sports,4471.74,3,Net Banking,2026-02-27,2,3.1
ORD100829,CUS4324,Julie Andersen,Lewismouth,Electronics,4626.77,1,Debit Card,2025-10-13,5,3.6
ORD100830,CUS5737,Debra Ortiz,Kathrynstad,Electronics,892.17,2,Credit Card,2024-05-24,5,3.7
ORD100831,CUS9134,John Jordan,Montestown,Books,1629.11,2,Credit Card,2024-11-14,5,4.2
ORD100832,CUS8307,Austin Burns,West Bryan,Home,3057.08,1,Debit Card,2025-03-21,7,4.5
ORD100833,CUS6466,,Jessicabury,Sports,1725.93,3,UPI,2024-08-14,6,2.6
ORD100834,CUS2845,Theresa Moran,New Lisa,Sports,2382.03,3,UPI,2024-04-16,6,1.2
ORD100835,CUS7870,Roy Hogan,South Jenniferton,Electronics,1215.52,4,Debit Card,2025-06-19,3,3.9
ORD100836,CUS1808,Bonnie Rodriguez,Jeffreymouth,Beauty,2048.3,3,Net Banking,2025-05-26,2,4.3
ORD100837,CUS3183,Robin Walker,West Jesus,Sports,679.76,5,Credit Card,2025-02-06,7,2.3
ORD100838,CUS8873,Emily Smith,Megantown,Electronics,1218.29,3,Net Banking,2025-10-20,1,4.1
ORD100839,CUS6476,Eric Cruz,Myersborough,Beauty,4839.35,1,Cash on Delivery,2025-03-18,1,2.4
ORD100840,CUS2062,Valerie Norton,Kristinshire,Clothing,2626.67,3,Cash on Delivery,2025-03-25,2,4.2
ORD100841,CUS1973,Jessica Miller,West Eric,Sports,4348.23,2,UPI,2024-11-04,2,4.3
ORD100842,CUS8268,Erin Bean,East Donna,Books,198.45,2,Net Banking,2024-07-08,1,3.3
ORD100843,CUS8993,Tyler Beasley,Gabrielfurt,Electronics,2873.69,1,Cash on Delivery,2024-03-25,7,4.7
ORD100844,CUS8620,James Bonilla,Knightton,electronics,3852.63,5,Net Banking,2024-05-02,3,2.7
ORD100845,CUS1453,Beth Soto,Port Bryanberg,Books,2540.39,2,UPI,2024-09-18,5,3.4
ORD100846,CUS2254,Jackie Gonzalez,Michaelshire,Electronics,4531.36,4,Debit Card,2024-11-26,5,1.4
ORD100847,CUS6983,Jennifer Reyes,Dennisland,Sports,4190.56,3,Debit Card,2025-04-28,4,3.5
ORD100848,CUS5097,Jaime Ramirez,New Austinville,Beauty,2269.16,3,Net Banking,2024-06-04,2,5.0
ORD100849,CUS3599,Colin Gonzalez,Reesestad,Electronics,3575.16,3,Credit Card,2024-11-02,7,1.7
ORD100850,CUS3854,Natasha Melendez,Oliverport,Beauty,3399.8,1,Net Banking,2024-05-16,4,1.9
ORD100851,CUS7962,Michele Allen,Huntton,Sports,2922.79,3,Net Banking,2025-10-25,3,2.2
ORD100852,CUS4521,Marcus Rodriguez,Port Jacob,Clothing,2218.95,1,Debit Card,2024-11-11,4,1.1
ORD100853,CUS8567,Melinda Jensen,Adamtown,Sports,1611.53,4,Cash on Delivery,2026-03-08,6,2.8
ORD100854,CUS5866,Paula Leblanc,Schultzton,Sports,948.55,4,Credit Card,2024-04-23,2,1.5
ORD100855,CUS1637,Matthew Johnson,Melanieport,Electronics,1581.11,5,Debit Card,2025-12-14,4,3.9
ORD100856,CUS9910,Dr. Paul Edwards,Sullivanshire,Clothing,919.13,3,UPI,2025-12-31,3,1.4
ORD100857,CUS3495,Tammy Collins,South Marcusport,Clothing,2149.89,3,Cash on Delivery,2024-08-09,4,2.3
ORD100858,CUS7283,Jessica Cook,Port Juanburgh,Books,3782.22,4,UPI,2025-10-13,2,1.0
ORD100859,CUS9898,Mary Gonzalez,West Andreaside,Beauty,675.26,3,Net Banking,2026-02-09,5,2.0
ORD100860,CUS2702,April Frazier,North Ashley,Clothing,1239.44,3,Cash on Delivery,2025-10-19,6,2.9
ORD100861,CUS3461,Catherine Hill,Jeremybury,Clothing,1570.78,2,Debit Card,2024-08-16,6,3.3
ORD100862,CUS1559,,Port Katelyn,Home,225.13,1,UPI,2025-09-20,7,3.9
ORD100863,CUS4871,Kathryn Wagner,North Rachelfort,Books,3223.73,4,UPI,2025-07-15,3,
ORD100864,CUS5277,Mark Cook,Marilynfurt,Books,3866.12,1,Debit Card,2025-10-18,2,2.5
ORD100865,CUS1709,Ian Lopez,Ericshire,Clothing,4134.54,5,UPI,2025-01-27,6,1.4
ORD100866,CUS7503,Jennifer Keith,Matthewchester,Beauty,1522.22,4,Net Banking,2024-03-21,4,2.5
ORD100867,CUS2337,Christopher Griffith,East Benjaminburgh,Clothing,1315.11,3,Cash on Delivery,2024-11-25,7,2.5
ORD100868,CUS4699,Joshua Jones,Moralesstad,Electronics,4392.31,2,Net Banking,2025-10-10,7,2.2
ORD100869,CUS5953,Eric Larson,Cartertown,Sports,1735.02,1,Net Banking,2024-12-10,1,4.0
ORD100870,CUS4384,Yvonne Scott,Campbellstad,Books,3695.0,2,UPI,2025-02-18,7,4.0
ORD100871,CUS4437,Lisa Kirby,Coreyview,Electronics,3331.9,2,Cash on Delivery,2025-05-13,1,1.4
ORD100872,CUS9290,Vernon Blake,Tammyport,electronics,1702.26,1,Cash on Delivery,2024-09-05,2,4.7
ORD100873,CUS6305,Dana Thomas,Velasquezstad,Beauty,4910.44,3,Cash on Delivery,2024-11-10,5,2.1
ORD100874,CUS2522,Cole Arnold,Tonyaside,Clothing,347.11,5,UPI,2025-06-16,2,2.6
ORD100875,CUS7369,Sarah Alvarez,South Kathleenstad,Clothing,2136.9,1,Net Banking,2024-12-23,6,3.7
ORD100876,CUS5084,Martin Mitchell,South Nicholasmouth,Electronics,676.52,4,Net Banking,2026-02-14,2,3.6
ORD100877,CUS2480,Kayla Vargas,Justinfort,Books,3228.56,1,UPI,2024-12-05,3,
ORD100878,CUS5538,Cassandra Shaffer,Port Ellenside,Books,649.83,4,Credit Card,2025-12-11,5,1.4
ORD100879,CUS1108,Dennis Blair,Tammyberg,Books,1620.16,1,Debit Card,2025-08-03,5,1.8
ORD100880,CUS9114,Christopher Berry,Rodriguezfurt,Home,2490.04,2,Net Banking,2025-09-02,2,
ORD100881,CUS8084,Michelle Warner,East Kelseytown,Home,3077.38,4,Credit Card,2025-03-24,5,3.1
ORD100882,CUS4104,Peter Black,East David,Sports,3448.64,1,Debit Card,2024-08-15,5,3.4
ORD100883,CUS9708,Audrey Allen,Deleonshire,Books,2485.14,4,Credit Card,2025-02-02,6,3.9
ORD100884,CUS7289,Carlos Jones,Aguilarmouth,Beauty,215.92,5,Cash on Delivery,2024-09-20,1,3.4
ORD100885,CUS9072,Sean Summers,Whitechester,Clothing,1540.57,4,Cash on Delivery,2026-02-11,4,4.0
ORD100886,CUS4457,Cynthia Cook,Pearsonview,Books,4840.81,4,Debit Card,2024-05-06,5,4.2
ORD100887,CUS4898,Mr. Daniel Ward DDS,Meltonville,Clothing,4056.39,1,Net Banking,2024-04-20,6,3.2
ORD100888,CUS4672,Kari Smith,Meganville,Clothing,2154.98,2,Cash on Delivery,2025-02-09,3,3.7
ORD100889,CUS5720,Brenda Campbell,Jonesberg,Home,3134.65,3,Net Banking,2024-05-15,4,4.7
ORD100890,CUS9746,,Johnsonshire,Home,1374.21,1,Net Banking,2025-02-17,6,3.5
ORD100891,CUS2805,Adrian Myers,Port Ashleyport,Home,3789.59,4,Cash on Delivery,2025-07-27,5,2.0
ORD100892,CUS7804,Judy Stewart,Port Robertshire,Home,3186.5,3,Debit Card,2025-06-14,4,1.5
ORD100893,CUS9625,Jennifer Smith,East Kristin,Home,3005.64,5,Net Banking,2025-10-17,5,4.3
ORD100894,CUS5718,Nicholas Jackson,New Kathryn,Electronics,1855.64,4,Credit Card,2025-10-29,1,2.0
ORD100895,CUS7900,Pamela Strickland,Thompsonborough,Clothing,3014.26,2,Cash on Delivery,2025-04-30,5,2.6
ORD100896,CUS7193,Allen Nguyen,Vasquezton,Electronics,2432.63,2,Credit Card,2025-03-24,3,2.6
ORD100897,CUS6753,,North Kenneth,Books,2333.7,5,Credit Card,2025-12-06,1,2.9
ORD100898,CUS6189,Regina Smith,Danielfort,Beauty,4498.72,4,Credit Card,2025-02-17,3,
ORD100899,CUS7222,Linda Rodriguez,Williamberg,Sports,781.32,3,Debit Card,2024-03-27,2,1.7
ORD100900,CUS3460,Nancy Hernandez,Shawnmouth,Books,408.15,2,UPI,2025-11-05,7,4.3
ORD100901,CUS4118,Richard Johnson,Tracyberg,Books,3600.22,3,Credit Card,2024-08-18,2,3.9
ORD100902,CUS6377,Elizabeth Lee,Rhondaberg,Beauty,109.42,4,Net Banking,2025-06-29,7,
ORD100903,CUS5902,Tammy Black,East Rhondamouth,Books,4100.27,4,Credit Card,2024-04-29,5,
ORD100904,CUS1184,John Vaughn,West Debra,Beauty,3105.88,5,UPI,2025-02-23,5,2.7
ORD100905,CUS6042,William Miranda,Castillohaven,Books,1606.61,3,Debit Card,2025-04-14,3,4.8
ORD100906,CUS7561,Vanessa Hensley,New Tanya,Home,216.29,2,UPI,2024-04-27,4,1.2
ORD100907,CUS3859,Jacqueline Smith,Simmonstown,Home,4692.16,5,Debit Card,2024-09-30,7,1.4
ORD100908,CUS7240,Carmen Wells,North Crystalfort,Beauty,4185.06,1,Debit Card,2025-08-24,7,1.7
ORD100909,CUS9360,Corey Miranda,Port Brittanyport,Home,4338.1,2,Cash on Delivery,2025-06-19,6,1.2
ORD100910,CUS2334,Traci Sloan,Laurenberg,Sports,4448.26,3,Cash on Delivery,2024-09-19,6,4.9
ORD100911,CUS5377,Jennifer Davis,South Nicholasmouth,Beauty,725.83,5,Net Banking,2025-03-08,5,1.8
ORD100912,CUS6416,Jennifer Vasquez,South Larrymouth,Home,4137.3,5,Credit Card,2025-03-26,3,3.1
ORD100913,CUS3737,Kenneth Lang,Brewerfort,Sports,608.88,3,Net Banking,2025-07-07,5,3.9
ORD100914,CUS6398,Michael Taylor,South Tara,Books,2459.66,3,Debit Card,2025-04-23,4,1.9
ORD100915,CUS2515,Richard Lopez,Christopherton,Beauty,3273.71,5,Debit Card,2024-09-04,7,4.8
ORD100916,CUS9150,James Rocha,South Caleb,Sports,2847.17,1,Credit Card,2026-02-12,7,3.7
ORD100917,CUS6650,Stephanie Cooley,East Patrickland,Sports,2735.71,2,Cash on Delivery,2026-03-05,1,2.5
ORD100918,CUS6119,John Lowe,East Sean,Home,3546.91,3,UPI,2025-12-01,3,1.3
ORD100919,CUS3913,Maria Schultz,Beckyfort,Clothing,1170.86,4,Net Banking,2026-03-06,1,1.7
ORD100920,CUS6837,Ryan Weeks Jr.,Sarahhaven,Clothing,3459.01,2,UPI,2024-11-15,1,1.3
ORD100921,CUS4852,John Griffin,North Johnfurt,Sports,915.79,4,Credit Card,2025-12-03,1,2.8
ORD100922,CUS8100,Victoria Obrien,Port Alexanderport,Home,1008.95,3,Credit Card,2025-09-13,1,2.3
ORD100923,CUS2983,Joshua Valentine,Robertport,Books,303.43,5,Cash on Delivery,2025-07-22,7,2.8
ORD100924,CUS8563,Monica Cohen,West Andrew,Sports,3649.7,4,UPI,2025-05-06,6,3.6
ORD100925,CUS9538,Robert Robinson,West Katelyn,Beauty,2138.46,3,Debit Card,2025-03-12,4,1.8
ORD100926,CUS3837,Cory Mendoza,Branditon,Electronics,189.1,3,Net Banking,2024-12-27,5,3.1
ORD100927,CUS9611,Melissa Robertson,Boonebury,Clothing,3471.93,4,Credit Card,2025-05-04,7,3.0
ORD100928,CUS4306,David Harrington,Claytonburgh,Electronics,1826.02,3,Debit Card,2024-05-08,1,3.1
ORD100929,CUS6331,Joshua Diaz,Williamsonhaven,Home,4951.26,1,Credit Card,2026-01-20,1,2.6
ORD100930,CUS2019,Kim Gregory,Danielsbury,Electronics,4457.06,2,Cash on Delivery,2025-06-08,1,3.9
ORD100931,CUS4347,Kristin Brown,New Chelsea,Home,2685.76,3,Credit Card,2024-06-09,6,2.0
ORD100932,CUS8319,Heidi Kirby,Hallborough,Clothing,4927.54,1,UPI,2025-01-05,7,2.2
ORD100933,CUS6436,Heidi Morales,Lake Christinaport,Clothing,4688.38,1,Cash on Delivery,2025-01-08,6,2.4
ORD100934,CUS9398,Samuel Ward,South Jeremy,Sports,1237.57,2,Credit Card,2025-10-04,2,4.0
ORD100935,CUS5172,Angela Sanders,Lake Ashley,Home,1550.13,5,Credit Card,2025-12-07,1,2.9
ORD100936,CUS3039,Jonathan Weber,East Manuel,Clothing,2801.6,4,UPI,2026-01-16,1,4.0
ORD100937,CUS5080,Amanda Moore,Port Kenneth,Electronics,2807.3,4,UPI,2024-10-23,5,2.1
ORD100938,CUS4979,Katherine Schultz,Greenhaven,Electronics,877.41,4,Debit Card,2024-04-18,7,1.8
ORD100939,CUS6641,Brandy Bell,North Lorifort,Home,4344.51,2,UPI,2025-02-09,3,
ORD100940,CUS1386,Susan Obrien,Mcdanielton,Books,1148.57,1,UPI,2025-01-12,1,4.5
ORD100941,CUS1469,Crystal Powell,West Jackberg,Home,2100.45,3,Cash on Delivery,2025-09-21,3,3.1
ORD100942,CUS5689,Aaron Brown,North Angelaview,Sports,2063.83,3,Debit Card,2024-08-23,1,3.2
ORD100943,CUS7408,Justin Ross,West Robert,Home,392.3,2,UPI,2025-05-04,4,1.3
ORD100944,CUS4239,Kevin Olson,West Christine,Sports,2011.15,2,Net Banking,2025-07-17,3,4.5
ORD100945,CUS9437,,South Donnaport,Books,298.22,4,UPI,2025-12-26,5,4.5
ORD100946,CUS9272,,North Sarahmouth,Books,489.41,2,Cash on Delivery,2024-08-13,5,4.4
ORD100947,CUS4092,Julia Ross,Christopherport,Home,2656.94,2,Debit Card,2026-02-10,6,
ORD100948,CUS5418,David Cortez,Michaelborough,Books,2238.53,1,Net Banking,2025-04-18,5,2.3
ORD100949,CUS7932,Jennifer Wood,East Kimberlyton,Home,1674.86,4,Debit Card,2025-04-21,2,1.1
ORD100950,CUS8717,Kristina Ortiz,North Daniel,Beauty,4603.91,1,UPI,2024-08-31,2,1.4
ORD100951,CUS5585,Devin Mcgee,Annabury,Books,2291.9,4,UPI,2025-02-14,4,1.9
ORD100952,CUS7057,Amanda Abbott,Port Pamelamouth,Beauty,4816.56,3,Cash on Delivery,2024-08-31,1,2.1
ORD100953,CUS5804,Joseph Forbes,Daughertyview,Home,4176.84,5,Credit Card,2025-07-28,5,2.6
ORD100954,CUS7294,Danielle House,Sarahchester,Electronics,1723.34,2,UPI,2024-12-01,7,3.7
ORD100955,CUS2977,Grace Medina,Hallmouth,Clothing,1616.77,1,UPI,2025-10-17,5,3.7
ORD100956,CUS1026,Cody Myers,North Mitchell,Beauty,2256.29,1,Credit Card,2025-05-23,6,2.6
ORD100957,CUS8224,Sharon Miller,West Garyberg,Home,2945.36,1,UPI,2025-11-16,2,4.7
ORD100958,CUS4809,Lisa Barker,Gutierrezhaven,Beauty,1229.85,4,Net Banking,2024-09-23,1,2.4
ORD100959,CUS7699,Eric Webb,Nathanshire,electronics,2016.07,4,Cash on Delivery,2024-11-01,3,1.3
ORD100960,CUS8316,Thomas Smith,South Crystal,Clothing,461.14,2,Net Banking,2024-10-23,4,2.1
ORD100961,CUS1083,Edward Sullivan,Christopherhaven,Beauty,3180.94,4,Debit Card,2024-04-14,1,1.7
ORD100962,CUS6461,David Gomez,New David,Electronics,2078.13,4,Cash on Delivery,2025-02-27,4,2.8
ORD100963,CUS6809,Ashley Alexander,West Andrew,Home,2371.04,1,Cash on Delivery,2025-10-26,4,1.3
ORD100964,CUS3404,Veronica Moore,Pachecofort,Books,129.67,4,UPI,2025-04-29,4,3.0
ORD100965,CUS9008,,Micheleville,Sports,3110.42,2,Debit Card,2025-03-24,1,2.2
ORD100966,CUS5607,,Laurenbury,Electronics,1738.48,5,Credit Card,2024-07-12,7,4.8
ORD100967,CUS5679,Rebecca Patrick,Lake Mary,Books,4941.22,2,Cash on Delivery,2026-01-24,7,3.6
ORD100968,CUS4830,Kelly Olson,Edwardston,Clothing,1178.35,5,Debit Card,2025-10-12,1,3.8
ORD100969,CUS5950,,Port Amandaton,Electronics,3453.61,1,Credit Card,2025-02-16,7,2.5
ORD100970,CUS7704,Zachary Escobar,Kruegertown,Books,479.1,3,Net Banking,2025-09-09,5,4.4
ORD100971,CUS8178,Samantha Jackson,Joshuabury,Clothing,2812.57,4,Debit Card,2024-11-20,1,4.5
ORD100972,CUS4966,,Garciatown,Electronics,2205.23,1,Debit Card,2024-08-29,3,1.0
ORD100973,CUS4507,Michael Lindsey,Port Vanessaberg,Electronics,2240.42,1,Debit Card,2025-08-16,5,
ORD100974,CUS1235,,East Danielle,Clothing,4698.83,4,Credit Card,2025-07-24,6,2.1
ORD100975,CUS9251,David Duran,Port Rachelborough,Clothing,2835.56,2,Cash on Delivery,2024-05-13,7,3.0
ORD100976,CUS4117,Casey Ritter,Lake Sara,Beauty,3089.35,4,Net Banking,2024-05-12,4,1.3
ORD100977,CUS4237,Linda Golden,East Joeburgh,Home,1324.46,2,Credit Card,2024-08-11,3,2.6
ORD100978,CUS2192,Rebecca Vazquez,Richardview,Books,2917.46,2,Credit Card,2024-05-02,7,1.7
ORD100979,CUS9573,Justin Ayala,Paigeshire,Electronics,2026.65,5,Credit Card,2025-06-18,4,2.0
ORD100980,CUS8386,Bryce Berg,Heidiburgh,Electronics,4353.5,1,Debit Card,2025-01-20,5,
ORD100981,CUS1458,,New Michaelfurt,Beauty,2603.66,3,Net Banking,2024-07-15,7,3.3
ORD100982,CUS6730,Janet Green,West Kennethfort,Books,3003.47,4,Credit Card,2025-12-06,4,1.1
ORD100983,CUS4218,Brittany Smith,West Logan,Home,3173.27,2,Debit Card,2024-09-19,7,4.7
ORD100984,CUS9099,Laura Aguilar,Maciasshire,Beauty,1632.44,2,Cash on Delivery,2025-07-18,6,4.1
ORD100985,CUS4263,Jessica Hunter,East Alexandershire,Books,2994.43,2,Cash on Delivery,2025-04-21,6,3.1
ORD100986,CUS9967,Paul Sutton,Stephanieshire,Sports,3694.41,2,Credit Card,2024-08-10,2,
ORD100987,CUS5427,Sarah Cohen,Lindseyview,Sports,225.41,2,Debit Card,2024-09-04,3,2.8
ORD100988,CUS6288,Michael Hawkins,West Sarah,Sports,1460.82,5,Cash on Delivery,2024-11-29,6,1.1
ORD100989,CUS1321,Kristine Stewart,Carolynshire,Home,602.53,5,Net Banking,2024-08-02,4,1.8
ORD100990,CUS8411,Derrick Dominguez,Royport,Electronics,4754.19,4,Credit Card,2026-02-06,7,2.1
ORD100991,CUS3889,Rebecca Galloway,Jenniferville,Books,963.32,5,Net Banking,2025-05-21,5,1.7
ORD100992,CUS2729,Matthew Ortega,Morganside,Clothing,1528.39,3,Credit Card,2025-01-01,4,3.8
ORD100993,CUS8968,Theodore Rose,Justinborough,electronics,176.77,2,Debit Card,2025-07-13,7,2.1
ORD100994,CUS5155,Randy Berry,West Lisaberg,Books,3100.59,3,Net Banking,2024-04-03,6,4.3
ORD100995,CUS2007,,Port Eric,Clothing,1356.35,4,Net Banking,2025-04-23,2,1.8
ORD100996,CUS8692,Rachel Bridges,Lindseyside,Sports,534.68,2,Debit Card,2025-04-12,1,2.4
ORD100997,CUS9410,Cynthia Frederick,Stevenschester,Beauty,1797.29,4,Cash on Delivery,2025-10-15,7,1.9
ORD100998,CUS4365,Jack Coleman,Haleyport,Books,1601.42,1,Net Banking,2025-08-10,1,3.9
ORD100999,CUS4417,Kevin Elliott,South David,Books,1275.85,2,UPI,2025-02-28,2,4.0
ORD101000,CUS1112,Matthew Bishop,Annville,Books,294.97,2,UPI,2024-08-19,6,3.0
ORD101001,CUS2099,Joshua Smith,New Vernon,electronics,2369.21,2,UPI,2025-10-13,2,1.7
ORD101002,CUS4601,Robert Harrison,East Nancy,Books,1150.43,1,Debit Card,2025-11-27,1,4.5
ORD101003,CUS7798,Keith Cook,East Jesseton,Sports,2512.64,2,Debit Card,2025-07-21,3,4.0
ORD101004,CUS3177,Dawn Hodges,Port Amy,Clothing,2859.57,3,Credit Card,2025-09-12,5,4.9
ORD101005,CUS1415,Lisa Elliott,Lake Brian,Electronics,244.5,4,UPI,2025-01-12,6,1.2
ORD101006,CUS3112,Robert Ewing,North Rachel,Sports,3137.15,3,Net Banking,2025-03-19,4,
ORD101007,CUS6044,Elizabeth Adkins,Bellchester,electronics,2413.75,1,Cash on Delivery,2024-11-23,7,3.2
ORD101008,CUS1781,Lori Tyler,Port Lisa,Electronics,4559.25,5,UPI,2024-05-27,6,3.5
ORD101009,CUS7828,Nathan Keller MD,Valdezport,Clothing,4057.44,2,UPI,2024-09-06,7,4.1
ORD101010,CUS9228,Kevin Blanchard,Ochoaborough,Sports,2292.46,4,Net Banking,2026-01-19,1,4.0
ORD101011,CUS9550,Collin Frost,New Kaylabury,Home,1156.72,1,Debit Card,2024-11-02,4,2.0
ORD101012,CUS8173,Sabrina Blackburn,Jonathanborough,Home,4074.16,4,Credit Card,2025-03-06,2,3.4
ORD101013,CUS7555,Stephanie Ortiz,Youngview,Sports,399.59,5,Cash on Delivery,2025-10-17,4,4.4
ORD101014,CUS4268,Cassandra Ferguson,East Williamhaven,electronics,929.14,1,Credit Card,2025-05-11,1,3.0
ORD101015,CUS5479,Rebecca Valdez,Villarrealton,Books,2486.22,1,Credit Card,2025-05-16,7,4.1
ORD101016,CUS9044,Jeremy Howard,Whitebury,Home,372.77,4,Cash on Delivery,2024-05-09,2,3.4
ORD101017,CUS3965,Catherine Allen,Allisonton,Home,4421.91,2,UPI,2025-01-06,1,2.6
ORD101018,CUS3877,Patrick Foster,South Luisfort,Books,1959.66,4,Cash on Delivery,2024-05-24,1,1.1
ORD101019,CUS6168,David Robinson,New Jennifer,Clothing,4469.07,1,Cash on Delivery,2024-05-25,2,1.3
ORD101020,CUS6439,Timothy Smith,South Jeremiah,Home,1202.89,4,Net Banking,2024-04-21,1,
ORD101021,CUS8853,Joseph Butler,New Ashley,Sports,4705.44,1,Debit Card,2026-01-11,2,3.4
ORD101022,CUS2029,Joshua Reed,Port Tabitha,Home,4632.86,3,Debit Card,2024-10-03,5,2.7
ORD101023,CUS3613,,West Maryton,Sports,2111.53,5,UPI,2026-02-17,5,4.6
ORD101024,CUS5394,Timothy Harper,South Duanetown,electronics,2939.6,4,UPI,2024-09-13,1,2.2
ORD101025,CUS6433,Walter Summers,Lake Aimee,Books,4604.7,4,Cash on Delivery,2024-07-08,3,4.8
ORD101026,CUS1874,Jeffrey Jones,Teresamouth,Clothing,2779.57,4,Cash on Delivery,2025-02-08,6,2.6
ORD101027,CUS3407,Noah Fitzgerald,East Christinaport,Clothing,4106.86,1,Cash on Delivery,2025-07-20,3,3.5
ORD101028,CUS8918,John Adams,Elizabethberg,Electronics,1101.02,5,UPI,2024-06-30,5,2.2
ORD101029,CUS1153,Christopher Jackson,West Amanda,Books,3068.69,1,Debit Card,2025-07-10,1,2.9
ORD101030,CUS7007,Daniel Brooks,Andrewshire,Beauty,4640.1,4,Debit Card,2025-12-18,5,3.3
ORD101031,CUS3185,Brooke Lee,New Gabrielfurt,Home,4610.62,3,UPI,2024-08-11,4,2.2
ORD101032,CUS7612,Stephen Nolan,Lake Matthewton,Electronics,4296.69,1,UPI,2024-12-11,6,4.0
ORD101033,CUS2626,Linda Williams,Rogersbury,Books,4293.89,1,Credit Card,2024-05-11,3,4.9
ORD101034,CUS8794,Nicholas Sanchez,Davidland,Sports,4950.57,4,Cash on Delivery,2024-06-02,4,1.6
ORD101035,CUS7964,Melinda Gardner,Lake Austinhaven,Clothing,4106.34,3,Cash on Delivery,2025-01-17,3,1.2
ORD101036,CUS8204,Victoria Gutierrez,Dickersonport,Books,4643.1,5,Cash on Delivery,2025-04-11,2,2.2
ORD101037,CUS1086,Amanda Francis,Vasquezfurt,Clothing,3092.93,5,UPI,2024-10-25,6,3.5
ORD101038,CUS5398,Thomas Richardson,East Melissaport,Clothing,2392.72,1,UPI,2024-09-02,4,3.2
ORD101039,CUS9351,Jack Huerta,Elliottchester,electronics,696.47,3,Net Banking,2025-05-28,1,1.9
ORD101040,CUS1958,Michele Barrera,Jessicaside,electronics,1441.32,1,Net Banking,2026-01-05,4,2.3
ORD101041,CUS9758,Sabrina Hart,North Cory,Books,4491.4,5,UPI,2026-01-03,3,1.7
ORD101042,CUS6555,Michael Wallace,Michaelville,Sports,771.14,5,UPI,2026-01-07,4,3.3
ORD101043,CUS1357,Michael Stevens,Williamland,Home,2255.54,3,Credit Card,2024-10-27,6,2.5
ORD101044,CUS4042,Gloria Gregory,Garciafort,Home,560.88,5,Cash on Delivery,2024-10-25,7,2.1
ORD101045,CUS9331,Suzanne Taylor,Mollybury,Clothing,1995.58,1,Cash on Delivery,2025-03-23,2,2.4
ORD101046,CUS4654,Christina Williams,Diazville,Books,3270.94,5,UPI,2025-09-24,2,4.9
ORD101047,CUS2717,Mike Hendrix,East Larryhaven,Beauty,4226.41,4,UPI,2024-11-05,7,2.9
ORD101048,CUS8669,Patricia Mcguire,Lake Emily,Electronics,1652.81,5,Debit Card,2024-03-13,6,4.1
ORD101049,CUS8777,,Annetteshire,Home,2022.59,4,Debit Card,2024-11-11,7,2.2
ORD101050,CUS6821,Cheryl Nguyen,West Danielport,Books,2298.26,4,Cash on Delivery,2024-06-23,4,1.4
ORD101051,CUS8025,Jimmy Butler,Danaburgh,Home,2278.58,3,Net Banking,2024-12-19,1,3.1
ORD101052,CUS5050,William Fernandez,East Edwardshire,Sports,4747.88,2,UPI,2024-04-16,7,1.6
ORD101053,CUS6707,Steve Gallegos,Fryshire,Home,1244.93,2,UPI,2024-08-14,4,2.2
ORD101054,CUS3182,Chris Ware,Taylorshire,Books,363.94,2,Debit Card,2024-05-05,7,1.3
ORD101055,CUS7571,Patrick Williams,Port Erica,Home,4759.48,2,UPI,2024-06-13,6,2.6
ORD101056,CUS8631,Cheryl Robinson,Cathyberg,Home,3216.31,3,Net Banking,2025-12-25,6,4.9
ORD101057,CUS6579,Jeffrey Moyer,Allenmouth,Electronics,417.4,3,Cash on Delivery,2024-09-01,6,1.6
ORD101058,CUS9894,Samantha Reed,Littleview,Home,152.09,4,Credit Card,2024-03-20,2,1.6
ORD101059,CUS6381,Cheryl Davenport,Brownburgh,Beauty,4253.27,5,Debit Card,2025-06-01,1,
ORD101060,CUS1269,Dawn Gutierrez,Port Robertshire,Home,2608.4,3,Cash on Delivery,2025-12-29,2,4.5
ORD101061,CUS3545,,Danielland,Clothing,2068.9,1,Net Banking,2025-08-05,6,1.7
ORD101062,CUS6564,Michael Mcintyre,Meyerstad,Home,4773.91,4,Credit Card,2024-09-03,5,2.1
ORD101063,CUS3737,Frank Coffey,East Jorgechester,Sports,360.04,4,Cash on Delivery,2026-01-17,4,2.6
ORD101064,CUS6968,Shelley Hernandez,Port Linda,Beauty,1843.84,1,Net Banking,2024-06-11,7,4.7
ORD101065,CUS9972,Brandon Johnson,East Renee,Clothing,3067.09,2,UPI,2026-02-24,1,
ORD101066,CUS7267,Michael Shea,Maxwellside,Electronics,1955.74,1,UPI,2024-08-08,2,1.8
ORD101067,CUS1053,Tyler Roman,Lake Brendamouth,Clothing,3640.77,2,Debit Card,2024-12-22,7,3.0
ORD101068,CUS6731,,Powellberg,electronics,968.48,3,Net Banking,2024-10-18,7,2.1
ORD101069,CUS4973,Denise Johnson,East Zachary,Clothing,3457.51,1,Credit Card,2024-06-09,2,4.2
ORD101070,CUS4509,Misty Ashley,New Destiny,Clothing,2296.52,5,Credit Card,2025-09-29,3,
ORD101071,CUS5261,Heather Olson,Crystalhaven,Sports,1041.76,5,Net Banking,2025-02-04,6,2.9
ORD101072,CUS3535,Deborah Anderson,Millerbury,Beauty,2497.92,5,UPI,2024-04-20,3,
ORD101073,CUS7389,Ethan Foster,Rebeccaport,Beauty,4638.28,2,Cash on Delivery,2024-11-08,3,1.3
ORD101074,CUS3534,Jeremiah Neal,Kristenbury,Electronics,3424.05,4,UPI,2025-07-06,5,4.6
ORD101075,CUS7031,,North Audrey,Electronics,2532.04,5,Cash on Delivery,2024-10-26,6,1.1
ORD101076,CUS7762,Henry Brown,New John,Home,2547.58,3,Credit Card,2026-01-07,1,2.9
ORD101077,CUS6334,John Wang,West Brandi,Beauty,313.28,3,Debit Card,2025-06-29,2,3.1
ORD101078,CUS3160,Sharon Wolf,Martinezshire,Electronics,4649.17,1,UPI,2024-08-02,7,4.6
ORD101079,CUS9545,Debra Zamora,Port Julie,Beauty,4058.6,2,Net Banking,2024-06-24,6,4.1
ORD101080,CUS8585,Amy Green,Leeshire,Home,3176.57,3,Cash on Delivery,2024-12-16,6,4.5
ORD101081,CUS2960,Patrick Lindsey,Devonstad,Home,4319.89,2,Net Banking,2025-07-29,3,2.1
ORD101082,CUS7879,Nathan Perez,Timothyville,Sports,2474.69,2,Net Banking,2025-11-06,5,4.6
ORD101083,CUS1508,Alexander Miller,Amandahaven,Sports,628.27,3,Net Banking,2025-05-13,7,
ORD101084,CUS5988,Elizabeth Daniel,Swansonton,Beauty,1808.67,5,Credit Card,2024-07-14,3,4.1
ORD101085,CUS9747,Douglas Rice,Hillmouth,Electronics,4220.2,2,Debit Card,2025-08-06,4,1.5
ORD101086,CUS2117,Shannon Berg,West Christopher,Beauty,4249.45,4,Net Banking,2024-10-03,2,4.5
ORD101087,CUS9444,Mia Lee MD,Ellishaven,Electronics,1515.17,2,UPI,2024-08-14,3,4.2
ORD101088,CUS1398,Kelsey Baker,Lyonsbury,Home,2390.16,3,Debit Card,2025-04-28,2,3.9
ORD101089,CUS1738,Michael Buchanan,Pamelatown,Home,3190.5,1,Net Banking,2024-05-04,6,3.2
ORD101090,CUS3229,Elaine Pollard,Longport,Clothing,2796.31,4,Debit Card,2024-04-08,4,4.5
ORD101091,CUS5832,Denise Glass,South Tom,Home,624.24,3,Debit Card,2025-03-29,4,4.3
ORD101092,CUS5561,James Wheeler,Melindaport,Electronics,1722.61,2,UPI,2025-12-07,1,4.5
ORD101093,CUS9532,Oscar Morris,West Suzanne,Home,3629.15,4,UPI,2024-07-03,4,3.5
ORD101094,CUS9910,,East Iantown,Clothing,1633.87,1,UPI,2026-02-13,2,1.9
ORD101095,CUS9346,Anthony Davis,New Joechester,Electronics,4505.85,1,Net Banking,2025-11-16,6,4.5
ORD101096,CUS8257,Karen Rojas,Lake Anthony,Beauty,2123.86,2,Net Banking,2025-12-07,6,3.3
ORD101097,CUS9548,Susan Johnson,Mossmouth,Home,3202.07,3,UPI,2025-07-07,2,2.4
ORD101098,CUS1730,Jeffrey Buck,Latashaside,Home,2262.41,2,Net Banking,2024-03-22,1,4.1
ORD101099,CUS8793,Cynthia Fry,Joshuabury,Clothing,3730.51,2,Credit Card,2024-04-20,7,3.8
ORD101100,CUS1879,Patricia Weber,Lake Stephen,Clothing,3850.94,1,Debit Card,2024-05-21,3,3.6
ORD101101,CUS1912,Nicole Rodriguez,Jonathanburgh,Beauty,937.2,4,Net Banking,2025-08-08,1,4.4
ORD101102,CUS8394,,Wongland,Home,1323.92,2,UPI,2024-07-31,1,1.4
ORD101103,CUS7379,Karen Carroll,East Jeffery,Electronics,1616.54,4,Net Banking,2025-03-07,7,1.6
ORD101104,CUS9425,Brandon Rodriguez,Sheilaside,Electronics,525.53,1,Debit Card,2025-11-18,3,2.0
ORD101105,CUS5697,Dennis Tucker,Derrickville,Electronics,1402.5,1,Net Banking,2024-05-25,2,4.4
ORD101106,CUS3229,Jimmy Robinson,Walshport,Electronics,2135.69,1,UPI,2025-12-04,7,1.2
ORD101107,CUS3098,Denise Jarvis,New Melissafurt,Electronics,3253.85,3,Debit Card,2024-08-26,1,4.3
ORD101108,CUS3525,Elizabeth Estrada,Tracymouth,Clothing,3452.9,2,Debit Card,2026-01-17,2,1.9
ORD101109,CUS9199,Roberto Love,Joshuamouth,Home,421.33,4,Debit Card,2024-10-02,3,4.1
ORD101110,CUS8938,Stacy Alvarez,Gabrielberg,Electronics,3003.25,5,UPI,2024-03-29,3,1.9
ORD101111,CUS8098,Michael Simmons,Villafort,Sports,3031.84,2,UPI,2025-12-17,7,1.5
ORD101112,CUS1818,Shane Vargas,Ayerston,Beauty,3463.47,1,UPI,2024-06-03,1,4.3
ORD101113,CUS2538,James Bright,Lake Dianeton,Books,2095.34,3,Net Banking,2025-11-16,1,2.6
ORD101114,CUS8196,,Port Charlesmouth,Home,4913.48,3,Net Banking,2024-10-27,1,2.3
ORD101115,CUS9321,Monica Williams,West Vanessahaven,Electronics,2348.07,3,Net Banking,2025-03-25,4,1.4
ORD101116,CUS5620,Jeremy Williams,Moorefurt,Beauty,1551.75,4,UPI,2025-02-01,6,3.6
ORD101117,CUS4386,Tiffany Rangel,Davidport,Electronics,3134.85,2,Cash on Delivery,2024-05-15,5,2.6
ORD101118,CUS2485,Holly Valdez,New Robert,Beauty,347.1,5,Cash on Delivery,2025-08-16,5,1.1
ORD101119,CUS2469,Carolyn Cox,West Annachester,Books,4960.56,5,Debit Card,2024-03-25,7,4.5
ORD101120,CUS9070,Judith Miller,Hallburgh,Sports,798.26,4,UPI,2024-11-30,1,4.5
ORD101121,CUS5184,Jacqueline Richards,West William,Clothing,557.33,3,Cash on Delivery,2025-08-14,3,2.9
ORD101122,CUS3697,Jason Brady,Walkerland,Home,4425.79,5,UPI,2025-08-25,7,2.0
ORD101123,CUS4437,Robert Martin,North Miguel,Clothing,4843.42,3,Debit Card,2025-04-03,2,2.3
ORD101124,CUS4190,Julia Contreras,North Dawn,Home,4836.92,2,Debit Card,2026-03-03,4,1.6
ORD101125,CUS1842,Kerry Garcia,Everettborough,Clothing,1358.1,3,Debit Card,2024-09-10,2,1.1
ORD101126,CUS3153,Rebecca Bennett,Lake Drew,Electronics,2967.42,2,Debit Card,2025-03-30,1,4.4
ORD101127,CUS6258,Travis Short,Lake Michael,Clothing,864.83,4,Cash on Delivery,2025-04-17,1,3.7
ORD101128,CUS5962,Kathleen Espinoza,Maryfort,Clothing,770.74,4,Net Banking,2024-06-19,6,1.7
ORD101129,CUS6585,David Bush,East Mariotown,Electronics,3167.14,5,Cash on Delivery,2025-10-12,7,4.0
ORD101130,CUS4131,Laura Maldonado,Mayoside,Clothing,4606.7,3,Net Banking,2024-08-09,2,4.7
ORD101131,CUS7197,,Kristinburgh,Home,1232.76,5,Debit Card,2025-02-24,3,2.7
ORD101132,CUS9364,Sandra Santos,Lake Christopher,Electronics,4915.92,1,Credit Card,2025-03-10,4,1.6
ORD101133,CUS7879,Rachel Smith,New Paul,Home,314.82,4,Credit Card,2025-07-13,3,3.9
ORD101134,CUS3467,Robert Norman,Robertmouth,Home,2553.89,4,Debit Card,2024-06-09,3,4.6
ORD101135,CUS8979,Dr. Lisa Adams,North Christopher,Sports,1882.4,3,Net Banking,2024-12-01,4,3.4
ORD101136,CUS9528,Hannah Santana,Evansland,Beauty,753.82,2,Credit Card,2025-12-12,2,2.9
ORD101137,CUS7195,Robert Ortiz,Katherineland,Sports,304.11,2,Cash on Delivery,2025-02-19,3,1.5
ORD101138,CUS3640,Anna Alexander,Leonardbury,Home,4420.54,5,Net Banking,2025-09-09,2,2.9
ORD101139,CUS3361,Richard Hutchinson,Lake Savannahside,Books,4431.29,1,Debit Card,2025-06-02,1,4.4
ORD101140,CUS7271,Rachel Garcia,South Brittneymouth,Books,4476.5,1,Debit Card,2024-10-23,7,4.5
ORD101141,CUS2858,Lindsay Castillo,Port Henryview,Books,4852.42,3,Cash on Delivery,2025-04-27,6,3.7
ORD101142,CUS7803,Tammy Clark,Jennifermouth,Books,4055.65,4,UPI,2024-06-22,5,1.5
ORD101143,CUS5599,Eric Burns,Port Cheryl,Sports,2597.56,5,Credit Card,2025-10-11,6,3.8
ORD101144,CUS6994,Jeremy Jackson,Dianafort,Electronics,3535.93,1,Cash on Delivery,2024-06-08,2,4.8
ORD101145,CUS3243,Jennifer Hernandez,West Laura,Clothing,2796.3,2,Debit Card,2025-12-27,3,3.1
ORD101146,CUS3293,Michael Taylor,Lisafurt,Beauty,4937.23,5,Credit Card,2024-11-12,5,
ORD101147,CUS4533,Jeffrey Gonzalez,Freemanborough,Electronics,2276.78,1,UPI,2025-03-06,6,2.4
ORD101148,CUS1688,Alexandra Cruz,West Vincentfort,Beauty,548.31,2,Credit Card,2025-06-14,5,2.2
ORD101149,CUS7588,Terri Floyd,Marshton,Beauty,712.9,1,UPI,2024-07-22,7,3.8
ORD101150,CUS7665,,Victoriahaven,Electronics,4844.48,1,UPI,2025-10-31,6,2.9
ORD101151,CUS4238,Thomas Miller,Lake Robertberg,Home,3616.75,2,Cash on Delivery,2025-03-10,6,4.7
ORD101152,CUS6136,Jerry Taylor,North Kimberly,Electronics,4151.61,5,Credit Card,2025-06-11,3,3.1
ORD101153,CUS5190,Alexandra Dawson,Pricebury,Sports,3747.37,2,Cash on Delivery,2025-10-21,3,3.5
ORD101154,CUS5097,Jill Taylor,Wolfeside,Books,2275.34,5,Credit Card,2025-01-14,6,3.6
ORD101155,CUS6749,Calvin Martin,West Ashley,Books,260.76,1,Net Banking,2024-11-20,7,2.8
ORD101156,CUS9672,Jason Howard,Juliemouth,Home,2559.33,5,Cash on Delivery,2026-01-22,6,3.4
ORD101157,CUS4238,Harold Davis,Pennyshire,Books,2702.68,1,Cash on Delivery,2025-06-23,4,2.7
ORD101158,CUS7484,Cassie Hurst,North Donald,Electronics,4846.69,4,Cash on Delivery,2024-10-28,3,2.5
ORD101159,CUS3779,Joshua West,Joseberg,Electronics,3632.73,3,Debit Card,2026-02-19,3,2.8
ORD101160,CUS2658,Hayley Peters,South Brandon,Books,4020.44,1,UPI,2024-05-23,7,4.4
ORD101161,CUS9591,James Cohen,Marieport,electronics,2192.19,2,Net Banking,2025-09-22,2,3.3
ORD101162,CUS6079,Andrew Johnson,Port Michaelfort,Beauty,2995.78,4,Credit Card,2025-06-08,3,1.4
ORD101163,CUS9505,Ethan Gillespie,Charlestown,Books,4897.39,5,Credit Card,2025-11-13,5,4.1
ORD101164,CUS3751,Amy Martin,Port Valerie,Beauty,4297.61,3,Credit Card,2024-10-20,3,3.3
ORD101165,CUS1491,Curtis Douglas,Chapmanborough,Home,3037.73,5,Cash on Delivery,2024-11-29,2,3.2
ORD101166,CUS8007,Theresa Carr,Ortizfort,Sports,3348.06,1,Net Banking,2026-02-20,3,3.6
ORD101167,CUS9028,James Cherry,South Ginachester,Beauty,4181.05,1,Cash on Delivery,2024-07-07,6,4.0
ORD101168,CUS8968,Brett Howard,East Megan,Beauty,1107.34,1,Debit Card,2024-07-20,7,2.3
ORD101169,CUS6673,Brian Becker,Hursthaven,Books,3090.85,1,Cash on Delivery,2026-02-15,3,2.2
ORD101170,CUS7347,Tyler Meza,Robertberg,Home,727.72,1,Cash on Delivery,2025-05-27,4,1.9
ORD101171,CUS9200,,Armstrongmouth,Home,213.45,2,Cash on Delivery,2025-12-10,4,
ORD101172,CUS9471,Haley Delgado,East James,Sports,2914.59,4,UPI,2024-09-16,7,1.6
ORD101173,CUS6452,Elaine Chandler,Allisonburgh,Clothing,1662.52,3,Net Banking,2024-06-27,6,4.6
ORD101174,CUS6251,Michele Warner,East Victoria,Electronics,3009.6,2,Net Banking,2026-01-07,7,4.3
ORD101175,CUS6666,Lisa Lewis,Johnnyside,Clothing,925.01,2,Net Banking,2025-04-11,7,4.1
ORD101176,CUS1174,Caleb Pham,West Alishamouth,Home,4144.11,2,Credit Card,2025-06-07,4,4.1
ORD101177,CUS4063,Daniel Powell,Elizabethmouth,Sports,3425.16,4,Net Banking,2025-07-29,2,
ORD101178,CUS1902,Danielle Reed,Susanborough,Sports,732.5,5,Debit Card,2025-04-06,2,2.1
ORD101179,CUS4635,Justin Mendoza,Matthewmouth,Home,683.88,3,Debit Card,2025-06-23,1,2.1
ORD101180,CUS7750,Duane Gilbert,East Chad,Home,4524.29,4,Credit Card,2025-07-19,1,2.5
ORD101181,CUS6729,Herbert Turner,Stephanieborough,Clothing,694.19,3,UPI,2025-10-29,1,3.9
ORD101182,CUS1065,Troy Campos,Port Patrickside,Home,4179.92,2,Credit Card,2024-04-12,6,2.2
ORD101183,CUS3640,Paula Estrada,New Adamburgh,Beauty,4602.1,3,Cash on Delivery,2026-02-26,3,2.9
ORD101184,CUS6720,James Bradshaw,Lake Kimberly,Books,1009.12,3,Cash on Delivery,2024-12-14,4,2.5
ORD101185,CUS6539,Andrea Fletcher,Levinemouth,Books,1157.39,2,Cash on Delivery,2024-12-04,4,3.5
ORD101186,CUS8259,David Turner,Holtburgh,Home,4288.02,5,Debit Card,2026-02-12,2,2.3
ORD101187,CUS4935,Andrea Castillo,Cowanview,Home,1058.98,4,Cash on Delivery,2024-07-28,7,4.1
ORD101188,CUS4799,Gerald Young,Port Brian,Sports,731.39,3,Credit Card,2025-01-28,3,2.3
ORD101189,CUS6309,Clayton Cooper,Wrightport,Home,1606.55,3,Credit Card,2025-11-19,1,4.4
ORD101190,CUS5459,James Cortez,Rodriguezstad,Sports,2992.64,1,UPI,2025-10-08,7,2.2
ORD101191,CUS6944,Robert Fernandez,Rogermouth,Home,3552.01,2,Net Banking,2024-12-25,3,
ORD101192,CUS9340,Daniel Long,New Sarah,Sports,4482.68,4,Net Banking,2025-11-15,6,3.4
ORD101193,CUS3523,Robert Allen,Aguirrestad,Home,4650.37,1,Credit Card,2026-01-20,5,4.6
ORD101194,CUS7191,Christopher Anderson,Port Christopherview,Electronics,2878.09,5,Credit Card,2024-06-19,6,3.4
ORD101195,CUS6229,Brittany Stephenson,Jenniferhaven,Books,2876.75,5,Cash on Delivery,2024-06-23,6,3.6
ORD101196,CUS4028,Austin Knight,Debrafurt,Books,3070.72,5,Debit Card,2025-04-16,4,3.1
ORD101197,CUS6076,Elizabeth Key,Martinview,Clothing,2917.53,5,Cash on Delivery,2026-01-28,3,4.0
ORD101198,CUS5769,Jennifer Evans,West Joshua,Sports,291.08,5,Cash on Delivery,2024-06-14,7,1.9
ORD101199,CUS5306,Jeffrey Medina,Tarafurt,Sports,1325.15,1,Credit Card,2024-10-31,3,2.6
ORD101200,CUS2616,Lisa Carlson,North Susanshire,Books,3759.6,5,UPI,2025-11-25,1,3.8
ORD101201,CUS1267,Mrs. Cynthia Brown,Jacksonbury,Home,1476.65,1,Debit Card,2025-03-23,3,4.3
ORD101202,CUS4579,Alexander Huber,Haroldberg,Sports,4325.32,4,Debit Card,2025-06-14,4,1.4
ORD101203,CUS2543,Natasha Garner,Tylermouth,Electronics,1792.9,1,Debit Card,2025-01-16,1,4.2
ORD101204,CUS4843,Megan Sanchez,West Desireeport,Sports,1020.68,4,Cash on Delivery,2025-12-10,1,3.0
ORD101205,CUS6002,April Johnson,North Andrew,Books,3573.46,1,Credit Card,2024-05-16,6,3.4
ORD101206,CUS7633,Dawn Mcclain,Lopezville,Clothing,3653.21,1,Net Banking,2025-04-20,1,1.7
ORD101207,CUS4788,James Bryant,East Jessica,Electronics,4582.84,5,UPI,2024-05-14,1,1.7
ORD101208,CUS8486,Brianna Ramirez,Patrickborough,Home,2500.95,1,UPI,2024-04-29,7,4.5
ORD101209,CUS1870,David Thomas,Ramirezshire,electronics,376.85,5,Credit Card,2024-06-29,4,1.5
ORD101210,CUS9223,,Bernardside,Sports,4721.03,3,Debit Card,2024-04-27,3,1.1
ORD101211,CUS2285,Anthony Adkins,East Jenniferburgh,Electronics,3287.33,4,UPI,2025-09-01,6,2.8
ORD101212,CUS8201,Dr. Jamie Decker,Lake Alexisfurt,Electronics,4005.03,5,Credit Card,2026-01-24,5,1.6
ORD101213,CUS6839,Brian Wheeler,Lake Hannahton,Electronics,1335.78,1,Debit Card,2024-08-31,1,1.8
ORD101214,CUS9479,Richard Ortega,New Eugene,Home,1774.37,2,Cash on Delivery,2024-09-30,5,3.9
ORD101215,CUS9936,Nicholas Kim,New Danielland,Beauty,2226.81,3,Debit Card,2024-06-08,6,4.1
ORD101216,CUS6942,Linda Patton,Nicholasberg,Electronics,2063.28,3,UPI,2025-08-28,7,4.0
ORD101217,CUS6244,Jesus Ashley,Mitchellmouth,Books,262.57,1,Net Banking,2025-04-16,7,1.5
ORD101218,CUS4961,Brianna Vargas,Lake Billy,Sports,4546.38,5,Debit Card,2025-10-14,3,3.2
ORD101219,CUS1234,Wanda Blevins,Johnberg,Beauty,1197.94,4,Net Banking,2025-04-05,7,3.9
ORD101220,CUS7414,Jesus Marshall,Lake Nathanielland,Electronics,4928.27,3,Cash on Delivery,2026-02-15,1,1.4
ORD101221,CUS9430,Rodney Copeland,West Jacob,Electronics,1051.18,5,Credit Card,2025-09-13,2,2.9
ORD101222,CUS7479,Jack Mcfarland,North Jeremy,Electronics,2587.98,1,Credit Card,2024-12-07,2,2.6
ORD101223,CUS4778,Sheila Martinez,New Robertbury,Sports,1521.82,5,Debit Card,2024-08-08,1,4.8
ORD101224,CUS8400,Ms. Katherine Charles,North Edward,Sports,3813.62,4,Net Banking,2025-12-25,2,4.9
ORD101225,CUS7362,Danielle Adams,Port Ericaburgh,Books,725.86,1,Debit Card,2025-07-19,6,1.2
ORD101226,CUS2245,David Brooks,Lowemouth,Sports,4467.13,5,UPI,2026-02-05,1,2.3
ORD101227,CUS5938,Amber Hill,Perryshire,Electronics,3389.33,4,Credit Card,2024-07-11,2,4.7
ORD101228,CUS8629,Heather Pittman,Port Lauren,Home,2652.4,1,Net Banking,2024-06-17,7,4.3
ORD101229,CUS6540,Paul Brown,West Michelleville,Books,3178.49,3,Debit Card,2025-11-03,3,1.3
ORD101230,CUS4752,Mark Keller,Garymouth,Beauty,2383.8,5,UPI,2026-01-21,4,2.8
ORD101231,CUS3223,Erin Anderson,North Jasonberg,Beauty,811.35,2,Debit Card,2024-07-09,3,1.4
ORD101232,CUS7813,Nicole Walton,Victoriaburgh,Clothing,2827.85,5,Net Banking,2025-04-05,1,3.7
ORD101233,CUS4057,Cassandra Hoffman,West Robert,Sports,2885.46,5,Debit Card,2025-04-26,1,1.4
ORD101234,CUS9622,Paula Hughes,South Ashley,electronics,2156.69,4,Cash on Delivery,2024-10-14,5,2.4
ORD101235,CUS5229,James Howe,Lake Jeremyville,Sports,1106.78,2,Debit Card,2025-07-28,5,3.9
ORD101236,CUS1251,Stacey Romero,Peterland,Home,148.18,1,Credit Card,2024-09-05,2,1.3
ORD101237,CUS1593,Maria Rose,Lake Kylebury,Home,3767.48,4,Net Banking,2024-05-23,2,2.7
ORD101238,CUS9748,Heidi Vaughn,Kimberlyburgh,Home,4758.99,5,Cash on Delivery,2024-11-03,1,2.8
ORD101239,CUS4966,Jenny Thomas,Danielville,Clothing,4892.31,1,Net Banking,2024-06-19,3,2.6
ORD101240,CUS3781,Joseph Martin,South Jeffreyside,Clothing,4999.44,5,Cash on Delivery,2025-12-15,4,4.2
ORD101241,CUS7613,Karen Hicks,North Martinville,Books,3998.45,3,UPI,2026-01-16,1,4.9
ORD101242,CUS7585,,New Sophia,Sports,2377.03,5,Credit Card,2024-06-27,4,1.1
ORD101243,CUS9448,Christian Warren,Nicholastown,Books,763.9,1,Debit Card,2025-05-28,6,2.7
ORD101244,CUS4227,Danielle Weaver,Coopermouth,Sports,4301.75,4,Net Banking,2025-11-10,6,2.1
ORD101245,CUS6423,Andrea Sullivan,South Joshua,Electronics,4732.16,1,Cash on Delivery,2025-09-01,4,4.2
ORD101246,CUS2731,,Solomonbury,Electronics,356.25,2,Cash on Delivery,2024-11-25,4,4.4
ORD101247,CUS2326,Andrew Green,New Joshuaberg,Beauty,112.39,4,Credit Card,2026-02-05,2,3.9
ORD101248,CUS3895,Kim Anderson,North Isaiah,Clothing,4556.54,3,Cash on Delivery,2024-03-15,3,2.6
ORD101249,CUS3085,Nicole Lewis,Bobbyberg,Beauty,575.32,1,Net Banking,2025-06-30,1,1.2
ORD101250,CUS4978,Adam Palmer,Dunnport,Books,3815.58,2,Credit Card,2025-07-20,4,2.6
ORD101251,CUS4123,John Rose,Kirkhaven,Home,2892.46,2,Cash on Delivery,2024-04-07,2,3.9
ORD101252,CUS4690,Brianna Gonzales,Alexandraburgh,Electronics,4851.53,3,Cash on Delivery,2024-11-28,5,3.4
ORD101253,CUS6306,David Jones,South Jeffrey,Sports,3829.59,3,Cash on Delivery,2024-09-17,6,3.8
ORD101254,CUS8327,Kimberly Barr,New Justinmouth,Sports,3120.5,3,Credit Card,2024-11-25,7,1.5
ORD101255,CUS7406,,Williamburgh,Beauty,4686.76,1,Credit Card,2025-01-30,7,3.7
ORD101256,CUS3662,Mandy Hudson,South Evelynberg,Home,1205.36,3,UPI,2024-06-26,5,1.7
ORD101257,CUS9157,Stephanie Hayden,Velazquezton,Sports,756.45,4,UPI,2025-08-23,3,2.3
ORD101258,CUS3990,Jennifer Torres,Port Stephen,Beauty,1198.08,1,Cash on Delivery,2025-09-01,6,3.4
ORD101259,CUS6890,Kelly Vazquez,North Jeffreychester,Beauty,4265.6,2,Cash on Delivery,2024-10-30,1,2.0
ORD101260,CUS2317,Amber Hall,South Roger,Sports,3670.26,4,Credit Card,2025-05-01,1,4.9
ORD101261,CUS4963,Lorraine Leach,Linfort,Sports,754.8,5,Net Banking,2024-05-30,3,3.5
ORD101262,CUS4019,Kenneth Reyes,Lake Rickeyberg,Books,4222.16,3,Debit Card,2024-09-18,5,1.1
ORD101263,CUS6927,,East Samanthaton,Electronics,4238.35,3,Credit Card,2025-01-25,2,3.8
ORD101264,CUS1348,,East Danielstad,Beauty,4663.15,4,Credit Card,2025-03-19,1,3.1
ORD101265,CUS8907,Christopher Lopez,Maryhaven,Electronics,1973.78,1,Cash on Delivery,2024-08-29,4,4.7
ORD101266,CUS3663,Monica Gonzalez,Amyshire,Books,4288.66,3,Debit Card,2024-11-26,4,1.4
ORD101267,CUS5036,Anna Rodriguez,North Craig,Sports,1377.96,2,Credit Card,2025-12-22,7,3.1
ORD101268,CUS4612,Carol Duarte,New Danaside,Electronics,1049.25,5,Credit Card,2024-10-09,1,2.2
ORD101269,CUS5433,Richard Turner,South Taraburgh,Beauty,1089.62,5,Credit Card,2024-05-25,4,
ORD101270,CUS5454,Abigail Meyer,East Barbara,Beauty,3322.15,2,Credit Card,2024-04-22,3,2.0
ORD101271,CUS4205,Brian Wagner,Lake Manuelfurt,Electronics,2286.34,3,Debit Card,2026-01-02,3,4.2
ORD101272,CUS3598,Tammy Escobar,Whiteport,Clothing,4630.75,2,Debit Card,2025-02-27,7,5.0
ORD101273,CUS8051,Sara Thompson,Griffinview,Home,2516.76,4,UPI,2024-10-07,7,3.2
ORD101274,CUS7855,Carla Meyers,Smithbury,Electronics,436.36,4,Cash on Delivery,2024-12-26,4,3.1
ORD101275,CUS3742,Linda Walker,North Randyville,Sports,2707.88,2,UPI,2024-10-02,6,4.1
ORD101276,CUS6227,James Boyd,Kennedybury,Electronics,4032.03,3,UPI,2025-01-04,3,2.6
ORD101277,CUS2718,Barbara Campbell,Matthewmouth,Clothing,1241.94,5,Credit Card,2024-07-31,4,1.0
ORD101278,CUS6683,Ryan Pham,Mejiafurt,Electronics,3762.63,5,UPI,2025-03-02,2,4.0
ORD101279,CUS8759,Mr. Jacob Parker,Thomasfurt,Clothing,1023.05,4,UPI,2024-07-19,2,1.4
ORD101280,CUS2232,Julie Ritter,North David,Electronics,3255.19,3,Debit Card,2025-05-18,6,
ORD101281,CUS8152,Tiffany Williams,North Paula,Clothing,3321.43,5,Debit Card,2025-03-06,7,2.6
ORD101282,CUS2528,Danielle Austin,New Nancytown,Sports,2561.15,1,Net Banking,2025-02-13,7,1.8
ORD101283,CUS3607,Melissa Stone,South Beth,Books,1731.27,3,Cash on Delivery,2025-08-19,7,3.8
ORD101284,CUS4949,Madeline Jefferson,East Tonyachester,electronics,1847.19,4,Credit Card,2025-07-25,6,3.6
ORD101285,CUS5126,Crystal Collins,Faithview,Beauty,2851.93,3,Net Banking,2024-11-11,3,1.5
ORD101286,CUS8596,Justin Weber,New Marcus,Books,4807.43,3,Debit Card,2025-05-23,2,1.9
ORD101287,CUS2629,Shelia Erickson,East Timothy,Home,4595.31,2,Debit Card,2025-07-17,5,4.1
ORD101288,CUS4439,Jessica Cox,Barnettmouth,Sports,3361.68,3,Credit Card,2025-02-09,5,2.4
ORD101289,CUS4854,Brandon Moore,Toddtown,Beauty,3115.92,2,Cash on Delivery,2024-10-29,5,1.7
ORD101290,CUS6212,Alicia Thomas,Leebury,Electronics,4707.01,1,Cash on Delivery,2024-09-09,7,2.2
ORD101291,CUS4053,Richard Kaufman,Romeromouth,Electronics,2610.73,2,UPI,2024-08-28,6,1.2
ORD101292,CUS3349,Kari Parker,South Sarah,Sports,4538.29,1,Credit Card,2025-07-05,6,2.0
ORD101293,CUS1140,Joshua Ross,Michaelmouth,Sports,3464.51,2,Net Banking,2024-09-24,2,1.3
ORD101294,CUS9849,Laura Rios,Christopherview,Electronics,2462.19,5,UPI,2024-05-27,1,1.7
ORD101295,CUS7832,Jeremy Williams,Amberchester,Beauty,4399.16,1,UPI,2025-08-09,2,3.2
ORD101296,CUS6078,,Thomasville,Home,2991.42,2,UPI,2024-05-07,2,4.9
ORD101297,CUS8517,Cathy Howe,Tracystad,Clothing,3714.98,4,Debit Card,2024-04-13,2,1.0
ORD101298,CUS6821,Andres Mcgee,Port Joseph,Electronics,3626.36,2,Credit Card,2026-01-26,3,4.8
ORD101299,CUS5143,Julie Tucker,North Brendafort,Beauty,2085.42,2,Debit Card,2024-04-28,1,3.0
ORD101300,CUS2150,Theresa Yu,Lindsayfurt,Clothing,181.16,1,Debit Card,2025-10-14,6,3.1
ORD101301,CUS5927,Elizabeth Shaw,North Dan,Books,4418.11,5,Net Banking,2025-06-03,2,1.5
ORD101302,CUS1525,Jason Conrad,New Nathaniel,Books,3527.89,4,Cash on Delivery,2026-02-16,4,1.3
ORD101303,CUS6417,Derek Bowers,Heathstad,Electronics,4215.17,3,Net Banking,2026-02-04,7,4.7
ORD101304,CUS8721,Richard Davis,West Davidport,Sports,1968.59,1,Credit Card,2024-08-12,2,1.8
ORD101305,CUS2285,Mariah Dunn,West Mark,Sports,4530.17,1,UPI,2025-05-31,3,4.8
ORD101306,CUS5266,Gary Kane,Lopezhaven,Clothing,330.57,3,Credit Card,2024-12-15,1,2.6
ORD101307,CUS9538,Cameron Tate,Pearsonberg,Sports,4160.62,5,Cash on Delivery,2025-08-04,2,2.9
ORD101308,CUS1415,Shannon May,Munozburgh,Sports,2184.18,2,UPI,2025-04-20,7,1.2
ORD101309,CUS7798,Madeline Bowman,Amybury,Beauty,2519.58,2,Net Banking,2025-12-03,2,4.0
ORD101310,CUS1126,Jason Baker,West Ana,Home,3234.26,5,Net Banking,2024-11-12,6,3.0
ORD101311,CUS4988,Nancy Price,Ryanburgh,Sports,2047.92,5,UPI,2025-06-07,2,2.9
ORD101312,CUS5243,Stephanie Thornton,Calvinland,Beauty,738.43,3,Net Banking,2025-01-21,1,3.9
ORD101313,CUS1103,,East Raymondtown,Beauty,3183.4,3,Net Banking,2024-10-02,5,
ORD101314,CUS7144,Bruce Ayala,Hallhaven,Sports,668.16,4,Cash on Delivery,2024-09-14,3,1.7
ORD101315,CUS2050,Timothy Brandt,Morganstad,Home,3671.81,1,Credit Card,2025-04-17,3,2.8
ORD101316,CUS4155,Kimberly Davenport,Wrightbury,Home,2765.68,2,Cash on Delivery,2024-09-28,7,3.9
ORD101317,CUS6266,Michael Jackson,South Kathryntown,Sports,3436.94,5,Debit Card,2024-11-29,4,3.8
ORD101318,CUS7688,Scott Acosta,Lake Rebecca,Sports,4496.04,3,Cash on Delivery,2025-01-04,3,4.7
ORD101319,CUS4577,Brian Stevens,Port Sandraville,Beauty,4633.34,1,Cash on Delivery,2024-11-02,2,1.6
ORD101320,CUS7721,Abigail Delgado,Port Allen,Books,3678.48,5,UPI,2025-06-02,7,1.9
ORD101321,CUS6516,Cathy Brown,Jonathanmouth,Books,2983.85,4,Debit Card,2024-06-26,2,4.7
ORD101322,CUS3168,Wayne Petersen,Jonathanville,Beauty,4835.84,4,UPI,2026-01-07,3,4.2
ORD101323,CUS4873,,Johnhaven,Books,4479.01,1,Credit Card,2024-09-05,6,
ORD101324,CUS2594,Alexander Lynch,East Olivia,Clothing,1813.29,2,Net Banking,2026-01-17,3,1.1
ORD101325,CUS8580,Mary Green,Olsonburgh,Sports,1042.09,2,Cash on Delivery,2025-12-03,3,3.0
ORD101326,CUS7073,John Mejia,Christianfurt,Electronics,2117.75,3,Cash on Delivery,2025-06-18,2,3.7
ORD101327,CUS6498,Jeffrey Porter,West Jenniferbury,Sports,1938.94,2,UPI,2025-10-29,1,2.7
ORD101328,CUS3620,James Olson,Lewismouth,Beauty,4326.81,1,UPI,2026-02-08,7,2.9
ORD101329,CUS9510,Jimmy Adams,West Howard,Books,3891.74,5,Credit Card,2025-03-23,4,4.5
ORD101330,CUS1277,Raymond Jackson,West Amandabury,Home,3973.91,3,Net Banking,2025-04-25,7,3.9
ORD101331,CUS5778,Kimberly Rodriguez,Deborahland,Home,2917.9,3,Debit Card,2025-12-02,6,4.2
ORD101332,CUS9980,Matthew Cunningham,Jessicahaven,Beauty,199.58,4,UPI,2025-11-30,1,3.1
ORD101333,CUS5614,Brian Castro,Davismouth,Beauty,4071.97,2,Debit Card,2024-06-27,1,2.6
ORD101334,CUS4099,Jennifer Martin,Lambmouth,Beauty,1310.55,5,Debit Card,2024-07-03,2,1.5
ORD101335,CUS3990,Daniel Thomas,South Miguelton,Clothing,2523.3,2,UPI,2026-02-27,2,1.0
ORD101336,CUS3024,Tyler Gonzales,Courtneymouth,Sports,4431.56,3,Credit Card,2025-07-17,1,2.3
ORD101337,CUS8036,Carol Whitney,West Brandon,Clothing,1174.13,5,Cash on Delivery,2024-07-11,4,1.8
ORD101338,CUS7894,Karen Copeland,West Robertshire,Beauty,4283.95,1,Net Banking,2026-03-01,4,2.2
ORD101339,CUS8982,Steven Cordova,Gregorychester,Home,1267.54,3,UPI,2024-04-23,5,4.6
ORD101340,CUS7043,Angela Jones,East Chadton,Clothing,4605.21,1,Debit Card,2026-03-09,4,5.0
ORD101341,CUS3134,Whitney Moore,Gomezberg,Beauty,1465.67,1,Credit Card,2025-05-20,6,1.7
ORD101342,CUS5656,Natalie Sanders,East Christopherview,Home,2916.58,1,Debit Card,2024-10-23,5,3.7
ORD101343,CUS6855,Jeffrey Wright,New Karen,electronics,1290.75,5,Cash on Delivery,2024-08-03,3,1.5
ORD101344,CUS3197,Amy Mendoza,Mendezton,Sports,3062.54,5,Cash on Delivery,2025-04-24,3,2.4
ORD101345,CUS5415,Charles Hale,East Hunter,Clothing,2638.51,1,Debit Card,2024-03-13,3,1.8
ORD101346,CUS7774,Anthony Spears,Port Hannah,Books,2327.94,2,UPI,2025-09-17,4,1.2
ORD101347,CUS5770,Lindsey Sanchez,Amyburgh,Sports,3424.55,3,Credit Card,2024-10-15,4,
ORD101348,CUS9346,Jimmy Jones,Port Christinaburgh,Home,1705.8,5,Debit Card,2025-10-24,3,1.4
ORD101349,CUS6635,Michele Phelps,Lake Michael,Books,4681.56,1,UPI,2024-03-26,3,3.1
ORD101350,CUS4103,Cynthia Vaughn,Mcconnellland,Books,1211.45,5,Debit Card,2024-04-20,2,4.8
ORD101351,CUS3818,Tyler Brown,New Melanieburgh,Sports,3470.37,2,Cash on Delivery,2025-01-08,2,1.6
ORD101352,CUS1431,Angela Robinson,Gilesfort,Books,2027.52,2,UPI,2024-03-27,5,4.2
ORD101353,CUS3869,Devin Larsen,North Kevinbury,Electronics,4552.07,5,Credit Card,2024-06-14,4,
ORD101354,CUS5179,David Kim,Timothyport,Electronics,910.03,5,Debit Card,2025-01-07,1,2.5
ORD101355,CUS1596,Karen Hawkins,South Samuel,Sports,1583.15,3,UPI,2025-04-06,6,5.0
ORD101356,CUS1767,Ricardo Lawson,New Justinfurt,Home,3902.94,2,Debit Card,2025-12-09,3,2.0
ORD101357,CUS9078,James Parks,North April,Sports,1985.7,4,Credit Card,2024-04-20,6,3.2
ORD101358,CUS8076,Kurt Smith,New Johnmouth,Books,2161.28,2,UPI,2026-03-10,6,4.9
ORD101359,CUS7840,William Davis,Vanessachester,Books,4888.07,3,Debit Card,2025-01-09,5,4.3
ORD101360,CUS3272,Amanda Mckay,Danielshire,Beauty,2408.46,2,Net Banking,2025-03-16,1,1.9
ORD101361,CUS5060,Dennis West,Villarrealfurt,Sports,3169.9,3,Credit Card,2024-12-14,2,4.9
ORD101362,CUS1009,Michelle Lucas,South Codytown,Beauty,4348.5,4,Net Banking,2025-06-19,6,2.1
ORD101363,CUS7965,James Mclaughlin,West Wayne,Home,4656.55,3,UPI,2025-01-29,7,3.5
ORD101364,CUS1274,David Roberts,New Edwardbury,Clothing,1158.57,3,Credit Card,2024-09-26,1,1.7
ORD101365,CUS9507,Andrea Watkins,Lake Maria,Sports,2443.63,5,Net Banking,2024-11-15,3,1.9
ORD101366,CUS2185,Alice Moore,Port Jesseton,Clothing,3185.62,5,Net Banking,2025-01-19,6,3.4
ORD101367,CUS4603,Jessica Rogers,Leachville,Beauty,2349.62,3,Cash on Delivery,2025-08-17,7,
ORD101368,CUS6975,William Allen,East Valerieburgh,Sports,275.26,3,Credit Card,2025-09-17,7,4.3
ORD101369,CUS1732,Donna Montes,Lake Brianchester,Electronics,4021.2,3,Cash on Delivery,2024-09-15,2,1.8
ORD101370,CUS5551,Zachary Herring,Danielville,Electronics,965.61,3,Credit Card,2024-03-25,7,1.9
ORD101371,CUS7829,Jennifer Reynolds,West Erinside,Books,2721.67,1,UPI,2026-02-08,3,
ORD101372,CUS7032,Heather Lopez,Port Thomas,Beauty,2825.56,5,Debit Card,2024-11-27,1,2.7
ORD101373,CUS9324,Matthew Simmons,Waynehaven,Clothing,2602.65,3,Debit Card,2026-01-20,1,3.6
ORD101374,CUS9730,Jonathan Campos,Megantown,Electronics,1943.76,5,Net Banking,2025-08-29,6,3.9
ORD101375,CUS3674,Paul Dunn,New Roberttown,Clothing,1411.73,1,Net Banking,2024-06-05,6,4.7
ORD101376,CUS9607,Benjamin Perez,Johnfort,Electronics,2841.27,2,Cash on Delivery,2024-10-05,2,4.1
ORD101377,CUS5114,Melinda Diaz,Morenostad,electronics,3761.66,3,Cash on Delivery,2024-09-26,7,3.5
ORD101378,CUS7752,William Moore,Sandersville,Electronics,3576.95,5,Cash on Delivery,2024-08-20,1,1.1
ORD101379,CUS4365,Angela Adams,Josephville,Sports,3779.67,4,Debit Card,2025-07-26,3,4.0
ORD101380,CUS7367,Kelly Carrillo,North Michelechester,Home,3918.79,1,Net Banking,2025-11-15,5,
ORD101381,CUS3251,Lisa Conner,Port Mariaton,Home,2211.23,3,Net Banking,2025-12-30,5,2.5
ORD101382,CUS6161,Mark Rodriguez,Barbaraborough,Electronics,4068.78,4,Cash on Delivery,2025-05-31,3,3.8
ORD101383,CUS3971,James Young DDS,Port Michaelton,Sports,4715.55,1,Cash on Delivery,2024-03-24,7,2.4
ORD101384,CUS6453,Marc Watkins,Meyersfurt,Clothing,162.05,3,Cash on Delivery,2026-01-23,2,2.2
ORD101385,CUS4733,Debra Guerrero,Davisbury,Beauty,4745.78,2,Credit Card,2024-08-01,4,2.2
ORD101386,CUS7206,Jeffrey Taylor,East Tricia,Books,3153.13,1,Net Banking,2024-06-22,5,2.6
ORD101387,CUS7812,Timothy Morris,Port Antoniotown,Beauty,1289.21,3,Cash on Delivery,2026-02-16,5,3.6
ORD101388,CUS6509,Jonathan Potts,Lake Mistybury,Beauty,4094.04,2,Debit Card,2024-03-12,5,2.0
ORD101389,CUS5000,Rhonda Moore,Lake Chadhaven,Books,2100.99,5,UPI,2024-12-27,2,1.8
ORD101390,CUS2850,Mia Williams,Christophermouth,Books,708.94,2,UPI,2024-11-08,6,2.9
ORD101391,CUS1586,Michelle Briggs,Wagnerberg,Books,1433.02,3,UPI,2024-05-29,5,3.8
ORD101392,CUS6926,Dustin Rivas,East Cindyville,Electronics,692.85,4,Net Banking,2025-02-08,3,4.0
ORD101393,CUS9306,Amanda Smith,Randystad,Clothing,4542.79,5,Cash on Delivery,2025-04-02,4,
ORD101394,CUS4177,Linda Zamora,Lake Tammymouth,Electronics,1395.34,4,Cash on Delivery,2025-03-16,6,1.8
ORD101395,CUS5681,April Johnston,Smithmouth,Sports,2320.7,3,UPI,2024-10-13,2,2.5
ORD101396,CUS4192,Sandra Garcia,South Ana,Electronics,4279.08,3,Cash on Delivery,2024-06-21,2,4.8
ORD101397,CUS1236,,Lukeside,Sports,2603.24,1,Debit Card,2025-06-12,5,
ORD101398,CUS1984,Rebecca Reyes,Greenstad,Sports,4349.79,1,Cash on Delivery,2025-01-27,6,
ORD101399,CUS4853,Benjamin Jones,South Jasonview,Sports,280.56,2,Cash on Delivery,2026-02-02,2,2.6
ORD101400,CUS8721,Mr. Manuel Hernandez,Timothystad,Books,4195.36,3,Debit Card,2025-01-24,7,2.5
ORD101401,CUS3420,Megan Rodriguez,South Sara,Sports,3348.21,5,Debit Card,2024-03-13,3,4.2
ORD101402,CUS7445,Amy Wilson,Montgomeryside,Clothing,849.2,5,Cash on Delivery,2024-03-15,5,3.9
ORD101403,CUS2396,Lori Patrick,New Mark,Clothing,4190.19,3,Net Banking,2025-05-02,2,2.6
ORD101404,CUS9074,Wayne Duffy,Oneillland,Electronics,113.49,4,Credit Card,2024-08-31,6,3.9
ORD101405,CUS5974,Stephanie Powers,Lake Seanton,Home,2324.95,2,Debit Card,2025-05-21,7,1.6
ORD101406,CUS6191,Lisa Marks,Mirandashire,Electronics,111.61,1,Debit Card,2024-06-13,2,3.7
ORD101407,CUS6213,Alex Reyes,North Gregoryland,Home,1300.17,4,Debit Card,2026-01-09,2,
ORD101408,CUS4882,Martin Phillips,South Erica,Electronics,175.08,4,Net Banking,2026-02-08,7,2.6
ORD101409,CUS8932,Michael Nielsen,Port Brian,Sports,323.23,3,Cash on Delivery,2025-09-28,7,2.1
ORD101410,CUS7506,Jennifer Sosa,New Kelly,Home,3929.2,3,Debit Card,2024-11-04,5,2.9
ORD101411,CUS4886,Kara Holland,Ochoaland,Home,1552.43,3,Debit Card,2025-08-30,5,1.6
ORD101412,CUS8880,James Williams,Fisherberg,Sports,4612.38,5,Credit Card,2026-02-10,5,3.1
ORD101413,CUS4573,Alyssa Campos,Webermouth,Sports,3664.99,4,Credit Card,2025-09-27,7,
ORD101414,CUS6230,Kevin Williams,Lopezshire,Books,2578.34,1,Net Banking,2025-11-27,4,2.3
ORD101415,CUS9862,Jeffrey Johnson,Hortonhaven,Electronics,2720.85,1,UPI,2024-12-21,7,3.9
ORD101416,CUS2305,Crystal Brooks,Taylormouth,Electronics,1544.76,2,UPI,2024-03-16,3,1.8
ORD101417,CUS3208,Stephanie Jackson,East Alexanderside,Home,4991.16,3,Net Banking,2024-05-05,6,4.5
ORD101418,CUS7459,Leah Hood,East Patriciashire,Beauty,652.14,1,UPI,2026-02-27,7,2.8
ORD101419,CUS2739,,Michaelmouth,Sports,3827.35,4,Credit Card,2026-01-16,1,3.2
ORD101420,CUS6782,Robert Torres,Knighttown,Sports,1098.02,3,Net Banking,2025-09-05,4,4.0
ORD101421,CUS3600,Carol Singleton,West Spencer,Home,188.15,5,UPI,2025-10-15,5,2.1
ORD101422,CUS8718,Jesse Hamilton,Gonzalezfort,Books,1566.97,3,UPI,2024-11-19,5,2.9
ORD101423,CUS3682,Kelsey Yoder,Jamesport,Home,3342.01,5,UPI,2025-10-12,4,3.7
ORD101424,CUS7691,Megan Anderson,Waynemouth,Books,4586.33,3,Cash on Delivery,2024-09-06,3,3.5
ORD101425,CUS7967,Mark Martin,Port Josephside,Beauty,4385.76,3,Cash on Delivery,2024-03-27,2,3.5
ORD101426,CUS1023,Patrick Atkins,Jakemouth,Clothing,2667.54,4,Debit Card,2025-05-31,5,2.1
ORD101427,CUS6963,David Martinez,South Pamela,Electronics,1843.68,4,UPI,2025-12-22,4,4.5
ORD101428,CUS9405,Todd Murillo,West Kevin,Home,3399.36,4,Credit Card,2026-01-02,4,4.4
ORD101429,CUS8361,Jacob Wright,North Erinmouth,Beauty,3712.37,4,Debit Card,2025-06-03,5,1.1
ORD101430,CUS3242,Jennifer Craig,Karenland,Sports,2383.32,3,Debit Card,2025-04-21,3,1.2
ORD101431,CUS3306,Colin Buchanan,Port Jacob,Books,1533.18,1,Credit Card,2025-04-26,1,2.8
ORD101432,CUS2637,Jessica Gonzalez,Brendashire,Books,3373.26,5,Cash on Delivery,2025-11-27,5,4.4
ORD101433,CUS5710,Heather Lang,Moodyport,Books,822.47,4,Debit Card,2025-03-05,4,3.8
ORD101434,CUS5568,Dr. Crystal Bailey,Samanthastad,Sports,1082.17,5,Debit Card,2024-06-27,6,2.1
ORD101435,CUS8928,Karl Hall,Thompsonchester,Clothing,655.45,4,Net Banking,2025-06-02,2,
ORD101436,CUS5181,James Rodriguez,Lake Daniel,Beauty,2443.38,4,UPI,2025-08-25,2,2.1
ORD101437,CUS5547,Briana Sanchez,West Michaelborough,Clothing,2924.58,4,UPI,2025-10-07,5,3.8
ORD101438,CUS8944,Timothy Ortiz,Port Christopher,Clothing,1426.6,5,Debit Card,2024-08-23,5,4.9
ORD101439,CUS5809,Dawn Rodriguez,Burnettshire,Clothing,3056.21,4,Credit Card,2024-06-04,1,1.4
ORD101440,CUS1105,Kristina Jackson,East Geoffrey,electronics,3158.92,2,Cash on Delivery,2024-03-28,7,2.8
ORD101441,CUS8865,Mary Turner,West Joshua,Clothing,631.45,2,UPI,2025-12-06,7,2.4
ORD101442,CUS9014,Michael Silva,Keithfort,Home,1799.86,3,Debit Card,2025-10-09,1,4.8
ORD101443,CUS8501,Adriana Young,Thompsonmouth,Electronics,420.75,5,Credit Card,2026-02-08,7,3.4
ORD101444,CUS7921,Jeremy Reed,North Latashaview,Books,2768.71,1,UPI,2024-10-13,3,1.3
ORD101445,CUS8077,Deborah Herrera,Mooreberg,Clothing,4806.36,1,UPI,2024-05-23,4,2.0
ORD101446,CUS2272,Michelle Mason,Vancefurt,Books,4752.73,5,Cash on Delivery,2025-07-27,3,3.2
ORD101447,CUS8684,Danielle Barrera,Warrenstad,Sports,3720.8,4,Debit Card,2025-09-20,5,3.5
ORD101448,CUS1297,Dr. Frank Davis,Edwinbury,Home,1444.87,2,UPI,2025-06-29,4,2.4
ORD101449,CUS6535,Eric Weeks,Lukebury,Home,1596.4,1,Credit Card,2024-03-19,7,2.3
ORD101450,CUS9859,Andrew Williams,Jacksonville,Clothing,1432.79,4,Credit Card,2025-02-19,5,2.8
ORD101451,CUS5905,John Ward,Jamesburgh,Books,3213.79,1,Net Banking,2024-06-14,3,1.0
ORD101452,CUS1875,Steven Torres,Elizabethhaven,Books,1572.1,1,UPI,2024-08-31,6,1.7
ORD101453,CUS7933,Jason Ford,East Michael,Home,4494.96,4,UPI,2025-11-16,6,2.0
ORD101454,CUS3411,Christopher Leblanc,Ericfurt,Clothing,3673.19,4,Debit Card,2024-07-20,1,4.7
ORD101455,CUS5231,Alexander Carlson,Anthonyport,Home,4011.65,2,Cash on Delivery,2025-01-24,5,3.2
ORD101456,CUS8026,Larry Boyd,Port Kathleenport,Beauty,2176.15,3,Cash on Delivery,2025-11-29,7,4.4
ORD101457,CUS8769,,Lake Johnland,Electronics,456.62,2,Cash on Delivery,2024-08-07,4,4.2
ORD101458,CUS2044,Pamela Perez,Port Vanessachester,Sports,2243.78,5,Debit Card,2024-12-21,4,4.3
ORD101459,CUS3165,Joseph Barr,Rodriguezview,Beauty,3424.65,5,Debit Card,2026-01-18,7,3.0
ORD101460,CUS3422,Paula Gilbert,New Melissa,Clothing,2395.1,2,Net Banking,2025-11-28,7,4.4
ORD101461,CUS8138,Julie Chambers,West Timothy,Beauty,4835.87,2,Debit Card,2024-05-02,5,2.6
ORD101462,CUS9244,Tammy Taylor,North Whitney,Clothing,1956.79,4,Debit Card,2025-08-20,6,3.4
ORD101463,CUS9587,Yvonne Morton,West Theresa,Home,1899.45,4,Cash on Delivery,2025-06-27,6,1.2
ORD101464,CUS7518,Tommy Jordan,Port Andrew,Books,686.85,4,Credit Card,2025-01-27,5,4.1
ORD101465,CUS9975,Stephanie Lewis,New Mollystad,Electronics,2221.55,3,Debit Card,2024-05-25,5,1.4
ORD101466,CUS3072,Kyle Moore,West Michael,Electronics,3956.51,2,Debit Card,2025-09-18,4,4.7
ORD101467,CUS3824,Christopher Dean,Johnbury,Sports,4510.13,3,Net Banking,2025-09-08,5,3.8
ORD101468,CUS3907,John French,East Timothy,Clothing,655.56,4,Credit Card,2025-12-24,7,1.8
ORD101469,CUS9525,Ryan Martinez,Smithview,Electronics,4753.91,3,Cash on Delivery,2025-06-25,6,1.8
ORD101470,CUS1632,James Hall,Kennethstad,Sports,3150.01,1,UPI,2024-08-25,2,3.8
ORD101471,CUS8668,,New Jeremyborough,Home,831.3,4,Credit Card,2024-07-03,4,3.6
ORD101472,CUS6447,Kevin Roberts,Lake Monicafurt,Sports,3764.22,1,Cash on Delivery,2025-10-19,5,1.0
ORD101473,CUS7356,Barbara Brown,Port Markshire,Sports,1913.89,1,Debit Card,2026-01-25,3,3.4
ORD101474,CUS7248,William Patel,West Connie,Clothing,1373.03,2,Cash on Delivery,2024-07-13,5,2.2
ORD101475,CUS3646,Cynthia Cox,West Marychester,Home,4603.01,5,Net Banking,2024-08-10,1,2.9
ORD101476,CUS8722,Lauren Wright,Lake Erikburgh,Clothing,2793.46,4,Net Banking,2024-03-31,3,2.1
ORD101477,CUS2192,Mariah Ochoa,Tammyborough,Books,1630.2,2,Debit Card,2025-06-04,5,3.5
ORD101478,CUS4925,Pam Mooney,Pamelahaven,Electronics,2913.95,1,Cash on Delivery,2026-03-04,7,1.5
ORD101479,CUS6078,Maurice Barnes,North Ashleyton,Beauty,4441.52,3,Credit Card,2025-01-02,2,2.4
ORD101480,CUS6420,Susan Lane,Antonioshire,Books,3277.17,3,Net Banking,2025-02-27,7,3.8
ORD101481,CUS6117,Vanessa Peterson,East Kyle,Books,1147.04,4,Net Banking,2025-03-07,1,3.2
ORD101482,CUS3546,Melissa Pace,Lisaberg,Beauty,3389.93,5,Credit Card,2025-03-14,6,
ORD101483,CUS2872,Derek Garcia,South Bobby,Books,4174.57,2,Debit Card,2024-09-16,5,4.8
ORD101484,CUS5823,Andrew Mitchell,Port Markborough,Electronics,2172.09,5,Net Banking,2025-04-27,5,1.1
ORD101485,CUS2944,David Carson,New Lindsey,Home,2426.15,1,Net Banking,2024-09-01,5,4.0
ORD101486,CUS5666,Dr. John Richardson,New Lauren,Electronics,649.28,5,Net Banking,2026-01-16,1,3.1
ORD101487,CUS1569,William Castillo,Williamsville,Home,1560.01,1,Credit Card,2025-11-23,1,2.8
ORD101488,CUS3973,,Michaelton,Sports,2927.91,5,Credit Card,2026-01-31,3,1.5
ORD101489,CUS7843,Dr. Kenneth Yates,Stevenston,Home,235.8,5,UPI,2025-06-20,2,
ORD101490,CUS8032,Andrew Smith,Port Allenmouth,Sports,377.38,2,Debit Card,2026-02-18,4,1.3
ORD101491,CUS4267,Anthony Wilson,West Shannon,Books,3956.71,5,Credit Card,2025-08-30,6,2.6
ORD101492,CUS9325,Amy Fowler,West Marcus,Books,4250.63,2,UPI,2025-04-24,7,3.5
ORD101493,CUS7746,Christine Bird,Cruzmouth,Beauty,216.86,1,Credit Card,2025-12-10,2,4.8
ORD101494,CUS1457,Brandon Wagner,Robertsborough,Beauty,3972.5,4,Debit Card,2026-01-08,2,1.1
ORD101495,CUS8684,Nathan Smith,Stevenburgh,electronics,4249.35,5,Cash on Delivery,2025-02-10,6,2.1
ORD101496,CUS1968,Cameron Le,Arielside,Electronics,1324.03,2,Debit Card,2025-06-01,2,
ORD101497,CUS6258,Henry Vazquez,New Davidview,Sports,4102.3,4,Credit Card,2026-02-03,4,2.6
ORD101498,CUS4304,Phillip Flowers,Port Laura,Home,2630.25,4,Credit Card,2024-07-11,4,4.0
ORD101499,CUS9237,Richard Boone,South Emilyland,Sports,4823.95,2,Cash on Delivery,2026-02-04,3,2.7
ORD101500,CUS7804,Michael Morris,South Maryfurt,Electronics,4863.42,2,Cash on Delivery,2024-10-10,6,4.7
ORD101501,CUS4797,Cynthia Garcia,Lake Miguel,electronics,3200.98,3,Debit Card,2025-07-25,7,4.4
ORD101502,CUS2580,Karen Kramer,Danielmouth,Clothing,2005.4,2,Cash on Delivery,2024-07-12,6,3.7
ORD101503,CUS7222,Kevin Riley,Lake Mark,Beauty,2635.13,2,Debit Card,2026-02-14,5,4.4
ORD101504,CUS2451,Cassandra Stephens MD,Angelafurt,Electronics,353.46,3,Credit Card,2025-10-20,4,4.9
ORD101505,CUS5099,,New Richard,Books,4851.93,1,Net Banking,2024-10-31,6,3.8
ORD101506,CUS6819,Joshua Morrison,Hilltown,Beauty,4554.57,2,UPI,2025-05-17,1,1.1
ORD101507,CUS4557,Terri Johnson,Angelicamouth,Clothing,2788.4,3,UPI,2024-07-06,5,4.9
ORD101508,CUS9416,Barbara Harris,Shaneside,Beauty,3356.77,1,Cash on Delivery,2024-12-24,3,5.0
ORD101509,CUS8513,Michael Vasquez,Port Karen,Sports,3401.23,3,Cash on Delivery,2025-02-08,5,4.0
ORD101510,CUS7041,Bruce Oconnor,North Tamara,Home,411.59,1,Credit Card,2024-12-11,4,3.0
ORD101511,CUS9143,,Hernandezshire,Home,3353.54,5,Net Banking,2025-02-13,6,2.0
ORD101512,CUS5022,James Adams,Jacobsonside,Clothing,1743.54,5,Cash on Delivery,2025-03-01,7,4.5
ORD101513,CUS3199,Charles Fitzpatrick,Gonzalezport,Electronics,2270.03,5,Credit Card,2024-09-10,3,2.1
ORD101514,CUS6527,Jill Harper,Atkinsshire,Beauty,267.45,1,Cash on Delivery,2025-02-27,6,4.2
ORD101515,CUS5231,Christina Prince,Kingchester,Sports,850.12,5,Net Banking,2025-11-12,3,2.1
ORD101516,CUS7898,Brenda Welch,Patrickview,Clothing,2703.35,4,Cash on Delivery,2024-11-05,4,2.4
ORD101517,CUS6997,Daniel Dickson,Lake Thomasborough,Books,2271.57,4,Debit Card,2024-09-27,5,3.1
ORD101518,CUS2366,Barry Peck,South Larryfort,Clothing,1100.57,1,Net Banking,2025-11-17,5,2.7
ORD101519,CUS3293,Joshua Krueger,Williamsville,Books,1979.41,3,Debit Card,2024-11-13,7,1.8
ORD101520,CUS8439,Melissa Shaw,New Toddshire,Home,334.48,1,UPI,2024-09-10,1,4.4
ORD101521,CUS9164,Tony Mcknight,Kathleenberg,Electronics,1102.28,2,Net Banking,2024-05-11,6,4.6
ORD101522,CUS5456,Kevin Lewis,Dawsonfort,Clothing,1108.05,1,Debit Card,2025-04-17,1,4.8
ORD101523,CUS3760,Jennifer Sanchez,Kellyview,Electronics,4764.58,1,Net Banking,2025-12-16,2,3.0
ORD101524,CUS6451,Brandon Kidd,Gordonfurt,Books,2746.58,3,UPI,2025-04-27,2,2.2
ORD101525,CUS7150,Adam Guzman,Markton,Books,3732.27,5,Credit Card,2025-04-29,2,2.0
ORD101526,CUS4838,Jennifer Thomas,Mollystad,Home,181.1,3,UPI,2024-06-09,5,3.1
ORD101527,CUS6891,Walter Rice,Jasonborough,Electronics,1125.76,3,Debit Card,2024-03-24,2,2.0
ORD101528,CUS2149,Kerry Valdez,Anthonytown,Beauty,4254.89,1,Debit Card,2025-07-01,6,4.6
ORD101529,CUS5093,Joshua Terry,Wrightside,Electronics,507.78,3,Credit Card,2024-06-23,1,2.6
ORD101530,CUS4725,Deborah Martin,Lake John,Beauty,1200.36,5,Net Banking,2024-07-22,6,2.6
ORD101531,CUS6563,Julie Weber,North Deborah,Sports,1608.29,4,UPI,2024-05-18,1,
ORD101532,CUS1858,Dorothy Allen,Port Allenmouth,Sports,1173.27,5,Debit Card,2025-07-04,6,
ORD101533,CUS6734,John Martinez,Charlesfort,Home,4849.98,1,UPI,2025-09-21,2,3.0
ORD101534,CUS4127,Kimberly Bond,New Kennethfort,Sports,2058.53,5,UPI,2024-03-27,5,4.8
ORD101535,CUS3621,Dana Paul,New Melissa,Electronics,4371.27,4,Debit Card,2024-03-18,1,1.2
ORD101536,CUS8545,Jacob Armstrong,Elizabethshire,Electronics,3594.01,5,Cash on Delivery,2024-12-23,2,3.2
ORD101537,CUS9845,Antonio Juarez,East Christopher,Sports,3861.39,4,Credit Card,2024-06-24,7,
ORD101538,CUS9272,John Miller,Riverafurt,Books,155.69,4,Credit Card,2025-10-22,1,4.8
ORD101539,CUS2529,Todd Snyder,East Daniel,Sports,1297.68,4,Cash on Delivery,2025-05-16,7,1.7
ORD101540,CUS9926,Michael Garcia,Scottchester,Beauty,2578.49,2,UPI,2025-12-21,7,4.8
ORD101541,CUS6646,Brian Fritz,New Stephaniechester,Clothing,2030.43,3,Cash on Delivery,2024-06-21,6,3.4
ORD101542,CUS7995,Kelly Sanders,Andersonfort,Books,3756.79,1,Net Banking,2024-05-03,6,3.8
ORD101543,CUS7478,,Haynesside,Sports,3276.92,5,Debit Card,2025-01-12,2,1.6
ORD101544,CUS2354,Andrew Ellis,North Cathy,Home,528.55,3,Cash on Delivery,2025-09-25,7,2.1
ORD101545,CUS5945,Lindsay Quinn,Garnerbury,Books,1240.15,2,Net Banking,2024-06-12,2,4.8
ORD101546,CUS1310,Jessica Hawkins,South Heather,Sports,2814.18,2,Debit Card,2025-05-29,7,1.8
ORD101547,CUS9489,Keith West,Rachelhaven,Electronics,4076.64,3,UPI,2026-01-25,4,3.9
ORD101548,CUS4584,Brittney Walker PhD,Lake Robinmouth,Beauty,3383.82,3,Credit Card,2025-08-25,3,1.7
ORD101549,CUS3177,David Washington,Bautistashire,Clothing,1707.3,2,Cash on Delivery,2025-05-01,7,2.5
ORD101550,CUS5897,Anthony Cline,Danielburgh,Clothing,1588.9,1,UPI,2025-03-05,4,4.7
ORD101551,CUS9735,Kristen Hughes,Harrisville,Clothing,4351.77,5,Cash on Delivery,2025-01-10,1,
ORD101552,CUS1540,Samantha Elliott,North Patriciatown,Books,792.81,5,Net Banking,2025-03-18,7,1.5
ORD101553,CUS5394,,South Nicholas,Sports,2477.87,1,Cash on Delivery,2025-11-20,7,4.0
ORD101554,CUS4536,Jessica Nelson,East Pamelastad,Beauty,1204.41,5,Net Banking,2025-06-08,4,1.7
ORD101555,CUS5378,Christine Duran,Maryton,Beauty,4847.61,5,Cash on Delivery,2024-05-31,1,2.5
ORD101556,CUS7708,Kendra Zhang,Brownborough,Electronics,1554.96,2,Cash on Delivery,2025-03-08,2,4.2
ORD101557,CUS2671,Kayla Mayer,Medinashire,Clothing,3666.38,5,Net Banking,2025-04-18,2,4.7
ORD101558,CUS6563,Mark Zhang,East Eric,Clothing,739.35,4,Cash on Delivery,2025-03-28,5,4.6
ORD101559,CUS7376,Tonya Miller,Port Susanshire,Beauty,1195.66,3,UPI,2024-09-10,2,1.7
ORD101560,CUS7924,Phillip Mcgee,Morganfurt,Sports,1458.31,3,UPI,2025-09-24,1,2.5
ORD101561,CUS8332,Bruce Matthews,Lake Jesse,Clothing,1975.14,4,Net Banking,2025-05-10,4,3.0
ORD101562,CUS8305,Antonio Smith,Lake Jamesfort,Home,4563.02,1,Net Banking,2024-04-21,1,4.7
ORD101563,CUS5982,Justin Norton,Vegahaven,Beauty,1970.28,2,UPI,2024-07-24,2,2.8
ORD101564,CUS3553,Brandon Wilkinson,East Justin,Clothing,4690.66,1,Credit Card,2024-11-27,2,4.7
ORD101565,CUS9292,Ryan Mclaughlin,South Seanmouth,Clothing,4232.77,1,UPI,2025-01-13,5,3.6
ORD101566,CUS2996,Elizabeth Peterson,Morrischester,Home,201.5,2,UPI,2025-07-21,4,2.3
ORD101567,CUS7910,Michael Adams,Lake Jacquelineland,Sports,820.61,1,Cash on Delivery,2024-07-26,4,2.3
ORD101568,CUS5941,Patrick Mendoza,East Cynthia,Electronics,773.14,2,Debit Card,2025-03-11,7,1.4
ORD101569,CUS1933,Linda Thomas,Mezabury,Clothing,1650.92,3,Debit Card,2025-03-02,3,1.9
ORD101570,CUS9953,Jennifer Ramirez,Port Sharonside,Electronics,529.03,5,Credit Card,2024-10-06,2,
ORD101571,CUS2055,Kimberly Doyle,Fosterview,electronics,2950.42,1,Cash on Delivery,2024-06-20,1,3.1
ORD101572,CUS7009,Trevor Boyd,Port Angelashire,Sports,2694.68,4,UPI,2026-01-19,7,3.2
ORD101573,CUS8794,Kristi Green,Annamouth,electronics,3733.21,4,Debit Card,2024-03-12,5,4.5
ORD101574,CUS9881,Tony Bailey,Meghanmouth,Beauty,1899.76,5,Debit Card,2025-04-07,5,3.0
ORD101575,CUS4546,Cristina Davis,East Katelyn,Books,1808.54,5,Net Banking,2024-11-30,4,1.8
ORD101576,CUS7935,Michael Roberts,Tinamouth,electronics,660.17,1,UPI,2025-12-09,1,3.2
ORD101577,CUS5032,Joshua Barrera,Carolinehaven,Sports,3195.38,4,Debit Card,2025-06-08,5,3.3
ORD101578,CUS9475,Keith Cooper,North Carloston,Electronics,800.02,4,Debit Card,2024-12-26,4,4.4
ORD101579,CUS5049,Ryan Mcpherson,East Kelly,Electronics,630.83,1,Debit Card,2024-07-11,2,
ORD101580,CUS5695,Sue Haley,Elizabethbury,electronics,2406.67,4,Credit Card,2025-07-09,2,2.1
ORD101581,CUS7373,Juan Zimmerman,West Seanshire,Books,3294.83,4,Net Banking,2025-06-05,7,1.2
ORD101582,CUS2930,Timothy Santana,Turnerville,Home,1870.34,1,Debit Card,2024-05-11,5,5.0
ORD101583,CUS9281,Christine Gonzalez,Suarezfurt,Sports,3627.75,2,Cash on Delivery,2024-05-02,1,
ORD101584,CUS4032,Jose Barton,Russellfurt,Clothing,1681.89,1,Debit Card,2024-11-18,3,3.0
ORD101585,CUS9912,Alejandro Torres,North Ruthside,Home,3554.53,5,Credit Card,2024-06-02,3,
ORD101586,CUS8735,Kristine Garrett,Michaelport,Books,3337.12,3,Credit Card,2024-12-16,7,2.4
ORD101587,CUS3517,Michael Richards,Mitchellstad,Beauty,1961.0,4,Debit Card,2025-01-19,2,3.4
ORD101588,CUS4524,Christopher Adams,Wagnerland,Home,382.68,5,UPI,2025-05-02,3,3.1
ORD101589,CUS7446,,Lake Morganberg,Clothing,4196.64,3,Cash on Delivery,2025-12-25,1,4.4
ORD101590,CUS8763,Brian Mcgrath,Annettebury,Sports,1356.22,4,Credit Card,2024-04-13,7,2.6
ORD101591,CUS6851,Bruce Rogers,South Charles,Books,3403.48,4,Debit Card,2025-07-26,3,1.9
ORD101592,CUS1705,Nathan Hamilton,North Daniel,Home,4050.75,4,Credit Card,2026-02-01,7,1.4
ORD101593,CUS9140,William Lee,Williamport,Beauty,4321.39,2,Net Banking,2025-12-05,7,2.0
ORD101594,CUS5770,Emily Rodriguez,Wrightborough,Beauty,3436.36,1,Net Banking,2025-09-26,3,4.4
ORD101595,CUS8469,Lauren Campbell,Jamesborough,Home,3068.64,4,Net Banking,2024-11-14,2,1.1
ORD101596,CUS9934,Tina Moore,Jamesberg,Books,3780.08,3,UPI,2024-04-16,1,2.2
ORD101597,CUS2507,Robert Perry,Lake Annstad,Clothing,2815.52,2,Net Banking,2025-08-28,6,4.1
ORD101598,CUS4797,Eric Day,Webbchester,Electronics,4989.32,1,Debit Card,2026-02-06,4,1.7
ORD101599,CUS4772,Kenneth Padilla,Maryhaven,Sports,363.59,4,Cash on Delivery,2024-08-30,3,1.2
ORD101600,CUS6109,Zachary Davis DDS,Williamborough,Home,2396.97,2,Cash on Delivery,2025-01-05,1,3.1
ORD101601,CUS8155,Antonio Shaw,Susanfurt,Clothing,4977.77,4,Cash on Delivery,2024-04-21,6,2.6
ORD101602,CUS5038,,Coreyville,Beauty,3455.76,2,UPI,2024-09-23,7,1.6
ORD101603,CUS3616,Michael Fernandez,East Taylor,Electronics,2478.17,1,UPI,2025-06-13,4,
ORD101604,CUS3103,Mr. Nicholas Gregory MD,New Andrewbury,Books,4717.51,3,Credit Card,2025-09-15,1,4.5
ORD101605,CUS6736,Brandon Mills,South Jill,Home,3883.28,4,Credit Card,2024-08-01,2,4.8
ORD101606,CUS1988,,Lake Juan,Home,1353.96,4,Net Banking,2025-12-14,1,2.6
ORD101607,CUS2354,Stephanie Berger,North Anthony,Beauty,2542.34,4,Cash on Delivery,2025-10-27,5,2.8
ORD101608,CUS9841,Matthew Harris,Taylorshire,Books,4253.27,2,Debit Card,2024-10-21,5,1.7
ORD101609,CUS9058,Kimberly Richard,Christopherborough,Books,4040.48,3,Net Banking,2024-07-20,1,1.3
ORD101610,CUS8308,Melissa Harris,Sweeneyshire,Clothing,2061.84,3,Credit Card,2024-10-19,4,4.6
ORD101611,CUS4333,Heather Johnson,Hendersonbury,Home,2441.31,5,UPI,2025-07-11,5,3.2
ORD101612,CUS9927,Terry Swanson,Brianton,Home,2120.09,2,UPI,2025-07-27,1,3.7
ORD101613,CUS7102,Jessica Lane,Cruzmouth,Books,4197.67,1,Debit Card,2024-07-30,7,4.8
ORD101614,CUS3461,,Palmerland,Beauty,3483.68,5,Debit Card,2024-09-16,6,1.2
ORD101615,CUS6688,Miranda Martin,Brittanyside,Clothing,2016.85,3,UPI,2024-11-13,4,2.7
ORD101616,CUS5805,Michelle Mcdonald,Lake Jeffrey,Electronics,3150.89,4,Credit Card,2026-01-03,1,2.3
ORD101617,CUS7118,Denise Holland,Michaelfurt,Home,2019.95,4,Net Banking,2024-12-25,2,1.7
ORD101618,CUS8411,Timothy Diaz,Port George,Clothing,367.41,3,Debit Card,2025-01-22,2,2.9
ORD101619,CUS2863,Sheila Gray,South Carolyn,Books,3666.13,1,Debit Card,2024-08-15,1,3.1
ORD101620,CUS6226,Natalie Brown,Nealtown,Sports,219.19,3,Cash on Delivery,2025-04-05,2,3.6
ORD101621,CUS2776,Edward Warren,Richardsonmouth,Clothing,2516.26,2,Debit Card,2025-08-22,1,3.5
ORD101622,CUS4494,Joe Brown,New Maxwellfurt,Books,4895.89,4,Debit Card,2024-06-02,2,2.1
ORD101623,CUS3814,Theresa Jacobs,North Whitneyshire,electronics,4682.4,1,Debit Card,2024-05-13,6,3.6
ORD101624,CUS8687,Todd Garcia,Michaelhaven,Home,1053.93,4,UPI,2025-04-12,7,4.1
ORD101625,CUS4517,Sarah Cole,Michaelborough,Clothing,139.99,3,Cash on Delivery,2024-09-15,2,2.1
ORD101626,CUS7109,Kimberly Guerrero,Thomasberg,Sports,4964.53,3,UPI,2026-02-22,5,3.8
ORD101627,CUS1247,Laura Rivera,Lake Sarabury,Electronics,4008.42,5,Debit Card,2024-04-17,2,3.0
ORD101628,CUS2090,Peter Eaton,Wheelerfurt,Clothing,3762.85,1,UPI,2025-11-03,6,1.5
ORD101629,CUS3448,Stephanie Little,South David,Beauty,3805.14,2,Credit Card,2024-04-03,1,4.0
ORD101630,CUS4483,Nancy Thomas,Trevormouth,Beauty,3517.88,3,Credit Card,2025-05-30,6,3.3
ORD101631,CUS3851,Emily Murphy,Youngfort,Sports,4664.03,1,Cash on Delivery,2024-12-01,1,2.9
ORD101632,CUS8844,Brandon Jimenez,West Christine,Beauty,879.53,4,Credit Card,2025-12-16,5,1.5
ORD101633,CUS7088,John Hoffman,Mitchellmouth,Sports,457.04,5,Debit Card,2024-07-06,4,3.0
ORD101634,CUS9136,George Richardson,Jamesborough,Beauty,3031.88,2,UPI,2025-02-17,5,3.8
ORD101635,CUS3568,Kelli Brooks,North Jonathanshire,Beauty,3357.15,1,Cash on Delivery,2024-03-15,6,2.7
ORD101636,CUS7248,Diana Parker,East Matthewland,Home,2519.36,2,Net Banking,2024-05-02,2,1.8
ORD101637,CUS2513,Jonathan Fernandez,Lake Martinburgh,Clothing,3212.24,4,UPI,2025-01-21,2,1.3
ORD101638,CUS7385,Jeffery Davis,Andersonview,Books,3895.96,1,Cash on Delivery,2024-04-25,1,1.5
ORD101639,CUS1738,Emily Gonzales,Brownborough,Beauty,4986.59,5,UPI,2025-11-30,1,4.9
ORD101640,CUS1242,Matthew Oneill,Gilbertstad,Clothing,416.21,3,Net Banking,2025-05-20,4,
ORD101641,CUS5044,Stephanie Ochoa,West Meagan,electronics,911.18,4,UPI,2025-09-03,5,1.3
ORD101642,CUS2750,Brandon Sutton,Mariafort,Clothing,3816.53,3,Debit Card,2025-04-06,3,2.1
ORD101643,CUS1584,Brandon Porter,East Ashley,Books,1740.36,1,UPI,2025-08-18,5,4.7
ORD101644,CUS8789,Robin Hawkins,Mauriceside,Clothing,2938.45,3,Net Banking,2025-01-31,7,4.9
ORD101645,CUS7789,,Port Jennifer,Electronics,4384.9,3,Cash on Delivery,2025-08-07,2,2.0
ORD101646,CUS6511,Michele Martin,Foxside,Home,2409.52,3,UPI,2025-06-19,7,3.2
ORD101647,CUS8420,Matthew Thompson,West Christopher,Books,1018.49,3,Net Banking,2025-11-04,7,1.9
ORD101648,CUS6172,Joseph Doyle,Smithburgh,Electronics,1312.76,4,Net Banking,2025-06-18,4,1.2
ORD101649,CUS4972,Felicia Costa,New Tammyfurt,Clothing,4337.85,5,Credit Card,2025-07-31,7,4.5
ORD101650,CUS9381,Joseph Carpenter,Wongview,Home,3934.25,5,Cash on Delivery,2025-10-08,6,4.7
ORD101651,CUS3501,Laura Bryant,Port Kellyview,Electronics,2819.74,5,Cash on Delivery,2024-03-23,7,2.0
ORD101652,CUS8602,Russell Rodriguez,Prestonhaven,Beauty,1572.48,3,Credit Card,2025-12-02,3,4.9
ORD101653,CUS5555,Megan Hunter,North Brendan,Books,1285.47,2,Credit Card,2024-09-05,7,
ORD101654,CUS3414,Jason Fuller,Heatherville,Books,2716.47,3,Debit Card,2026-01-25,5,4.9
ORD101655,CUS9751,Mrs. Erin Berry MD,Ortegaville,Sports,2231.1,3,Debit Card,2026-01-13,2,4.1
ORD101656,CUS5384,Amanda Dorsey,Kellychester,electronics,2141.74,2,Cash on Delivery,2025-09-11,2,1.4
ORD101657,CUS6376,Nathan Wells,Stephensbury,Books,4474.17,4,UPI,2025-07-10,7,4.3
ORD101658,CUS9917,Gabriel Simpson,Andreaview,Books,3323.46,5,Debit Card,2025-09-18,6,4.7
ORD101659,CUS8779,Michael Blanchard,Lake Michaelfort,Clothing,4695.14,4,Credit Card,2025-10-30,3,4.3
ORD101660,CUS4265,Timothy Clark,South Michael,Clothing,1885.74,3,Debit Card,2025-08-21,4,1.5
ORD101661,CUS7860,Jessica Beltran,Port David,Books,2067.32,4,UPI,2025-07-02,1,2.0
ORD101662,CUS3532,Allison Smith,South Stephen,Beauty,1837.23,1,Net Banking,2025-05-31,1,2.0
ORD101663,CUS7301,Evan Hodges,Gillfurt,Electronics,1336.22,3,Cash on Delivery,2024-03-27,6,1.1
ORD101664,CUS9365,Emma Aguilar,West Kevin,Books,1425.28,4,UPI,2024-03-31,6,4.4
ORD101665,CUS8628,Kara Singleton,Cindyburgh,Home,2121.53,1,Credit Card,2025-07-22,7,2.1
ORD101666,CUS6256,Sandra Davis,Maynardside,Clothing,1906.88,2,Credit Card,2026-01-20,5,1.8
ORD101667,CUS4261,Brian Dalton,West Anna,Electronics,289.69,3,Net Banking,2026-01-14,7,3.6
ORD101668,CUS6323,Cody Gomez,North Josephfurt,Sports,127.67,3,Net Banking,2025-05-13,1,3.7
ORD101669,CUS1709,Jason Gordon,Romerotown,Sports,4623.52,4,UPI,2025-01-24,6,3.1
ORD101670,CUS8335,Danielle Moses,Schultzside,Beauty,4546.59,4,Debit Card,2024-05-27,2,2.5
ORD101671,CUS2170,Gerald Drake,Morganstad,Sports,3164.82,3,Credit Card,2025-08-27,4,3.6
ORD101672,CUS4068,Omar Owens,New Debrahaven,Beauty,4181.57,2,Cash on Delivery,2024-09-28,1,3.5
ORD101673,CUS8420,Theresa Diaz,Port Williamport,Sports,4761.12,4,Debit Card,2025-04-22,7,2.9
ORD101674,CUS2563,Tony Perez,Rhodesshire,Beauty,4299.58,4,Net Banking,2025-09-08,1,
ORD101675,CUS2842,Tina Johnson,West Pamela,Home,1938.97,5,UPI,2024-05-07,2,
ORD101676,CUS6640,Shane Avery,West Wanda,Sports,4723.83,1,Cash on Delivery,2025-01-26,7,3.8
ORD101677,CUS3441,Ryan Fletcher,Port Seanhaven,Books,2942.35,1,Debit Card,2025-10-01,7,4.6
ORD101678,CUS9797,Dennis Hunter,Port Erikmouth,Home,1882.28,2,Net Banking,2025-01-07,2,4.9
ORD101679,CUS3318,Christian Johnson,Lake Michael,Sports,4833.83,2,Cash on Delivery,2024-06-25,5,3.5
ORD101680,CUS5783,Christopher Jones,North Judy,Electronics,787.33,2,Credit Card,2025-05-16,7,4.2
ORD101681,CUS9092,Peter Thomas,Robinsonstad,Electronics,2122.43,4,UPI,2024-08-14,6,3.3
ORD101682,CUS6155,Steven Mcbride,West Bradley,Beauty,2734.29,4,Net Banking,2024-03-24,5,3.5
ORD101683,CUS4470,Bradley Davis,New Jacob,Sports,4089.61,1,Debit Card,2025-03-02,6,4.6
ORD101684,CUS5897,Jessica Williams,Gravesport,Books,4750.56,3,Credit Card,2026-03-05,5,3.6
ORD101685,CUS7855,Ms. Mary Taylor,West Dylantown,Electronics,2597.77,4,Debit Card,2025-06-09,3,1.7
ORD101686,CUS3974,Anthony Brown,New Ericborough,electronics,2232.95,4,Credit Card,2024-03-17,1,
ORD101687,CUS1194,Nancy Obrien,Port Rebecca,Sports,4530.13,1,UPI,2025-03-30,7,2.2
ORD101688,CUS4632,Michael Adams,Ericchester,Home,1471.64,2,Credit Card,2025-02-17,6,2.3
ORD101689,CUS1863,Justin Hancock,Heatherside,Electronics,3857.55,2,Cash on Delivery,2024-08-10,6,2.4
ORD101690,CUS5003,Tiffany Smith,East Mary,Sports,3372.81,3,Cash on Delivery,2025-10-16,3,3.0
ORD101691,CUS3358,Brandon Hamilton,New Lauratown,Beauty,1811.52,4,Net Banking,2025-11-07,5,4.5
ORD101692,CUS1346,Pamela Thompson MD,Lake Mariaborough,Books,1354.06,3,Credit Card,2024-08-30,4,4.3
ORD101693,CUS4731,Krystal Calderon,East Jonathan,Electronics,2388.98,4,Credit Card,2024-08-31,5,2.2
ORD101694,CUS1221,Natalie Lang,West Tom,Books,2537.05,5,Credit Card,2025-03-18,6,3.5
ORD101695,CUS7276,Vicki Price,Brewerberg,Beauty,204.67,5,UPI,2025-06-09,6,3.6
ORD101696,CUS8756,Michael Flores,Fergusonchester,Electronics,3070.34,4,Net Banking,2024-10-03,7,3.1
ORD101697,CUS5863,Vicki Wheeler,Lake Rebecca,Electronics,1666.85,1,Net Banking,2024-05-03,4,3.3
ORD101698,CUS1915,,North Jeremy,Books,3419.92,4,Credit Card,2024-06-17,5,1.0
ORD101699,CUS7762,Brittney Smith,Feliciaton,Clothing,2505.14,1,UPI,2024-09-02,4,4.1
ORD101700,CUS8895,Molly Martin,South Joshua,Home,1214.65,4,Debit Card,2026-01-02,2,4.1
ORD101701,CUS9293,Mark Brown,North Kevinborough,Sports,671.21,4,Net Banking,2025-09-15,6,
ORD101702,CUS6708,Kristin Hawkins,Matthewton,Beauty,1128.64,3,UPI,2025-05-11,7,3.6
ORD101703,CUS4937,Amy Bennett,Lorishire,Clothing,670.21,4,Debit Card,2024-10-05,5,2.5
ORD101704,CUS8337,Lucas Gregory,Yoderport,Beauty,4750.62,2,Net Banking,2024-03-15,2,3.2
ORD101705,CUS9749,John Guzman,East Stephanie,Books,1654.47,2,Cash on Delivery,2025-12-11,3,3.7
ORD101706,CUS7071,Robert Welch,Valdezfurt,Books,1947.59,3,Credit Card,2025-07-09,1,2.0
ORD101707,CUS6183,Jacqueline Freeman,Peckmouth,Electronics,4061.59,4,Cash on Delivery,2025-04-12,5,
ORD101708,CUS3434,Daniel Taylor,Zacharyburgh,Books,4084.49,2,Net Banking,2026-01-20,3,1.1
ORD101709,CUS2889,Jonathan Vincent,New Kevinbury,Home,3831.06,5,UPI,2026-01-27,6,4.5
ORD101710,CUS1723,Elizabeth Porter,Christopherfurt,Books,4535.76,4,UPI,2025-11-06,4,1.8
ORD101711,CUS9730,Michael Long,Lake Kaylachester,Sports,270.66,5,Debit Card,2025-01-30,4,2.3
ORD101712,CUS1626,Donna Robinson,Kerrychester,Clothing,3707.05,2,Net Banking,2025-02-15,3,4.1
ORD101713,CUS8582,Paul Lopez,East Katherinebury,Beauty,796.6,1,Net Banking,2024-07-23,3,4.9
ORD101714,CUS9594,Laura Reed,New Mallory,Home,3966.45,4,Cash on Delivery,2025-01-05,5,1.5
ORD101715,CUS4838,Aaron Jacobson,Bentonfurt,Home,3595.2,1,Debit Card,2024-11-15,6,1.3
ORD101716,CUS6632,Don Camacho,Lynchstad,Beauty,3589.3,5,Debit Card,2024-12-13,5,4.4
ORD101717,CUS7669,Stephanie Davis,Randyside,Sports,194.23,2,Debit Card,2024-04-18,6,1.9
ORD101718,CUS7575,James Mack,New Dennischester,Electronics,3012.43,4,Cash on Delivery,2026-02-09,6,1.7
ORD101719,CUS8008,Amber Cobb,Jamiestad,Electronics,2654.18,2,Credit Card,2025-08-17,3,3.3
ORD101720,CUS8887,Steven Gay,Allisonstad,Books,3406.03,3,Net Banking,2024-12-13,6,1.6
ORD101721,CUS5506,Erik Johnson,Jenniferhaven,Books,1260.23,3,Net Banking,2025-10-13,1,1.2
ORD101722,CUS6245,John Walker,North Scott,Sports,4424.25,2,Net Banking,2024-11-27,2,2.6
ORD101723,CUS5221,Michelle Holmes,Gonzaleston,Clothing,3784.14,3,Net Banking,2025-11-15,5,3.9
ORD101724,CUS2029,Bradley Fisher,Lake Brandy,Home,2443.5,4,Cash on Delivery,2026-02-06,1,1.7
ORD101725,CUS5040,Brandy Griffin,West Roy,Home,3735.82,4,Credit Card,2025-10-22,4,1.0
ORD101726,CUS2852,Abigail Yang,Ingramview,Books,710.24,2,Net Banking,2025-01-12,5,1.6
ORD101727,CUS4336,Martha Stewart,New Davidfurt,Beauty,1855.86,1,Credit Card,2025-09-21,5,2.2
ORD101728,CUS7970,Juan Hernandez,Meyersmouth,Sports,1619.84,2,Credit Card,2025-08-16,4,4.4
ORD101729,CUS9418,Kevin Williams,Kimberlyport,Electronics,2552.6,1,Net Banking,2025-12-11,3,3.7
ORD101730,CUS6770,Glenn Lewis,Justinbury,Books,935.31,4,Net Banking,2024-12-13,4,3.6
ORD101731,CUS3705,Kevin Lopez,New Chadport,Beauty,1904.95,3,Cash on Delivery,2025-06-17,2,2.9
ORD101732,CUS3398,Anna Mcdaniel,Riveratown,Sports,3152.74,5,Debit Card,2025-04-13,5,3.5
ORD101733,CUS5713,Alexandria Cooper,Port Jasonchester,Electronics,388.27,2,Net Banking,2024-05-17,1,1.7
ORD101734,CUS3584,Johnny Martin,Andrewbury,Electronics,886.08,5,Cash on Delivery,2025-09-17,6,2.2
ORD101735,CUS8541,Victoria Mcbride,East Matthewshire,Books,1687.11,1,Cash on Delivery,2025-03-02,3,2.7
ORD101736,CUS1858,Stephanie Rodriguez,New Cynthiaview,Beauty,4965.45,4,Net Banking,2025-04-13,6,2.0
ORD101737,CUS9148,Zachary Green,South Kellyview,Beauty,2559.4,4,Credit Card,2024-09-03,6,1.8
ORD101738,CUS1508,Brandon Anderson,Brandonton,Electronics,4375.34,3,Credit Card,2024-07-17,1,3.9
ORD101739,CUS3079,Raymond Taylor,Kruegerfurt,Clothing,3983.5,5,Cash on Delivery,2025-05-03,4,2.1
ORD101740,CUS6183,Noah Lee,Anthonychester,Sports,1792.58,1,Net Banking,2025-02-09,2,1.3
ORD101741,CUS5790,Brittany Rosario,West Brianberg,Electronics,1336.32,2,Net Banking,2025-05-21,5,3.0
ORD101742,CUS9723,William Valdez,South Christophermouth,Home,4326.69,3,Credit Card,2025-12-20,7,4.6
ORD101743,CUS8232,Maria Garcia,Port Rhondachester,Books,3905.51,4,Cash on Delivery,2025-08-14,6,3.1
ORD101744,CUS9743,Joseph Smith,New Nicholas,Home,4936.35,4,Credit Card,2024-04-06,3,3.1
ORD101745,CUS4794,Samuel Martinez,South Diana,Electronics,1138.26,3,UPI,2025-05-23,4,4.3
ORD101746,CUS8113,Joy Williamson,South Kevin,Beauty,4069.43,3,Debit Card,2024-12-13,5,5.0
ORD101747,CUS2964,,New Andrewburgh,Electronics,2523.59,4,Cash on Delivery,2024-06-06,5,2.7
ORD101748,CUS6734,Hailey Wilson,North Danielbury,Books,3135.47,1,Cash on Delivery,2025-10-03,4,4.4
ORD101749,CUS8293,Meredith Brooks,West Richard,Electronics,4419.33,5,Credit Card,2025-03-08,6,
ORD101750,CUS5414,Brandon Hernandez,West Darleneborough,Clothing,2289.33,2,Debit Card,2024-07-05,5,4.1
ORD101751,CUS7067,Amy Ingram,Robertland,Home,3656.98,5,Cash on Delivery,2025-06-05,2,2.9
ORD101752,CUS2696,Kristen Weaver,West Gregory,Home,2630.06,1,Net Banking,2025-03-24,1,2.3
ORD101753,CUS9025,,Wilkinsonfurt,Home,711.87,3,Debit Card,2025-10-10,4,3.5
ORD101754,CUS5926,Victor Park,Cabreraburgh,Clothing,1006.29,1,UPI,2025-07-15,5,3.9
ORD101755,CUS2890,Ashley Macias,Mcdanielshire,Beauty,4715.18,2,Credit Card,2025-03-16,2,3.2
ORD101756,CUS1804,Michael Smith,Nelsonchester,Clothing,540.95,1,Debit Card,2024-04-02,7,2.5
ORD101757,CUS5043,Anthony Ray,Lake Jamieside,Beauty,4192.82,5,Net Banking,2024-07-29,5,2.0
ORD101758,CUS3166,Kimberly Murphy,West Kathleenborough,Electronics,4883.57,2,Credit Card,2024-10-20,7,4.8
ORD101759,CUS1269,Christina Freeman,Timothyhaven,Sports,694.92,1,UPI,2024-10-09,2,3.0
ORD101760,CUS1103,Deborah Romero,Port Justinland,Clothing,4436.48,4,Debit Card,2024-11-12,4,3.1
ORD101761,CUS7806,Karen Becker,Lake Hannahtown,Electronics,3686.31,3,Cash on Delivery,2024-08-31,4,2.5
ORD101762,CUS6045,Christopher Davis,East Eric,Beauty,4738.32,5,Debit Card,2024-05-12,7,3.6
ORD101763,CUS1595,Denise Anderson,North Diana,Books,4545.15,1,Credit Card,2024-07-22,1,2.0
ORD101764,CUS5034,,New Derekstad,Electronics,2808.95,3,Cash on Delivery,2025-04-04,2,4.8
ORD101765,CUS2458,Alexandra Rivera,Josephborough,Beauty,2967.11,1,Credit Card,2026-01-26,1,2.3
ORD101766,CUS8400,Erica Fletcher,Thomasland,Books,2685.58,5,Debit Card,2024-06-26,2,2.0
ORD101767,CUS2644,Jorge Rojas,Marquezside,Sports,2403.14,4,Net Banking,2024-04-22,1,2.1
ORD101768,CUS3103,Crystal Garcia,Greenton,Electronics,2701.59,1,Net Banking,2025-10-06,4,2.5
ORD101769,CUS6468,Eric Mccormick,Reevesport,Beauty,594.3,3,Debit Card,2024-07-07,3,5.0
ORD101770,CUS2480,Cassandra Rodriguez,Williamsmouth,Sports,4443.94,3,Net Banking,2025-01-05,2,1.9
ORD101771,CUS6758,Diana Clark,Lake Christopherview,Electronics,544.57,3,Debit Card,2025-03-24,6,2.8
ORD101772,CUS5463,Laurie Figueroa PhD,Friedmanport,Beauty,2736.14,5,Debit Card,2024-09-13,5,1.7
ORD101773,CUS5819,Amber White,South Jennifer,Electronics,1995.64,1,Credit Card,2026-02-25,5,4.6
ORD101774,CUS7559,Jessica Hughes,Kendraborough,Beauty,1363.5,3,Debit Card,2024-07-10,4,1.3
ORD101775,CUS5951,Jennifer Schroeder,Yuchester,Clothing,2258.21,2,Credit Card,2025-12-02,7,4.9
ORD101776,CUS8447,Kristie Mckinney,North Richard,electronics,1903.32,4,Net Banking,2025-04-16,3,4.9
ORD101777,CUS9975,Kenneth Burton,New Jamie,Clothing,4347.64,2,UPI,2025-01-02,3,3.6
ORD101778,CUS4829,Kevin Miller,Sonyamouth,Books,953.17,4,Cash on Delivery,2024-11-12,6,2.8
ORD101779,CUS9792,Justin Robles,Wardmouth,Beauty,3996.73,5,Cash on Delivery,2024-06-17,2,2.1
ORD101780,CUS6977,Megan Sheppard,Melissaborough,Sports,3886.97,2,UPI,2025-04-01,6,
ORD101781,CUS5282,Corey Miller,Lake Kathleenmouth,Home,2925.57,1,UPI,2025-09-06,2,1.1
ORD101782,CUS8844,Holly Kelly,West Brian,Clothing,2057.24,1,Credit Card,2024-09-16,5,4.9
ORD101783,CUS2995,Cody Ramirez,Lindaland,Electronics,1961.19,1,Net Banking,2024-04-01,5,2.8
ORD101784,CUS4047,Michael Small,Kristenberg,Home,1718.54,2,Debit Card,2025-11-09,7,3.9
ORD101785,CUS5756,Lisa Hale DDS,Wardfurt,Electronics,3932.36,3,Net Banking,2025-11-02,1,2.2
ORD101786,CUS4205,Tiffany Roy,New Corey,Sports,4826.66,4,Credit Card,2026-02-01,5,4.7
ORD101787,CUS1289,Gerald Boone Jr.,North Sandy,Beauty,2115.13,2,Cash on Delivery,2025-02-09,6,1.8
ORD101788,CUS3046,Timothy Payne,Blankenshiphaven,Beauty,1014.63,1,Debit Card,2025-03-27,7,1.3
ORD101789,CUS2080,Jordan Randolph,South Luke,Home,1401.42,1,UPI,2026-02-14,4,3.1
ORD101790,CUS8289,Nicole Johnson,Tiffanyfort,Sports,308.83,3,UPI,2024-06-14,4,
ORD101791,CUS9893,Frank Davies,East Jason,Sports,3824.01,1,UPI,2025-03-30,7,3.2
ORD101792,CUS7351,Kevin Wise,Mcdanielville,Clothing,1320.78,5,Credit Card,2025-10-08,7,2.9
ORD101793,CUS5237,Hannah Wyatt,Annatown,Books,1967.0,1,Debit Card,2025-06-14,1,2.5
ORD101794,CUS1720,David Martinez,Bowenton,Books,4640.62,5,Credit Card,2025-11-06,1,2.2
ORD101795,CUS1756,Lisa Riley,Longberg,Books,4367.67,4,Cash on Delivery,2025-07-29,3,4.9
ORD101796,CUS3195,,Millerbury,Books,4404.11,5,UPI,2025-11-23,5,3.0
ORD101797,CUS5928,Charles Lopez,Hernandezview,Sports,1176.16,5,Cash on Delivery,2026-02-08,4,1.2
ORD101798,CUS4275,Leslie Williams MD,North Scott,Home,1271.4,4,Net Banking,2025-12-07,4,1.5
ORD101799,CUS4056,Alan Jones,Hutchinsonfort,Beauty,4344.61,1,Credit Card,2025-07-29,2,1.9
ORD101800,CUS8991,Jennifer Vega,North Monica,Beauty,4176.45,4,Credit Card,2025-12-26,7,3.2
ORD101801,CUS2467,David Smith,Kinghaven,Clothing,3075.64,4,Credit Card,2026-02-15,7,4.5
ORD101802,CUS5322,Eric Robinson,Youngborough,Clothing,1256.23,2,UPI,2024-11-03,4,4.1
ORD101803,CUS2566,Amber Bush,Port Kevinstad,Home,4806.53,5,Debit Card,2026-03-03,2,
ORD101804,CUS5447,Nicole Morrow,Powersfurt,Electronics,3389.5,1,Net Banking,2026-02-15,1,2.9
ORD101805,CUS9848,Lisa Wright,North Nicole,Beauty,1837.34,1,UPI,2025-03-01,5,3.7
ORD101806,CUS7962,Yvonne Banks,Phillipmouth,Electronics,3930.99,5,Debit Card,2024-09-02,7,2.8
ORD101807,CUS5317,William Smith,Port Andrew,Clothing,2497.98,1,Net Banking,2026-01-04,2,4.0
ORD101808,CUS2896,Peggy Cardenas,New Angelaborough,Beauty,762.48,2,Net Banking,2026-01-18,1,2.3
ORD101809,CUS2843,Shannon Campbell,Veronicaborough,Clothing,2887.71,2,UPI,2024-11-10,1,2.9
ORD101810,CUS7673,Samuel Taylor,Millerborough,Electronics,3288.23,2,Debit Card,2025-05-01,5,4.4
ORD101811,CUS7651,Audrey Carlson,North Sandy,Home,3140.82,3,Net Banking,2026-02-14,3,1.9
ORD101812,CUS4798,Michael Harris,Port Chelsea,Books,3241.19,4,Net Banking,2024-10-15,2,3.3
ORD101813,CUS2582,Christine Santiago,Sharonside,Clothing,2530.9,4,Cash on Delivery,2025-10-19,7,2.8
ORD101814,CUS5295,Kristy Padilla,Kristenmouth,Electronics,747.64,5,UPI,2024-11-30,6,1.4
ORD101815,CUS4158,Casey Jones,Gregoryview,Electronics,348.28,4,Net Banking,2024-09-03,7,1.2
ORD101816,CUS5993,Cindy Ruiz,Robertview,Sports,509.3,2,Debit Card,2025-01-13,7,4.7
ORD101817,CUS5286,Joseph Wolfe,North Kimberlyville,Sports,2500.53,3,Cash on Delivery,2025-04-01,7,2.4
ORD101818,CUS6918,Samantha Edwards,Port Sarahmouth,Sports,3290.96,3,Net Banking,2025-07-29,6,4.4
ORD101819,CUS8575,Tina Brennan,Whitechester,Home,1281.36,3,UPI,2025-03-17,3,4.6
ORD101820,CUS5262,Kristopher Davila,Johnsonside,Sports,1361.1,5,UPI,2025-11-19,1,3.5
ORD101821,CUS3257,Tara Anderson,Staceyport,Home,4170.32,3,UPI,2025-09-05,6,3.6
ORD101822,CUS4179,Sarah Trevino,New Joshuamouth,Clothing,4388.87,3,Net Banking,2026-01-15,4,
ORD101823,CUS3205,Jonathan Osborn,Ryanhaven,Books,1954.28,4,Cash on Delivery,2025-07-24,5,
ORD101824,CUS9284,David Lowe,North Sheri,Electronics,1898.88,4,UPI,2025-10-31,5,2.7
ORD101825,CUS2533,Jennifer Martin,Port Johnhaven,Beauty,841.31,5,UPI,2025-06-18,4,1.3
ORD101826,CUS7180,Ian Adams,Wilsonborough,Clothing,284.31,5,Net Banking,2025-03-22,2,3.8
ORD101827,CUS5172,Victoria Wright,Kennedymouth,electronics,1602.46,4,Debit Card,2024-05-12,6,1.7
ORD101828,CUS9894,Lauren Goodman,South Jennifer,Clothing,3893.29,2,Cash on Delivery,2024-07-02,1,3.8
ORD101829,CUS6150,Rebecca Chavez,New Stephanie,Home,2126.13,1,Credit Card,2024-10-17,7,4.3
ORD101830,CUS9348,Sylvia Lee,New William,Books,451.23,3,Credit Card,2024-09-12,7,4.1
ORD101831,CUS1022,Travis Johnson,New Brendahaven,Sports,3441.69,2,Debit Card,2024-10-05,7,3.6
ORD101832,CUS8379,Christopher Myers,West Jenny,Sports,273.83,2,Credit Card,2024-05-27,6,2.0
ORD101833,CUS8319,Keith Henderson,New Charles,Sports,201.45,3,Cash on Delivery,2024-10-27,2,2.0
ORD101834,CUS7669,Anthony Williams,Saraton,Beauty,1231.93,1,UPI,2024-04-06,6,4.5
ORD101835,CUS4182,Meghan Nixon,Browntown,Beauty,3476.11,3,Cash on Delivery,2024-03-16,5,3.7
ORD101836,CUS3636,Pamela Perry,Danielside,Books,2058.38,4,Debit Card,2024-11-05,4,2.2
ORD101837,CUS7326,Kyle Hernandez,Wilsonville,Books,4601.46,2,Net Banking,2025-07-06,3,2.7
ORD101838,CUS9847,Andre Wilson,Lake Seanbury,Clothing,217.89,1,Credit Card,2025-10-25,3,3.9
ORD101839,CUS4267,Crystal Walker,East Cheryl,Beauty,4476.17,1,Net Banking,2024-10-06,3,1.1
ORD101840,CUS2896,Jeremy Stewart,Lake Gary,Electronics,4649.56,2,UPI,2024-06-18,7,3.5
ORD101841,CUS9113,Aaron Perry,Sherrybury,Sports,1674.4,3,Debit Card,2025-12-14,7,2.5
ORD101842,CUS4234,William Martinez,West Gary,Clothing,1836.65,3,Debit Card,2025-08-13,1,2.9
ORD101843,CUS2269,Tracy Jones,Sarahfurt,Beauty,1702.96,1,UPI,2024-03-30,3,4.3
ORD101844,CUS1806,Angela Gonzalez,Darrellbury,Home,1563.8,4,Cash on Delivery,2026-01-20,4,1.1
ORD101845,CUS4746,Jessica Fields,Hansonborough,Home,1392.26,1,Net Banking,2025-07-01,5,2.6
ORD101846,CUS3350,Bethany Chen,Marymouth,Beauty,2483.65,2,Net Banking,2024-04-27,2,2.0
ORD101847,CUS4743,Robin Spence,Port Amandamouth,Books,4102.5,5,Cash on Delivery,2025-06-09,2,3.3
ORD101848,CUS9600,,Alanfort,Electronics,3238.34,5,Cash on Delivery,2024-12-26,1,3.7
ORD101849,CUS3213,Lori Miller,West Jenniferborough,Sports,2069.23,1,Net Banking,2025-01-29,6,4.6
ORD101850,CUS9303,Zachary Kent,Ramirezfurt,Clothing,3548.53,3,Credit Card,2024-07-06,2,
ORD101851,CUS4880,Cindy Matthews,South Stephanieton,Home,922.3,5,UPI,2026-01-19,2,1.5
ORD101852,CUS3083,Todd Cantu,South Andrea,Clothing,1580.55,2,Debit Card,2025-08-20,2,4.6
ORD101853,CUS8420,Luke Clay,Sotofurt,Home,878.31,3,Debit Card,2024-03-23,6,3.9
ORD101854,CUS7582,Stacey Morris,Jacksonstad,electronics,1456.14,5,Debit Card,2025-11-02,4,4.2
ORD101855,CUS2840,Willie Diaz,New Luis,Books,2065.43,2,Credit Card,2024-06-07,5,3.3
ORD101856,CUS4587,Amanda Turner,Brownside,Beauty,1547.8,3,Net Banking,2024-07-08,4,1.9
ORD101857,CUS6149,Sarah Beck,Lake Jennifer,Sports,4128.35,5,Credit Card,2024-10-06,1,4.0
ORD101858,CUS8753,James Smith,East Josephberg,Sports,4403.09,2,UPI,2026-02-04,3,1.9
ORD101859,CUS9786,Travis Hunter,Kimmouth,Beauty,4494.39,2,Net Banking,2025-03-26,6,1.7
ORD101860,CUS1338,Dillon Martinez,Bassside,Sports,2363.43,2,Cash on Delivery,2024-10-05,3,2.7
ORD101861,CUS8711,Jose Garrison,West Russell,Electronics,1332.42,5,Credit Card,2024-10-01,5,2.3
ORD101862,CUS2797,Tiffany Becker,South Toddview,Books,977.53,4,Cash on Delivery,2024-12-27,7,4.1
ORD101863,CUS6938,Nicholas Hogan,North Mary,Beauty,4640.62,3,UPI,2025-10-08,3,4.5
ORD101864,CUS5715,Anthony Gonzalez,New Dana,Beauty,4739.45,3,Net Banking,2025-07-10,7,1.2
ORD101865,CUS4178,Daniel Garza,North Christopher,Books,1896.35,5,Cash on Delivery,2024-08-08,6,
ORD101866,CUS4951,,Port Garrett,Home,1001.61,3,UPI,2024-03-22,4,
ORD101867,CUS8962,Brittney Aguirre,Justinburgh,Sports,2035.72,2,Net Banking,2025-05-15,1,1.9
ORD101868,CUS1586,Leslie Eaton,Andrewton,Clothing,512.24,4,Debit Card,2024-03-14,2,4.7
ORD101869,CUS3536,Mary Keller,South Darrell,Sports,2294.6,2,UPI,2025-11-14,6,2.9
ORD101870,CUS2918,Maria Jennings,Port Seanburgh,Beauty,4077.44,2,Cash on Delivery,2024-11-10,7,1.3
ORD101871,CUS4406,Robert Harrison,Lake Marissastad,Books,2395.15,2,UPI,2025-03-05,2,2.6
ORD101872,CUS3215,Tanya Stone,Cobbton,Home,3064.63,5,Cash on Delivery,2025-08-06,6,1.5
ORD101873,CUS9815,Craig Oneill,Harrisonchester,Clothing,2739.75,2,UPI,2026-02-25,5,4.6
ORD101874,CUS1600,Jaime Patterson,West Triciafurt,Clothing,506.36,1,Debit Card,2025-08-14,3,3.6
ORD101875,CUS1233,Shane Warren,West Stacieland,Sports,1303.79,2,Debit Card,2025-06-24,4,3.8
ORD101876,CUS3656,Joshua Walker,Port Madelineshire,Clothing,149.48,2,Debit Card,2024-09-27,7,1.3
ORD101877,CUS7396,Sean Gilbert,West Garyville,Books,166.24,2,Debit Card,2024-04-03,5,3.9
ORD101878,CUS3306,Erica Richardson,New Steveside,Books,1877.17,4,Cash on Delivery,2025-02-25,5,2.9
ORD101879,CUS7379,Meghan Thompson,East Lisatown,Beauty,2375.83,3,UPI,2024-08-30,6,4.6
ORD101880,CUS5531,,Paulport,Books,4961.47,5,Net Banking,2024-12-15,4,
ORD101881,CUS6211,Dennis Bryant,South Brittanyhaven,Clothing,2853.31,5,Credit Card,2024-07-29,2,3.6
ORD101882,CUS5531,Calvin Bentley,Mckenzieland,Beauty,3338.27,5,UPI,2024-09-11,1,
ORD101883,CUS5776,Frank Rodriguez,South Mark,Beauty,4944.14,2,Credit Card,2024-05-18,5,3.5
ORD101884,CUS9072,,New Connie,Sports,1480.01,3,Credit Card,2025-04-05,6,3.3
ORD101885,CUS6644,,Jacksonfort,Clothing,4244.48,2,Credit Card,2026-01-29,4,4.1
ORD101886,CUS8236,Kathy Knight,Robertberg,Clothing,278.51,4,Debit Card,2025-06-22,6,4.1
ORD101887,CUS2474,Julie Mason,Robertsview,Sports,2263.47,5,Credit Card,2025-08-28,4,1.3
ORD101888,CUS5041,Justin Kemp,South Susanstad,Home,1173.86,1,Net Banking,2024-12-09,6,3.4
ORD101889,CUS7425,Bradley Harrison,Wesleymouth,Electronics,3022.91,5,Cash on Delivery,2024-12-31,1,3.1
ORD101890,CUS6775,Elizabeth Jordan,Bettyberg,Clothing,1413.7,5,UPI,2025-09-15,7,1.7
ORD101891,CUS5677,Erin Farrell,Tracystad,Clothing,1439.0,2,Cash on Delivery,2025-02-07,7,3.5
ORD101892,CUS8252,Kristen Walker,Stevensonside,Sports,2419.44,3,Net Banking,2024-07-27,4,3.5
ORD101893,CUS5738,Terri Thornton,Prestonstad,Books,4774.0,4,UPI,2025-01-08,2,4.8
ORD101894,CUS4590,Nicholas Ellis,Michelleview,Clothing,1487.41,5,UPI,2025-09-17,6,2.4
ORD101895,CUS9520,Joshua Huber,Mannfort,Electronics,3958.15,2,Debit Card,2024-12-10,4,3.6
ORD101896,CUS1830,Jon Williams,Lake Jasmineborough,Beauty,318.69,5,Cash on Delivery,2024-03-25,2,3.3
ORD101897,CUS2333,,East Felicia,Home,329.17,4,Debit Card,2025-12-23,3,
ORD101898,CUS3996,Brandon Adams,Smithtown,Clothing,3872.48,4,Net Banking,2025-08-12,3,1.1
ORD101899,CUS3138,Phillip Massey,New Matthewbury,Beauty,3409.46,4,Debit Card,2025-10-14,5,3.9
ORD101900,CUS8348,Jeffrey Simon,West Katherineville,electronics,1807.17,3,Debit Card,2024-09-13,3,1.1
ORD101901,CUS1049,Nicole Guerra,Ashleystad,Sports,2325.42,4,Credit Card,2025-11-26,2,2.2
ORD101902,CUS4462,Barbara White,West Stacyborough,Home,2916.76,4,Debit Card,2025-07-11,7,2.7
ORD101903,CUS3328,Nicole Ibarra,South Nicole,Beauty,3178.65,1,Cash on Delivery,2025-05-24,1,4.8
ORD101904,CUS4638,Dana Armstrong,Flemingview,Electronics,3852.93,3,UPI,2024-07-03,5,2.4
ORD101905,CUS3120,Douglas Evans,South Matthewport,Electronics,148.64,5,Net Banking,2025-12-26,1,2.5
ORD101906,CUS7487,Thomas Mendoza,Diazview,Home,3426.0,5,Net Banking,2024-09-19,2,2.9
ORD101907,CUS4705,Donald Mendoza,North Nicolas,electronics,403.85,5,Cash on Delivery,2024-09-28,2,2.5
ORD101908,CUS7543,,Forbesbury,Home,1488.09,4,Cash on Delivery,2026-03-07,7,1.8
ORD101909,CUS8921,Tracy Salas,Marktown,Sports,2227.69,4,Net Banking,2025-04-13,7,4.8
ORD101910,CUS5103,Brandon Miller,Parkburgh,Beauty,4217.07,4,UPI,2025-08-16,7,4.9
ORD101911,CUS5562,,East Christineberg,Electronics,4444.79,2,UPI,2025-01-31,7,3.8
ORD101912,CUS9652,Katherine Thomas,Randallville,Electronics,349.57,3,Net Banking,2024-11-28,3,3.8
ORD101913,CUS9563,Joel Ray,North Warrenton,Home,822.04,5,UPI,2024-09-04,2,2.1
ORD101914,CUS8570,Sharon Washington,Walkerfurt,Electronics,3951.21,3,Net Banking,2025-10-01,6,
ORD101915,CUS2928,Janet Stephens,West Bill,Books,3645.4,4,Credit Card,2025-12-03,2,2.2
ORD101916,CUS5145,Manuel Torres,Lake Carloschester,Beauty,2532.67,1,Credit Card,2025-05-08,4,
ORD101917,CUS6960,Rhonda Brewer,Port Cynthiaton,Clothing,123.54,5,Net Banking,2024-06-05,3,4.9
ORD101918,CUS4277,Olivia Thomas,North Aaron,Home,1786.89,5,UPI,2025-04-28,6,4.4
ORD101919,CUS5974,Angela Parker,Ericaside,Sports,3627.31,4,Credit Card,2024-03-18,4,2.1
ORD101920,CUS2968,Carla Campos,Nancymouth,Clothing,1098.1,2,Debit Card,2024-10-03,4,4.4
ORD101921,CUS7452,Lauren Phillips,East Cynthiaton,Clothing,1983.79,3,Cash on Delivery,2025-10-17,2,4.6
ORD101922,CUS9252,Dillon Carter,West Dylan,Electronics,4788.42,5,UPI,2025-11-07,2,2.9
ORD101923,CUS7069,Julie Edwards,South Melodytown,Books,3275.57,2,Debit Card,2024-11-17,4,2.1
ORD101924,CUS5890,Tammy Miller,West Matthewborough,Sports,2843.64,3,Cash on Delivery,2024-12-17,7,4.2
ORD101925,CUS4865,Jerry Wyatt,Jeremyshire,Books,4960.98,1,Cash on Delivery,2024-03-22,1,4.4
ORD101926,CUS7349,Lisa Bean,West Amyfort,Sports,4689.27,5,Debit Card,2024-10-11,5,2.6
ORD101927,CUS5518,Melissa Hansen,North Ericatown,Books,611.24,4,Credit Card,2025-08-23,2,
ORD101928,CUS4041,Savannah Juarez,North Fernandofort,Sports,3527.78,2,Cash on Delivery,2024-11-06,3,4.1
ORD101929,CUS2373,Eric Johnson,South Anitaside,Beauty,2927.01,2,Debit Card,2025-03-05,1,3.9
ORD101930,CUS9022,John Williams,West Amanda,Books,2429.13,4,Cash on Delivery,2024-08-09,2,3.7
ORD101931,CUS8153,Nathan Moody,Kellerfurt,Clothing,4090.95,5,Debit Card,2025-08-11,7,4.5
ORD101932,CUS8567,James Brown,Lake Juan,Beauty,2293.47,5,Net Banking,2024-12-23,6,
ORD101933,CUS4061,Christina Barrett,New Daniel,Beauty,4347.04,1,Debit Card,2024-11-22,5,1.5
ORD101934,CUS2649,Elizabeth Thompson,Clementsville,Home,3562.47,1,Debit Card,2024-03-26,7,4.0
ORD101935,CUS2828,Elizabeth Camacho,West Robinborough,Electronics,4162.95,4,Credit Card,2024-07-18,6,2.1
ORD101936,CUS4514,Bryan Ortiz,North Amberview,Home,4713.75,2,Cash on Delivery,2025-04-26,3,1.2
ORD101937,CUS6444,Lindsay Young,Port Brent,Beauty,400.52,4,UPI,2025-04-25,2,1.9
ORD101938,CUS3395,Dominique Chen,East Juanport,Beauty,3186.06,3,Credit Card,2026-01-14,6,1.6
ORD101939,CUS5082,Christopher Miller,Christopherberg,Beauty,2499.91,1,UPI,2025-08-15,1,2.5
ORD101940,CUS4214,Tiffany Blackburn,East Kevin,Electronics,4144.96,3,Net Banking,2025-11-27,2,3.1
ORD101941,CUS2011,Nathaniel Taylor,Amandaton,Sports,3748.88,1,Net Banking,2025-04-11,1,4.0
ORD101942,CUS3210,Kevin Harris,North Samuel,Beauty,4070.5,4,UPI,2025-08-25,3,2.9
ORD101943,CUS5004,Ann Wong,Lake Victor,Home,2295.98,3,Net Banking,2025-02-18,5,2.1
ORD101944,CUS9330,Craig Reeves,Danielville,Electronics,2588.22,5,Debit Card,2025-05-24,5,2.7
ORD101945,CUS8352,James Hunter,South Adam,Home,4364.68,5,UPI,2026-02-19,7,4.4
ORD101946,CUS2310,Robert Kennedy,Scottside,Clothing,189.77,3,Debit Card,2025-02-04,4,3.6
ORD101947,CUS2938,Jerry Durham,East Antonio,Books,2835.18,3,Cash on Delivery,2025-06-03,4,3.4
ORD101948,CUS3220,Margaret Miller,Williamsborough,Books,561.85,5,UPI,2025-06-23,1,4.4
ORD101949,CUS9167,William Mercado,East Nathan,Home,4922.23,5,UPI,2025-01-01,3,1.7
ORD101950,CUS1258,David Edwards,North Steven,Sports,2250.19,3,UPI,2026-02-04,5,4.9
ORD101951,CUS9208,Samuel Reed,Tylermouth,Books,1415.1,1,Cash on Delivery,2026-02-15,5,1.6
ORD101952,CUS2481,Laurie Sandoval,Sarahfort,Beauty,4213.36,2,Net Banking,2024-08-25,2,4.0
ORD101953,CUS9139,Jason Villanueva,Katherineview,Clothing,1286.76,5,Net Banking,2024-07-27,2,2.4
ORD101954,CUS8908,Shelby Baker,North Patriciamouth,Books,3092.09,2,UPI,2024-09-13,7,2.6
ORD101955,CUS5665,Derrick Silva,South Jamesburgh,Sports,3914.85,2,Net Banking,2024-05-04,2,4.3
ORD101956,CUS2318,Jo Miller,Port Jeremy,electronics,2701.54,2,Net Banking,2026-02-25,3,4.5
ORD101957,CUS7932,Darren Serrano,New Brandon,Home,813.64,4,Credit Card,2025-09-14,4,3.8
ORD101958,CUS5215,Paul Quinn,West Chadshire,Electronics,418.15,1,Credit Card,2024-09-19,6,1.4
ORD101959,CUS9237,Edgar Hale,Michelleton,Books,874.65,5,Net Banking,2025-11-25,7,1.6
ORD101960,CUS2971,Jeremy Chapman,Lake Richardshire,Clothing,4671.52,4,Net Banking,2025-04-27,2,3.8
ORD101961,CUS6611,Robert Collins,West Linda,Electronics,2015.68,1,Net Banking,2024-12-05,7,3.2
ORD101962,CUS5414,Debra Flowers,East Derrick,Clothing,4430.17,5,Credit Card,2025-12-19,2,1.3
ORD101963,CUS6402,Michael Maddox,Mariafurt,Home,2931.14,4,UPI,2025-10-06,3,2.0
ORD101964,CUS3186,Raymond Terry,Lake Ann,Home,2679.35,5,Cash on Delivery,2025-05-01,6,4.2
ORD101965,CUS1307,Peggy Weiss,Garzafort,Sports,1697.91,5,Cash on Delivery,2025-02-03,2,3.3
ORD101966,CUS2460,Shelley Miller,North Travisville,Electronics,3365.92,1,UPI,2024-04-01,7,1.9
ORD101967,CUS6488,Jason Jefferson,Murrayborough,Beauty,1081.03,5,Debit Card,2025-08-27,2,4.4
ORD101968,CUS8179,Harold Lowe,East Frances,Books,3871.55,4,Credit Card,2025-09-15,6,1.7
ORD101969,CUS2408,Jennifer Mccullough,Deantown,Electronics,553.19,2,Cash on Delivery,2024-11-27,3,4.3
ORD101970,CUS3205,,Woodstad,Beauty,504.11,5,Net Banking,2024-11-18,7,2.7
ORD101971,CUS6333,Caitlin King,Ronaldtown,Books,204.39,3,Debit Card,2025-01-20,4,3.4
ORD101972,CUS6382,Erica Mckinney,Cathymouth,Beauty,3166.86,5,Net Banking,2024-12-21,6,3.7
ORD101973,CUS8986,Michael Johnson,Port Megan,Books,4747.08,3,Debit Card,2024-09-16,2,2.2
ORD101974,CUS5860,Jesse Dixon,East Jessica,Books,129.18,5,Cash on Delivery,2025-04-23,6,2.0
ORD101975,CUS1790,Mandy Morgan,Devinhaven,Sports,909.92,3,Debit Card,2025-09-28,4,4.9
ORD101976,CUS3133,Dana Taylor,Ashleymouth,Books,260.13,2,Debit Card,2025-04-10,3,1.1
ORD101977,CUS6214,Terri Garcia,Kingshire,Home,2745.04,5,Debit Card,2025-03-05,6,3.2
ORD101978,CUS4973,Robert Brooks,Carlosfort,Home,3828.77,3,UPI,2024-10-16,6,2.0
ORD101979,CUS3049,David Turner,Hernandezfort,Books,3301.35,2,Credit Card,2024-07-29,4,2.1
ORD101980,CUS8865,Alexandra Wu,North Melissashire,electronics,1077.45,4,Credit Card,2025-10-20,5,2.4
ORD101981,CUS4726,Jordan Cochran,Evansmouth,Home,1138.26,1,Cash on Delivery,2025-11-21,3,
ORD101982,CUS4712,Gerald Sanders,Jessicaborough,Books,1061.39,1,Debit Card,2025-05-06,5,1.8
ORD101983,CUS9017,Elizabeth Flynn,West Taylorhaven,Sports,641.22,2,Debit Card,2025-11-30,4,3.6
ORD101984,CUS6987,Jenna Brown,Lopezview,Sports,1745.75,3,Net Banking,2025-12-17,2,5.0
ORD101985,CUS7397,Joshua Rios,Lake Coreyberg,Home,1726.39,3,Cash on Delivery,2025-02-20,1,1.3
ORD101986,CUS8828,John Howard,Port Michaelton,Beauty,151.56,5,UPI,2025-10-30,6,3.1
ORD101987,CUS6771,Brandon Rosario,Bairdville,Sports,218.86,2,Debit Card,2025-12-15,3,2.1
ORD101988,CUS5179,Laura Obrien,West Ritamouth,Home,4021.4,1,Credit Card,2024-09-08,4,3.7
ORD101989,CUS5586,Daniel Cook,West Nathan,Electronics,2734.39,1,Net Banking,2024-03-15,2,4.1
ORD101990,CUS7137,,Lake Chase,Clothing,3617.19,5,UPI,2024-09-29,2,2.2
ORD101991,CUS2484,Christopher Riley,Byrdshire,Beauty,1423.4,3,Cash on Delivery,2024-08-06,3,4.3
ORD101992,CUS6766,Whitney Maxwell,Beckerbury,Sports,4924.44,4,Cash on Delivery,2026-03-01,6,1.3
ORD101993,CUS6387,James Lester,Christopherville,Home,3190.05,1,Credit Card,2024-08-29,2,3.3
ORD101994,CUS4608,Michael Caldwell,Marissaland,Sports,2791.56,2,Debit Card,2024-10-15,3,2.4
ORD101995,CUS9780,Jeffrey Davidson,New Kaylabury,Beauty,231.2,4,Cash on Delivery,2025-10-29,4,3.1
ORD101996,CUS8727,Melissa Burch,North Marissa,Electronics,2336.68,4,Cash on Delivery,2025-12-25,1,1.5
ORD101997,CUS9549,Wanda Bryant,Brooksview,Clothing,4004.63,5,UPI,2024-11-02,4,3.1
ORD101998,CUS5779,Matthew Haas,West Hannahton,Sports,2104.66,4,Debit Card,2024-08-20,3,1.1
ORD101999,CUS7493,Susan Davis,West Benjaminhaven,Books,3085.63,1,Net Banking,2025-01-20,5,4.3
ORD102000,CUS8617,Tara Clark,North Mariaburgh,Beauty,1178.56,1,UPI,2025-12-26,4,2.3
ORD102001,CUS3663,Zachary Meyer,Port Johnny,Home,150.86,3,UPI,2024-09-28,6,2.8
ORD102002,CUS5758,Linda Poole,Greenburgh,electronics,2441.81,2,Cash on Delivery,2025-10-20,1,1.6
ORD102003,CUS6739,John Reed,Port Danastad,Electronics,1107.16,3,UPI,2024-12-03,1,2.5
ORD102004,CUS2278,Kristin Collins,Matthewfort,Clothing,3701.86,1,Net Banking,2024-03-10,4,2.1
ORD102005,CUS2090,Sue Lopez,Mooreville,Books,907.93,3,UPI,2024-06-19,5,2.2
ORD102006,CUS5097,Kurt Lopez,South Angelaport,Sports,250.74,4,Debit Card,2024-08-16,6,2.2
ORD102007,CUS2331,Laura Gordon,West Christopherborough,Clothing,726.56,4,Cash on Delivery,2025-01-17,1,3.4
ORD102008,CUS1531,Joseph Nguyen,South Philipstad,Sports,4545.15,2,Net Banking,2025-06-21,7,1.5
ORD102009,CUS3129,Shane Palmer,Beckside,Electronics,1886.72,2,Debit Card,2024-08-29,7,
ORD102010,CUS9121,Brian Payne,East Nicoleberg,Books,2811.96,3,Debit Card,2026-02-28,1,4.3
ORD102011,CUS3705,David Wise,Kathytown,Home,1083.87,4,UPI,2025-04-12,3,2.1
ORD102012,CUS2011,Casey Santos,Navarroland,Books,2843.98,4,Credit Card,2024-08-01,7,4.7
ORD102013,CUS8648,Eric Williams,Smithmouth,Sports,1917.17,3,Credit Card,2024-10-03,3,4.6
ORD102014,CUS2137,Brittany Taylor,Parkerfort,Sports,4691.61,3,Net Banking,2025-11-05,6,1.5
ORD102015,CUS6985,Robert English,Port Cynthiashire,Sports,1024.98,4,Credit Card,2025-04-29,6,4.1
ORD102016,CUS3660,Alexandria Hill,South Jeanne,Home,3607.5,5,Cash on Delivery,2024-07-12,5,
ORD102017,CUS8715,Devin Ortiz,Shanebury,Books,1154.87,5,Debit Card,2024-06-03,5,4.9
ORD102018,CUS2680,Mark Knox,Port Marissa,Beauty,4943.79,5,Debit Card,2025-09-06,3,3.5
ORD102019,CUS8777,Elizabeth Osborn,Scottborough,Electronics,3730.85,1,Debit Card,2024-08-29,1,2.8
ORD102020,CUS5451,Debra Anderson,Amytown,Clothing,1905.43,3,Debit Card,2024-07-29,3,1.6
ORD102021,CUS8366,Kayla Turner,Thomasmouth,Home,1046.73,1,Net Banking,2024-12-20,1,3.6
ORD102022,CUS5760,Daniel Schwartz,Lake Bobby,Clothing,4224.57,4,Cash on Delivery,2026-01-11,3,1.4
ORD102023,CUS8469,Cathy Jones,Evelyntown,Sports,4582.51,3,Net Banking,2025-04-02,5,3.3
ORD102024,CUS1386,Christopher Burke,Williamfort,Beauty,1270.05,4,Credit Card,2025-05-28,4,
ORD102025,CUS9275,Jeremy Clark,East Teresastad,Beauty,4719.7,1,UPI,2025-04-19,1,2.7
ORD102026,CUS7702,Leah Smith,Lake Justin,Sports,4398.64,1,UPI,2025-06-12,4,
ORD102027,CUS3764,Casey Robinson,Rodriguezhaven,Home,2775.88,3,Cash on Delivery,2025-06-01,3,4.0
ORD102028,CUS6871,Heather Moore,Lake Mary,Books,4222.43,1,Cash on Delivery,2024-06-18,1,
ORD102029,CUS7817,Donna Howell,North Ginaland,Electronics,2617.52,5,UPI,2024-10-15,5,1.6
ORD102030,CUS8578,Cheryl Hawkins,Thomasville,Books,4294.78,5,Net Banking,2025-12-28,3,3.8
ORD102031,CUS6202,Lisa Marshall,South Jeffreymouth,Books,2893.26,5,Credit Card,2026-02-20,1,
ORD102032,CUS6905,Daniel Wilson,Susanview,Books,1497.76,2,Credit Card,2024-10-17,6,2.8
ORD102033,CUS4466,Jill Avila,Port Alexanderfort,electronics,2153.82,2,Net Banking,2024-12-15,3,4.5
ORD102034,CUS2050,Maria Parker,South Thomasberg,Books,2251.68,2,Debit Card,2024-04-10,3,1.4
ORD102035,CUS3333,Nicole Coleman,South Emilyville,Beauty,2339.93,4,UPI,2025-04-09,2,3.2
ORD102036,CUS5483,Ashley Norman,Maldonadoside,Books,217.13,4,Debit Card,2025-06-12,4,2.2
ORD102037,CUS6837,Ashley Mcdonald,Andreaview,Electronics,3305.49,1,Net Banking,2025-01-29,1,1.9
ORD102038,CUS5793,Andrew Perkins,Craigstad,Beauty,2713.36,2,Debit Card,2025-11-05,6,3.9
ORD102039,CUS6573,James Blake,Kennethstad,Home,3906.05,1,Credit Card,2025-04-13,2,2.8
ORD102040,CUS8638,Sharon Wright,Port Glenn,Beauty,2311.95,3,Net Banking,2024-06-17,3,2.7
ORD102041,CUS5824,Alexandra Thomas,East Dylanfurt,Beauty,771.94,5,Credit Card,2025-10-03,2,1.2
ORD102042,CUS6358,,New Matthewmouth,Clothing,776.5,4,Cash on Delivery,2024-06-23,4,2.7
ORD102043,CUS3076,Andrea Martin,Port Stephen,Beauty,4592.21,1,Net Banking,2025-07-12,7,2.7
ORD102044,CUS7091,Kelli Martinez,South Steven,Home,2084.94,2,Net Banking,2025-01-16,7,3.8
ORD102045,CUS2444,Jason Walker,North Darin,Electronics,2494.38,3,Debit Card,2025-11-04,1,2.0
ORD102046,CUS3860,Sherry Jimenez,Bryanshire,Clothing,3842.96,1,Debit Card,2025-05-28,3,1.3
ORD102047,CUS2029,Chris Rocha,Williamsbury,Clothing,4794.87,2,UPI,2024-10-05,2,3.0
ORD102048,CUS4283,Trevor Scott,Willisberg,Beauty,3415.36,5,Credit Card,2024-11-05,5,1.5
ORD102049,CUS3354,Benjamin Shelton,Heatherside,Electronics,336.33,2,UPI,2025-04-20,5,1.9
ORD102050,CUS8012,Kevin Evans,Vegabury,Home,336.73,3,UPI,2025-11-20,1,1.4
ORD102051,CUS5210,,South Jeffery,Electronics,4318.74,4,Net Banking,2025-10-24,2,3.2
ORD102052,CUS7958,Barbara Miller DVM,Markmouth,Beauty,4223.54,4,Debit Card,2024-09-16,7,
ORD102053,CUS5604,Cynthia Allen,Kristafurt,Beauty,3169.21,5,Credit Card,2025-01-19,5,5.0
ORD102054,CUS9769,Christian Crosby,Rhondabury,Sports,2021.6,5,Net Banking,2024-11-14,5,2.5
ORD102055,CUS7920,Luis Rios,New Janetfurt,Clothing,3117.46,5,Cash on Delivery,2025-12-19,2,4.8
ORD102056,CUS3766,Jose Johnson,Moyerview,Books,4266.4,4,Net Banking,2025-11-20,6,2.9
ORD102057,CUS6274,Kevin Davis Jr.,Lake Josephberg,Beauty,2848.16,3,UPI,2024-03-15,6,4.5
ORD102058,CUS9628,Mark Cox,Port Traci,Clothing,3061.22,5,UPI,2025-07-14,5,4.8
ORD102059,CUS3646,Cindy Boyd,Port Jonathonburgh,Sports,1133.7,3,Cash on Delivery,2024-06-26,1,2.0
ORD102060,CUS8985,Melanie Martinez,Sarahton,Clothing,1714.56,3,Cash on Delivery,2024-03-19,4,4.6
ORD102061,CUS8672,Ashley Johnson,Lake Jamesshire,Electronics,3839.38,3,Net Banking,2025-04-21,5,4.1
ORD102062,CUS6009,Madison Ramirez,Ronaldmouth,Books,4454.63,3,Credit Card,2024-04-21,7,1.2
ORD102063,CUS6192,John Middleton,New Marthafurt,Home,281.65,4,Cash on Delivery,2025-07-01,4,4.5
ORD102064,CUS6756,Kristina Cannon,Stephenside,Sports,2777.24,3,Net Banking,2025-04-03,3,1.0
ORD102065,CUS8178,Shelby Wilson,Jonathanland,Clothing,4533.28,1,UPI,2025-09-21,1,4.9
ORD102066,CUS2905,Kevin Holland,East Victorland,Sports,3763.45,3,Credit Card,2024-05-15,5,3.3
ORD102067,CUS5718,Kimberly Kim MD,Shermanside,Books,3494.46,5,Net Banking,2025-10-29,6,2.2
ORD102068,CUS9307,Aaron Martin IV,Williamsport,Electronics,662.25,3,Credit Card,2025-12-13,7,1.3
ORD102069,CUS6543,Paul Jenkins,Davidtown,Electronics,1310.95,4,Credit Card,2024-12-04,5,3.6
ORD102070,CUS4406,Christina Shaffer,New Albertmouth,Home,4516.75,4,Net Banking,2024-10-11,7,4.8
ORD102071,CUS8595,Mary Mendoza,Sethton,Home,400.01,2,Net Banking,2024-05-16,4,2.2
ORD102072,CUS9786,Melissa Acevedo,North Carrie,Beauty,3145.88,5,UPI,2024-06-25,2,2.0
ORD102073,CUS4799,Christopher Robbins,North Luis,Electronics,4327.21,2,Credit Card,2025-05-09,5,
ORD102074,CUS2417,Richard Collins,Melissaburgh,Home,794.81,3,Cash on Delivery,2025-07-30,6,2.2
ORD102075,CUS6435,Anna Velez,West Nicholasport,Sports,3218.87,4,Debit Card,2024-07-29,6,4.7
ORD102076,CUS2954,Mary Esparza,Jodybury,Beauty,3585.88,2,Net Banking,2026-02-03,7,2.4
ORD102077,CUS8041,James Nelson,Brandonland,Beauty,388.7,3,Debit Card,2024-12-28,2,4.9
ORD102078,CUS9302,Eric Gibson,Jeffreyville,Electronics,3767.73,5,Debit Card,2024-12-22,2,3.0
ORD102079,CUS3502,Amanda Calhoun,New Michelleberg,Beauty,1839.04,2,Debit Card,2024-08-06,6,4.6
ORD102080,CUS3514,Jeremy Nash,West Christine,Clothing,1338.79,2,Credit Card,2024-05-08,2,1.7
ORD102081,CUS7170,Angela Olsen,Smithport,Home,3301.54,4,Cash on Delivery,2025-06-17,4,1.1
ORD102082,CUS5165,Isabella Haynes,Geraldtown,Sports,4891.92,1,Credit Card,2024-08-16,5,4.2
ORD102083,CUS1753,Vincent Smith,Alexville,Electronics,4809.71,5,Debit Card,2024-11-09,3,4.1
ORD102084,CUS6714,Edward Young,Jacquelinefort,Sports,875.5,1,Cash on Delivery,2025-06-27,1,4.3
ORD102085,CUS1002,Jennifer Williams,North Ralphfort,Clothing,433.65,5,UPI,2024-10-08,1,
ORD102086,CUS5238,Michelle Carson,Mariamouth,Electronics,1241.42,1,Net Banking,2024-07-25,2,3.9
ORD102087,CUS9379,Valerie Sharp,Morenochester,Electronics,2232.18,2,Credit Card,2024-09-05,1,4.3
ORD102088,CUS3391,Joy Sherman,Davidtown,Sports,607.5,5,Debit Card,2026-01-05,5,4.3
ORD102089,CUS8402,Luke Kim,Lake Jenniferhaven,Beauty,570.56,5,Debit Card,2025-04-05,5,2.8
ORD102090,CUS7062,Leslie Reeves,Jillton,Clothing,2213.64,3,Net Banking,2025-11-16,2,2.7
ORD102091,CUS4619,Samantha Dickson DVM,Chenstad,Clothing,1569.32,4,UPI,2024-06-06,2,1.5
ORD102092,CUS7817,Kimberly Rodriguez,Romeromouth,Electronics,1939.6,2,Net Banking,2024-04-26,5,2.7
ORD102093,CUS4578,Katelyn Howell,New Johnny,Books,2419.95,2,Credit Card,2024-07-04,6,3.7
ORD102094,CUS5506,Kristin Guerra,Jaclynfurt,Electronics,4092.29,4,Credit Card,2024-12-10,6,1.1
ORD102095,CUS8267,David Ball,Lake Troy,Clothing,2598.01,2,UPI,2025-01-07,2,4.7
ORD102096,CUS8347,Jose Wallace,Andrewton,Electronics,124.26,5,Cash on Delivery,2025-07-08,6,4.8
ORD102097,CUS1439,,East Johnside,Sports,1393.2,4,Debit Card,2025-09-27,1,4.5
ORD102098,CUS9591,Samuel Garcia,Amandafort,Sports,483.96,2,UPI,2024-09-03,5,2.2
ORD102099,CUS3468,Brenda Russell,Gonzalezfort,Sports,1367.29,1,Cash on Delivery,2024-12-31,3,1.7
ORD102100,CUS6468,Glen Craig,Robertside,Home,444.59,3,UPI,2025-04-11,7,2.5
ORD102101,CUS5742,Vanessa Carter,Walkerberg,Electronics,3109.74,4,Debit Card,2025-12-10,6,2.2
ORD102102,CUS3567,Logan Williams,Cisnerostown,Sports,3658.21,1,Net Banking,2024-12-29,3,3.5
ORD102103,CUS2974,April Cline,Port Anafort,Books,2100.03,2,Debit Card,2025-12-14,4,4.0
ORD102104,CUS9414,Rebecca Perry,Alexanderview,Sports,2849.8,1,Cash on Delivery,2024-12-14,4,1.2
ORD102105,CUS1985,Shannon Dodson,Parkerside,electronics,4006.12,2,Cash on Delivery,2024-04-17,4,3.5
ORD102106,CUS6404,Adam Carlson,Waltersburgh,Electronics,3814.6,5,Credit Card,2024-07-13,3,2.0
ORD102107,CUS2063,Ryan Williams,Ashleyberg,Clothing,4910.79,5,Credit Card,2026-02-20,3,4.6
ORD102108,CUS7091,Sara Paul,West Stacy,Books,2704.58,2,Debit Card,2026-02-16,3,1.3
ORD102109,CUS1117,Michelle Davis,West Janetmouth,electronics,935.43,1,Credit Card,2025-06-02,7,4.5
ORD102110,CUS8282,Elizabeth Russell,Kristinfurt,Electronics,4322.3,3,Debit Card,2025-03-25,5,3.7
ORD102111,CUS4795,Alex Nash,West Jeffreyfort,Electronics,2323.67,5,Net Banking,2024-05-22,2,2.3
ORD102112,CUS4459,Barry Henderson,Port Kyle,Clothing,4259.2,3,Credit Card,2024-07-05,3,2.1
ORD102113,CUS9325,,Lake Rossfort,Clothing,3515.52,5,Net Banking,2024-03-13,3,1.5
ORD102114,CUS8922,Nicholas Wolf,East David,Sports,1442.89,2,Net Banking,2025-08-03,1,4.7
ORD102115,CUS3542,,Hallburgh,Electronics,1365.81,2,Cash on Delivery,2026-03-10,3,4.6
ORD102116,CUS9157,Carrie Martin,Port Davidmouth,Sports,3845.81,2,UPI,2026-02-01,2,2.0
ORD102117,CUS2723,Melissa Bell,Annetteborough,Books,3322.18,2,Cash on Delivery,2025-04-16,4,2.7
ORD102118,CUS3959,Melissa Richardson,Port Kaitlynstad,Sports,778.56,1,UPI,2025-04-02,4,4.7
ORD102119,CUS1941,Barbara Garcia,South James,Sports,1494.38,4,Credit Card,2025-06-02,7,3.0
ORD102120,CUS2560,Rodney Pratt,New Johnnytown,Home,4080.94,3,Cash on Delivery,2025-05-28,5,1.2
ORD102121,CUS9173,Daryl Brown,Bakertown,Home,1878.76,4,Credit Card,2026-03-09,7,
ORD102122,CUS9160,Brandy Jones,South Anthonyton,Beauty,1964.27,3,Cash on Delivery,2025-11-24,3,4.6
ORD102123,CUS2120,Kimberly Ray,Port Dianechester,Electronics,3653.86,4,Debit Card,2025-07-03,1,4.5
ORD102124,CUS8551,Theresa Torres,Suttontown,Home,115.53,4,Credit Card,2025-07-28,5,3.5
ORD102125,CUS7726,Anne Tate,Wayneborough,Electronics,3786.79,3,Debit Card,2025-03-22,3,4.6
ORD102126,CUS3945,Heather Wilson,Harriston,Books,3184.86,1,Credit Card,2024-06-07,6,4.4
ORD102127,CUS4298,Elizabeth Odom,North Katherine,Books,4946.22,3,Credit Card,2026-01-26,4,4.9
ORD102128,CUS2521,Christina Petersen,West Hannah,Clothing,1952.39,4,UPI,2026-02-19,3,4.7
ORD102129,CUS7522,Joshua Nguyen,Mcdonaldstad,Beauty,1885.64,1,Debit Card,2025-06-14,7,1.6
ORD102130,CUS5216,Sean Graham,West Kaylee,Sports,3610.73,5,Debit Card,2024-10-20,5,2.4
ORD102131,CUS7715,Jonathan Williams,Anthonyfort,Clothing,1217.88,5,Cash on Delivery,2025-02-10,6,3.3
ORD102132,CUS7789,Heather Peterson,North Williambury,Books,4694.43,4,Credit Card,2025-10-22,5,2.8
ORD102133,CUS4785,Hector Jordan,New Chadtown,Books,4840.33,1,Net Banking,2024-03-18,1,1.4
ORD102134,CUS2348,Leah Vance,Bradyport,Home,949.34,5,Debit Card,2025-01-20,1,4.5
ORD102135,CUS5930,Yolanda Morris,Carpentertown,Home,2146.91,3,Credit Card,2025-03-16,6,1.7
ORD102136,CUS5644,Kerri Hill,Woodmouth,Books,1318.38,3,Debit Card,2025-09-26,7,3.8
ORD102137,CUS3797,Krystal Kelly,Julieborough,Clothing,3557.65,4,UPI,2024-09-11,2,4.0
ORD102138,CUS4266,Jessica Weber,East Felicia,Clothing,3803.13,5,Debit Card,2025-12-06,4,1.9
ORD102139,CUS1072,Miss Brenda Howard,Russoshire,Books,537.72,1,Debit Card,2025-04-16,1,3.8
ORD102140,CUS5859,Ashley Wright,South Charles,Electronics,1713.13,2,Net Banking,2025-12-14,5,
ORD102141,CUS6946,Kristen Allen,Jacksonmouth,Home,3475.06,5,Net Banking,2025-02-26,4,4.9
ORD102142,CUS9484,Jacob Andrews,South Matthew,Electronics,220.78,3,Cash on Delivery,2025-09-23,7,2.3
ORD102143,CUS6917,Jennifer Miller,Jasonside,Sports,1891.8,3,Credit Card,2025-01-14,3,1.8
ORD102144,CUS7820,John Moss,Port Jasmine,Beauty,4005.02,2,Credit Card,2024-07-02,2,3.7
ORD102145,CUS4267,Tracy Floyd,Fernandezview,Home,2617.95,2,UPI,2024-04-20,2,2.0
ORD102146,CUS6271,Richard Summers,Comptonland,Clothing,2539.89,1,UPI,2024-10-13,7,3.3
ORD102147,CUS1716,Peggy Gould,Hawkinsland,Clothing,3592.68,4,Debit Card,2025-01-22,5,2.2
ORD102148,CUS5448,Ryan Holloway,Port Ryanshire,Books,2124.93,1,Cash on Delivery,2025-11-21,6,1.5
ORD102149,CUS7127,Julie Burnett,Lake Kellyland,Beauty,1639.46,2,Credit Card,2024-11-12,6,2.1
ORD102150,CUS6816,Brittany Singleton,West Shellyport,Electronics,3233.99,3,Cash on Delivery,2025-12-06,6,2.2
ORD102151,CUS8107,Dawn Robertson,Millerton,Beauty,4717.78,3,Net Banking,2024-12-12,4,1.9
ORD102152,CUS9572,Arthur Caldwell,Pagemouth,Electronics,4871.6,3,Cash on Delivery,2025-10-15,3,4.0
ORD102153,CUS6729,Harold Burns,Lake Kathleen,Beauty,935.17,2,Credit Card,2025-07-26,1,4.2
ORD102154,CUS9050,Deanna Brown,Carriemouth,Books,2730.7,4,Credit Card,2024-03-27,3,2.2
ORD102155,CUS4004,Summer Garza,North Kathleenside,electronics,1063.74,3,Credit Card,2026-01-12,2,2.9
ORD102156,CUS5555,William Davis Jr.,Montgomeryfort,Sports,2899.63,5,Cash on Delivery,2025-01-05,2,3.1
ORD102157,CUS3963,John Horn,Austinmouth,Home,3850.25,1,Credit Card,2024-08-08,4,4.0
ORD102158,CUS8933,Paul Proctor,West Joshuaburgh,Clothing,1550.69,4,UPI,2024-07-24,1,2.6
ORD102159,CUS6889,,Port Mackenzie,Beauty,3300.14,2,Debit Card,2024-04-26,5,3.2
ORD102160,CUS7854,Sonya Jackson,Weissport,Home,568.77,4,Debit Card,2024-12-18,5,4.8
ORD102161,CUS3559,Logan Arnold,Sotochester,Electronics,726.85,4,Net Banking,2025-07-28,2,1.3
ORD102162,CUS1687,,West Linda,Beauty,2834.05,1,UPI,2025-11-06,4,4.1
ORD102163,CUS4695,Alexa Hicks,Markmouth,Sports,4283.03,3,Cash on Delivery,2024-09-18,2,1.1
ORD102164,CUS7759,Kenneth Martin,New Diana,Beauty,4189.63,1,Credit Card,2024-09-13,1,1.5
ORD102165,CUS6567,Jerome Smith,Danielsland,Electronics,1741.78,1,Debit Card,2025-06-08,3,2.8
ORD102166,CUS7065,Amy Shepherd,Melaniemouth,Electronics,1248.03,4,UPI,2024-11-24,4,3.9
ORD102167,CUS2130,Lucas Clark,Gregorybury,Books,4953.78,3,Debit Card,2024-05-25,4,2.5
ORD102168,CUS1368,Mrs. Brittney Jackson,Bennettfurt,Books,1121.29,4,UPI,2025-04-06,5,2.5
ORD102169,CUS9737,Michael Cowan,Davidstad,electronics,2534.63,1,UPI,2025-10-22,2,4.6
ORD102170,CUS6887,Todd Cooper,Michaelmouth,Beauty,3279.4,1,UPI,2025-06-19,1,
ORD102171,CUS1253,Lori Pitts,West Bethanyshire,Electronics,1761.25,2,Credit Card,2024-04-04,6,3.6
ORD102172,CUS6802,Shelley Moore,North Jamesmouth,Beauty,2700.27,3,Cash on Delivery,2025-11-11,4,1.2
ORD102173,CUS6845,Amy Harris,Mayerland,Home,3049.66,4,Credit Card,2024-11-21,7,3.0
ORD102174,CUS2339,,Brownstad,Sports,1939.07,4,Credit Card,2024-09-28,7,2.8
ORD102175,CUS1092,Victoria Morgan,North Johnstad,Clothing,2702.63,3,UPI,2025-05-01,4,2.5
ORD102176,CUS9286,William Mitchell,West Robert,Electronics,3954.46,1,Net Banking,2024-07-07,3,1.5
ORD102177,CUS1496,Paul Matthews,South Henry,Electronics,3253.11,4,Credit Card,2024-07-05,7,2.6
ORD102178,CUS2825,Kim Simmons,Mooreville,Clothing,3322.13,1,Cash on Delivery,2024-11-06,5,2.6
ORD102179,CUS5413,Cindy Bell,South Emily,Books,1158.89,2,Net Banking,2026-02-10,1,3.7
ORD102180,CUS5663,Renee Humphrey,Lake Melindatown,Beauty,104.88,5,Net Banking,2024-07-04,7,2.9
ORD102181,CUS2522,Tyler White,Stewartmouth,Sports,2785.74,5,Debit Card,2025-10-23,5,2.0
ORD102182,CUS7969,Julie George,Lake Teresa,Sports,1679.8,5,Net Banking,2024-08-15,6,1.5
ORD102183,CUS8501,Wanda Roth,Williamview,Beauty,4092.62,2,Credit Card,2025-12-25,3,2.5
ORD102184,CUS6348,Jeremy Peters,Taylorchester,Clothing,1341.9,3,Cash on Delivery,2026-02-15,2,1.4
ORD102185,CUS5322,Kristen Williams,Angelachester,Clothing,4071.86,1,Net Banking,2025-02-15,5,1.6
ORD102186,CUS1969,Brenda Greene,Johnchester,Books,3663.12,2,Cash on Delivery,2025-07-19,4,2.2
ORD102187,CUS2655,Lisa Black,Port Karenmouth,Beauty,2771.99,5,Debit Card,2025-06-16,3,4.0
ORD102188,CUS6072,Brent Williams,Jacksontown,Books,2638.35,3,Credit Card,2024-05-18,2,2.4
ORD102189,CUS5480,Robert Jones,South Julieshire,Electronics,825.94,1,UPI,2024-10-01,3,2.1
ORD102190,CUS4713,Erin Reed,Jonesview,Electronics,2354.72,3,Net Banking,2025-02-05,2,2.1
ORD102191,CUS2115,,East Kevinshire,electronics,1671.38,5,Net Banking,2025-10-24,6,1.5
ORD102192,CUS4131,,Wilsonport,Electronics,461.66,4,Debit Card,2025-12-23,2,
ORD102193,CUS1211,Kevin Henderson,Howardbury,Home,4832.05,4,Cash on Delivery,2024-06-08,7,3.2
ORD102194,CUS9916,Mark Stokes,West Brittney,Books,1855.97,4,Cash on Delivery,2025-02-26,2,4.6
ORD102195,CUS4221,Linda Chan,South Jackson,Home,1564.0,4,Cash on Delivery,2025-09-26,5,3.2
ORD102196,CUS5187,Donald Sanders,South Alexandrastad,Books,2990.44,5,UPI,2025-01-11,7,3.6
ORD102197,CUS4494,Kenneth Adams,New Rachelport,Electronics,1659.81,4,UPI,2026-02-05,3,1.7
ORD102198,CUS9312,Jessica Dean,Brownchester,Sports,1815.7,4,Cash on Delivery,2024-06-01,6,1.2
ORD102199,CUS2925,William Morales,Santiagoberg,Beauty,2265.99,1,Cash on Delivery,2025-10-08,5,1.2
ORD102200,CUS8682,Pamela Ryan,Gloriaburgh,Books,584.84,3,Debit Card,2025-03-10,1,4.1
ORD102201,CUS2688,Phillip Luna,Lake Elizabeth,Beauty,244.49,2,Debit Card,2025-07-09,4,2.0
ORD102202,CUS5195,Terri Hart,East Javierport,Clothing,1140.91,5,Credit Card,2024-05-13,1,2.5
ORD102203,CUS2087,Karina Russell,Bethanyborough,Beauty,2993.44,4,UPI,2025-08-25,6,2.0
ORD102204,CUS4434,Angela Allen,North Julie,Beauty,4373.67,2,Debit Card,2025-03-06,5,3.7
ORD102205,CUS3550,Brandon Rodriguez,Thompsonview,Sports,4810.64,4,Cash on Delivery,2025-01-23,3,4.8
ORD102206,CUS6969,Andrew Bryant,Lake Brandy,Sports,2542.48,3,Net Banking,2024-04-13,3,2.3
ORD102207,CUS8274,Cory Gonzalez,Lake David,Clothing,647.35,2,UPI,2025-08-12,1,1.6
ORD102208,CUS6264,Justin Howard,Armstrongfort,Books,4053.4,5,Credit Card,2026-02-17,6,1.3
ORD102209,CUS7153,Robert Baird,Jenniferville,Sports,4091.33,3,UPI,2026-01-03,5,2.6
ORD102210,CUS4470,Levi Collins,Lake Taylor,Electronics,2371.57,3,Net Banking,2025-01-09,1,2.4
ORD102211,CUS2107,Caroline Lindsey,Fritzville,Beauty,3269.21,1,Cash on Delivery,2024-06-12,6,4.8
ORD102212,CUS9230,Jennifer Torres,Lake Alyssa,Home,4403.38,3,Cash on Delivery,2025-11-15,7,4.4
ORD102213,CUS6376,Desiree Shelton,New Jonathanberg,Books,2044.29,4,Net Banking,2025-03-18,4,4.1
ORD102214,CUS5803,Cynthia Keller MD,Port Mark,Home,4995.59,5,Cash on Delivery,2025-04-05,2,3.3
ORD102215,CUS1888,Jared Hayes,Sheltonmouth,Sports,3317.21,4,UPI,2024-12-12,7,3.7
ORD102216,CUS7934,Robin Brown,Byrdhaven,Electronics,319.8,4,Debit Card,2025-02-12,6,2.0
ORD102217,CUS8344,Austin Terrell,South William,Home,2433.38,1,Debit Card,2025-11-21,1,3.7
ORD102218,CUS3785,Brianna Garcia,Rickyport,Beauty,2682.35,2,UPI,2024-07-06,3,1.3
ORD102219,CUS5820,Samantha Brown,North Deannaport,Books,714.61,3,Cash on Delivery,2025-10-08,1,4.5
ORD102220,CUS1178,Timothy Armstrong,North Heidi,Sports,2263.85,1,Credit Card,2026-01-19,6,2.4
ORD102221,CUS7113,Thomas Franklin,Jennabury,Home,3962.83,1,Cash on Delivery,2024-04-27,6,3.5
ORD102222,CUS2426,Anna Bond,Gallagherburgh,Beauty,3035.67,4,Net Banking,2025-02-08,1,2.8
ORD102223,CUS7607,Jennifer Jones,West Jackmouth,Clothing,4694.29,5,Credit Card,2024-06-12,2,2.4
ORD102224,CUS6776,James Whitaker,Lake Margaret,Clothing,550.52,2,UPI,2024-07-16,2,4.7
ORD102225,CUS8296,Christopher Arnold,Williamsfort,Sports,2219.28,4,Debit Card,2025-03-07,4,3.8
ORD102226,CUS3951,Michael Gamble,Port Stephentown,Beauty,2873.16,5,Debit Card,2025-10-02,5,4.1
ORD102227,CUS9789,Matthew Mckenzie,Hebertshire,Beauty,2564.14,3,Cash on Delivery,2025-02-17,5,4.3
ORD102228,CUS3099,Scott Fisher,North Beverly,electronics,4762.87,3,UPI,2025-06-25,4,2.9
ORD102229,CUS4601,Andrea Brown MD,New Jessica,Home,2327.88,2,Credit Card,2025-02-09,1,4.3
ORD102230,CUS9545,Leah Jenkins,North Jamesburgh,Sports,1949.28,2,Net Banking,2025-09-14,6,2.8
ORD102231,CUS9748,Mary Wilson,Lake Patrickton,Electronics,4746.73,3,UPI,2026-01-04,6,4.4
ORD102232,CUS6761,Veronica Davis,Jeffreymouth,Books,723.19,5,Credit Card,2024-05-26,4,3.6
ORD102233,CUS1095,Aaron Robinson,South Bryan,Electronics,2937.22,2,Debit Card,2024-04-05,6,2.2
ORD102234,CUS6833,Sharon Fields,Catherineton,Books,2802.47,5,Credit Card,2024-05-19,1,4.4
ORD102235,CUS9064,Scott Reed,Lake Christine,Clothing,3459.46,5,UPI,2025-12-29,5,2.0
ORD102236,CUS2822,Samantha Miranda,Hooverhaven,Beauty,1654.29,1,UPI,2024-08-22,6,4.6
ORD102237,CUS5796,Lindsey Anderson,Chungshire,Beauty,3306.95,5,Net Banking,2024-11-02,3,3.8
ORD102238,CUS3232,Michael Martin,Vegaside,Clothing,1295.93,2,Credit Card,2025-12-09,7,3.1
ORD102239,CUS1331,Jesse Grant,New Phyllisview,Books,2683.59,3,Debit Card,2025-05-25,5,3.9
ORD102240,CUS7103,Christina Morgan,Port Margaretshire,Books,215.5,3,Net Banking,2024-05-17,7,2.0
ORD102241,CUS4607,Carl Johns,Cartertown,Books,2489.06,5,Cash on Delivery,2026-02-25,2,3.5
ORD102242,CUS7411,Daniel Hensley,South Todd,Clothing,3476.15,5,Debit Card,2025-07-15,4,4.2
ORD102243,CUS5797,Rachel Richard MD,New Jacob,Books,806.53,1,Cash on Delivery,2024-12-23,1,3.0
ORD102244,CUS1450,Erica Gonzales,Andrewsshire,Electronics,3429.48,5,Debit Card,2024-12-25,5,3.5
ORD102245,CUS8264,Mark Lewis,Port Jeffreyshire,Books,3522.33,2,Credit Card,2024-04-25,6,2.8
ORD102246,CUS7977,Laura Miller,South Teresamouth,Electronics,1430.94,4,Cash on Delivery,2024-08-20,7,1.1
ORD102247,CUS2401,Jane Lynch,Port Williamville,Sports,1067.25,3,Debit Card,2025-03-21,1,4.2
ORD102248,CUS1403,,Edgarland,Books,852.09,4,Debit Card,2025-01-19,2,1.4
ORD102249,CUS3719,Kathy Buck,Port Kyle,Books,3105.8,2,Debit Card,2025-05-08,5,1.7
ORD102250,CUS3047,Edward Henry PhD,Albertmouth,Books,182.94,3,Net Banking,2025-09-25,7,1.7
ORD102251,CUS1182,Alicia Marks,East Jessica,Sports,376.79,5,Debit Card,2025-06-03,4,4.6
ORD102252,CUS5118,Ian Quinn,Port Dawn,Beauty,292.53,4,Net Banking,2024-03-20,7,3.4
ORD102253,CUS9989,Jordan Johnson,Pennyburgh,Beauty,2049.37,2,Cash on Delivery,2026-02-09,5,4.7
ORD102254,CUS9533,Brandon Thompson,Alexandermouth,Sports,873.45,2,Debit Card,2024-03-29,2,3.9
ORD102255,CUS1631,,Caitlinport,Sports,1179.85,5,Credit Card,2025-08-26,3,4.2
ORD102256,CUS6799,Lisa Garcia,Geraldside,Home,2696.99,3,Debit Card,2025-08-26,4,4.8
ORD102257,CUS9507,Melissa Clark,West Jademouth,Home,117.05,5,UPI,2025-08-24,4,1.4
ORD102258,CUS2755,Janet Anderson,Porterton,Books,607.33,4,UPI,2026-03-02,3,1.5
ORD102259,CUS1861,Madison Walker,East Miranda,Books,4298.06,2,Credit Card,2024-05-29,1,4.2
ORD102260,CUS2589,Maria Nelson,South Sarah,Clothing,727.46,1,Net Banking,2025-04-29,4,2.1
ORD102261,CUS7576,Kyle Martinez,Walkermouth,Beauty,995.77,4,Cash on Delivery,2025-09-04,6,4.4
ORD102262,CUS5777,,Hawkinsmouth,Sports,1361.09,1,Debit Card,2024-06-30,3,
ORD102263,CUS1957,Jennifer Johns,West Joshua,Home,1254.06,5,Net Banking,2024-05-04,2,3.7
ORD102264,CUS4099,Austin Mueller,Samanthaside,Electronics,520.97,5,Credit Card,2024-09-04,3,4.5
ORD102265,CUS4379,Leslie Jordan,North Scott,Electronics,290.1,5,UPI,2025-01-07,3,1.0
ORD102266,CUS6466,Chelsea Williams,Lake Christophermouth,Beauty,2235.75,1,Debit Card,2025-09-03,3,1.4
ORD102267,CUS5887,James Stevenson,New Matthewburgh,Clothing,4732.72,1,Credit Card,2026-02-17,5,1.6
ORD102268,CUS7049,Angelica Scott,New Erin,Home,132.84,1,Debit Card,2024-05-01,4,4.9
ORD102269,CUS3776,Jeffrey Day,Vickichester,Books,1841.96,2,Cash on Delivery,2024-06-23,3,4.3
ORD102270,CUS1969,Deborah Kane,Wallaceton,Electronics,914.93,4,Net Banking,2026-01-06,5,1.9
ORD102271,CUS5238,Jacqueline Mckinney,Davidburgh,Sports,4002.86,5,Debit Card,2024-08-29,7,
ORD102272,CUS7848,Wendy Ruiz,New Lindsey,Beauty,2972.33,5,Debit Card,2024-04-10,6,4.5
ORD102273,CUS1803,Joseph Jacobs,Samuelshire,Books,1363.65,3,Debit Card,2025-02-11,2,4.8
ORD102274,CUS7277,Daniel Stevenson,Port Vanessamouth,Clothing,770.49,2,Debit Card,2024-09-09,3,1.0
ORD102275,CUS6117,,South Katherine,Books,1933.58,1,Cash on Delivery,2024-03-19,5,3.4
ORD102276,CUS7207,Christopher Moore,West Steven,Books,4704.4,2,UPI,2025-10-15,2,4.7
ORD102277,CUS2103,Lisa Zhang,Lake Terri,Clothing,3423.74,4,Cash on Delivery,2024-12-24,4,4.4
ORD102278,CUS9718,David Young,New Adam,Sports,2304.35,4,Debit Card,2024-03-21,6,4.4
ORD102279,CUS3102,Andrew Thompson,Sharpland,Beauty,3780.14,4,Cash on Delivery,2024-07-11,4,4.9
ORD102280,CUS1255,Stephanie Reed,Travisview,Home,3267.32,5,Net Banking,2024-09-26,5,4.0
ORD102281,CUS6371,Patrick Harris,New Nicholas,Clothing,1346.47,3,Debit Card,2025-06-26,6,3.9
ORD102282,CUS4651,Julie Jones,Crystalchester,Home,1670.18,3,Debit Card,2024-05-22,1,2.3
ORD102283,CUS3949,Gloria Wilson,Lake Traceymouth,Home,785.81,3,UPI,2024-11-14,5,4.9
ORD102284,CUS9487,John Wilson,East Bryan,Clothing,2471.83,1,Credit Card,2024-09-10,5,3.5
ORD102285,CUS7923,Danielle Young,Lake Ronald,Home,3003.16,4,Net Banking,2024-04-02,3,1.2
ORD102286,CUS2843,Raven Barr,Port Vanessa,Electronics,3909.88,2,UPI,2025-12-13,1,4.6
ORD102287,CUS7294,Charles Moore,Fieldsville,Electronics,286.35,5,Cash on Delivery,2025-08-12,3,3.3
ORD102288,CUS2687,Carolyn Hardy,Erinville,Books,4163.4,2,Debit Card,2024-09-30,4,
ORD102289,CUS4199,Joshua Martinez,Taylorbury,Clothing,322.36,4,Cash on Delivery,2024-10-11,3,1.9
ORD102290,CUS7382,Darlene Jones,West Angie,electronics,3130.56,5,Debit Card,2025-09-07,5,4.1
ORD102291,CUS3386,Benjamin Foster,Longstad,Electronics,4793.43,1,Credit Card,2024-03-17,1,1.1
ORD102292,CUS4464,Mr. Anthony Blair,West Joseph,Electronics,2042.13,3,Credit Card,2025-02-06,1,2.1
ORD102293,CUS3018,William Dean MD,New Justinborough,Sports,3849.77,4,Credit Card,2026-01-09,5,3.2
ORD102294,CUS4342,Jose Ramirez,Angietown,Sports,4675.37,4,Cash on Delivery,2025-08-05,4,4.8
ORD102295,CUS8023,Amy Wong,Jamesland,Electronics,4092.83,4,Cash on Delivery,2025-05-23,1,
ORD102296,CUS6402,Glenn Kelly,Ayersshire,Clothing,4043.19,3,Debit Card,2024-08-31,6,4.4
ORD102297,CUS7704,Jennifer Mclean,New Kristenfurt,Sports,653.12,2,Credit Card,2026-02-17,4,3.0
ORD102298,CUS9833,Gary White,Reginamouth,Books,1753.72,1,Credit Card,2024-10-28,1,3.3
ORD102299,CUS5283,Margaret Patel,West Stephaniestad,Clothing,1805.02,2,Cash on Delivery,2024-10-10,4,2.4
ORD102300,CUS5226,Stacy Vaughn,South Colleenmouth,Beauty,2707.89,1,UPI,2024-11-28,4,4.0
ORD102301,CUS8695,Johnathan Alvarez,Port Josemouth,electronics,1901.95,3,Debit Card,2024-04-24,7,2.5
ORD102302,CUS4796,Brooke Hutchinson,Stevenshire,Books,3669.19,5,UPI,2024-04-07,5,4.6
ORD102303,CUS5778,Kimberly Rose,Lauraburgh,Clothing,2099.04,3,UPI,2024-03-21,7,1.4
ORD102304,CUS2390,Richard Johnson,Port Crystal,Beauty,4542.13,5,UPI,2024-06-29,6,3.3
ORD102305,CUS5803,Madison Olson,Ortizside,Electronics,850.11,1,Cash on Delivery,2024-08-28,4,4.3
ORD102306,CUS2879,Tyler Allen,Jordanmouth,Home,4329.51,1,Debit Card,2025-10-11,1,3.1
ORD102307,CUS6727,Regina Gutierrez,West Andrew,Sports,389.32,2,Credit Card,2025-03-24,7,1.2
ORD102308,CUS6340,Patricia Green,Shawmouth,Home,2466.21,5,Net Banking,2025-08-24,5,3.0
ORD102309,CUS8459,Kathy Watkins,West Paula,Home,312.17,4,Debit Card,2025-09-03,5,4.9
ORD102310,CUS7798,,Christopherview,Home,1026.18,5,Debit Card,2024-10-14,1,1.5
ORD102311,CUS4255,Christopher Solis,North Jesus,Sports,3066.84,1,Cash on Delivery,2025-09-07,1,
ORD102312,CUS2528,Brandy Rodriguez,New Laura,Home,1043.89,4,Credit Card,2024-06-01,7,3.3
ORD102313,CUS9591,Shannon Cooper,Danielchester,Books,3588.38,5,Cash on Delivery,2025-04-11,6,4.6
ORD102314,CUS7444,Stanley Hubbard,Williamsfort,Books,4569.88,1,UPI,2025-03-25,7,2.4
ORD102315,CUS5012,Andrew King,Lake Markville,Books,2964.76,3,Debit Card,2025-05-08,6,2.5
ORD102316,CUS3104,Eric Obrien,East Ericville,Clothing,4547.56,5,Cash on Delivery,2025-05-22,1,
ORD102317,CUS4689,Emily Ruiz,Robintown,Beauty,1955.78,5,Cash on Delivery,2025-12-06,1,3.8
ORD102318,CUS1128,Donald Thomas,West Melissa,Clothing,3689.37,1,Debit Card,2024-12-17,6,3.1
ORD102319,CUS1881,Andrew Foster,Leroyport,Books,233.75,5,Net Banking,2025-04-18,1,3.8
ORD102320,CUS9520,Kyle Alexander,North John,Books,1027.69,2,Debit Card,2025-02-23,4,3.1
ORD102321,CUS9490,Joshua Underwood,East Richard,Clothing,3506.26,4,UPI,2025-06-25,3,3.4
ORD102322,CUS4141,Stephen Chung,New Kiara,Clothing,3261.56,2,Cash on Delivery,2024-10-22,2,1.1
ORD102323,CUS7068,Sarah Meyer,Robersonborough,Beauty,4539.93,3,Debit Card,2024-12-18,4,4.8
ORD102324,CUS8969,Luke Thompson,Cassandraborough,Clothing,3630.86,4,Credit Card,2024-04-26,4,2.4
ORD102325,CUS6254,James Bruce,Port Robert,Electronics,2012.49,2,UPI,2025-09-30,2,3.8
ORD102326,CUS8026,Lindsey Gross,Port Andrea,Beauty,1481.37,5,Cash on Delivery,2026-02-11,5,1.7
ORD102327,CUS8486,Kristina Reed,Lake Yvettefurt,Sports,1836.82,4,UPI,2024-10-26,3,3.4
ORD102328,CUS2917,Janice Howard,West Felicia,Electronics,3576.48,2,Net Banking,2024-09-13,3,3.9
ORD102329,CUS7936,Timothy Bowman,Snydershire,Clothing,4365.46,5,Cash on Delivery,2025-05-19,3,5.0
ORD102330,CUS7657,Darrell Wong,North Timmouth,Home,3766.96,4,UPI,2024-07-24,5,1.9
ORD102331,CUS3336,,Ryanshire,Sports,1581.07,3,Cash on Delivery,2025-07-21,7,2.0
ORD102332,CUS9049,Daniel Lopez,New Sarah,Books,923.55,5,Credit Card,2024-11-23,6,3.3
ORD102333,CUS4376,,West Melissa,Beauty,355.39,5,Credit Card,2024-08-14,3,3.1
ORD102334,CUS9800,Johnny Schroeder,East Dakota,Electronics,1955.73,2,Credit Card,2024-11-22,5,4.6
ORD102335,CUS2024,Susan Martin,West Markbury,Sports,856.06,5,UPI,2024-11-21,1,1.7
ORD102336,CUS9954,Alyssa Burch,West Michaelchester,Beauty,4420.53,5,Credit Card,2026-01-14,7,2.0
ORD102337,CUS7978,Marissa Price,West Matthew,Sports,2881.25,5,Credit Card,2025-05-11,2,1.4
ORD102338,CUS6235,Richard Boyd,East Angie,Electronics,4852.57,4,Net Banking,2025-08-03,5,2.2
ORD102339,CUS2701,Stephen Miller,North Alex,Clothing,3902.31,3,Net Banking,2025-01-11,6,4.7
ORD102340,CUS6454,Daniel Perez,Adamville,Electronics,1128.5,5,UPI,2024-08-21,7,1.5
ORD102341,CUS4990,,Melendezfort,Clothing,315.43,4,Net Banking,2024-03-25,6,4.4
ORD102342,CUS8945,Thomas Owens,New Judystad,Sports,4453.01,5,Credit Card,2025-12-03,7,2.1
ORD102343,CUS7344,Timothy Hart,North Elijah,electronics,4888.36,4,Cash on Delivery,2025-08-10,5,3.1
ORD102344,CUS9338,Jeffery Cain,Masonburgh,Clothing,2660.12,3,Net Banking,2024-09-26,1,1.7
ORD102345,CUS5372,Mrs. Sandra Harvey,West Kristinemouth,Sports,4178.08,3,Cash on Delivery,2026-02-20,6,4.3
ORD102346,CUS3964,Michelle Lin,South Paigefurt,Home,487.42,1,Cash on Delivery,2026-02-23,4,1.9
ORD102347,CUS9230,Mary Thomas,Farmerville,Books,3510.06,3,Debit Card,2025-01-08,3,3.3
ORD102348,CUS7722,Matthew Hill,East Nathan,Books,3424.54,1,UPI,2025-09-06,5,1.4
ORD102349,CUS5055,Kimberly Williamson,Hollymouth,Beauty,1317.87,3,Credit Card,2025-10-16,3,4.2
ORD102350,CUS9001,Miranda Brown,Moralesfort,Clothing,306.88,4,Net Banking,2024-09-05,6,1.1
ORD102351,CUS7633,Christopher Daugherty,South Christine,Sports,2422.89,3,Cash on Delivery,2025-12-05,6,2.7
ORD102352,CUS5184,Benjamin Martin,Kleinmouth,Electronics,3793.58,2,Debit Card,2025-02-20,3,3.0
ORD102353,CUS5115,Jennifer Mills,Adamsfort,Books,4372.03,4,Debit Card,2025-12-16,3,1.5
ORD102354,CUS6722,Harold Morrow,Robertside,Clothing,4243.08,2,Debit Card,2024-05-31,6,2.3
ORD102355,CUS5471,Chris Kim,Lake Stephanie,Beauty,190.56,2,Credit Card,2025-02-07,4,3.5
ORD102356,CUS2560,Michael Franklin,Lake Melissa,Sports,822.18,2,UPI,2025-07-27,6,4.4
ORD102357,CUS5971,Mr. Thomas Ford,East Thomas,Beauty,2964.4,3,Cash on Delivery,2026-03-04,1,5.0
ORD102358,CUS1965,Heather Nicholson,Wrightborough,Beauty,4557.42,5,Net Banking,2024-08-21,6,4.8
ORD102359,CUS7288,Jason Hall,Campbellfort,Books,2335.83,3,Credit Card,2025-12-16,6,2.4
ORD102360,CUS3413,Dr. Catherine Wells,Donaldchester,Books,419.22,1,Net Banking,2026-03-01,4,3.2
ORD102361,CUS1212,Jeffery Carlson,Port Cynthiamouth,Books,913.41,4,UPI,2025-08-10,5,1.4
ORD102362,CUS9013,Jeremy Morgan,Port Matthew,Electronics,1617.11,3,Debit Card,2025-07-05,4,2.5
ORD102363,CUS5967,Jason Baker,Scottburgh,Electronics,2392.04,1,Cash on Delivery,2024-04-25,6,4.8
ORD102364,CUS5269,Michael Miller,Victorside,Clothing,2627.52,3,Cash on Delivery,2025-11-16,2,4.1
ORD102365,CUS6252,James Edwards,Kempborough,Beauty,3877.26,1,Debit Card,2025-03-11,4,4.9
ORD102366,CUS4662,Scott Thomas,Port Christina,Books,702.21,2,Debit Card,2025-01-02,3,2.8
ORD102367,CUS9756,Austin Powers,Lake Debbie,Books,183.77,3,UPI,2025-06-10,1,3.8
ORD102368,CUS8304,Frederick Neal,West Michael,Clothing,651.04,3,Net Banking,2026-02-22,5,1.9
ORD102369,CUS9018,John Stephens,Andersonbury,Home,946.88,1,Net Banking,2024-05-03,1,4.7
ORD102370,CUS5135,Katrina Green,Adamsfurt,Electronics,2800.29,4,Cash on Delivery,2024-07-19,5,4.1
ORD102371,CUS8610,Marie Maxwell,Port Lynnbury,Sports,1329.87,2,UPI,2025-11-27,4,1.9
ORD102372,CUS5777,Tyler Smith,Lake Nicoletown,Electronics,790.92,1,Cash on Delivery,2025-04-08,1,1.8
ORD102373,CUS3480,Michael Sanchez,New Larryton,Clothing,655.44,1,UPI,2025-10-12,1,1.2
ORD102374,CUS8543,Francisco Mason,New Rhondamouth,Home,3480.42,5,Credit Card,2024-04-25,2,3.3
ORD102375,CUS3991,David Boyd,New Laurabury,Electronics,4720.94,5,Credit Card,2024-11-20,7,3.5
ORD102376,CUS7092,Dwayne Cook,South Erin,Beauty,3311.49,2,Debit Card,2024-04-05,2,2.0
ORD102377,CUS1857,Bobby Martin,Freemanshire,Beauty,1660.66,5,Net Banking,2024-11-13,1,2.4
ORD102378,CUS4652,Teresa Cardenas,Port Anthonystad,Home,3973.33,4,Cash on Delivery,2024-11-01,3,2.8
ORD102379,CUS7226,Ralph Kennedy,Kelleyhaven,Home,3542.77,3,UPI,2025-03-27,1,2.1
ORD102380,CUS7547,Jacob Chapman,Shawview,Sports,2047.95,2,UPI,2025-09-13,6,4.4
ORD102381,CUS8796,Francis Kirk,Danielfort,Sports,2990.03,5,Net Banking,2026-03-03,4,
ORD102382,CUS7112,James Rodgers,South Elizabeth,Books,3615.83,5,Cash on Delivery,2024-12-06,2,1.8
ORD102383,CUS4023,David Larsen,Dennisland,Clothing,2160.51,4,UPI,2026-03-06,5,2.2
ORD102384,CUS2372,Christina Mcdonald,New Christinemouth,Electronics,2971.91,1,UPI,2025-09-12,6,2.3
ORD102385,CUS8950,Beth Best,Smithshire,Clothing,995.33,2,UPI,2026-01-18,6,3.5
ORD102386,CUS8117,,North Paulfort,Electronics,4230.13,2,Credit Card,2025-10-03,2,3.3
ORD102387,CUS4125,Joseph Pierce,Thorntonville,Clothing,3017.05,2,UPI,2026-02-27,2,1.3
ORD102388,CUS7325,Andrea Mckinney,Port Joe,Electronics,622.86,1,Credit Card,2025-07-15,5,3.4
ORD102389,CUS8740,Deborah Gibbs,Tinaside,Electronics,2330.94,2,Net Banking,2024-03-19,7,2.0
ORD102390,CUS1797,,North Tiffanystad,Beauty,4045.53,3,Cash on Delivery,2024-10-27,1,
ORD102391,CUS4067,Cheryl King,West Patriciamouth,Clothing,4332.45,5,Net Banking,2024-11-23,4,4.5
ORD102392,CUS5006,Jessica Roth,Annabury,electronics,2124.59,5,Debit Card,2024-04-09,1,3.7
ORD102393,CUS6539,Joe Porter,East Jeffrey,Beauty,1868.24,3,Cash on Delivery,2025-01-13,6,1.6
ORD102394,CUS2097,Joe Gomez,Mooreville,Electronics,4961.52,1,Credit Card,2025-10-07,7,1.6
ORD102395,CUS6088,Nicholas Chavez,South Mary,Sports,4804.14,3,Credit Card,2025-08-13,4,1.2
ORD102396,CUS3321,Brandon Murray,West Tiffanyton,Clothing,2408.56,3,Net Banking,2025-09-04,7,2.4
ORD102397,CUS7042,Michael Stout,Charleneborough,Clothing,4988.93,5,UPI,2026-03-01,4,3.9
ORD102398,CUS4152,Brandon Brown,East Pamela,Books,729.65,1,Net Banking,2025-11-24,3,4.4
ORD102399,CUS4100,Katie Brown,New Sara,Home,625.83,3,UPI,2025-06-22,4,4.7
ORD102400,CUS6979,Richard Garcia,Michelletown,Electronics,771.71,2,Net Banking,2024-03-30,7,
ORD102401,CUS3205,Zachary Garcia,Woodmouth,Books,4218.23,3,Net Banking,2025-03-07,1,3.2
ORD102402,CUS3290,Crystal Berry,West Cynthiaborough,Home,4264.7,1,Net Banking,2026-02-03,1,1.0
ORD102403,CUS2333,Norman Martinez,East Robertberg,Books,4883.23,4,Credit Card,2024-12-04,7,3.6
ORD102404,CUS3434,,Nicolebury,Beauty,2541.72,2,Net Banking,2025-05-03,3,4.8
ORD102405,CUS3922,Lauren Davenport,Port Masonburgh,Clothing,728.75,2,Net Banking,2025-04-24,1,2.6
ORD102406,CUS4414,,South Phillipport,Books,4848.63,4,Cash on Delivery,2025-10-26,7,1.5
ORD102407,CUS2718,Christopher Newman,West Danielle,Books,1654.86,3,UPI,2026-01-30,7,4.0
ORD102408,CUS2487,Carl Williams,Angelastad,Sports,1965.17,1,Cash on Delivery,2024-08-10,6,4.5
ORD102409,CUS7555,,Port Dominicshire,Books,3186.37,1,Debit Card,2025-10-03,7,1.6
ORD102410,CUS1639,Dr. Christine Harris,Jamiemouth,Beauty,1391.27,3,Net Banking,2024-12-20,6,3.1
ORD102411,CUS6737,Cameron Reilly,Billyside,Books,2389.99,3,Net Banking,2025-07-20,2,4.7
ORD102412,CUS2714,Pamela Moore,Keithhaven,Books,4543.24,5,Cash on Delivery,2025-01-05,5,4.8
ORD102413,CUS2037,Robert Copeland,Angelachester,Books,3066.02,2,Debit Card,2024-10-06,4,2.6
ORD102414,CUS6174,Rhonda Ball,Lake Ashleyport,Home,4390.65,3,UPI,2025-08-24,2,1.2
ORD102415,CUS6107,William Gill,Lake Alexandria,Home,3095.26,3,Cash on Delivery,2024-03-22,1,2.2
ORD102416,CUS3954,Timothy Chaney,Lake Terrance,Beauty,3902.2,3,UPI,2026-01-05,6,3.5
ORD102417,CUS7246,Sarah Nelson,Jenniferhaven,Sports,1204.51,4,Debit Card,2024-06-02,3,4.1
ORD102418,CUS5369,Jonathan Harris,New Troy,Sports,723.1,5,Debit Card,2024-12-07,5,2.7
ORD102419,CUS3116,Evan Cole,Lake Michelebury,Electronics,1967.01,3,Cash on Delivery,2025-02-26,3,4.6
ORD102420,CUS5921,Joanna Lee,New Mark,Electronics,1966.7,3,UPI,2026-01-28,7,2.1
ORD102421,CUS2876,Cody Fields,Anthonymouth,Home,3910.86,5,UPI,2026-01-07,1,4.8
ORD102422,CUS9924,William Smith,Cookberg,Clothing,205.08,5,UPI,2025-02-22,2,2.3
ORD102423,CUS7248,Jessica Hernandez,Phelpsstad,Clothing,4993.92,4,Cash on Delivery,2025-12-05,7,3.8
ORD102424,CUS9825,Jonathan Manning,Scotttown,Clothing,3599.4,2,Net Banking,2025-09-13,1,2.5
ORD102425,CUS4819,John Baker,South Brandonmouth,Home,451.29,1,Net Banking,2025-07-03,7,3.5
ORD102426,CUS2994,Terry Peterson,Joanfort,Beauty,3164.03,3,Credit Card,2025-03-30,7,2.1
ORD102427,CUS4031,Jeffrey Johnson,East Kaylee,Clothing,863.87,4,Cash on Delivery,2024-05-19,6,3.9
ORD102428,CUS2246,Dr. Robert Harding,Ginatown,Beauty,3336.17,2,UPI,2025-06-05,3,3.4
ORD102429,CUS9632,Alexandra Johnson,Lake Johnmouth,Home,104.95,2,UPI,2025-08-18,1,1.1
ORD102430,CUS4749,Caitlin Curtis,West Kenneth,Clothing,3470.51,1,Credit Card,2025-09-14,7,4.0
ORD102431,CUS9790,Meghan Wong,Pattontown,Books,1477.52,3,Cash on Delivery,2025-05-11,3,2.9
ORD102432,CUS7201,John Davis,Kingland,Electronics,2908.5,5,UPI,2025-02-25,4,1.8
ORD102433,CUS8991,Anthony Underwood,Dustinborough,Electronics,740.7,2,Cash on Delivery,2026-02-24,3,2.6
ORD102434,CUS1578,,Greeneborough,Home,844.54,1,Net Banking,2024-07-29,3,1.7
ORD102435,CUS6524,Stephanie Marks,West Karenstad,Clothing,1527.5,5,Net Banking,2024-05-26,4,3.2
ORD102436,CUS1331,Danielle Hines,Sarahshire,Books,3005.94,5,Net Banking,2024-03-12,7,3.5
ORD102437,CUS7949,Kathy Alexander,Tinamouth,Books,1007.14,3,Net Banking,2024-05-05,3,2.3
ORD102438,CUS3445,John Gardner,New Michaelburgh,Beauty,636.26,4,Credit Card,2026-01-12,7,
ORD102439,CUS5944,David Lopez,Port Sherryview,Books,3661.05,2,UPI,2024-07-07,7,1.9
ORD102440,CUS6045,Dwayne Thomas MD,Robertberg,Clothing,876.82,1,Credit Card,2025-08-30,6,1.8
ORD102441,CUS1453,James Haynes,Smithstad,Home,885.8,2,Credit Card,2025-11-13,6,2.1
ORD102442,CUS5151,,South Megan,Books,2031.7,1,Cash on Delivery,2025-07-04,2,3.1
ORD102443,CUS3190,Dominic Bauer,Lake Richardshire,Books,357.04,4,UPI,2024-09-20,6,4.8
ORD102444,CUS8626,Stephen Robinson,North Antonioview,Home,703.03,3,Net Banking,2025-08-13,1,4.6
ORD102445,CUS3614,Charles Smith,Howardview,Electronics,540.99,4,Net Banking,2025-03-28,4,4.7
ORD102446,CUS8188,Renee Davis,East Ericaport,Beauty,971.59,1,Net Banking,2025-06-05,2,
ORD102447,CUS7076,Nicole Garcia,North Troy,Electronics,3057.57,1,UPI,2024-11-13,1,1.2
ORD102448,CUS4952,Hunter Brady,East Victor,Electronics,1020.66,5,UPI,2024-11-04,5,1.8
ORD102449,CUS3219,Melissa Mooney,North Robertstad,Home,2850.17,3,Credit Card,2024-07-23,7,2.5
ORD102450,CUS6812,Mrs. Kimberly Schroeder,Hughesbury,Books,2743.16,4,Credit Card,2024-09-13,4,1.9
ORD102451,CUS2358,Thomas Chandler,Guerreroland,Sports,383.67,2,Net Banking,2025-07-10,3,4.7
ORD102452,CUS3815,Allison Brown,East Jo,Electronics,750.38,4,Debit Card,2024-06-01,1,3.7
ORD102453,CUS2794,Stacy Reese,North Richard,Books,630.03,5,Net Banking,2025-02-20,4,4.9
ORD102454,CUS1882,Tommy Thomas,East Gregoryberg,Clothing,2925.74,1,UPI,2024-07-31,4,3.2
ORD102455,CUS6095,,Tammybury,Electronics,2391.98,4,Net Banking,2025-12-08,1,3.3
ORD102456,CUS2442,David Huang,South Jonathan,Clothing,1059.43,4,Credit Card,2024-03-13,6,3.6
ORD102457,CUS4299,Jessica Hernandez,North Gregory,Home,3916.1,2,Credit Card,2024-08-09,2,3.9
ORD102458,CUS9716,Jessica Williams,West Donna,Sports,4830.47,3,Net Banking,2025-08-08,4,2.0
ORD102459,CUS4717,Noah Mason,West Ethanport,Beauty,4218.91,4,UPI,2024-10-28,6,3.7
ORD102460,CUS1076,Kelsey Martinez,Sarahburgh,Beauty,1517.03,1,Debit Card,2025-05-27,5,
ORD102461,CUS3336,Sheila Christian,South Jacobside,Electronics,2603.57,2,Net Banking,2025-07-25,6,1.4
ORD102462,CUS9746,Karen Mcpherson,New Leah,Home,2911.0,4,Credit Card,2024-07-12,3,4.8
ORD102463,CUS8645,Kristine Good,Jeremiahland,Clothing,434.43,5,Cash on Delivery,2024-12-29,1,2.7
ORD102464,CUS9217,Leah Richardson,Rossville,Books,4438.4,2,UPI,2024-10-13,7,1.7
ORD102465,CUS9841,Michael Carter,Douglasstad,Sports,2738.58,4,Cash on Delivery,2025-05-31,5,3.9
ORD102466,CUS2885,Kristin Riley,South Susanville,Books,2574.4,4,Net Banking,2025-11-29,5,1.9
ORD102467,CUS9847,,Hoovermouth,Electronics,4099.44,5,Debit Card,2025-07-03,4,
ORD102468,CUS3442,,Tammytown,Home,2366.97,4,Debit Card,2026-02-20,7,4.2
ORD102469,CUS5299,Jennifer Wilkinson,Mariemouth,Sports,3511.83,4,Debit Card,2026-02-15,2,3.2
ORD102470,CUS8883,Keith Norris,Johnchester,Beauty,4295.16,4,Cash on Delivery,2026-01-10,5,1.7
ORD102471,CUS9481,Richard Mccall,Scottland,Sports,1553.12,2,Net Banking,2025-03-03,7,2.5
ORD102472,CUS8549,Troy Obrien,Port Randy,Books,462.53,2,Net Banking,2025-05-04,1,2.9
ORD102473,CUS4273,Joseph Garcia,West Kevin,Clothing,4365.72,2,UPI,2025-11-30,6,1.6
ORD102474,CUS9254,Glenda Hawkins,Gutierrezborough,Clothing,4302.62,4,Cash on Delivery,2026-02-23,6,2.3
ORD102475,CUS8901,Michael Ingram,West Erikashire,Beauty,1115.13,2,Credit Card,2026-03-05,7,4.9
ORD102476,CUS2831,Rebecca Gutierrez,Padillaburgh,Books,1942.33,5,UPI,2025-06-25,2,4.4
ORD102477,CUS6317,William Tucker,Port Jill,Beauty,4125.39,5,UPI,2025-12-08,2,3.3
ORD102478,CUS9905,Jennifer Miller,Fisherstad,Beauty,2290.73,2,Credit Card,2024-05-15,6,4.6
ORD102479,CUS2488,Marcus Jackson,Carterville,Clothing,2307.97,4,Net Banking,2025-12-31,6,2.4
ORD102480,CUS9129,Timothy Payne,Lake Paulhaven,Beauty,3640.75,3,Net Banking,2024-09-26,3,3.8
ORD102481,CUS2624,Melissa Cross,Kingchester,Beauty,2362.51,4,UPI,2024-11-22,5,2.5
ORD102482,CUS5879,Jacob Jones,Port Todd,Books,4801.38,4,Debit Card,2025-12-12,2,
ORD102483,CUS7398,Heidi Wheeler,Georgeburgh,Beauty,1913.83,2,Debit Card,2026-03-07,4,4.6
ORD102484,CUS9001,David Reynolds,North William,Home,4648.75,2,Cash on Delivery,2024-09-08,6,2.8
ORD102485,CUS8342,Lindsay Martinez,North Mandyborough,electronics,2070.03,3,Cash on Delivery,2025-08-23,5,2.9
ORD102486,CUS1410,,East Judyside,Electronics,317.33,5,Credit Card,2026-03-04,6,4.1
ORD102487,CUS7259,Natalie Burke,Hunterport,Books,759.05,1,Cash on Delivery,2024-10-20,1,4.4
ORD102488,CUS3470,Bradley Howell,Foxhaven,Electronics,3553.92,4,Cash on Delivery,2025-04-09,3,4.6
ORD102489,CUS4600,Kathy Holloway,Gonzalezville,Clothing,3307.78,2,Debit Card,2025-12-07,6,1.3
ORD102490,CUS5937,Carlos Baldwin,Jamiehaven,Electronics,2569.41,1,Net Banking,2024-08-13,7,1.5
ORD102491,CUS7901,Stephanie West,Nicoleshire,Clothing,2689.23,2,UPI,2025-12-24,4,1.0
ORD102492,CUS3096,Michael Anderson,Hartmouth,Beauty,2965.79,2,Net Banking,2025-06-28,2,4.7
ORD102493,CUS3456,Kayla Thompson,North Christopherchester,Clothing,2627.81,2,Debit Card,2024-06-28,4,1.7
ORD102494,CUS5284,Jason Keller,Davishaven,Beauty,834.02,5,Net Banking,2025-07-14,7,3.3
ORD102495,CUS2187,Sarah Hill,South Jacquelineville,Sports,1665.58,2,UPI,2025-01-31,3,2.4
ORD102496,CUS5362,Megan Hamilton,Singhmouth,electronics,1056.45,1,Credit Card,2025-11-02,4,1.6
ORD102497,CUS4633,Daniel Pitts,Higginsburgh,Electronics,2965.61,5,UPI,2024-11-25,2,1.8
ORD102498,CUS6240,Allison Roman,Johnsonberg,Electronics,3637.09,5,Net Banking,2024-11-22,4,2.8
ORD102499,CUS5686,Cheryl Davis,Griffithhaven,Beauty,2457.76,2,Cash on Delivery,2024-03-29,5,2.2
ORD102500,CUS8106,Crystal Oliver,Debrachester,Home,4322.98,2,Net Banking,2025-11-07,5,1.6
ORD102501,CUS1498,Nicholas Cain,Maynardhaven,Home,2375.34,3,UPI,2024-11-21,5,3.1
ORD102502,CUS8989,Christopher Reynolds,New Megan,Sports,1939.35,3,UPI,2025-12-20,3,4.2
ORD102503,CUS1676,Victor Glover,Kingside,Sports,4718.39,4,Cash on Delivery,2025-05-22,7,1.7
ORD102504,CUS2495,Brian Bennett,Jamesside,Home,2144.18,4,UPI,2026-02-07,2,3.2
ORD102505,CUS8996,Corey Warren,Marissaborough,Beauty,310.65,5,Credit Card,2025-12-31,7,2.2
ORD102506,CUS5249,Thomas Silva,Stephensland,Sports,1782.57,1,Cash on Delivery,2025-12-21,7,3.1
ORD102507,CUS1151,Kristine Johnson PhD,Gomezmouth,Sports,799.61,3,UPI,2025-02-23,7,4.0
ORD102508,CUS7465,Melissa Parker,East Susan,Clothing,3867.18,2,Net Banking,2025-11-03,4,1.8
ORD102509,CUS2213,Cheryl Strickland,East Thomasland,Home,1106.64,1,Credit Card,2025-01-05,7,2.1
ORD102510,CUS8948,Amber Fischer,Port Ianville,Beauty,4133.73,2,Cash on Delivery,2024-11-10,3,2.4
ORD102511,CUS5654,Christopher Aguirre,Webbton,Beauty,3047.49,2,UPI,2025-03-31,7,
ORD102512,CUS5000,Vickie Price,Port April,Home,1069.09,3,Credit Card,2025-04-06,7,4.9
ORD102513,CUS1648,Eric Schultz,Michellemouth,Sports,1590.18,5,Credit Card,2024-07-13,5,3.3
ORD102514,CUS7733,Paul Vargas,Megantown,Home,4583.57,2,Credit Card,2025-10-20,5,
ORD102515,CUS8065,Donald Richardson,Port Andrewview,Home,1789.08,2,Credit Card,2024-05-29,3,4.5
ORD102516,CUS5603,,Lake Robertberg,Books,1252.76,1,Credit Card,2026-02-27,6,
ORD102517,CUS8534,David Webster,North Richard,Books,4882.52,1,Cash on Delivery,2024-08-10,7,4.8
ORD102518,CUS9125,Dean Mccarthy,Jennifermouth,Clothing,3026.96,1,UPI,2025-02-13,3,3.7
ORD102519,CUS5167,Robert Khan,Adamston,Books,3899.43,2,Net Banking,2024-07-14,4,2.0
ORD102520,CUS1378,Sharon Santos,Port Roberthaven,Electronics,4619.92,3,UPI,2024-09-12,6,4.1
ORD102521,CUS1909,Beth Lopez,North Brenda,Books,3991.32,5,UPI,2024-10-13,1,4.1
ORD102522,CUS5982,James Rogers,Samueltown,electronics,1219.64,5,Cash on Delivery,2024-11-15,7,4.0
ORD102523,CUS7095,Mr. Ryan Webster,Rasmussenport,Electronics,2980.63,2,Net Banking,2024-10-14,1,4.8
ORD102524,CUS1263,Cynthia Woodard,South Kevinstad,Clothing,874.6,2,Debit Card,2025-12-13,5,2.3
ORD102525,CUS6904,Andrea Lopez,Faulknerfort,Sports,3649.87,2,Net Banking,2024-04-30,1,2.1
ORD102526,CUS3612,Nathan Nichols,Nataliefort,Electronics,3928.57,5,Credit Card,2025-01-24,2,4.4
ORD102527,CUS4416,,Vargasberg,Electronics,3110.31,3,Credit Card,2025-02-15,2,3.3
ORD102528,CUS3867,Anthony Carpenter MD,Mitchellbury,Home,1027.84,1,Net Banking,2024-12-19,7,4.3
ORD102529,CUS6502,Amanda Guerrero,Smithhaven,Electronics,4718.74,3,Credit Card,2024-05-19,1,2.0
ORD102530,CUS3133,Angelica Ortiz,North Traceyton,Sports,3609.83,2,Net Banking,2025-04-14,4,3.5
ORD102531,CUS2055,Shelia Murphy,Murphyport,Beauty,4398.0,5,Cash on Delivery,2025-02-04,4,2.9
ORD102532,CUS6232,Robert Griffin,Port Jason,Clothing,1887.69,1,Net Banking,2024-10-18,1,4.3
ORD102533,CUS7926,Debra Patterson,Carpenterborough,Beauty,3148.75,1,Cash on Delivery,2025-10-12,2,3.6
ORD102534,CUS8943,Christine Nguyen,Kaitlynstad,Books,1243.43,3,Credit Card,2026-02-21,5,
ORD102535,CUS8198,Alexis Riley,Jeffreyland,Beauty,3784.49,4,Net Banking,2025-05-03,1,3.5
ORD102536,CUS3641,Jennifer Young,Davisborough,Books,2875.61,1,Net Banking,2024-09-24,7,1.9
ORD102537,CUS1853,April Potter,Alexanderfort,Clothing,2812.3,1,Cash on Delivery,2024-05-23,6,4.4
ORD102538,CUS1014,Dennis Moore,West Ralphburgh,Books,1544.21,1,Debit Card,2025-04-09,2,2.7
ORD102539,CUS5236,Matthew Cross,West Wendyview,Electronics,3838.91,2,Cash on Delivery,2025-11-17,4,1.6
ORD102540,CUS4595,Michael Brown,Penahaven,Electronics,1230.52,4,Net Banking,2025-10-13,6,4.9
ORD102541,CUS2653,Yvette Keith,Sharonport,Electronics,144.76,5,Cash on Delivery,2024-04-02,2,5.0
ORD102542,CUS5876,John Adams,Lake Davidbury,Beauty,1895.51,5,UPI,2026-02-18,3,3.0
ORD102543,CUS7625,Connie Bowen,West Patrickfurt,Home,565.16,1,UPI,2024-06-21,4,1.7
ORD102544,CUS2395,Jonathan Thomas PhD,Lake Christophermouth,Books,1683.77,4,Credit Card,2025-08-14,6,1.6
ORD102545,CUS1977,Antonio Pitts,Darlenehaven,Clothing,4054.59,5,Debit Card,2025-03-26,6,1.1
ORD102546,CUS6878,Megan Johnson,Julieberg,Sports,1031.81,5,Debit Card,2025-05-16,4,1.6
ORD102547,CUS3935,John Beard,East Roberttown,Beauty,2989.6,3,UPI,2024-10-14,7,1.6
ORD102548,CUS1229,Michael Rivera,West Haleymouth,Beauty,473.87,2,Cash on Delivery,2024-07-28,6,1.6
ORD102549,CUS6733,Alyssa Mejia,Lambertside,Sports,3397.79,2,Cash on Delivery,2025-01-30,2,4.2
ORD102550,CUS1118,Donna Mccarthy,Angelaland,Sports,896.27,2,Cash on Delivery,2025-02-25,4,2.2
ORD102551,CUS8005,Shelia Weber,Lake Brendatown,Sports,4249.42,3,Credit Card,2024-06-25,4,1.4
ORD102552,CUS4065,Kristine Solis,Lake Katherineport,Books,3871.35,4,Net Banking,2026-01-20,3,2.8
ORD102553,CUS4016,Jennifer Kelley,Matthewstown,Books,3564.62,3,Net Banking,2025-10-27,2,1.1
ORD102554,CUS2570,Kevin Hutchinson,Hernandezmouth,Electronics,2573.02,3,Credit Card,2024-03-15,6,2.2
ORD102555,CUS8544,Rhonda Payne,Port Jessicafort,Beauty,4623.57,3,Credit Card,2024-11-13,2,3.6
ORD102556,CUS1171,Jeremy Hoffman,Schwartzberg,Home,4446.95,5,Net Banking,2025-05-26,7,4.0
ORD102557,CUS8246,Krystal Brady,Leonardborough,Electronics,3268.57,2,Credit Card,2024-12-05,4,4.0
ORD102558,CUS2480,Haley Barrett,Chambersmouth,Sports,2561.59,3,Cash on Delivery,2024-11-23,4,1.1
ORD102559,CUS3066,Laurie Wilson,Humphreychester,Beauty,4591.88,5,Credit Card,2024-09-22,4,1.6
ORD102560,CUS8846,Zachary Robertson,Lake Rebeccaport,Sports,996.82,3,UPI,2025-04-25,1,3.0
ORD102561,CUS4489,Casey Hendrix,Barbarafort,Clothing,1904.71,1,Net Banking,2025-06-13,6,
ORD102562,CUS8356,Courtney Walter,Port Dominiqueport,Sports,1442.67,1,UPI,2026-02-23,5,2.5
ORD102563,CUS1629,Mary Conway,Christophershire,Books,1837.63,3,Net Banking,2024-04-07,1,3.5
ORD102564,CUS2103,John Torres,Lynchhaven,Sports,2804.34,4,Debit Card,2025-11-15,6,1.1
ORD102565,CUS6336,Derek Holt,Jamesbury,Home,285.05,5,Net Banking,2026-02-28,5,2.1
ORD102566,CUS3968,Reginald Donovan,Jamesland,Clothing,2721.86,3,Credit Card,2024-04-13,5,2.3
ORD102567,CUS2323,Mark Spencer,New Jennifer,Home,4531.63,4,Debit Card,2025-02-10,1,1.9
ORD102568,CUS9901,Donna Medina,South Kevinberg,Electronics,1940.51,3,UPI,2025-09-07,3,4.3
ORD102569,CUS9442,Dawn Bailey,North Jessicafort,Beauty,3142.63,5,Net Banking,2024-09-05,6,3.2
ORD102570,CUS4934,Mason White,Aaronside,Books,4711.53,3,Net Banking,2024-06-18,2,3.5
ORD102571,CUS6329,Bethany Sandoval,South Lisaburgh,Home,4493.02,2,Debit Card,2024-11-16,5,3.7
ORD102572,CUS1359,Carol Tucker,Bruceberg,Beauty,926.01,2,Cash on Delivery,2024-10-11,7,3.2
ORD102573,CUS3992,Morgan Williams,Port Jasonland,Books,973.7,3,UPI,2025-03-21,3,3.7
ORD102574,CUS7345,Linda Richardson,New Jessicamouth,Home,2277.79,5,UPI,2024-09-24,1,3.7
ORD102575,CUS5100,Louis Jimenez,Lisahaven,Clothing,601.14,2,Net Banking,2024-05-01,3,4.6
ORD102576,CUS7178,Mackenzie Copeland,Lake Calebborough,Clothing,2202.53,2,Cash on Delivery,2025-04-15,4,3.3
ORD102577,CUS4185,Ruben Martinez,Mirandaview,electronics,1299.34,5,Credit Card,2024-05-25,1,3.4
ORD102578,CUS3059,Stephen Robinson,Alexandertown,Books,2786.87,4,Net Banking,2024-06-12,1,2.9
ORD102579,CUS1359,Matthew Ford,West Daisyfurt,Electronics,3102.43,1,Cash on Delivery,2026-03-03,4,2.0
ORD102580,CUS4833,James Mcpherson,South Alexishaven,Beauty,398.87,1,Debit Card,2024-12-14,6,2.6
ORD102581,CUS6268,Candice Allen,West Brian,electronics,4521.58,3,Credit Card,2025-02-19,1,1.5
ORD102582,CUS7324,Linda Lopez,Port Anthonytown,Beauty,3126.32,1,Debit Card,2024-10-19,7,
ORD102583,CUS7056,Jason Taylor,North Ericport,Beauty,1882.99,4,Credit Card,2025-06-01,5,1.6
ORD102584,CUS2141,Danielle Cole,East Lisabury,Books,2588.16,4,Credit Card,2025-04-30,3,4.3
ORD102585,CUS9062,Matthew Haley,Careymouth,Clothing,4799.01,2,UPI,2025-05-20,1,1.7
ORD102586,CUS2660,Kim Davis,Kyleshire,Electronics,2938.93,3,Cash on Delivery,2025-05-30,1,2.6
ORD102587,CUS3466,Mark Daniels,Petermouth,Beauty,2923.18,2,Credit Card,2025-05-31,3,2.6
ORD102588,CUS3510,Carol Walsh,New Rickeyborough,Clothing,440.6,4,Net Banking,2025-07-04,3,3.6
ORD102589,CUS9930,Ernest Moore,Jocelynburgh,Beauty,1760.59,4,UPI,2025-08-21,2,4.2
ORD102590,CUS3668,Erika Valencia,Sotoport,Beauty,3677.61,2,UPI,2025-02-16,4,1.6
ORD102591,CUS6254,Michael Nichols,East Tristanborough,Home,666.52,2,Cash on Delivery,2025-04-22,4,1.0
ORD102592,CUS8772,Jason Curtis,Port Lisaville,Sports,4813.86,4,Credit Card,2024-03-23,5,3.4
ORD102593,CUS1467,Grant Swanson,North Luisland,Electronics,1429.85,5,Debit Card,2025-05-27,6,1.2
ORD102594,CUS2516,Dr. Renee Stewart,Brownfort,Home,897.3,3,Net Banking,2024-11-13,7,4.6
ORD102595,CUS9071,Jonathan Adams,West Feliciatown,electronics,399.24,5,UPI,2024-09-01,2,2.9
ORD102596,CUS5523,Amy Hays,East Carl,Home,1597.5,1,Cash on Delivery,2024-05-22,1,3.9
ORD102597,CUS3131,Caitlyn Gutierrez,Lake Angelamouth,Beauty,254.21,4,Credit Card,2025-04-29,4,3.6
ORD102598,CUS4293,Wendy Pacheco,Leeshire,Electronics,1460.82,2,Net Banking,2024-07-07,7,4.9
ORD102599,CUS1208,Kenneth Williams,New Meredithton,Home,3658.87,5,Net Banking,2024-05-16,5,4.8
ORD102600,CUS5069,Cheryl Adams,East Scottfort,Sports,2636.47,4,Debit Card,2024-11-15,5,2.7
ORD102601,CUS9655,Joshua Anderson,West Jennifer,Home,2163.7,3,UPI,2025-04-21,2,2.9
ORD102602,CUS9926,Samuel Sanders,New Georgeland,Clothing,1653.32,5,Cash on Delivery,2026-02-06,5,3.6
ORD102603,CUS9992,Stephen Delacruz,East Christina,Clothing,3391.74,1,UPI,2025-09-16,2,3.0
ORD102604,CUS7321,Daniel Norman,Christopherport,Home,3227.26,3,Net Banking,2026-02-04,6,
ORD102605,CUS4159,Anthony Mayo,Kristinberg,Sports,953.61,5,Net Banking,2024-08-12,4,2.8
ORD102606,CUS7954,,Port Jamesmouth,Electronics,3293.7,1,Net Banking,2024-09-23,3,1.5
ORD102607,CUS8857,Yolanda Mejia,Benjaminton,Sports,841.26,3,Net Banking,2024-12-17,5,1.0
ORD102608,CUS9606,Brent Brown,Sarahberg,Books,1414.31,2,UPI,2025-05-03,4,2.4
ORD102609,CUS1362,Patricia Taylor,Rebeccaberg,Books,1340.2,3,Cash on Delivery,2025-10-21,4,4.4
ORD102610,CUS6360,Andrea Nichols,Emilyside,Books,4518.34,2,Debit Card,2024-11-01,4,4.7
ORD102611,CUS9834,Holly Padilla,Kennethville,Clothing,154.04,3,Net Banking,2025-05-26,3,
ORD102612,CUS7111,Ryan Watkins,Weberfurt,Sports,3824.98,1,Net Banking,2025-09-28,4,2.3
ORD102613,CUS3375,Mark Moore,Port Arthurchester,Books,1485.69,3,UPI,2025-11-27,1,1.7
ORD102614,CUS1531,Rachel Castaneda,Aliciachester,Clothing,1767.7,5,UPI,2024-08-14,7,1.4
ORD102615,CUS3527,Justin Smith,Gomezville,Beauty,2402.94,1,Net Banking,2024-04-06,2,4.5
ORD102616,CUS6972,Dawn Evans,Port Kathrynland,Electronics,816.62,2,Debit Card,2025-03-22,5,1.7
ORD102617,CUS9010,Sean French,Sandovalstad,Beauty,1030.73,2,UPI,2024-06-23,2,3.0
ORD102618,CUS4602,Valerie Lopez,Meyersland,Beauty,124.63,3,Net Banking,2025-01-09,2,4.5
ORD102619,CUS7243,Albert Freeman,Lake Eric,Electronics,1870.29,3,Debit Card,2025-01-05,7,3.2
ORD102620,CUS6039,Courtney Taylor,Wendyport,Books,1583.33,2,Debit Card,2025-09-26,1,3.6
ORD102621,CUS1700,Vanessa Kline,East Sharontown,Home,2475.42,1,Credit Card,2024-08-17,6,4.7
ORD102622,CUS3580,Walter Barnes,Robinsonchester,Sports,2766.36,4,Debit Card,2024-07-22,2,4.9
ORD102623,CUS4802,John Brown,Darrenville,Home,2296.4,4,UPI,2025-10-26,2,2.7
ORD102624,CUS8643,Travis Johnston,East Amyberg,Electronics,2822.8,2,Credit Card,2024-06-26,4,3.6
ORD102625,CUS5236,Angela Knight DVM,South Michaelville,Beauty,2438.55,1,Debit Card,2024-09-19,3,2.2
ORD102626,CUS6413,Megan David,South Joshua,Electronics,2418.64,5,Credit Card,2025-04-07,3,3.4
ORD102627,CUS9049,George Duncan,Saraburgh,Electronics,2554.63,2,Cash on Delivery,2025-08-28,3,4.2
ORD102628,CUS2644,Alice Ramsey,Jerryland,Electronics,2790.61,5,UPI,2024-06-29,6,4.5
ORD102629,CUS8382,Mr. Lee Jones,East Alishahaven,Clothing,1356.44,1,Net Banking,2025-04-14,7,4.4
ORD102630,CUS5006,James Hines,New Cindyside,Books,1804.23,4,Cash on Delivery,2025-12-15,2,4.8
ORD102631,CUS8285,Matthew Sexton,East Shawn,Electronics,4513.87,3,Credit Card,2024-07-24,5,1.0
ORD102632,CUS7335,Ashley Fletcher,Keithmouth,Clothing,1779.78,3,Debit Card,2026-01-26,2,1.2
ORD102633,CUS8018,,New Johnnyfurt,Books,1609.69,4,Debit Card,2024-09-17,7,3.7
ORD102634,CUS2952,Sandra Smith,East William,Clothing,2635.15,2,UPI,2025-06-29,5,1.2
ORD102635,CUS8264,Diane Pitts,Brandyville,Home,103.55,1,Cash on Delivery,2024-12-29,5,4.9
ORD102636,CUS1942,Anthony Brown,Port Joshuaville,Books,1021.08,5,UPI,2024-04-04,4,1.2
ORD102637,CUS7336,Diana Martinez,West Carlosside,Sports,4404.28,2,Credit Card,2024-09-10,7,1.2
ORD102638,CUS1342,Janet Stone,West Laurieview,Home,4465.38,5,Cash on Delivery,2026-03-10,5,2.2
ORD102639,CUS6055,Alicia Hughes,Lake Susan,Sports,4920.4,5,Credit Card,2024-11-17,2,2.4
ORD102640,CUS7203,Allison Ortiz,Port Roy,Clothing,4308.94,3,Debit Card,2024-05-03,5,1.0
ORD102641,CUS3884,Anthony Church,Morgantown,electronics,4791.23,1,UPI,2025-12-08,6,1.1
ORD102642,CUS3994,Victor Lee,Morganmouth,Books,4129.22,1,Debit Card,2026-02-13,3,4.5
ORD102643,CUS8118,Catherine Reilly,Courtneymouth,Beauty,2497.06,2,Cash on Delivery,2024-10-11,5,3.5
ORD102644,CUS3512,Daniel Wolfe,Blackfurt,electronics,2015.7,4,Credit Card,2025-03-26,4,2.9
ORD102645,CUS3832,Melissa Tate,Port Kathleenhaven,Beauty,682.17,3,Credit Card,2025-08-14,4,
ORD102646,CUS6277,Matthew Price,Powersfurt,Books,3771.31,3,Net Banking,2024-10-19,1,4.7
ORD102647,CUS3944,Donna Hawkins,Carriemouth,Books,4651.97,3,Net Banking,2025-01-14,2,4.7
ORD102648,CUS7634,Brandon Branch,Shawnview,Home,1239.18,1,UPI,2025-12-30,3,1.7
ORD102649,CUS7489,,Nicholaschester,Books,1229.77,4,UPI,2025-10-29,1,4.5
ORD102650,CUS4939,Lindsay Stevens,Carolfort,Home,3928.96,5,Debit Card,2025-03-24,5,4.8
ORD102651,CUS2382,,West Jefferyborough,Electronics,537.58,5,Net Banking,2025-12-06,7,1.8
ORD102652,CUS8918,Victoria Francis,Port Molly,Sports,4293.99,1,Net Banking,2025-06-02,4,4.9
ORD102653,CUS1108,Joel Gaines,Markton,Beauty,3379.12,2,Debit Card,2026-02-18,7,4.0
ORD102654,CUS8214,Christopher Miller,Paulastad,Books,1357.15,4,UPI,2025-02-15,7,1.1
ORD102655,CUS2588,Susan Obrien,East Ericchester,Sports,2161.55,2,Net Banking,2025-10-09,2,1.7
ORD102656,CUS2166,Jason Contreras,Matthewsbury,Beauty,4254.25,1,UPI,2024-10-29,3,
ORD102657,CUS9580,Jeffery Ross,Peterfort,Sports,3250.83,3,UPI,2024-07-02,6,1.8
ORD102658,CUS6700,Alexander Watson,Charlestown,Books,3032.14,2,Debit Card,2024-04-15,4,4.2
ORD102659,CUS1477,,East Kaylaburgh,electronics,281.57,5,UPI,2024-11-29,1,2.4
ORD102660,CUS6177,Kaitlyn Thomas,Jessicaside,Clothing,3368.91,4,Credit Card,2025-05-04,2,4.5
ORD102661,CUS4646,Megan Wilson,East Darrenbury,Sports,3159.06,3,Debit Card,2025-09-29,6,4.4
ORD102662,CUS3820,Mario Jackson,Brownburgh,Books,2205.67,4,Debit Card,2026-02-21,2,
ORD102663,CUS9648,Kimberly Browning,Port Karenmouth,Books,3591.35,1,Debit Card,2025-07-06,5,3.3
ORD102664,CUS3291,Margaret Hudson,Port Andrewmouth,Sports,1087.98,1,Credit Card,2025-09-20,7,3.8
ORD102665,CUS9778,Jessica Reed,Debbietown,Beauty,1220.22,2,UPI,2025-07-03,6,3.9
ORD102666,CUS6073,Sarah Rodgers,Michelehaven,Clothing,1333.57,5,Debit Card,2026-01-11,4,3.3
ORD102667,CUS4928,Jacob Garcia,East Robert,Sports,3444.64,1,Debit Card,2024-10-17,6,4.9
ORD102668,CUS8176,Leslie Pineda,Davisfurt,Home,3645.47,4,Credit Card,2024-04-18,6,3.8
ORD102669,CUS1605,Stacey Gutierrez,Castroville,Books,4529.63,5,Net Banking,2025-05-23,4,3.0
ORD102670,CUS7089,Jeffrey Gibson,Lake Jenniferbury,Electronics,995.29,2,Debit Card,2024-08-16,4,1.4
ORD102671,CUS1730,Anthony Erickson,Lake Justinmouth,Sports,1514.84,5,Credit Card,2025-02-19,5,2.9
ORD102672,CUS8336,Andre Riddle,Brittneychester,Beauty,723.21,1,Debit Card,2024-10-29,4,3.8
ORD102673,CUS4194,Benjamin Willis,Port Samuel,Beauty,4761.31,2,Debit Card,2026-02-17,7,2.2
ORD102674,CUS6476,Jenny Garcia,Whiteville,Clothing,1412.16,2,Debit Card,2024-03-27,6,3.4
ORD102675,CUS7691,Miguel Pitts,Port Aaronborough,Books,1961.09,5,Debit Card,2025-03-28,2,1.2
ORD102676,CUS5186,Kevin Jimenez,West Sarah,Books,3721.13,2,Debit Card,2025-12-27,6,4.8
ORD102677,CUS9215,Karen Owens,Port Zachary,Home,2866.33,3,Net Banking,2025-01-10,3,
ORD102678,CUS2442,Amber Cruz,Port Amy,Beauty,4240.62,5,Net Banking,2026-02-04,3,1.7
ORD102679,CUS7807,Catherine Meyer,West Michaelton,Home,3022.46,3,Credit Card,2024-03-25,1,3.7
ORD102680,CUS8216,Ian Long,East Cody,Clothing,1488.24,3,Credit Card,2024-10-04,1,4.9
ORD102681,CUS4283,Victoria Anderson,West Victoriamouth,Home,689.12,3,Debit Card,2026-01-29,1,1.0
ORD102682,CUS7083,Ryan Smith,West Markton,Home,351.05,4,UPI,2025-10-26,6,2.7
ORD102683,CUS9342,Anthony King,Mclaughlinshire,Books,2899.76,1,UPI,2025-10-01,3,4.7
ORD102684,CUS9660,Rebecca Kirby,East Nicholaston,Home,2757.55,5,Debit Card,2024-03-26,1,4.1
ORD102685,CUS6056,Jason Morrison,Paulaberg,Beauty,4419.7,3,Credit Card,2024-05-18,6,4.2
ORD102686,CUS2839,Wayne George,Curtisfort,Home,2691.44,4,Cash on Delivery,2025-08-15,5,2.6
ORD102687,CUS5585,Anthony Huang,Millermouth,Books,1675.34,3,Debit Card,2025-11-29,4,3.3
ORD102688,CUS6145,Heather Johnson,South Dylan,Books,3407.84,2,Debit Card,2025-12-31,6,3.4
ORD102689,CUS8889,Kristen Rivera,Robertmouth,Electronics,739.44,4,UPI,2024-05-14,3,2.9
ORD102690,CUS7005,Bob Hardin,South Justinmouth,Electronics,2088.98,2,UPI,2024-04-17,1,
ORD102691,CUS8348,Dennis Smith,Amandashire,Beauty,2021.76,3,UPI,2024-07-10,2,1.9
ORD102692,CUS2171,Robert Sherman,West Stephanie,Books,541.19,1,UPI,2024-12-13,6,4.4
ORD102693,CUS4142,David Wood,North Christinaburgh,Books,3741.55,2,Credit Card,2024-11-12,2,2.7
ORD102694,CUS4146,Andrea Serrano,Port Stephanie,Sports,2874.57,3,Cash on Delivery,2024-12-07,5,4.4
ORD102695,CUS2559,Bryan Stewart,East Roy,Clothing,1252.54,2,Credit Card,2024-11-25,2,1.9
ORD102696,CUS2569,Erin Jones,Jamesmouth,Home,2764.35,2,UPI,2025-11-10,6,3.9
ORD102697,CUS4616,Dawn King,North Michaelmouth,Beauty,3649.44,2,Cash on Delivery,2024-03-15,1,1.8
ORD102698,CUS6473,Matthew Cannon,Delacruzshire,Electronics,3338.55,1,Net Banking,2024-06-17,3,1.7
ORD102699,CUS1980,Brandon Cline,Moralesville,Electronics,389.34,5,Debit Card,2025-08-28,2,4.1
ORD102700,CUS8768,Steven Ward,Josephfort,Home,149.54,5,Cash on Delivery,2026-01-22,2,3.2
ORD102701,CUS6706,Jose Allen,North Craigburgh,Beauty,1914.62,2,UPI,2025-08-01,3,4.4
ORD102702,CUS9455,April Fry,Lake Mirandaview,Sports,4260.7,3,Debit Card,2025-01-05,2,3.4
ORD102703,CUS4530,Lindsey Keller,North Annette,Electronics,541.53,5,Credit Card,2024-05-11,4,1.4
ORD102704,CUS2479,Christina Bass,Lake Lindaview,Clothing,4073.03,3,Cash on Delivery,2024-11-18,1,3.5
ORD102705,CUS2043,Joshua Miller,East Shannon,Home,1761.76,5,Credit Card,2025-09-26,5,2.4
ORD102706,CUS5509,Taylor Robinson,South Cristinashire,Sports,1039.95,5,Credit Card,2025-09-01,6,2.2
ORD102707,CUS6202,Katrina Nixon,New Ashley,Beauty,1483.9,2,Debit Card,2024-04-18,5,2.8
ORD102708,CUS3899,Heather Welch,Shawnfort,Clothing,104.63,4,Debit Card,2024-06-16,4,
ORD102709,CUS8367,Kimberly Lowe MD,Miguelburgh,Sports,2458.53,1,Debit Card,2025-04-14,2,1.3
ORD102710,CUS6919,Jamie Villa,Armstrongfurt,Electronics,4045.4,5,Debit Card,2025-05-11,1,1.1
ORD102711,CUS1161,William Ryan,Jacobfort,Home,688.17,3,UPI,2025-05-04,2,
ORD102712,CUS4998,Karen Jackson,South James,Sports,951.31,3,Debit Card,2024-08-03,3,1.9
ORD102713,CUS7492,Joseph Hunter,Guerreroshire,Sports,3057.32,4,Cash on Delivery,2024-05-07,3,2.6
ORD102714,CUS6873,Ashley Calderon,Romerofort,Beauty,4251.73,3,UPI,2024-09-16,6,
ORD102715,CUS2871,Heather Simmons,Bradleyhaven,Beauty,1933.16,5,Net Banking,2024-11-23,6,3.8
ORD102716,CUS5025,Allen Hutchinson,Bryanview,Sports,2796.16,1,Net Banking,2025-07-16,3,1.2
ORD102717,CUS6711,Terry Simmons,East Emily,Electronics,480.76,2,Credit Card,2025-06-09,4,4.8
ORD102718,CUS8146,Jason Conrad,New Kimberlymouth,Home,3361.6,4,Debit Card,2025-01-17,1,
ORD102719,CUS6163,Aaron Hardin,Rubioborough,Home,345.56,2,UPI,2024-09-02,1,4.1
ORD102720,CUS5522,Lauren Schmidt,Smithshire,Clothing,3593.26,3,Net Banking,2024-06-18,7,2.1
ORD102721,CUS2499,Darren Evans,North Amyshire,Home,884.78,4,UPI,2024-08-23,7,1.5
ORD102722,CUS3723,Beth Wiggins,Davidfurt,Clothing,1092.67,2,UPI,2025-02-07,5,3.3
ORD102723,CUS2004,Johnathan Martinez,Michelleburgh,Electronics,2581.24,2,Cash on Delivery,2025-08-25,5,4.8
ORD102724,CUS2719,Michael Phelps,Lake Robert,Home,634.04,5,UPI,2025-08-06,2,4.4
ORD102725,CUS1598,Diane Allen,Billymouth,Clothing,501.58,5,Debit Card,2024-08-28,1,4.4
ORD102726,CUS3761,William English,Moniquemouth,Clothing,756.24,2,Cash on Delivery,2025-11-17,7,4.2
ORD102727,CUS2219,April Bryan,Powellburgh,Electronics,4059.62,1,UPI,2025-02-05,6,2.4
ORD102728,CUS9097,Kathryn Garcia,Susanhaven,Electronics,369.29,3,Net Banking,2024-08-01,7,4.3
ORD102729,CUS7170,Nicole Perez,West Larrychester,Sports,3423.33,1,Cash on Delivery,2026-03-10,5,3.5
ORD102730,CUS2799,Nicole Andersen,Jacquelinebury,electronics,1119.49,5,Credit Card,2025-08-10,5,3.8
ORD102731,CUS1055,Jose Diaz,New Marissachester,Beauty,4708.03,3,Cash on Delivery,2024-04-08,6,2.6
ORD102732,CUS5613,Jose Robinson,Tammystad,Books,956.24,1,UPI,2025-07-20,4,3.6
ORD102733,CUS2829,Stephanie Perez,South Lauren,Beauty,1697.38,1,Credit Card,2024-04-26,7,1.5
ORD102734,CUS1276,Thomas Fox,New Anthonyfort,Electronics,1623.51,3,Cash on Delivery,2024-04-18,4,3.3
ORD102735,CUS3874,Alexander Leon,Danabury,Clothing,1513.11,4,Net Banking,2024-12-21,7,1.5
ORD102736,CUS2166,Nicole Conner,Leslieview,Electronics,4626.53,1,Debit Card,2024-07-06,3,3.0
ORD102737,CUS3141,Sara Buckley,West Williamfurt,Clothing,2187.33,5,Net Banking,2025-09-27,7,2.8
ORD102738,CUS4948,Laura Becker,Hallhaven,Electronics,722.3,4,Cash on Delivery,2025-07-13,3,4.9
ORD102739,CUS1582,David Martin,Janebury,Books,3330.92,3,Net Banking,2024-09-24,7,2.9
ORD102740,CUS6692,Eric Brown,Caldwellborough,Sports,524.81,4,Credit Card,2025-05-30,7,2.5
ORD102741,CUS3464,Jesus Diaz,East Brianshire,Books,4218.58,1,Debit Card,2024-11-08,1,3.1
ORD102742,CUS4092,Erica Johnson,Luisstad,Sports,2020.67,5,UPI,2026-01-31,4,4.3
ORD102743,CUS4902,Diana Bradley,Anaborough,Beauty,1935.29,5,Cash on Delivery,2026-03-02,6,2.3
ORD102744,CUS9882,Robert Frank,Christophermouth,Beauty,1493.86,1,UPI,2025-12-13,5,4.7
ORD102745,CUS9743,Sandra Holt,Morganmouth,Home,942.04,3,Debit Card,2025-01-05,1,2.5
ORD102746,CUS7645,Benjamin Anderson,New Donaldton,Electronics,515.16,2,Cash on Delivery,2025-08-10,1,2.9
ORD102747,CUS2991,Brett Horton,New Jessicafurt,Home,1516.11,4,Net Banking,2024-05-14,7,
ORD102748,CUS8158,Terry Pitts,Herreraland,Clothing,2114.76,2,Credit Card,2025-07-16,4,3.1
ORD102749,CUS6647,Brenda Mcneil,Walshhaven,Clothing,3215.93,3,UPI,2026-01-28,7,4.4
ORD102750,CUS3472,Aaron Newman,New Meghanton,Clothing,3643.2,4,Net Banking,2025-08-02,5,3.2
ORD102751,CUS2725,Joseph Davis,South Andrew,Books,1743.49,3,Credit Card,2025-05-23,2,1.5
ORD102752,CUS7566,Ann Osborne,Tiffanyshire,electronics,959.35,4,Net Banking,2024-09-19,5,4.0
ORD102753,CUS4059,Melissa Hall,West Michaelview,Sports,2855.46,5,Credit Card,2026-03-02,5,1.7
ORD102754,CUS1528,Willie Hunter,Nicholsborough,Beauty,1239.45,2,Debit Card,2025-07-08,1,4.9
ORD102755,CUS6508,Jennifer Adams,Port Chad,Electronics,3628.14,5,Net Banking,2025-12-24,7,4.9
ORD102756,CUS8675,Stephanie Lee,North Joseph,Books,3440.45,4,UPI,2026-01-08,5,1.5
ORD102757,CUS5995,Christopher Crawford,South William,Home,1755.16,2,Net Banking,2026-03-10,2,2.5
ORD102758,CUS8745,Sheila Holden,South Edwardton,Home,4828.43,4,Cash on Delivery,2024-12-19,1,2.0
ORD102759,CUS7693,Lisa Munoz,Danielmouth,Electronics,1198.3,2,Credit Card,2026-01-06,6,4.6
ORD102760,CUS5313,Heather Jones,Evansburgh,Electronics,1922.67,3,Credit Card,2025-01-28,4,3.8
ORD102761,CUS1433,Richard Barber,Kathleenfort,Home,1562.04,3,Credit Card,2024-10-31,3,1.6
ORD102762,CUS7724,Robert Estes,Danielstad,Beauty,4332.22,3,Credit Card,2025-11-02,5,4.2
ORD102763,CUS8940,Robert Evans,Wareberg,Electronics,2813.45,5,Net Banking,2025-09-28,3,2.8
ORD102764,CUS8135,David Delgado,Port Christophermouth,Beauty,2739.77,2,Net Banking,2024-11-25,5,1.7
ORD102765,CUS4794,Tamara Thomas,Lake Kimland,Electronics,1374.14,4,Cash on Delivery,2025-01-26,3,3.2
ORD102766,CUS5635,Aaron Jones,Lake Emily,Clothing,4171.54,3,Cash on Delivery,2025-03-27,2,4.0
ORD102767,CUS8842,Teresa Martinez,West Davidland,Sports,1985.5,4,Net Banking,2025-01-31,3,4.1
ORD102768,CUS8690,Amy Brown,Bakerton,Electronics,2546.41,5,UPI,2024-04-27,7,2.7
ORD102769,CUS8282,Tracy Hernandez,Reyesmouth,Beauty,4521.31,5,Debit Card,2025-05-20,6,3.8
ORD102770,CUS8766,Sarah Brown,West Anita,Beauty,178.8,5,Cash on Delivery,2025-12-23,2,2.3
ORD102771,CUS2345,Jerome Mills,Shelleystad,Beauty,488.41,1,Net Banking,2025-01-30,3,3.3
ORD102772,CUS6431,Kristie Brown,Gainesberg,Beauty,3616.24,1,Credit Card,2024-07-30,6,4.6
ORD102773,CUS5854,Melody Parks,Butlerton,Home,660.91,1,Credit Card,2025-08-10,3,2.0
ORD102774,CUS2936,Michelle Parsons,New Rebecca,Beauty,3576.31,2,Debit Card,2024-05-10,7,2.3
ORD102775,CUS8281,Dr. Lisa Taylor,Jefferyburgh,Beauty,4338.48,2,Net Banking,2024-04-07,5,3.0
ORD102776,CUS4839,Melinda Smith,Millerport,Sports,2093.29,3,UPI,2025-04-26,1,4.8
ORD102777,CUS4152,Danielle Crawford,New Michael,Clothing,1792.79,2,Credit Card,2024-05-12,6,4.5
ORD102778,CUS8827,Philip Ingram IV,Wolfbury,Beauty,3903.01,2,Cash on Delivery,2024-08-08,2,1.9
ORD102779,CUS4870,Elizabeth Duffy,Tammyborough,Electronics,4732.21,5,Net Banking,2024-06-07,2,2.6
ORD102780,CUS2862,Anthony Richardson,Port Joshuafort,Beauty,2391.23,3,Credit Card,2024-11-03,7,1.2
ORD102781,CUS4598,Mary Williams,Lake Johnmouth,Sports,2007.74,1,Credit Card,2025-11-01,3,3.8
ORD102782,CUS9840,Joseph Wong,South David,Home,1851.51,1,Credit Card,2024-10-16,2,1.4
ORD102783,CUS8137,Joanna Daniel,Brendastad,Sports,1728.31,3,Debit Card,2025-05-01,6,2.8
ORD102784,CUS4305,Christopher Matthews,Williamsland,Sports,3883.48,5,Debit Card,2025-12-16,7,2.7
ORD102785,CUS8924,Tracy Jordan,Averyton,Sports,1562.35,2,Credit Card,2026-01-28,2,4.4
ORD102786,CUS2380,Kerry Jones,South Justin,Clothing,720.5,3,Debit Card,2024-04-17,3,1.8
ORD102787,CUS4059,Carmen White,Fletcherville,Home,3211.21,4,Debit Card,2025-02-21,6,1.2
ORD102788,CUS3961,Leroy Page,Port Paul,Home,2724.04,5,Net Banking,2025-12-09,4,4.4
ORD102789,CUS3754,Philip Robles,Port Christopher,Beauty,1142.76,1,Debit Card,2024-08-12,1,2.6
ORD102790,CUS8308,,Troymouth,Clothing,547.2,1,Net Banking,2025-05-18,3,2.2
ORD102791,CUS3751,Peter Fowler,West Paigeport,Clothing,2262.85,3,Credit Card,2025-08-16,1,2.4
ORD102792,CUS7370,Donald Norman,Rebeccashire,Clothing,3984.59,2,Cash on Delivery,2025-10-15,1,4.2
ORD102793,CUS1164,Katrina Lara,Bensonville,Books,970.96,5,Credit Card,2025-08-18,6,2.9
ORD102794,CUS6216,Jeffrey Jones,Port Stephenville,Clothing,1692.68,4,Cash on Delivery,2024-06-24,5,4.3
ORD102795,CUS1881,Jennifer Nguyen,Amandaton,Sports,1234.23,3,Credit Card,2026-03-08,4,2.4
ORD102796,CUS1325,Tristan Walters,Port Williamchester,Clothing,4690.59,1,UPI,2024-04-14,4,3.9
ORD102797,CUS3178,Robert Murphy,Port Jennifertown,Home,1925.05,5,UPI,2025-12-09,7,4.6
ORD102798,CUS7857,Amanda Smith,West Tommy,Beauty,2448.26,1,Cash on Delivery,2024-08-24,7,3.9
ORD102799,CUS5480,Michael Anderson,East Tyler,Clothing,183.02,1,UPI,2025-09-23,4,
ORD102800,CUS1672,Allen Ward,New Ericmouth,Electronics,2549.42,3,Net Banking,2024-11-29,6,2.0
ORD102801,CUS9870,Dana Mcpherson,Meghanmouth,Electronics,4821.98,1,Net Banking,2025-12-20,4,
ORD102802,CUS4261,Jennifer Scott,North Dylan,Electronics,4346.88,1,Net Banking,2025-09-23,7,2.8
ORD102803,CUS4260,Luke Watson,Munozland,Home,2791.4,3,Credit Card,2025-07-28,1,4.4
ORD102804,CUS1226,Angela Rogers,Haasport,Sports,3181.47,2,Cash on Delivery,2024-04-19,3,2.8
ORD102805,CUS7123,Mary Morales,Westtown,Sports,2093.04,4,Debit Card,2025-04-11,7,1.4
ORD102806,CUS2379,Brittney Lawson,West Daniel,Sports,140.48,3,Cash on Delivery,2025-07-04,1,4.1
ORD102807,CUS4907,Perry Lowe,Martinchester,Home,123.56,2,Debit Card,2025-09-21,5,2.9
ORD102808,CUS8444,Elizabeth Harrison,Larahaven,Electronics,1921.28,4,Debit Card,2025-04-08,4,4.5
ORD102809,CUS4767,John Brooks,West Trevor,Clothing,1418.38,5,Cash on Delivery,2026-01-09,6,3.0
ORD102810,CUS5975,Dawn Brooks,East Jennaland,Electronics,2709.71,2,Cash on Delivery,2024-06-17,1,2.7
ORD102811,CUS7995,,Goldenfurt,Beauty,1084.08,3,UPI,2024-06-26,2,1.2
ORD102812,CUS2979,Dale Ramirez,West Lisa,electronics,4789.27,3,Net Banking,2025-06-19,4,1.2
ORD102813,CUS7352,,Megantown,Home,660.1,2,Credit Card,2024-09-23,6,
ORD102814,CUS6236,Rachel Green,North Stephaniebury,Books,1399.38,3,UPI,2024-10-20,4,3.1
ORD102815,CUS6241,Shane Johnson,Lake Rachelside,Sports,4339.6,5,UPI,2025-10-02,2,4.9
ORD102816,CUS1628,Melissa Lloyd,Lake Kristophermouth,Home,1323.72,2,Net Banking,2025-07-11,4,2.8
ORD102817,CUS4891,Edgar Larson,Tonyaborough,Books,833.56,2,Credit Card,2024-03-15,5,3.1
ORD102818,CUS1577,Brandon Peck,Rosestad,Clothing,1718.46,3,Debit Card,2024-08-19,1,3.1
ORD102819,CUS2945,Suzanne Olson,Lake Danielmouth,Clothing,3524.81,2,Net Banking,2025-09-18,5,1.4
ORD102820,CUS6529,William Gomez,Dorseytown,Home,3491.29,3,Net Banking,2025-11-06,4,4.5
ORD102821,CUS6614,John Cummings,Port Sarashire,Home,4990.31,2,Debit Card,2025-07-16,5,2.1
ORD102822,CUS3221,William Powell,West Kevin,Clothing,543.08,3,Debit Card,2024-03-19,1,2.6
ORD102823,CUS6090,Michael Peterson,Garciaport,electronics,2886.79,3,UPI,2025-06-27,1,3.4
ORD102824,CUS4099,James Mitchell,Danielsshire,Home,2077.72,4,Cash on Delivery,2025-09-07,3,2.3
ORD102825,CUS3319,David Jimenez,Lake Keithtown,Books,4741.77,2,Cash on Delivery,2024-09-22,6,3.3
ORD102826,CUS7805,Jill Glenn,North Chelseafort,Clothing,3249.39,4,Credit Card,2024-06-12,6,2.4
ORD102827,CUS6846,Carrie Johnson,South Omarmouth,Sports,4939.78,4,Cash on Delivery,2025-02-22,5,2.1
ORD102828,CUS1883,Craig Shaw,North Janet,Sports,2839.92,4,Cash on Delivery,2024-12-09,6,1.8
ORD102829,CUS4768,Mark Weber,Hardingbury,Sports,4095.56,5,UPI,2026-03-04,7,3.4
ORD102830,CUS4014,Debra Lara,Alexanderport,Electronics,1113.41,3,Credit Card,2025-10-19,3,2.3
ORD102831,CUS5134,Dale Mahoney,Lake Timothy,Beauty,2188.19,5,UPI,2025-08-21,4,1.9
ORD102832,CUS3846,Allison Morrow,New Marcus,Home,1048.68,4,UPI,2024-11-14,6,3.4
ORD102833,CUS7405,Walter Nunez,Mariaton,Books,1247.33,4,Credit Card,2025-05-12,4,4.1
ORD102834,CUS7606,Jenna Lopez,New Jamiefurt,Clothing,2080.51,3,Net Banking,2024-11-19,6,3.9
ORD102835,CUS2599,Sarah Fox,Amyview,Home,1209.95,3,UPI,2024-07-06,6,2.1
ORD102836,CUS5486,Austin Huffman,West David,Books,3553.91,2,Debit Card,2024-10-04,6,1.3
ORD102837,CUS4477,Katherine Lambert,Alexandramouth,Electronics,3929.08,3,UPI,2025-09-07,4,
ORD102838,CUS3255,Katelyn Howell,Christyberg,Books,1751.94,1,Debit Card,2025-05-26,4,2.0
ORD102839,CUS2978,Nathaniel Bush III,Christopherchester,Beauty,2879.79,1,Cash on Delivery,2024-11-20,3,1.2
ORD102840,CUS2365,Phillip Anderson,Jofort,Electronics,3268.04,1,Debit Card,2024-06-11,5,2.2
ORD102841,CUS2252,Denise Clark,Priceton,Beauty,1359.93,3,Credit Card,2025-08-02,2,4.7
ORD102842,CUS5561,Andrea Charles,West Anne,Beauty,4948.95,3,Net Banking,2025-11-22,4,2.0
ORD102843,CUS2258,,Port Jessicamouth,Sports,2130.95,5,Net Banking,2024-08-04,1,2.1
ORD102844,CUS5752,Margaret Sandoval,Jennifermouth,Beauty,4506.42,3,Cash on Delivery,2025-11-23,2,1.3
ORD102845,CUS5702,Angela Cross,Lake Peggyfort,Home,4598.69,3,Cash on Delivery,2025-07-27,1,1.2
ORD102846,CUS1211,Bradley Morgan,East Lauraside,Clothing,775.27,2,Cash on Delivery,2026-02-23,1,1.6
ORD102847,CUS3256,Cynthia Spencer,North Alexville,Sports,1273.22,3,UPI,2025-02-21,7,4.1
ORD102848,CUS4263,Sherry Stokes,West Kathryn,Books,1871.65,4,UPI,2025-05-23,4,4.1
ORD102849,CUS7451,Dylan Gutierrez,North Emmaview,Beauty,470.86,5,Credit Card,2024-11-05,5,4.8
ORD102850,CUS1879,Alexander Jackson,Thomaschester,Beauty,3181.41,5,UPI,2024-06-11,5,4.2
ORD102851,CUS1571,Brenda Smith,East Jeffrey,Books,1243.66,5,Debit Card,2024-12-29,2,4.8
ORD102852,CUS1751,Michael Reed,West Christina,Books,2546.27,1,Net Banking,2025-11-15,7,2.2
ORD102853,CUS6074,Laurie Brown,North Amandaside,Beauty,3648.59,4,Cash on Delivery,2025-09-14,5,1.1
ORD102854,CUS8764,Rebecca Williams,Lake Anthonyborough,Clothing,579.23,1,Net Banking,2025-05-17,6,1.0
ORD102855,CUS5997,Jennifer Francis,West Allisonton,Sports,137.7,5,Credit Card,2025-04-18,1,4.0
ORD102856,CUS5715,Kimberly Bryan,North Connor,Sports,1785.64,3,Credit Card,2025-03-31,7,2.9
ORD102857,CUS8135,Anthony Ford,Crossborough,Books,339.63,1,Debit Card,2024-08-02,3,1.7
ORD102858,CUS7993,Mr. Mark Garcia DVM,Port Erinton,Clothing,1529.05,5,Credit Card,2024-11-07,6,1.3
ORD102859,CUS8016,Tammy Cole,Port Nathanielhaven,Electronics,469.92,2,Credit Card,2025-08-11,4,4.8
ORD102860,CUS7602,Matthew Baxter,East Gwendolynchester,Home,2201.35,3,Cash on Delivery,2025-11-11,6,1.4
ORD102861,CUS3355,Dylan Rodriguez,West Jessicamouth,Electronics,1459.81,3,Debit Card,2025-11-01,7,3.3
ORD102862,CUS6700,Lindsay Peterson,Lake Christopher,Books,4444.88,2,UPI,2024-09-26,5,2.6
ORD102863,CUS6519,Shawn Stone,Sanchezburgh,Sports,4437.08,4,Cash on Delivery,2024-11-19,7,3.5
ORD102864,CUS6349,Dennis Harris,Rebeccastad,Sports,1616.69,3,Net Banking,2024-12-17,7,3.6
ORD102865,CUS8950,Henry Montes,Sullivanmouth,Books,4976.1,1,Debit Card,2025-07-31,3,4.6
ORD102866,CUS6855,Michael Abbott,North Eric,Clothing,2491.65,5,Debit Card,2025-08-11,2,3.3
ORD102867,CUS5099,Catherine Romero,West Angela,Clothing,427.33,3,Credit Card,2025-12-14,7,2.3
ORD102868,CUS8775,Terry Smith,South Julian,Sports,1392.4,2,Debit Card,2024-04-24,1,2.6
ORD102869,CUS7385,Brian Underwood,Lake Juliaborough,Books,2664.31,4,Debit Card,2025-01-21,4,
ORD102870,CUS5803,Desiree Higgins,Brooksland,Clothing,2382.72,2,Net Banking,2024-03-25,7,
ORD102871,CUS8147,David Mclaughlin,South Karen,Sports,284.99,1,Cash on Delivery,2025-05-27,4,4.1
ORD102872,CUS4755,Richard Bailey,Johnsonburgh,Books,3432.25,4,UPI,2025-06-23,3,3.5
ORD102873,CUS5645,Amanda Nguyen,Christinefort,Beauty,3350.81,3,Cash on Delivery,2025-05-13,7,3.0
ORD102874,CUS2142,Shannon Marshall,Port Nancy,Home,3712.88,1,Cash on Delivery,2026-03-04,4,2.7
ORD102875,CUS3225,Matthew Reynolds,Espinozahaven,Electronics,4420.84,3,Credit Card,2024-11-08,1,4.5
ORD102876,CUS1143,Felicia Johnson,Calebmouth,Sports,4127.56,2,Credit Card,2024-05-22,7,4.2
ORD102877,CUS7007,Joshua Smith,Hannahport,Home,1719.16,3,Debit Card,2025-07-22,1,3.2
ORD102878,CUS8344,Brandon Trujillo,Delgadoside,Books,1216.07,2,UPI,2024-05-11,5,3.2
ORD102879,CUS4725,Donald Jenkins,Calvinchester,Sports,1077.8,4,Net Banking,2024-03-30,6,1.8
ORD102880,CUS1219,Bethany Mcknight,Powellport,Clothing,1418.19,1,UPI,2025-06-09,2,3.5
ORD102881,CUS7397,Elizabeth Robinson,Pooleberg,Clothing,1424.35,4,Cash on Delivery,2024-11-14,1,1.8
ORD102882,CUS8360,Jill Hughes,South Rhonda,Clothing,4472.19,2,Net Banking,2024-03-30,5,4.7
ORD102883,CUS8821,Melissa Newman,South Tiffany,Home,4226.12,3,Credit Card,2026-01-20,5,4.4
ORD102884,CUS3021,Jason Garcia,Robertton,Books,1354.45,4,Credit Card,2026-01-11,1,2.6
ORD102885,CUS5700,Daniel Benton,Kelleyview,Clothing,3778.71,3,UPI,2024-04-21,3,4.1
ORD102886,CUS4719,Erin Huang,Lake Ericmouth,Books,3000.58,5,Credit Card,2024-06-09,1,1.4
ORD102887,CUS5820,James Davidson,Martinville,Sports,3488.34,2,Cash on Delivery,2025-06-19,6,1.1
ORD102888,CUS3099,Amber Wheeler,Port Michael,electronics,1437.87,1,Debit Card,2024-09-12,6,2.9
ORD102889,CUS8961,Tristan Young,Griffintown,Sports,2273.45,4,Credit Card,2026-02-17,6,
ORD102890,CUS6346,Holly Thompson,Port Brandon,Electronics,242.8,5,Cash on Delivery,2024-03-10,5,3.9
ORD102891,CUS3438,Lori Arias,New Marcus,Clothing,4139.18,3,Credit Card,2025-03-10,3,4.9
ORD102892,CUS8586,Isaac Marshall,Phillipschester,Clothing,1704.28,3,Debit Card,2025-12-22,6,2.9
ORD102893,CUS8493,Matthew Jenkins,Saraside,Clothing,4345.46,1,Net Banking,2024-09-21,6,2.5
ORD102894,CUS1045,Steven Moore,South James,Beauty,481.47,5,Debit Card,2025-09-29,1,3.6
ORD102895,CUS8926,Daniel Chavez,New Nicolemouth,Beauty,1648.6,1,Debit Card,2025-10-13,2,1.2
ORD102896,CUS2980,Steven Galloway,Robertshire,Home,2224.88,1,Net Banking,2024-05-02,4,5.0
ORD102897,CUS3878,Christopher Carrillo,Yvettemouth,Sports,4880.52,4,Net Banking,2025-07-13,3,1.7
ORD102898,CUS7537,Mr. James Acosta MD,Roberthaven,Sports,1436.91,5,UPI,2025-09-11,5,4.0
ORD102899,CUS3824,Heather Wood,Lake Amandaberg,Books,107.74,5,Debit Card,2025-05-10,6,4.9
ORD102900,CUS4946,Kathryn Bush,West Matthew,Home,2204.62,4,Credit Card,2024-05-20,3,4.2
ORD102901,CUS7907,Eric Walsh,Lake Kristen,Sports,2266.78,2,Net Banking,2024-06-28,2,2.0
ORD102902,CUS4497,Cynthia Andrews,Carrilloville,Clothing,3625.5,4,Debit Card,2024-06-15,4,3.9
ORD102903,CUS3058,Jill Strickland,West Steven,Electronics,335.89,2,UPI,2025-03-03,4,4.5
ORD102904,CUS4675,Samuel Beck,Parksstad,Beauty,3402.22,3,UPI,2024-03-25,5,4.6
ORD102905,CUS1160,Lori Randolph,New Mark,Books,1738.86,4,Net Banking,2024-03-18,1,4.2
ORD102906,CUS6223,Kristopher Hanson,Jermaineberg,Home,493.76,4,Credit Card,2026-01-30,1,3.2
ORD102907,CUS9856,Corey Villanueva,Latashaton,Electronics,4493.45,2,Cash on Delivery,2024-08-03,5,2.4
ORD102908,CUS9230,Casey Lynn,North Johnville,Home,947.72,1,UPI,2026-03-08,7,4.1
ORD102909,CUS7296,Scott Melton,New Mikayla,Clothing,3124.64,3,Credit Card,2025-03-15,7,4.4
ORD102910,CUS1699,,Mercadomouth,Sports,2579.45,3,Net Banking,2024-05-05,1,4.6
ORD102911,CUS7099,Adam Best,Anafurt,Clothing,2554.3,1,Cash on Delivery,2025-01-31,4,2.1
ORD102912,CUS8860,Hannah Clark,Thomasville,Sports,3062.19,5,Credit Card,2024-07-03,3,1.7
ORD102913,CUS1956,Vanessa Mcgee,Lynchville,Electronics,1210.29,2,Net Banking,2024-11-22,4,4.7
ORD102914,CUS5196,Allison Holloway,North Mariamouth,Books,2129.34,1,Credit Card,2025-04-26,3,2.8
ORD102915,CUS3506,Bridget King,Molinatown,Electronics,3724.36,3,UPI,2026-02-09,3,2.3
ORD102916,CUS2043,Brittany Dunn,New Katie,Beauty,2558.18,2,Net Banking,2026-01-18,3,4.4
ORD102917,CUS4668,Stephanie Taylor,East William,Books,4701.62,2,Cash on Delivery,2025-05-21,1,4.4
ORD102918,CUS5793,Matthew Mcneil,Carlosville,Sports,4711.42,4,Net Banking,2024-08-08,7,4.1
ORD102919,CUS1414,Travis Lee,West Tracey,Clothing,4371.74,4,Debit Card,2024-07-05,6,1.9
ORD102920,CUS4005,Patrick Powell,Brightburgh,Books,2641.46,4,Net Banking,2024-10-16,2,4.8
ORD102921,CUS1379,Mark Schmidt,Troyfort,Home,326.48,4,Cash on Delivery,2025-01-26,3,4.9
ORD102922,CUS2444,Andre King,Rileyside,Sports,3319.05,5,Net Banking,2024-09-12,3,2.0
ORD102923,CUS4818,Mike Heath,Port Michael,Sports,3050.3,1,Debit Card,2025-11-27,3,1.3
ORD102924,CUS5412,Edward Lozano,Farleyshire,Clothing,3997.87,4,Net Banking,2025-09-19,3,2.6
ORD102925,CUS5537,Michael Nunez,South Andreatown,Electronics,3791.06,2,UPI,2024-06-24,3,4.8
ORD102926,CUS6931,Scott Maxwell,East Valeriemouth,Books,3226.56,1,Debit Card,2026-01-13,7,2.6
ORD102927,CUS8367,Jamie Steele,Smithmouth,Electronics,2327.15,5,Credit Card,2026-01-28,6,1.7
ORD102928,CUS3690,James Evans,New Shannon,Electronics,303.94,5,Credit Card,2024-08-29,3,1.4
ORD102929,CUS1809,Justin Henry,West Victoriachester,Sports,2859.71,4,Debit Card,2026-01-25,1,4.1
ORD102930,CUS5345,Andrea Lynn,East Kelly,Sports,4899.65,4,Cash on Delivery,2025-12-22,2,3.2
ORD102931,CUS8256,Wanda Haynes,Randallborough,Books,4727.43,1,Cash on Delivery,2025-08-15,6,4.6
ORD102932,CUS1846,Jonathan Kerr,Thompsonborough,Beauty,1536.13,4,Credit Card,2024-04-16,1,2.2
ORD102933,CUS5000,Kristina Downs,Sanchezmouth,Clothing,379.23,1,Debit Card,2025-04-13,5,2.6
ORD102934,CUS2439,Nicole Wright,North Amberhaven,Beauty,2327.27,5,Debit Card,2025-07-27,4,2.1
ORD102935,CUS4104,Kevin Walker,Wilsonmouth,Clothing,2999.91,3,UPI,2024-05-05,3,2.3
ORD102936,CUS5001,Marcia Velez,Gallegosside,Sports,2180.26,2,UPI,2024-08-18,5,1.5
ORD102937,CUS4972,Andrew Clay,Payneshire,Sports,1719.84,3,UPI,2024-07-31,2,3.1
ORD102938,CUS6533,Andrea Hernandez,Doyleburgh,Sports,4976.33,3,Debit Card,2024-09-06,5,
ORD102939,CUS9787,Mrs. Diane Burton,Barnettstad,Beauty,2691.1,5,Cash on Delivery,2025-04-11,1,1.8
ORD102940,CUS4554,Kayla Nguyen,Lake Jessica,Clothing,2974.24,5,Net Banking,2025-06-09,7,3.2
ORD102941,CUS1551,Billy Simmons,East Calebfort,Beauty,523.08,5,Cash on Delivery,2024-03-30,7,3.2
ORD102942,CUS4683,Andrew Brown,Lake Brenda,Sports,4111.86,5,Credit Card,2025-04-28,2,4.4
ORD102943,CUS5166,Robert Crane,Taylorport,Sports,2705.04,5,Cash on Delivery,2024-06-19,4,1.2
ORD102944,CUS2116,Hannah Schmidt,Leeton,electronics,2232.52,3,UPI,2025-08-25,1,1.7
ORD102945,CUS2939,Tina Perry,Garciaview,Sports,209.6,5,Credit Card,2025-12-10,1,2.3
ORD102946,CUS1614,Leonard Mitchell,West Jonathanhaven,Beauty,3611.75,3,Cash on Delivery,2025-05-28,4,1.7
ORD102947,CUS9989,Robin Brennan,South Lori,Home,342.48,1,Debit Card,2026-01-18,1,2.2
ORD102948,CUS7852,Larry Frazier,Port Hunterville,Books,4201.09,1,UPI,2024-03-18,6,2.6
ORD102949,CUS2524,Vincent Mcdaniel,Port Jacob,Clothing,1481.93,2,Credit Card,2024-12-25,1,3.7
ORD102950,CUS2166,Dean Mendez,East Robertview,Beauty,1728.71,1,Net Banking,2025-05-30,6,3.1
ORD102951,CUS5478,Teresa Mahoney,Collinsberg,Electronics,1600.84,1,UPI,2024-06-25,3,1.5
ORD102952,CUS1448,,East Luisburgh,Sports,3087.68,4,UPI,2025-09-17,7,2.1
ORD102953,CUS1470,Joe Porter,South Andrewberg,Sports,2751.09,5,Cash on Delivery,2025-04-22,6,2.5
ORD102954,CUS5896,Jennifer Smith,New Lindsey,Home,2966.6,5,Net Banking,2025-06-04,6,2.1
ORD102955,CUS4276,Kristin Johnston,South James,electronics,3609.38,2,Debit Card,2025-06-26,2,1.8
ORD102956,CUS7056,Jeffrey Cabrera,New Mariaberg,Clothing,1328.54,4,Credit Card,2024-07-24,7,2.7
ORD102957,CUS5109,Pedro Boyd,Petersonmouth,Beauty,866.57,2,Debit Card,2025-02-19,3,2.2
ORD102958,CUS3549,Tanya Harris,New Donnabury,Beauty,3067.59,3,Cash on Delivery,2025-09-24,6,5.0
ORD102959,CUS9308,Beverly Gonzales,Danielmouth,Clothing,2089.88,3,Debit Card,2025-07-09,2,4.6
ORD102960,CUS4335,Rachael Meyer,Sandrafort,Electronics,4037.25,4,Debit Card,2025-12-15,5,3.7
ORD102961,CUS2587,Justin Gibson,Jonesmouth,Electronics,482.8,1,Credit Card,2024-07-15,3,3.5
ORD102962,CUS9889,Jonathan Parker,Angelicaport,Sports,2113.44,5,UPI,2025-06-14,1,3.6
ORD102963,CUS6350,Vanessa Hamilton,Russellberg,Sports,4967.23,5,Cash on Delivery,2025-05-20,1,3.2
ORD102964,CUS2839,Mary Ryan,Perezview,Sports,2066.94,1,Debit Card,2024-09-19,1,4.7
ORD102965,CUS1716,Collin Hanna,Curtisview,Electronics,2786.82,3,Net Banking,2026-02-27,6,4.4
ORD102966,CUS5337,Michaela Walls,New Jenniferstad,Sports,557.28,5,Net Banking,2025-05-25,7,2.2
ORD102967,CUS5828,Paula Hall,Riceborough,Clothing,3678.05,1,Cash on Delivery,2024-10-08,4,4.0
ORD102968,CUS3505,Sandra Edwards,Veronicaview,Clothing,309.52,1,UPI,2024-08-20,5,2.4
ORD102969,CUS6776,David Gutierrez,Christensenburgh,Sports,658.54,3,Credit Card,2025-06-28,5,2.1
ORD102970,CUS6820,Nancy George,Everettchester,Beauty,4035.72,3,Credit Card,2025-01-24,2,3.4
ORD102971,CUS7296,,New Tamifurt,Books,3172.46,5,UPI,2025-01-03,3,2.8
ORD102972,CUS6934,Kevin Russell,Wrighthaven,Home,2347.92,2,Cash on Delivery,2024-10-04,1,1.6
ORD102973,CUS6239,,Leemouth,Books,1575.11,1,UPI,2024-07-19,2,3.0
ORD102974,CUS6487,Linda Mcdowell DDS,Spencerfort,Electronics,1620.94,5,Cash on Delivery,2024-10-27,4,4.8
ORD102975,CUS3406,Michael Mathews,South Stephanie,Electronics,1578.15,5,Debit Card,2025-09-10,4,4.6
ORD102976,CUS8215,Joshua Guzman,Cameronview,Books,2797.49,3,Debit Card,2025-04-03,5,2.9
ORD102977,CUS4855,Janet Garcia,Port George,Home,1571.3,4,UPI,2024-08-29,3,4.2
ORD102978,CUS7004,Eric Burnett,Port Sarahchester,Clothing,1055.94,5,Cash on Delivery,2025-12-12,4,4.0
ORD102979,CUS1579,Michael Allen,West Anthonyland,Books,1752.53,5,Debit Card,2025-05-28,4,2.3
ORD102980,CUS9407,Nathaniel Stewart,Lake Michaelstad,Clothing,649.87,5,UPI,2025-08-04,5,2.5
ORD102981,CUS2117,Jordan Williams,Lake Wanda,Electronics,3198.2,2,Debit Card,2026-02-11,4,1.0
ORD102982,CUS7459,Michael Jones,Danielport,Books,902.01,3,Debit Card,2024-03-31,3,3.9
ORD102983,CUS8050,Haley Clarke,South Shelbyville,electronics,4789.29,4,Credit Card,2025-02-21,4,4.2
ORD102984,CUS9993,,East Gordonfort,Home,1549.37,3,Cash on Delivery,2026-01-19,3,4.4
ORD102985,CUS2661,Ashley Chase,North Christine,Books,406.65,3,Credit Card,2024-08-12,6,2.4
ORD102986,CUS3932,Mitchell Williams,West Kimberly,Books,898.89,2,Debit Card,2026-02-25,7,1.6
ORD102987,CUS8726,Desiree Young,Aaronland,Sports,1860.77,3,Cash on Delivery,2025-09-01,7,3.5
ORD102988,CUS4228,,Shaunburgh,electronics,210.08,5,Credit Card,2025-06-17,6,2.1
ORD102989,CUS4531,David Maynard,North Tammy,Clothing,263.15,5,Net Banking,2025-10-03,3,4.9
ORD102990,CUS2635,Tracey Wilson,Matthewbury,Clothing,4762.87,1,Debit Card,2024-08-06,5,2.8
ORD102991,CUS3212,Christopher Calhoun,West Patriciahaven,Clothing,4709.56,5,UPI,2025-08-12,1,2.0
ORD102992,CUS1487,Robert Peterson,West Angel,Electronics,3734.97,1,Debit Card,2026-01-31,1,1.6
ORD102993,CUS4968,Greg Hernandez,North Jenniferville,Beauty,1618.17,2,Cash on Delivery,2025-05-31,2,
ORD102994,CUS8648,Joseph Hernandez,Leonshire,Books,3175.75,5,Credit Card,2024-09-03,1,3.3
ORD102995,CUS4779,Mr. Travis Harrison DVM,Andersonmouth,Clothing,3920.13,2,Credit Card,2024-07-25,4,2.3
ORD102996,CUS7118,Christopher Brady,Greenville,Sports,104.73,2,Credit Card,2024-12-19,5,3.4
ORD102997,CUS4672,Breanna Keith,Millermouth,Electronics,1130.56,5,Debit Card,2025-06-16,2,1.4
ORD102998,CUS2122,Keith Sanchez,New Dianaville,Books,1802.53,2,UPI,2025-11-28,5,1.8
ORD102999,CUS8857,Beth Powell,Port Rachaelfurt,Home,3937.02,2,Cash on Delivery,2025-11-14,3,4.0
ORD103000,CUS1282,Bruce Hanson,South Meghanside,Beauty,1695.08,3,Debit Card,2025-01-21,6,2.8
ORD103001,CUS8132,Michael Mcdonald,West Jonathanmouth,Home,1411.47,3,Cash on Delivery,2024-06-24,6,3.7
ORD103002,CUS1681,Ruth Green,New Thomas,Electronics,2179.48,4,Net Banking,2025-11-25,7,4.9
ORD103003,CUS5126,Ashley Hunt,Port Michael,Beauty,3356.44,3,Cash on Delivery,2025-03-10,4,1.7
ORD103004,CUS1332,Lisa Ruiz,Lake Rebeccaborough,Electronics,481.6,3,Net Banking,2024-10-21,2,1.6
ORD103005,CUS3109,David Rodriguez,West Kimberly,Beauty,1218.76,3,UPI,2025-10-16,2,4.5
ORD103006,CUS8579,Samuel Murray,New Jermaine,Sports,2945.18,1,Net Banking,2025-01-02,3,2.3
ORD103007,CUS3164,Terri Vaughan,South Alyssaborough,Clothing,4231.69,3,Debit Card,2025-07-27,6,1.8
ORD103008,CUS2010,Lori George,North Ryanton,Sports,2517.94,4,Credit Card,2024-06-25,7,3.9
ORD103009,CUS6206,Maria Johnson,Colliertown,Sports,3464.46,3,Net Banking,2025-12-13,1,1.6
ORD103010,CUS3849,Ashley Sampson,North Annetteport,Clothing,2382.33,2,Debit Card,2024-03-24,1,4.5
ORD103011,CUS8305,Brandon Parker,South Thomas,Sports,3766.98,3,Cash on Delivery,2024-06-09,7,
ORD103012,CUS4605,Michael Reynolds,New Samantha,Sports,2857.65,1,Debit Card,2025-11-07,4,3.5
ORD103013,CUS9707,Jose Cole,Lopezmouth,Clothing,2913.69,2,Credit Card,2025-12-18,3,4.3
ORD103014,CUS9611,Michael Bradford DVM,Littleside,Clothing,4181.08,5,Debit Card,2024-04-29,5,
ORD103015,CUS4829,Cathy Cole,West Samantha,Books,2168.4,1,Net Banking,2024-12-06,1,2.1
ORD103016,CUS7515,Mark Spears,West Raymond,Beauty,3932.01,3,Debit Card,2024-06-17,7,2.1
ORD103017,CUS9053,April Skinner,Carrollville,Electronics,4826.7,1,Debit Card,2025-06-26,6,4.5
ORD103018,CUS7812,Summer Vargas,Stephenmouth,Beauty,1763.0,5,UPI,2024-12-20,6,3.6
ORD103019,CUS3825,Beth Collins,Walkerburgh,Electronics,2670.94,3,UPI,2025-03-17,7,4.7
ORD103020,CUS5153,Marc Hill,Toddchester,Beauty,1228.44,4,Debit Card,2024-12-10,7,3.3
ORD103021,CUS4005,Jessica Hernandez,New Gloria,Electronics,4886.54,5,Credit Card,2024-11-13,5,4.6
ORD103022,CUS4283,Sarah Warren,West Seanside,Electronics,4181.11,4,Cash on Delivery,2025-08-21,2,2.9
ORD103023,CUS7742,Candice Hunter,Jerryshire,Books,4356.47,1,Debit Card,2024-10-14,1,2.5
ORD103024,CUS3776,Richard Perez,Martinezfort,Clothing,1820.06,1,Credit Card,2024-12-24,6,3.3
ORD103025,CUS9843,Jonathan Shelton,Port Lindamouth,Electronics,3402.79,2,Cash on Delivery,2025-06-02,1,1.7
ORD103026,CUS4308,Abigail Cunningham,East Morganville,Home,4527.14,5,Cash on Delivery,2026-02-21,7,1.7
ORD103027,CUS6046,Bonnie Coleman,Thomasshire,Clothing,3819.87,5,Cash on Delivery,2024-08-02,2,4.3
ORD103028,CUS3668,Jose Barrett,Port Heather,Home,1189.71,1,Credit Card,2024-06-22,2,2.6
ORD103029,CUS1239,,Port Courtney,Electronics,2852.29,3,UPI,2024-05-07,3,4.2
ORD103030,CUS6687,Donald Shelton,Alyssabury,Books,194.41,1,Credit Card,2026-01-03,1,1.1
ORD103031,CUS5949,Felicia Michael,South Tina,Beauty,2689.35,2,Net Banking,2024-09-10,7,3.1
ORD103032,CUS6612,Shane Morris,Billyburgh,Sports,3377.27,1,Net Banking,2025-05-09,3,3.5
ORD103033,CUS9763,Shelby Williams,South Jessicaview,Clothing,4472.48,5,Credit Card,2024-05-31,6,1.2
ORD103034,CUS6208,,Emilyside,Sports,4596.04,2,Net Banking,2024-06-14,4,4.9
ORD103035,CUS2049,,Shieldsborough,Clothing,1310.78,3,Debit Card,2026-02-10,3,4.6
ORD103036,CUS9745,Shawn Farley,Amyton,Clothing,970.67,4,UPI,2025-02-05,1,1.9
ORD103037,CUS2471,Patrick Allen,Hollychester,Sports,4834.38,3,UPI,2024-06-29,3,4.7
ORD103038,CUS6749,Nicholas Perez,East Andrew,Beauty,888.69,3,Cash on Delivery,2025-08-26,2,
ORD103039,CUS1006,Chad Bird,Perezport,Clothing,4491.9,1,Credit Card,2025-11-26,2,1.9
ORD103040,CUS5280,Ricky Coleman,Nataliebury,Electronics,1911.8,5,Credit Card,2024-04-16,5,1.7
ORD103041,CUS6465,Kristen Hughes,Davidsonfort,Electronics,3807.63,5,UPI,2026-02-06,6,4.4
ORD103042,CUS7983,,New Christopher,Books,248.58,3,Credit Card,2026-02-24,1,2.4
ORD103043,CUS2961,Rachel Matthews,Port Pedro,Home,1443.11,2,Credit Card,2025-06-07,3,1.9
ORD103044,CUS8482,Michael Gallegos,South Daniel,Electronics,755.03,5,Cash on Delivery,2025-09-30,4,3.8
ORD103045,CUS6055,Shannon Gould,Port Jeffrey,Sports,3936.3,5,Debit Card,2025-03-26,4,1.1
ORD103046,CUS9642,Jasmine Jordan,West Emilyburgh,Books,1625.65,4,Debit Card,2024-12-21,4,3.4
ORD103047,CUS6376,Julie Lane,Lake Susanbury,Sports,546.85,5,Credit Card,2025-09-04,7,2.1
ORD103048,CUS3211,Alan Phillips,New Lesliebury,Electronics,3426.52,1,UPI,2024-09-18,2,1.3
ORD103049,CUS9475,Dustin Ramos,Stephenmouth,Electronics,3303.09,4,Credit Card,2024-05-18,2,3.0
ORD103050,CUS3901,Kelly Johns,West Patrickfort,Home,853.06,1,Credit Card,2024-11-05,3,1.2
ORD103051,CUS8673,Sean Parsons,Lake Lynnside,electronics,4957.7,3,Cash on Delivery,2024-10-28,7,4.6
ORD103052,CUS8188,Anthony Noble,West Dillon,Clothing,3306.74,3,Debit Card,2026-02-21,4,3.8
ORD103053,CUS4775,Monica Serrano,East Williamville,electronics,762.26,5,Cash on Delivery,2025-08-30,3,
ORD103054,CUS4222,Kelly Fisher,Williamfurt,Books,1917.65,4,Debit Card,2024-03-13,7,2.9
ORD103055,CUS9543,Robert Blevins,Kimfurt,Sports,4275.32,1,Cash on Delivery,2025-08-22,7,4.3
ORD103056,CUS8512,Matthew Ramos,Port Luis,Sports,372.93,3,Cash on Delivery,2024-10-14,3,3.3
ORD103057,CUS1093,Elaine Olson,West Emily,Sports,4500.24,4,Cash on Delivery,2024-09-29,6,4.8
ORD103058,CUS9517,Jessica Snow,Rhondaton,Books,518.31,1,UPI,2024-12-16,7,3.3
ORD103059,CUS1436,Christopher Frank,New Kayla,Electronics,1848.15,2,Debit Card,2024-07-28,2,1.5
ORD103060,CUS3667,Richard Lowe,Katherineton,Electronics,2648.69,5,Debit Card,2024-07-20,6,2.2
ORD103061,CUS9613,David Rodriguez,Garyshire,Books,1378.76,3,Credit Card,2024-06-29,1,1.3
ORD103062,CUS7770,Laura Carter,Lake James,Electronics,552.59,4,Net Banking,2024-08-14,6,3.7
ORD103063,CUS6261,Kenneth Shah,South Donald,Home,3705.04,1,Net Banking,2025-09-16,7,2.7
ORD103064,CUS5070,Susan Velez,Port Alexisborough,Sports,1236.79,4,Credit Card,2025-09-28,1,1.7
ORD103065,CUS5888,Marcus Underwood,Trevorhaven,Home,2257.23,2,Cash on Delivery,2024-04-18,3,3.6
ORD103066,CUS5841,Tyler Prince Jr.,South Kenneth,Beauty,885.69,4,Net Banking,2024-11-02,6,4.1
ORD103067,CUS1784,Jared Lopez,Gilesport,Beauty,4961.28,3,Net Banking,2024-04-13,1,3.4
ORD103068,CUS9998,Jessica Woodard,Mosleyside,Beauty,1601.7,4,UPI,2024-06-20,3,1.4
ORD103069,CUS9859,Mr. Thomas Jordan,Huertaburgh,electronics,164.51,2,Credit Card,2025-02-18,7,4.3
ORD103070,CUS3813,Katherine Hopkins,Lake Yvette,Home,1353.98,4,Credit Card,2024-12-17,6,2.1
ORD103071,CUS3263,John Le,West Michaelton,Home,3680.76,3,Net Banking,2025-04-12,2,4.2
ORD103072,CUS8665,Natalie Jennings,Ballville,Home,845.95,1,Net Banking,2025-04-04,1,1.1
ORD103073,CUS6671,Nicholas Castillo,Jacksonhaven,Beauty,2975.31,5,Debit Card,2024-05-22,2,2.3
ORD103074,CUS9208,,Yeseniachester,Home,2220.24,5,Credit Card,2026-02-01,4,5.0
ORD103075,CUS5835,Adam Wood,Raystad,electronics,4525.1,5,Cash on Delivery,2024-11-13,5,4.0
ORD103076,CUS4518,Katie Taylor,New Ryan,Sports,2745.3,1,Credit Card,2025-05-13,7,5.0
ORD103077,CUS4455,Raymond Shea,Port Peterhaven,Electronics,4781.9,2,Credit Card,2025-04-15,2,2.4
ORD103078,CUS8771,Robert Williams,Murphyhaven,Home,609.15,1,UPI,2024-10-04,7,4.4
ORD103079,CUS8661,Shawn Brown,Parkerstad,Books,3966.55,4,UPI,2025-04-04,1,3.2
ORD103080,CUS8237,Frances Vargas,East Heather,Home,4153.93,5,Net Banking,2025-09-18,6,1.9
ORD103081,CUS7418,Anthony Mcbride,Jamesfurt,Sports,1934.1,3,Debit Card,2025-06-11,1,2.3
ORD103082,CUS7469,Natalie Woods,Fischerfort,Books,2397.82,3,Net Banking,2024-04-02,2,4.6
ORD103083,CUS2170,,Edwardtown,Sports,564.26,4,Cash on Delivery,2025-05-02,4,4.1
ORD103084,CUS7632,Debbie Harrison,Douglaston,Books,1520.33,3,Credit Card,2025-10-29,2,1.1
ORD103085,CUS4333,Jason Miles,Port Cynthiaberg,Sports,1507.45,4,Credit Card,2024-08-31,3,4.3
ORD103086,CUS1933,Megan Meyers,Bennetttown,Sports,2241.87,2,Cash on Delivery,2025-08-07,3,4.9
ORD103087,CUS6177,Elizabeth Cantrell,New Daniel,Beauty,4322.83,4,Credit Card,2024-08-27,1,4.8
ORD103088,CUS7491,Cindy Fletcher,Thomasport,Electronics,2875.89,4,UPI,2024-08-21,5,3.2
ORD103089,CUS9084,Christian Allison,Lake Cathy,Books,4949.62,3,UPI,2024-06-18,6,4.3
ORD103090,CUS4839,Tina Ferrell,Chadland,electronics,2837.47,3,Credit Card,2025-03-07,3,1.8
ORD103091,CUS3035,Samuel Butler,Jonesport,Clothing,1510.34,5,UPI,2025-08-10,5,4.4
ORD103092,CUS6571,Frank Hernandez,Wendyville,Home,1989.27,4,Debit Card,2025-10-24,5,5.0
ORD103093,CUS6141,Luke Trujillo,Elizabethview,Books,1723.05,4,Cash on Delivery,2025-09-17,4,4.1
ORD103094,CUS8844,Christopher Robinson,Amybury,Beauty,4228.23,4,Debit Card,2025-09-10,3,2.7
ORD103095,CUS9597,Lori Green,Lake Jeremyburgh,Electronics,4518.02,1,UPI,2025-02-13,5,1.1
ORD103096,CUS2377,Melissa Shepherd,North Herbert,Electronics,2883.61,4,Cash on Delivery,2024-11-09,1,1.2
ORD103097,CUS7815,Krystal James,East Bryce,Books,2893.57,2,Cash on Delivery,2024-10-08,1,
ORD103098,CUS3870,Victoria Smith,Lake Evanmouth,Books,293.15,3,UPI,2024-06-29,2,4.9
ORD103099,CUS1709,Tracy Terry,Nelsonberg,Home,3071.76,5,Net Banking,2024-09-14,3,3.2
ORD103100,CUS1706,Sharon Rogers,West Jennifer,electronics,1610.38,4,Net Banking,2026-01-15,5,2.5
ORD103101,CUS1334,Shannon Franklin,Port Juanview,Home,4553.35,1,Debit Card,2025-05-02,5,1.6
ORD103102,CUS1182,Briana Young,Matthewberg,Beauty,3348.83,1,Debit Card,2024-06-01,6,4.7
ORD103103,CUS2856,Brandon Ray,North Catherine,Sports,1401.75,4,UPI,2025-05-26,3,1.5
ORD103104,CUS2212,Terri Hood,New Kaitlintown,Books,2381.61,2,Credit Card,2025-09-09,1,3.7
ORD103105,CUS1379,Nicholas Horne,Lake John,Books,1714.43,5,Credit Card,2025-10-06,5,1.4
ORD103106,CUS4044,Jennifer Johnson,North Thomas,Sports,1652.14,2,Debit Card,2024-08-30,3,3.3
ORD103107,CUS9652,Matthew Diaz MD,East Jason,Books,4774.77,3,Credit Card,2025-08-10,2,2.6
ORD103108,CUS5938,Mary Clements,Ericshire,electronics,2579.58,2,Net Banking,2026-01-17,4,2.7
ORD103109,CUS2786,Levi Solomon,Smithtown,Sports,4654.23,4,Net Banking,2026-02-02,7,2.8
ORD103110,CUS3386,Dean Lewis,Marilynland,Home,841.38,5,Cash on Delivery,2026-02-16,6,4.9
ORD103111,CUS4881,William Harrington,Timothyfurt,Beauty,406.7,2,Debit Card,2025-08-18,3,2.2
ORD103112,CUS8469,Kyle Oconnor,Sellersburgh,Electronics,954.63,1,UPI,2025-06-12,3,2.9
ORD103113,CUS7027,Christopher Macias,North Kylefurt,Electronics,975.09,3,Credit Card,2026-03-03,4,1.8
ORD103114,CUS8692,Jeremy Adams,Robertshire,Electronics,4295.18,5,Debit Card,2024-12-01,2,
ORD103115,CUS1751,Jason Craig,Denisefurt,Beauty,155.12,5,Credit Card,2024-10-28,7,4.8
ORD103116,CUS8210,Michael Ross,Melindaberg,Clothing,2640.26,2,Net Banking,2025-10-18,4,3.3
ORD103117,CUS4894,Rodney Hill,Chaseshire,Home,2703.19,5,Credit Card,2024-10-26,6,2.6
ORD103118,CUS1410,Jeffery Huff,Denisefurt,Clothing,876.63,4,UPI,2024-06-17,5,3.1
ORD103119,CUS1916,Charles Castro,South Jessica,Electronics,2142.73,2,Debit Card,2024-11-14,7,1.2
ORD103120,CUS4210,James Young,New Nicholas,Books,3700.12,1,Debit Card,2025-05-09,4,3.4
ORD103121,CUS2137,James Williams,New Jacquelinefurt,Beauty,856.18,1,UPI,2024-07-10,3,1.8
ORD103122,CUS8778,Lisa Obrien,Mirandamouth,Home,3461.01,5,Net Banking,2025-10-15,2,2.9
ORD103123,CUS5068,Mr. Richard Williams,North Christopher,Clothing,2997.86,5,Credit Card,2025-05-26,1,3.4
ORD103124,CUS5613,Kristen Daugherty,New Kathleen,Books,330.49,2,Credit Card,2025-02-14,2,3.5
ORD103125,CUS7841,Jessica Gross,Gregoryland,Books,3405.63,3,UPI,2024-07-12,4,1.3
ORD103126,CUS1608,Kevin Bell,Snyderton,Clothing,3804.48,4,Debit Card,2025-03-01,6,3.1
ORD103127,CUS1013,Dwayne Clark,Smithland,Sports,1450.57,2,Net Banking,2025-09-18,4,2.5
ORD103128,CUS5745,Patricia Singh,Johnsonfort,Home,2515.84,4,Debit Card,2025-09-03,4,4.4
ORD103129,CUS2830,Tonya Ray,Lewisstad,Books,4382.3,1,Debit Card,2024-03-20,4,4.4
ORD103130,CUS6024,Shelly Rosario,New Sandra,Books,2158.95,1,Net Banking,2024-08-18,6,4.5
ORD103131,CUS6856,Cheryl Watson,Cuevasport,Beauty,2608.4,2,Credit Card,2025-12-20,4,1.2
ORD103132,CUS7931,Danielle Stein,Lake Ashley,Electronics,464.18,3,UPI,2025-04-28,3,4.1
ORD103133,CUS8814,Kristen Simpson,Juliemouth,Home,890.55,3,Net Banking,2025-10-31,2,4.8
ORD103134,CUS1544,Alan Taylor,Sawyerstad,Home,4138.38,2,Cash on Delivery,2025-11-30,2,3.7
ORD103135,CUS5331,Shirley Holloway,Amyville,Beauty,361.67,5,Net Banking,2024-09-14,2,4.3
ORD103136,CUS9015,Robert Chung,Mathisside,Electronics,4353.7,4,UPI,2025-03-16,7,3.5
ORD103137,CUS1702,Melanie Miller,Lake Cynthia,Clothing,495.52,1,Cash on Delivery,2024-12-15,1,2.8
ORD103138,CUS4476,Angela Johnson,Bruceview,Beauty,3093.35,2,Net Banking,2024-09-08,6,1.7
ORD103139,CUS6048,Eric Moore,New Christopherhaven,Clothing,4043.15,4,UPI,2024-07-17,2,
ORD103140,CUS5712,Christina Duke,Nicholashaven,Books,3683.89,3,UPI,2024-06-05,3,3.8
ORD103141,CUS8933,Sheila Mcconnell,New Davidshire,Electronics,989.51,1,UPI,2025-10-29,7,4.6
ORD103142,CUS9222,Jo Weber,New Hayleyport,Sports,3161.63,4,Net Banking,2025-05-04,2,4.6
ORD103143,CUS9224,Michelle Welch,Rodriguezfort,Books,2382.51,3,Credit Card,2026-01-19,4,1.6
ORD103144,CUS8180,Dana Bailey,New Robin,Beauty,3506.35,5,Cash on Delivery,2025-12-09,4,4.5
ORD103145,CUS6287,Tiffany Carr,Vazquezstad,Books,4994.96,3,Net Banking,2025-05-07,7,1.9
ORD103146,CUS7802,Rebecca Walker,Kramermouth,Sports,3455.5,5,Credit Card,2025-07-09,7,3.3
ORD103147,CUS9817,Janice Gonzalez,Marcusborough,Sports,3542.96,2,Debit Card,2026-01-23,2,3.0
ORD103148,CUS7577,Sara Clark,Port Jennaport,Books,4264.49,2,Net Banking,2024-10-21,7,1.5
ORD103149,CUS2320,Barbara Crane,South Holly,Home,4187.94,1,Net Banking,2025-10-25,2,2.8
ORD103150,CUS7220,Jeffrey Orozco MD,South Rodney,Books,1303.3,1,Net Banking,2025-01-10,1,3.7
ORD103151,CUS1594,Robert Hernandez,Smithchester,Clothing,1297.46,4,Cash on Delivery,2024-03-19,5,4.6
ORD103152,CUS1530,Amanda Roberts,Johnstonburgh,Books,938.31,4,UPI,2026-01-04,2,1.5
ORD103153,CUS7065,Denise Rodriguez,Lake Lori,Home,731.34,5,Net Banking,2026-03-05,2,4.0
ORD103154,CUS3431,Kent Schmitt,Mirandaton,Beauty,1713.73,5,Cash on Delivery,2025-05-23,7,4.1
ORD103155,CUS5448,Natasha Shelton,North Sean,Books,712.1,5,Net Banking,2025-04-09,7,1.4
ORD103156,CUS8425,Angelica Thomas,Jonathanberg,Clothing,4631.22,5,Cash on Delivery,2025-12-19,1,2.6
ORD103157,CUS4686,Peter Barton,Scottville,Beauty,787.14,1,UPI,2025-03-22,3,1.4
ORD103158,CUS5067,Daniel Arroyo,Sandramouth,Sports,413.34,3,Net Banking,2025-08-11,7,3.9
ORD103159,CUS8843,Angela Pratt,North Wendy,Clothing,1325.46,2,Credit Card,2024-07-03,6,1.2
ORD103160,CUS1712,April Shelton,New Peter,Sports,2781.56,3,Credit Card,2024-09-05,1,4.7
ORD103161,CUS9798,Anna Orr,Brewerville,Electronics,4643.77,3,Cash on Delivery,2025-03-29,5,2.0
ORD103162,CUS3152,Kimberly Gomez,Perezborough,Clothing,487.43,2,UPI,2024-09-12,5,2.3
ORD103163,CUS4396,Hannah Mcbride,Jackview,Home,3149.67,2,Debit Card,2024-10-25,4,4.9
ORD103164,CUS4447,Laura Berry,Lisachester,Electronics,3612.9,1,Credit Card,2024-09-12,2,2.7
ORD103165,CUS7000,Angelica Brown,Robinview,Beauty,127.53,4,Credit Card,2024-07-12,7,3.2
ORD103166,CUS1919,Stacey Montgomery,Reevesview,Home,1096.15,1,Cash on Delivery,2024-06-11,7,1.2
ORD103167,CUS7716,Alan Fowler,Lake Susan,Clothing,4208.4,1,Debit Card,2024-05-08,1,2.6
ORD103168,CUS3169,James Hoover,Charlesborough,Home,3682.31,3,Net Banking,2024-03-15,1,4.7
ORD103169,CUS7803,Cheryl Fleming,East Donald,Sports,3869.59,4,Cash on Delivery,2025-10-20,2,4.1
ORD103170,CUS3177,Jillian Robles,Mooreborough,Beauty,2800.38,4,UPI,2024-07-11,6,4.0
ORD103171,CUS7303,Kimberly Jimenez,Dianahaven,Books,4248.48,3,Credit Card,2024-09-08,3,2.3
ORD103172,CUS5068,Samantha Perry,Lindafort,Sports,642.22,1,Cash on Delivery,2024-06-19,7,
ORD103173,CUS3470,Gina Campbell,West Angela,Sports,373.7,5,UPI,2024-07-30,2,4.7
ORD103174,CUS4503,Barbara Fields,Lake Abigail,Books,4544.85,4,UPI,2025-02-02,1,3.3
ORD103175,CUS3950,Melinda York,North Betty,Beauty,3053.16,3,UPI,2025-03-18,5,3.3
ORD103176,CUS3020,Allison Marsh,North James,Beauty,108.11,3,UPI,2024-05-10,7,4.8
ORD103177,CUS7892,Rachel Kim,North Kevinside,Beauty,1047.1,5,Credit Card,2025-08-18,6,4.8
ORD103178,CUS2145,Catherine Short,Rebeccaville,Sports,2871.03,3,Debit Card,2025-09-13,6,4.9
ORD103179,CUS4067,Lauren Smith,Robertsonland,Electronics,159.42,3,Debit Card,2024-11-18,7,1.6
ORD103180,CUS1047,Ashley Santos,Careybury,Beauty,3126.26,5,Cash on Delivery,2025-06-18,4,3.8
ORD103181,CUS9954,Jeremy Lopez,Clarketon,Clothing,291.67,2,Cash on Delivery,2026-01-03,4,
ORD103182,CUS5884,Vicki Rich,New Ellen,Clothing,2080.1,4,Credit Card,2024-11-22,6,1.6
ORD103183,CUS5642,Lisa Mitchell,Bentonmouth,Home,733.74,3,Debit Card,2024-12-13,6,4.5
ORD103184,CUS4749,Steven Scott Jr.,Lake Anthony,Clothing,2730.1,2,Debit Card,2025-01-17,3,4.0
ORD103185,CUS8506,,New Alfred,Electronics,4270.85,5,Cash on Delivery,2025-12-11,4,2.6
ORD103186,CUS5086,Kimberly Lopez,East Rogerport,Clothing,2621.37,2,Credit Card,2024-07-18,6,3.8
ORD103187,CUS2544,Michele Smith,Port William,Books,1296.94,3,UPI,2025-05-16,7,2.5
ORD103188,CUS2517,David Fox,North Emily,Home,2699.19,4,Net Banking,2025-09-18,1,1.2
ORD103189,CUS5895,Lindsey Diaz,South Alexisland,Clothing,2602.79,2,Cash on Delivery,2025-12-16,3,1.7
ORD103190,CUS6172,Lori Stevens,Lake Meganview,Electronics,1845.69,5,Cash on Delivery,2025-12-08,2,3.7
ORD103191,CUS4120,Melinda Maxwell,East David,electronics,366.6,5,Debit Card,2025-07-27,7,4.6
ORD103192,CUS1548,Johnny Williams,New Lisatown,Books,780.55,1,Net Banking,2024-04-29,7,1.8
ORD103193,CUS4299,Ashley Floyd,Mcdonaldtown,Beauty,1020.56,5,UPI,2024-04-12,5,
ORD103194,CUS1982,Jennifer Rocha,Harrellshire,Home,1639.23,3,Cash on Delivery,2024-05-27,4,3.8
ORD103195,CUS6114,Alexander Hayes,Matthewside,Electronics,4544.72,1,Debit Card,2026-03-08,7,3.7
ORD103196,CUS2639,Vanessa Wilson,North Marioland,Electronics,1299.42,3,Net Banking,2025-10-20,7,2.2
ORD103197,CUS7380,Matthew Lawrence,Edwardstad,Beauty,3352.9,5,Debit Card,2025-10-08,5,3.1
ORD103198,CUS2002,Kayla Garcia,Randallmouth,Home,2407.27,4,Cash on Delivery,2024-04-08,1,2.8
ORD103199,CUS3872,Anthony Riley,South Christinemouth,Books,4700.51,2,Debit Card,2025-12-17,6,
ORD103200,CUS6066,Deborah Hensley,Wardborough,Sports,4871.09,2,Credit Card,2026-02-13,7,3.7
ORD103201,CUS3366,Ashley Hall,Williamsshire,Home,4367.77,5,UPI,2025-10-25,2,2.9
ORD103202,CUS4868,Jacob Nunez,Lake Jenniferland,Electronics,1262.95,1,Cash on Delivery,2025-11-27,5,2.6
ORD103203,CUS9879,George Mejia,Nathanielview,Books,213.71,4,UPI,2024-09-09,4,4.4
ORD103204,CUS6042,Sarah Pratt,Hensleyhaven,Sports,242.45,5,Cash on Delivery,2025-10-21,5,4.0
ORD103205,CUS7220,Hector Vega,Port Jamie,Beauty,1313.28,2,Cash on Delivery,2025-03-19,7,1.9
ORD103206,CUS3626,James Williams,Patelberg,Electronics,574.44,3,Net Banking,2024-10-01,7,2.7
ORD103207,CUS5704,Cassidy Olson,West Timothyton,Beauty,392.83,4,Cash on Delivery,2025-06-25,3,4.3
ORD103208,CUS1627,Arthur Cook,Carterfort,Books,4093.34,5,Net Banking,2024-12-08,6,3.6
ORD103209,CUS3007,Casey Simmons,New Dawn,Sports,4800.17,5,Debit Card,2025-12-08,3,3.4
ORD103210,CUS3281,Leslie Evans,South Randy,Home,3656.93,2,Debit Card,2025-03-20,2,4.9
ORD103211,CUS9436,Brett Bryan,North Jameschester,Sports,2072.09,2,Debit Card,2026-02-19,3,4.0
ORD103212,CUS1420,Jason Frazier,Juliestad,Clothing,3426.5,5,Cash on Delivery,2025-10-24,7,1.8
ORD103213,CUS2879,Katherine Hebert,South Amanda,Beauty,3246.37,4,UPI,2024-10-12,6,4.8
ORD103214,CUS5139,Dustin Morris,West Matthew,Home,3844.25,5,UPI,2024-08-06,7,2.9
ORD103215,CUS7010,Sharon White MD,Lake Gregoryburgh,Clothing,1931.6,4,Credit Card,2025-12-21,2,2.7
ORD103216,CUS6234,Brianna Washington,Gregville,Home,2736.45,4,Debit Card,2026-01-22,1,3.7
ORD103217,CUS6099,Tara Gonzalez,North Jonathanfort,Clothing,2909.48,4,Debit Card,2024-10-11,2,1.2
ORD103218,CUS4288,Stacy Morris,North Mallorymouth,Electronics,2617.9,5,Cash on Delivery,2025-03-05,2,5.0
ORD103219,CUS6518,Derrick Turner,West Jeffreytown,electronics,679.13,5,UPI,2026-01-20,5,4.7
ORD103220,CUS4813,Mr. Joshua Griffin,Allenhaven,Books,1637.15,1,Cash on Delivery,2025-01-13,7,2.0
ORD103221,CUS6239,Gene Johnson,Lake Cody,Clothing,726.45,1,Credit Card,2024-12-12,3,2.0
ORD103222,CUS8378,,North Amandaborough,Home,4991.83,1,Cash on Delivery,2026-01-16,2,3.5
ORD103223,CUS3165,John Baker,Monicafort,Clothing,531.5,5,UPI,2025-02-17,1,3.4
ORD103224,CUS5251,Cassandra Smith,Hortonville,Electronics,3898.77,2,Credit Card,2024-09-01,4,3.9
ORD103225,CUS7792,David Ramirez,Evelynfort,Clothing,4847.45,1,Credit Card,2025-03-02,1,3.8
ORD103226,CUS8803,Erica Lopez,Harringtonton,Beauty,4947.84,1,Credit Card,2024-09-15,6,1.6
ORD103227,CUS6519,Jodi Ray,Cassandraport,Sports,3964.58,1,Cash on Delivery,2025-07-14,4,1.7
ORD103228,CUS2045,Alexis Ward,Lake Sydney,Home,836.04,4,Credit Card,2024-10-26,3,4.6
ORD103229,CUS1546,Jennifer Long,Stevenmouth,Home,4801.21,3,Net Banking,2024-07-04,7,4.0
ORD103230,CUS7610,Frank Potter,Hortonborough,Clothing,3238.57,2,Cash on Delivery,2025-01-31,7,4.9
ORD103231,CUS9131,Andrea Thomas MD,Brandonbury,Clothing,1217.82,2,Cash on Delivery,2025-08-24,7,4.0
ORD103232,CUS4867,Lisa Palmer,Pachecoland,Sports,3177.18,1,UPI,2025-12-07,6,1.8
ORD103233,CUS8469,Dustin Hampton,Lake Frankside,Beauty,630.67,2,UPI,2024-08-07,4,4.0
ORD103234,CUS9216,Ashley Douglas,Sharonberg,Beauty,3406.46,1,Debit Card,2024-11-09,6,2.4
ORD103235,CUS6463,Ian Warren,Maciasfurt,Clothing,3339.08,2,UPI,2025-08-19,2,4.3
ORD103236,CUS5160,Darrell Mitchell,Brownburgh,Home,1455.66,5,UPI,2025-04-08,2,2.5
ORD103237,CUS3314,Katelyn Martin,Lake Lisashire,Sports,2542.41,4,Cash on Delivery,2025-04-05,6,2.4
ORD103238,CUS6044,Troy Castillo,New William,Electronics,2300.82,3,Credit Card,2026-02-04,6,4.5
ORD103239,CUS1313,Lance Ortiz,Angelatown,Sports,2297.3,2,Debit Card,2025-10-03,2,3.8
ORD103240,CUS7376,Kevin Andrews,South Nathanmouth,Sports,1768.47,2,Cash on Delivery,2025-03-22,5,1.5
ORD103241,CUS5366,Jason Beasley,Rollinsborough,Electronics,3037.0,4,Credit Card,2025-02-18,3,2.1
ORD103242,CUS5963,,West Bobby,Beauty,3262.06,5,Credit Card,2025-12-23,5,
ORD103243,CUS5646,Joseph Molina,Port Amber,Books,4969.51,2,Cash on Delivery,2025-03-08,3,4.6
ORD103244,CUS1340,Steven Jackson,Lake Annville,Home,2532.7,3,Net Banking,2024-06-08,6,1.7
ORD103245,CUS6731,,Kimberlyside,Books,4690.79,1,Debit Card,2024-05-27,6,1.8
ORD103246,CUS5949,Jason Collins,Port Kelly,Electronics,3173.96,4,Debit Card,2025-12-17,4,2.7
ORD103247,CUS1617,Dana Roberts,New Edwinland,electronics,2594.2,1,Debit Card,2026-01-08,3,5.0
ORD103248,CUS2758,Trevor Ellis,Mooreville,Books,1483.86,3,Credit Card,2025-05-01,6,4.8
ORD103249,CUS8186,Stacy Mahoney DDS,Youngton,Beauty,3033.51,2,Credit Card,2025-12-15,3,2.8
ORD103250,CUS1272,Samantha Collins,Guzmanport,Sports,2309.42,3,Debit Card,2026-02-18,7,3.6
ORD103251,CUS8632,Thomas Martinez,Wilsontown,Beauty,4369.94,5,Credit Card,2025-07-07,4,4.4
ORD103252,CUS7279,Susan Davidson,Julieport,Books,2362.42,1,Net Banking,2024-04-01,7,2.3
ORD103253,CUS9318,Michael Beard,Lake Cheryl,Home,529.58,5,Cash on Delivery,2025-01-31,1,2.3
ORD103254,CUS3910,Kathleen Mitchell,Lake Amymouth,Beauty,4183.43,1,Cash on Delivery,2024-03-18,5,2.2
ORD103255,CUS8737,Michele Moore,Christopherborough,Clothing,2063.52,2,Credit Card,2024-11-15,1,4.7
ORD103256,CUS1529,David Brown,South Marcuschester,Beauty,2328.39,1,UPI,2024-07-07,5,2.1
ORD103257,CUS4094,Carrie Hughes,West Melinda,Beauty,4492.82,5,Credit Card,2024-10-13,1,3.9
ORD103258,CUS8952,Spencer Hart,East Sherrimouth,Electronics,3422.26,1,Cash on Delivery,2025-02-28,1,2.5
ORD103259,CUS3232,,Travisview,Books,4530.62,5,UPI,2026-01-29,5,4.9
ORD103260,CUS2936,Larry Duncan,Port Donnafort,Clothing,1254.1,1,UPI,2025-06-18,6,1.6
ORD103261,CUS9283,Mr. Robert Acosta,South Catherineland,Beauty,1598.76,3,UPI,2024-12-29,2,3.8
ORD103262,CUS8400,Jennifer Foster,Jimmystad,Electronics,203.67,5,Credit Card,2024-09-18,5,3.6
ORD103263,CUS6306,Anthony Hoffman,Rhondaview,electronics,2584.4,3,Credit Card,2025-07-29,3,4.6
ORD103264,CUS7481,Dillon Brown,East David,Beauty,4356.81,4,UPI,2024-06-05,1,
ORD103265,CUS3022,Kathryn Bell,New Jenniferbury,Electronics,4833.69,3,Net Banking,2025-02-23,5,2.4
ORD103266,CUS3163,Christopher Kirby,New Brettfort,Books,4937.88,4,Cash on Delivery,2025-11-17,7,1.6
ORD103267,CUS5673,Terry Owen,New Taylormouth,Clothing,1568.31,3,Net Banking,2026-01-18,4,1.7
ORD103268,CUS2709,Chase Burns,Lake Jerome,Electronics,313.16,4,Credit Card,2025-12-31,6,4.3
ORD103269,CUS2499,Julie Allen,Port Melissaview,Electronics,3067.14,4,Net Banking,2026-02-01,2,1.7
ORD103270,CUS3232,Mitchell Shelton,Alicialand,Sports,1945.81,4,Credit Card,2025-06-25,3,
ORD103271,CUS5793,Stephen Jones,Bethanymouth,Clothing,525.96,2,Debit Card,2025-03-21,1,
ORD103272,CUS9555,Teresa White,Jimenezburgh,Sports,937.74,4,Cash on Delivery,2025-06-12,5,2.2
ORD103273,CUS1204,Selena Davis,South Staceyfurt,Books,429.75,2,UPI,2024-06-17,1,4.4
ORD103274,CUS3015,Mrs. Amy Gentry MD,Rodriguezhaven,Home,2197.43,1,Debit Card,2025-03-22,4,4.0
ORD103275,CUS4041,Alison Wolf,Walkerfurt,electronics,4676.05,3,Debit Card,2025-03-14,1,1.0
ORD103276,CUS1367,James Lynch,Briannafurt,Sports,615.49,5,Cash on Delivery,2024-08-25,1,3.2
ORD103277,CUS6767,Samantha Wilson,Lake Sandrafort,Beauty,4617.49,3,UPI,2025-12-02,6,2.5
ORD103278,CUS4093,Robert Wilson,Kurtchester,Electronics,4771.59,1,Net Banking,2025-02-12,3,1.0
ORD103279,CUS1108,Cody Moore,Jamesbury,Electronics,1725.69,5,UPI,2025-07-23,4,1.1
ORD103280,CUS9841,Theresa Lewis,New Melissatown,Electronics,1284.75,1,Debit Card,2025-01-28,3,2.3
ORD103281,CUS7675,Patricia Keller,Lake Carolynberg,Clothing,3209.1,5,UPI,2024-12-11,5,3.7
ORD103282,CUS9304,Daniel Mccoy,Wolfeberg,Home,2065.61,3,Debit Card,2024-04-27,4,3.9
ORD103283,CUS5684,Misty Peters,Ryanmouth,Books,4825.72,1,UPI,2026-02-18,2,3.5
ORD103284,CUS4696,Justin Ford,Rogersborough,Books,3378.42,3,Debit Card,2024-08-10,6,1.0
ORD103285,CUS2653,Emily Pratt,Dalestad,Home,4745.76,3,Credit Card,2025-01-12,6,4.7
ORD103286,CUS6969,Amanda Thomas,Owensfort,Books,2663.19,3,Credit Card,2026-02-06,3,2.5
ORD103287,CUS5019,Linda Best,South Ann,electronics,2374.66,5,Net Banking,2024-06-14,7,3.9
ORD103288,CUS2641,Kathleen Fox,Briannamouth,Sports,1501.51,2,Cash on Delivery,2025-03-09,1,3.3
ORD103289,CUS7441,Austin Oconnor,West Louisstad,Electronics,2259.26,5,Credit Card,2025-05-30,4,4.4
ORD103290,CUS7170,Marc Johnson,Andrewview,Beauty,3717.61,2,Debit Card,2025-07-26,6,1.5
ORD103291,CUS9407,Sean Gonzales,South Claudiastad,Books,3993.37,3,UPI,2024-12-18,1,4.7
ORD103292,CUS8869,Taylor Owens,Lake Erik,Clothing,2203.34,4,Debit Card,2025-12-28,7,1.7
ORD103293,CUS8707,Hunter Hale,Walkerside,Home,4610.33,5,Net Banking,2025-12-03,1,2.6
ORD103294,CUS7215,,North Whitneymouth,electronics,2081.44,3,Net Banking,2024-03-30,3,1.8
ORD103295,CUS9314,,West Rickyfurt,Home,2648.14,4,Credit Card,2025-06-14,4,3.7
ORD103296,CUS3096,Eric Cooper,Guerrerofurt,Books,100.98,2,Cash on Delivery,2024-10-09,7,3.0
ORD103297,CUS3162,Derrick Parker,South Aaron,Home,879.01,1,Net Banking,2024-03-25,3,4.2
ORD103298,CUS8446,Kendra Ortiz,Lake Kathleenshire,Home,1961.62,1,UPI,2024-08-07,5,3.8
ORD103299,CUS1972,Marcus Robbins,Millerstad,Sports,3752.59,5,Cash on Delivery,2024-08-18,4,2.1
ORD103300,CUS1957,Robert Sullivan,Jonesmouth,Home,3117.01,2,Debit Card,2024-08-01,4,
ORD103301,CUS7592,Amanda Berry,Masseyburgh,Books,3577.55,3,Credit Card,2026-02-07,3,1.3
ORD103302,CUS9676,Lisa Thompson,Masonport,Books,4847.58,2,UPI,2024-11-02,4,4.1
ORD103303,CUS2568,Monica Mcintosh,North Jasonberg,Electronics,2732.12,4,Net Banking,2024-06-15,4,5.0
ORD103304,CUS6720,Leslie Wilson,Lake Wendyview,Home,1764.88,2,Credit Card,2025-10-11,7,4.8
ORD103305,CUS7661,Steven Gonzalez,Nicholasfurt,Sports,4806.45,1,Net Banking,2024-09-16,5,4.2
ORD103306,CUS8607,Sandra Terrell,Noahberg,Beauty,2378.5,1,UPI,2025-01-04,2,1.4
ORD103307,CUS5734,Lee Houston,Fisherland,Clothing,3681.47,5,Credit Card,2024-12-25,6,1.3
ORD103308,CUS3201,Jesse Campbell,New James,Sports,2305.09,3,Cash on Delivery,2025-08-13,2,2.4
ORD103309,CUS1686,Alicia Robertson,North Lindseyshire,Clothing,2174.32,4,Credit Card,2026-01-18,2,1.8
ORD103310,CUS2599,David Miller,Karentown,Books,1044.6,3,UPI,2025-10-14,1,2.0
ORD103311,CUS7230,Justin Rivera,Kimberlyfort,Books,252.34,2,Net Banking,2025-03-26,7,4.2
ORD103312,CUS3009,Hayley Cox,Annebury,Home,1500.59,3,Debit Card,2025-11-14,2,4.9
ORD103313,CUS1145,Steven Morrison,Brandonside,Clothing,983.08,1,Debit Card,2024-12-31,4,3.4
ORD103314,CUS3629,Michelle Sanchez,Lake Davidmouth,Sports,2614.93,2,Net Banking,2026-02-25,5,1.0
ORD103315,CUS6538,Aaron Nguyen,East Alec,Sports,4563.06,2,Net Banking,2025-08-16,1,2.3
ORD103316,CUS5690,Cynthia Mitchell,North Michaelburgh,Sports,2482.7,4,Net Banking,2025-11-04,2,4.2
ORD103317,CUS1994,Robert Dean,Port Perrymouth,Beauty,3597.63,4,Net Banking,2025-08-25,6,3.8
ORD103318,CUS5222,Lori Morrow,Jenningsland,Sports,2867.74,1,Credit Card,2024-05-01,2,2.1
ORD103319,CUS2337,Rebecca Sawyer,Port Robyn,Beauty,968.59,3,Cash on Delivery,2024-11-12,7,1.9
ORD103320,CUS3462,Richard Thompson,Smithfurt,Electronics,2889.64,5,UPI,2024-08-09,7,2.4
ORD103321,CUS4029,Michael Dalton,North Gloriaburgh,Books,616.78,2,Cash on Delivery,2025-06-10,2,2.0
ORD103322,CUS8071,Lori Rice,Johnview,Beauty,1988.44,1,Debit Card,2024-03-17,5,4.3
ORD103323,CUS5147,Cynthia Moran,Port David,Books,3573.27,4,Net Banking,2026-01-13,5,1.9
ORD103324,CUS4516,Erika Miller,Kevintown,Books,2014.88,5,Net Banking,2026-03-02,2,1.9
ORD103325,CUS4127,James Conner,South Maria,Sports,4310.57,5,Debit Card,2025-07-05,4,3.6
ORD103326,CUS4446,Justin Smith,Jenniferport,Beauty,3455.91,3,Cash on Delivery,2024-03-13,2,4.0
ORD103327,CUS3626,Patricia Vincent,Brownhaven,Home,527.63,2,Cash on Delivery,2025-12-23,6,1.6
ORD103328,CUS9567,Clayton Savage,Lake Jonathan,Home,700.63,4,Credit Card,2025-10-15,7,4.4
ORD103329,CUS1916,John Beard,New Timothytown,Home,493.38,4,UPI,2025-10-31,2,3.3
ORD103330,CUS9337,Krystal Nichols,West Angela,Home,621.5,4,UPI,2025-01-19,1,2.8
ORD103331,CUS6952,Adrian Campos,South Robert,Sports,3751.26,2,Credit Card,2025-06-22,1,1.0
ORD103332,CUS8523,Thomas Williams,Cookborough,Clothing,4532.57,5,Debit Card,2025-10-28,2,1.5
ORD103333,CUS8417,Chad Dougherty,Yoderbury,Sports,2628.18,4,Debit Card,2025-08-22,7,3.7
ORD103334,CUS4651,Deborah Morrison,Joymouth,Beauty,3049.65,1,Net Banking,2024-03-28,7,2.7
ORD103335,CUS8404,Robert Schultz,Lauraport,electronics,4405.36,3,Credit Card,2024-06-23,7,2.2
ORD103336,CUS8268,Angela Delgado,Cartertown,Books,4072.36,2,UPI,2024-08-08,3,
ORD103337,CUS2097,Jonathan Conway,New Melissashire,Home,3758.85,2,Cash on Delivery,2025-04-14,6,4.5
ORD103338,CUS4876,Jennifer Jacobson,Christophertown,Books,3642.86,3,Net Banking,2024-12-19,7,3.7
ORD103339,CUS1187,Brandon Foster,Lindseyport,Clothing,3378.01,2,Credit Card,2024-07-27,3,2.7
ORD103340,CUS1376,Laura Ramirez,Port Rachel,Books,2977.53,4,Debit Card,2024-03-23,5,4.3
ORD103341,CUS9416,Amanda Tucker,North Evelyn,Clothing,627.54,5,Debit Card,2024-12-16,4,2.5
ORD103342,CUS1921,Katherine Santiago,East Michael,Electronics,1049.49,5,Debit Card,2024-06-01,5,2.7
ORD103343,CUS2298,Christina Hooper,North Amanda,Electronics,1781.22,1,Credit Card,2025-10-22,5,5.0
ORD103344,CUS1336,Victoria Martin,Gomezview,Clothing,4617.21,5,Cash on Delivery,2024-06-27,3,4.0
ORD103345,CUS3257,Christian Chase,West Jason,Home,4856.73,4,UPI,2024-06-06,5,3.3
ORD103346,CUS3088,Marissa Powers,Henryborough,Home,1041.77,3,Debit Card,2025-10-13,4,2.1
ORD103347,CUS1147,Rhonda Moore,Lake Coreyville,Sports,3713.36,3,Cash on Delivery,2025-03-18,7,3.7
ORD103348,CUS1916,Alyssa Brown,Jonesburgh,Books,1846.47,5,Cash on Delivery,2024-03-21,5,2.0
ORD103349,CUS5201,Kimberly Johnson,Kaylabury,Electronics,2307.29,5,UPI,2025-12-18,7,2.9
ORD103350,CUS1784,Anthony Durham,Kramerport,Clothing,3871.24,3,Cash on Delivery,2024-12-15,6,3.8
ORD103351,CUS3097,Robert Mitchell,Andradeview,Home,4808.48,2,UPI,2025-02-07,5,1.2
ORD103352,CUS2544,Cody Shaw,Gonzalezbury,Electronics,4555.95,5,UPI,2025-06-23,1,2.0
ORD103353,CUS9496,Tricia Cobb,South Robert,Home,3505.18,4,Cash on Delivery,2024-12-19,6,2.8
ORD103354,CUS7441,Lynn Ramirez,Petersonmouth,electronics,1065.19,4,Credit Card,2025-07-02,6,3.4
ORD103355,CUS1456,Kelly Kline,South Kimberly,Clothing,728.31,3,Credit Card,2025-05-30,6,2.5
ORD103356,CUS9713,Teresa Baldwin,New Martha,Clothing,4352.6,2,UPI,2025-07-31,2,4.3
ORD103357,CUS8235,Sylvia Perez,South Leslieport,Books,1408.44,1,UPI,2024-09-02,5,1.4
ORD103358,CUS2155,Kathleen Hodge,East Adrianaberg,Electronics,889.86,2,Credit Card,2025-07-05,1,2.4
ORD103359,CUS4424,Charles Levy,Port Jose,Beauty,3375.83,2,UPI,2025-02-15,2,4.0
ORD103360,CUS1710,Jodi Porter,Brettshire,Beauty,665.07,1,Credit Card,2024-12-13,3,4.5
ORD103361,CUS6803,Michelle Young,West Evan,Clothing,1264.33,3,Credit Card,2025-05-02,4,4.6
ORD103362,CUS7757,Paul Clark,Charlesport,Sports,1947.02,2,Cash on Delivery,2024-12-18,7,2.4
ORD103363,CUS5139,Cory Moore,West Patrickstad,Home,4962.32,3,UPI,2025-01-21,3,2.4
ORD103364,CUS4431,Jennifer Marquez,Lisashire,Clothing,2289.53,4,Credit Card,2024-06-08,1,1.9
ORD103365,CUS8084,Melissa Meza,New Jenniferport,Home,2901.03,5,Cash on Delivery,2024-05-14,3,4.8
ORD103366,CUS8148,Erin Hansen,Tylerborough,Electronics,4725.53,4,UPI,2024-03-23,3,2.1
ORD103367,CUS7283,Nicole Smith,East Elizabeth,Home,1873.42,5,UPI,2025-03-07,4,4.5
ORD103368,CUS8395,Edward Watson,New Miguelbury,Sports,1689.84,3,Debit Card,2025-06-14,3,4.1
ORD103369,CUS3376,,Lake Carlos,Beauty,1591.53,4,Credit Card,2024-11-05,4,2.8
ORD103370,CUS7293,Shawn Jackson,Campbellstad,Home,2753.84,5,Cash on Delivery,2024-04-29,7,3.0
ORD103371,CUS8216,Rachel Becker,Kellyville,Electronics,610.65,4,Credit Card,2025-06-19,7,1.5
ORD103372,CUS2992,Megan Thompson,East Jacqueline,Beauty,2196.85,5,Debit Card,2025-12-24,5,3.1
ORD103373,CUS7330,Kendra Shea,Clarktown,Books,538.6,5,Credit Card,2025-04-02,3,4.2
ORD103374,CUS4666,Joshua Morton,Smithstad,Sports,4638.1,4,Credit Card,2025-06-07,4,1.1
ORD103375,CUS8485,Patricia Cooper,New Alexandraville,Electronics,1844.37,2,Debit Card,2025-03-23,7,
ORD103376,CUS4064,Timothy Richardson,South April,Sports,944.06,1,UPI,2024-03-28,2,2.1
ORD103377,CUS3305,,Lake Mark,Sports,2654.35,2,Net Banking,2025-09-24,6,2.4
ORD103378,CUS7441,Laura Hampton,Harrisland,Sports,3789.12,2,Debit Card,2024-06-28,2,1.5
ORD103379,CUS7394,Thomas Greene,Port Nichole,Beauty,1640.3,3,Credit Card,2024-04-01,2,1.9
ORD103380,CUS8446,Andrea Mueller,Sarahtown,Clothing,2478.7,5,Cash on Delivery,2025-09-24,5,4.8
ORD103381,CUS2105,Christopher Browning,New Johnburgh,Sports,1086.76,4,Cash on Delivery,2024-08-23,6,4.9
ORD103382,CUS1481,Elizabeth Francis,East Hannah,Electronics,2162.66,1,Credit Card,2025-11-25,2,1.7
ORD103383,CUS8923,Gina Sheppard,Thompsonland,Electronics,2165.7,2,Debit Card,2025-08-16,6,4.7
ORD103384,CUS2642,Ashley Moreno,Norrismouth,Beauty,2143.99,3,Cash on Delivery,2025-06-14,4,4.3
ORD103385,CUS4256,Michael Curtis,Debraport,Sports,186.16,1,UPI,2026-01-01,7,1.0
ORD103386,CUS6627,Steven White,Lake Deanborough,Clothing,360.18,5,UPI,2024-05-21,5,3.7
ORD103387,CUS3101,Patrick Bailey,Danielleborough,Home,675.36,1,Debit Card,2025-11-02,5,2.3
ORD103388,CUS2025,Ian Kennedy,East Andrewfort,Books,2185.27,2,Cash on Delivery,2025-07-20,6,1.1
ORD103389,CUS9586,Marcus Neal,Port Andrewshire,Beauty,2065.04,1,UPI,2025-03-20,3,1.8
ORD103390,CUS1629,Tina Wilkinson,Lake Lisastad,Clothing,2798.1,1,Credit Card,2024-04-20,3,3.6
ORD103391,CUS6849,Barbara Abbott,Palmerbury,Electronics,1147.76,3,Debit Card,2025-11-08,7,2.5
ORD103392,CUS7538,Michelle Curtis,Port Bryanshire,Clothing,4009.54,3,Credit Card,2024-09-04,1,1.2
ORD103393,CUS3045,Lisa Small MD,Kaylachester,Clothing,3826.42,3,UPI,2025-07-13,4,1.5
ORD103394,CUS9524,Danielle Garner,Port Taylor,Books,2084.59,4,Cash on Delivery,2025-06-07,5,3.9
ORD103395,CUS1697,Nicholas Clark,Ashleyview,Beauty,303.52,1,UPI,2024-05-17,3,2.4
ORD103396,CUS6249,Jerome Robinson,Brentport,Beauty,3799.85,5,Credit Card,2026-01-11,3,1.9
ORD103397,CUS9931,Andrea Roth,North Michael,Clothing,2444.06,3,Credit Card,2025-09-08,7,4.5
ORD103398,CUS1865,Michael Mays,Robinsonberg,Beauty,3630.49,4,Cash on Delivery,2024-12-26,1,
ORD103399,CUS8603,Wanda Mcdonald,Raymondbury,Books,3958.78,5,Credit Card,2024-03-14,3,2.9
ORD103400,CUS8052,Michael Aguirre,East Meganland,Sports,3269.7,2,Debit Card,2025-02-12,5,5.0
ORD103401,CUS7094,Alexander Pierce,New James,Beauty,206.35,2,Cash on Delivery,2025-11-09,6,5.0
ORD103402,CUS7675,,Hannaberg,Beauty,1528.81,5,Debit Card,2025-07-30,7,
ORD103403,CUS4544,Tammy Howe,Annaville,Beauty,3657.71,4,Net Banking,2024-04-22,3,2.4
ORD103404,CUS6325,Melissa Williams,Lake Dianeland,Clothing,4888.27,4,Net Banking,2025-04-07,1,4.7
ORD103405,CUS8166,,Port Carlosstad,Home,3516.97,4,Cash on Delivery,2024-08-10,1,2.5
ORD103406,CUS2937,Wyatt Davis,Lake Nicholasburgh,Books,2928.3,5,Net Banking,2026-01-30,2,1.4
ORD103407,CUS8440,Heather Nichols,Howardburgh,Electronics,4404.63,1,UPI,2025-09-25,7,2.1
ORD103408,CUS7535,Jonathan Simmons,Christinabury,Sports,220.71,5,Debit Card,2024-09-02,1,2.5
ORD103409,CUS8239,Melanie Branch,North Jonathanside,Home,4340.6,3,Cash on Delivery,2026-01-20,6,1.3
ORD103410,CUS8456,Paula Ochoa,East Jeffmouth,Books,2007.53,1,Debit Card,2025-01-05,4,4.0
ORD103411,CUS9184,Dr. Paula Hughes,North Hannah,Electronics,499.89,2,Credit Card,2025-03-26,6,
ORD103412,CUS2151,Kayla Martinez,North Amy,Home,3212.76,5,UPI,2024-06-14,1,2.1
ORD103413,CUS8448,,New Natalie,Electronics,1981.07,2,UPI,2024-04-04,4,1.6
ORD103414,CUS4884,Sally Barry,Brooksbury,Home,960.9,5,Debit Card,2025-02-08,4,2.8
ORD103415,CUS9783,Robert Lopez,Hernandezport,Home,4094.84,4,Credit Card,2024-04-26,5,2.5
ORD103416,CUS3700,Timothy Mccoy,Jenniferstad,Home,4968.7,2,Cash on Delivery,2024-05-22,5,4.1
ORD103417,CUS1564,Peter Gilbert,Ramirezburgh,Sports,802.29,1,Cash on Delivery,2025-11-17,3,1.9
ORD103418,CUS7232,Robert Fowler,Port Tracymouth,Electronics,1259.62,4,Cash on Delivery,2024-05-13,2,3.2
ORD103419,CUS7421,Taylor Ruiz,Lake Katieville,electronics,2998.57,2,Cash on Delivery,2025-10-05,1,2.5
ORD103420,CUS4985,Patricia Gonzalez,Lorifurt,Electronics,1666.57,4,Debit Card,2025-04-04,6,3.8
ORD103421,CUS4606,,Port Amberfurt,Electronics,1869.54,1,Debit Card,2025-04-30,3,3.7
ORD103422,CUS2613,Lisa Morris,Lauraberg,Home,3884.95,4,Cash on Delivery,2026-03-04,4,1.6
ORD103423,CUS3436,Gabrielle Cook,Port Stephenborough,Home,3400.87,3,Credit Card,2026-01-21,4,1.7
ORD103424,CUS6083,Melissa Walsh,Jeremyfurt,Clothing,392.26,4,Cash on Delivery,2026-01-30,7,3.2
ORD103425,CUS6779,Gregory Davis,Staffordville,Sports,2954.41,2,Cash on Delivery,2025-05-05,3,5.0
ORD103426,CUS5313,Jason Miller,Davidbury,Books,1555.77,1,Cash on Delivery,2026-03-08,2,4.5
ORD103427,CUS3004,,Rebeccaview,Home,1170.15,2,Cash on Delivery,2024-03-31,7,4.1
ORD103428,CUS8011,Amy Andrade,South Kristen,Electronics,4022.61,4,Cash on Delivery,2025-05-19,2,1.9
ORD103429,CUS2327,Jennifer Gardner,West Jeffreyberg,Electronics,1929.53,1,Debit Card,2024-11-17,1,4.0
ORD103430,CUS4613,Pamela Merritt,West Steven,Home,2684.57,2,UPI,2025-09-28,7,1.1
ORD103431,CUS6951,,Port Brittanyhaven,Sports,2206.19,2,Net Banking,2024-03-29,5,2.8
ORD103432,CUS4556,Kristen Reid,Stephanietown,Clothing,4370.26,4,Net Banking,2025-07-25,2,2.4
ORD103433,CUS7487,Joshua Baker,Webbshire,Beauty,859.29,2,Net Banking,2025-07-04,3,5.0
ORD103434,CUS6711,Ian Peterson,Pamelahaven,Home,3724.61,1,Debit Card,2025-06-10,1,1.8
ORD103435,CUS1386,Lisa Daugherty,New Sierra,Home,933.08,4,Cash on Delivery,2025-12-08,1,1.9
ORD103436,CUS4102,David Huynh,Galvanhaven,Books,641.98,1,UPI,2026-02-07,4,1.7
ORD103437,CUS5457,Marissa Torres,Katelynshire,electronics,4259.47,5,UPI,2025-11-05,1,1.4
ORD103438,CUS2096,Shannon Lewis,North Justin,Books,3055.54,1,Net Banking,2024-09-11,6,4.9
ORD103439,CUS3104,Carol Alvarez,Brendachester,Beauty,1193.62,4,Cash on Delivery,2026-03-01,6,4.2
ORD103440,CUS6097,Barbara Wilson,North Stevenmouth,Electronics,2394.3,1,Net Banking,2025-08-16,4,3.6
ORD103441,CUS7058,,Port Sean,Beauty,1744.3,3,Credit Card,2025-02-02,6,1.8
ORD103442,CUS4407,Damon Jennings,Lake Glennview,Home,2452.99,1,Debit Card,2025-04-30,7,
ORD103443,CUS6443,Vicki Richardson,Rogersside,Electronics,3681.54,2,Net Banking,2025-02-05,3,3.6
ORD103444,CUS6203,Emily Madden,Rachelstad,Home,2501.58,1,Net Banking,2025-08-23,6,3.6
ORD103445,CUS6289,Lydia Zimmerman,West Molly,Electronics,809.03,5,UPI,2024-11-22,2,2.5
ORD103446,CUS2056,John Gates,South Timothyhaven,Clothing,2529.14,3,Credit Card,2024-04-07,4,1.8
ORD103447,CUS1937,Mark Thompson,Russellport,Sports,3149.83,5,Debit Card,2026-02-20,6,
ORD103448,CUS9146,Emily Barnes,Lake Jerryberg,Electronics,164.55,1,Cash on Delivery,2025-08-09,1,3.1
ORD103449,CUS1589,Jorge Cisneros,North Russell,Beauty,2551.11,2,Credit Card,2025-11-12,5,1.1
ORD103450,CUS2362,Jeanette Garcia,Scottshire,Home,729.85,4,Debit Card,2024-06-13,6,1.9
ORD103451,CUS4623,Zachary Kramer,Rodgersstad,Electronics,2825.25,3,Cash on Delivery,2025-02-16,4,2.6
ORD103452,CUS7404,Allen Sanchez,East Dustinton,Home,2162.46,4,UPI,2024-11-06,7,1.7
ORD103453,CUS2064,William Thomas,Huntmouth,Clothing,2390.14,5,Debit Card,2025-01-29,3,1.5
ORD103454,CUS3772,Jonathan Campos,Amyhaven,electronics,562.53,1,Credit Card,2025-08-07,1,2.3
ORD103455,CUS9153,Chad Church,Thompsonview,Books,3401.69,5,Debit Card,2024-05-31,6,3.6
ORD103456,CUS8701,Jennifer Wright,Michaelbury,Clothing,2927.65,3,Debit Card,2025-05-17,5,2.7
ORD103457,CUS7868,Sara Frank,Sandratown,Books,3103.13,5,Credit Card,2024-04-28,1,4.9
ORD103458,CUS1014,Roger Ross,Valeriemouth,Sports,4420.84,4,Debit Card,2024-12-28,4,4.9
ORD103459,CUS6714,Colleen Peterson,Johnsontown,Books,2366.3,5,Cash on Delivery,2024-07-12,7,1.8
ORD103460,CUS2835,Anthony Garcia,North Cindy,Clothing,1393.28,5,Credit Card,2025-12-23,7,1.8
ORD103461,CUS8692,Kendra Todd,East Carloschester,Books,2378.25,5,Credit Card,2025-08-07,2,5.0
ORD103462,CUS6302,,Goodwinchester,Beauty,2380.3,5,Debit Card,2025-03-28,6,3.7
ORD103463,CUS3432,Heather Perry,Joyceland,Home,3910.9,5,Credit Card,2025-07-17,6,
ORD103464,CUS2830,Jonathan Johnson,Serranoshire,Clothing,3970.71,3,Credit Card,2025-10-13,2,3.7
ORD103465,CUS9729,Mary Thompson,New Justin,Beauty,1779.19,2,Credit Card,2025-11-29,4,4.3
ORD103466,CUS8058,Casey Velez,Port Kathrynstad,Beauty,2447.45,3,Cash on Delivery,2024-11-16,1,2.4
ORD103467,CUS8076,Miss Heather Reyes,Alvaradoberg,Beauty,4919.6,3,UPI,2024-10-05,7,1.7
ORD103468,CUS1743,Dr. Jill Reed,West Lindsayville,Sports,149.32,1,Cash on Delivery,2026-03-10,7,1.1
ORD103469,CUS4232,Andrea Clark,Port Sandrafort,Clothing,4586.84,3,UPI,2024-11-04,7,2.8
ORD103470,CUS4727,Ian Warren,New Michelle,Beauty,3668.69,3,UPI,2024-12-14,4,4.2
ORD103471,CUS9896,James Quinn,New Heather,Beauty,4895.91,2,Debit Card,2026-01-02,5,3.4
ORD103472,CUS7364,Angel Nunez,Port Joseph,Home,3776.82,3,Net Banking,2024-06-10,6,3.3
ORD103473,CUS6260,Richard Wilkinson,Smithburgh,Sports,4112.61,3,UPI,2025-01-01,7,2.9
ORD103474,CUS6501,Stephen Stewart,Lake Christinatown,Beauty,1526.68,5,Debit Card,2025-05-11,2,1.3
ORD103475,CUS2817,Emily Arellano,Johnsonfurt,Beauty,2679.09,5,Debit Card,2024-12-10,4,3.7
ORD103476,CUS9647,Joseph Jordan,Perrymouth,Clothing,636.37,1,Credit Card,2024-11-13,1,
ORD103477,CUS7853,Sophia Craig,North William,Electronics,200.57,1,Debit Card,2026-01-06,7,2.4
ORD103478,CUS5843,Ruth Johnson,Port Heather,Books,2239.85,4,Debit Card,2025-06-29,3,2.2
ORD103479,CUS7488,Ann Lopez,Oliverhaven,Clothing,1201.41,5,Cash on Delivery,2026-02-05,6,1.8
ORD103480,CUS3604,Jacob Hicks,Trevorville,Beauty,4148.01,5,Cash on Delivery,2024-10-22,2,3.5
ORD103481,CUS5728,Scott Wood,North Jameston,Books,4352.85,4,Cash on Delivery,2024-11-26,4,1.6
ORD103482,CUS5134,Melissa Monroe,Travisburgh,Beauty,1036.98,4,Debit Card,2026-03-01,3,3.3
ORD103483,CUS8336,Kelly Adkins,North Joshua,Books,4346.56,5,Credit Card,2024-05-21,5,1.1
ORD103484,CUS9644,Cynthia Ochoa,Johnsonview,Clothing,4656.94,4,Net Banking,2026-02-07,5,4.2
ORD103485,CUS2806,William Rose,South Derekberg,Books,907.73,2,UPI,2024-09-08,4,4.9
ORD103486,CUS2966,Rachel Jones,Deanborough,Sports,2137.12,5,UPI,2024-09-25,3,3.5
ORD103487,CUS8942,Stephanie Marquez,Jamesmouth,Clothing,4753.91,3,Credit Card,2025-02-20,3,3.2
ORD103488,CUS9859,Whitney Thomas,New Maryhaven,Clothing,3501.32,5,Cash on Delivery,2025-10-30,6,4.4
ORD103489,CUS8632,Carl Hansen,Scottland,Electronics,3337.16,2,Debit Card,2024-05-19,4,1.7
ORD103490,CUS2789,Jeffrey Sandoval,South Samuelhaven,Home,134.73,3,Debit Card,2024-05-02,1,3.2
ORD103491,CUS5184,,Ramseymouth,Clothing,4254.77,2,Debit Card,2025-05-06,2,3.6
ORD103492,CUS1374,April Duarte,Kevinport,Clothing,828.14,1,Debit Card,2025-05-11,6,3.6
ORD103493,CUS7380,Jeffrey Mcbride,Kellystad,Sports,4305.29,5,Net Banking,2024-09-23,5,4.8
ORD103494,CUS2697,Stephanie Peck,Wilsonville,Electronics,3490.03,1,UPI,2024-06-04,3,1.8
ORD103495,CUS8546,Jeffrey Vasquez,Hicksshire,Home,381.22,4,Cash on Delivery,2024-09-10,2,3.7
ORD103496,CUS9607,,New Marcusview,Electronics,1279.22,5,Net Banking,2025-01-12,7,1.2
ORD103497,CUS7138,Sandra Rios,South Sara,Clothing,4829.87,1,Debit Card,2025-03-15,2,1.8
ORD103498,CUS2848,Kimberly Hanson,Vaughantown,Sports,1097.21,2,Net Banking,2024-09-04,7,4.5
ORD103499,CUS1817,Amber Curtis,Robertborough,Beauty,544.47,1,Cash on Delivery,2025-06-16,1,3.0
ORD103500,CUS9692,Amanda Valencia,Andrewfurt,Beauty,330.81,2,UPI,2025-03-02,3,4.0
ORD103501,CUS8950,,Port Maryhaven,Clothing,2084.46,5,Debit Card,2026-01-14,5,4.5
ORD103502,CUS4679,,Calebport,Beauty,1738.91,3,Net Banking,2026-01-01,7,4.9
ORD103503,CUS1279,Kimberly Davis,West Jonathanburgh,Sports,4385.36,1,Debit Card,2024-10-30,7,4.4
ORD103504,CUS5747,Jennifer Mooney,North Rebecca,Beauty,4023.62,2,UPI,2024-10-13,3,4.0
ORD103505,CUS6509,James Drake,East Latoya,Sports,3106.23,3,Cash on Delivery,2025-10-06,4,
ORD103506,CUS4003,Courtney Williams,Griffintown,Electronics,2271.81,4,Credit Card,2024-04-25,4,4.3
ORD103507,CUS1294,Chad Stephens,Seanport,Clothing,2747.38,5,Credit Card,2024-09-08,7,3.4
ORD103508,CUS2449,James Walter,South Erin,Electronics,931.85,5,Credit Card,2025-03-04,6,3.2
ORD103509,CUS2475,Christopher Perry,West Todd,Beauty,3589.42,4,Cash on Delivery,2024-10-04,4,1.0
ORD103510,CUS7554,Joshua Robinson,Harrisville,Beauty,2219.15,5,Credit Card,2024-10-02,5,2.0
ORD103511,CUS5444,Lucas Hernandez,Kennethstad,Sports,4092.6,2,UPI,2024-11-09,6,2.0
ORD103512,CUS9541,Taylor Obrien,Tommyburgh,Sports,3142.79,3,UPI,2026-01-31,4,3.6
ORD103513,CUS3670,Alex Moore,West Brittanyshire,Electronics,4030.62,1,Credit Card,2025-05-12,7,3.7
ORD103514,CUS8415,David Davidson,Jenkinschester,Clothing,593.44,5,Net Banking,2024-09-01,5,4.0
ORD103515,CUS4043,Pamela Wilson,East Kevinborough,Home,2461.8,2,Credit Card,2025-09-29,6,2.8
ORD103516,CUS1548,Isaiah Brennan,West Gerald,Electronics,4614.54,5,Credit Card,2026-02-19,4,5.0
ORD103517,CUS1423,Matthew Vasquez,Wrightchester,Electronics,4299.14,1,Credit Card,2024-05-09,6,1.7
ORD103518,CUS9326,Julie Hall,West Ericfort,Beauty,4971.12,4,Debit Card,2024-05-11,4,1.4
ORD103519,CUS2930,Laurie Butler,Nancychester,electronics,4656.83,1,UPI,2026-03-09,7,4.7
ORD103520,CUS9375,Sonya Parsons,Tonytown,Electronics,1983.31,1,Credit Card,2024-06-03,3,3.3
ORD103521,CUS8074,Robin Parker,Robertview,Sports,3500.28,4,Debit Card,2026-01-27,3,3.6
ORD103522,CUS6267,Timothy Miller,North Eric,Beauty,3083.42,1,Net Banking,2025-10-20,2,4.5
ORD103523,CUS5485,Tonya Wells,Bryantown,Electronics,4694.51,4,Debit Card,2024-03-10,1,1.2
ORD103524,CUS3885,Richard Marshall,Yolandabury,Home,3521.14,3,UPI,2025-12-15,5,1.1
ORD103525,CUS3250,Shannon Clark,Lovehaven,Electronics,1221.55,4,Debit Card,2024-05-30,6,4.3
ORD103526,CUS4479,Brooke Schultz,Josephmouth,Books,1957.78,2,Credit Card,2024-11-01,7,3.5
ORD103527,CUS6968,Kathleen Fernandez,Goodmanshire,Beauty,3923.49,1,UPI,2024-10-19,4,2.3
ORD103528,CUS5764,Karen Johnson,East Andrew,Books,4715.3,4,Credit Card,2025-11-20,1,3.2
ORD103529,CUS6051,Dean Grant,Jordanview,Sports,3073.83,5,Cash on Delivery,2025-05-06,4,2.4
ORD103530,CUS5466,Matthew Williams,Lake Mary,Books,3884.89,2,Net Banking,2025-07-14,3,3.4
ORD103531,CUS9471,Kevin Humphrey,Martinfort,Home,3310.98,3,Credit Card,2024-10-06,1,1.9
ORD103532,CUS9367,John Wagner,East Lisamouth,Beauty,3014.3,2,Cash on Delivery,2024-08-24,3,1.8
ORD103533,CUS7412,Carla Villegas,South Heatherchester,Clothing,254.08,3,Cash on Delivery,2026-01-05,2,3.1
ORD103534,CUS8376,Gina Lloyd,North Deanna,Clothing,2640.62,5,UPI,2024-05-17,4,4.0
ORD103535,CUS6346,Bryan Johnson MD,Robinfurt,Clothing,1122.75,4,Cash on Delivery,2024-05-06,5,4.6
ORD103536,CUS6520,Eric Johnson,Riostown,Electronics,292.79,1,Cash on Delivery,2024-12-24,2,1.5
ORD103537,CUS8071,Deborah Hall,Gillshire,Home,4110.13,1,Cash on Delivery,2025-07-16,1,
ORD103538,CUS3965,Shaun Pugh,Aaronburgh,Home,4386.23,1,Credit Card,2024-05-28,6,1.3
ORD103539,CUS7626,Michelle Simpson,Youngton,Electronics,3693.84,4,Debit Card,2025-09-06,6,2.0
ORD103540,CUS2744,Alison Lee,Robertstad,Beauty,2928.22,1,Net Banking,2025-01-09,2,1.4
ORD103541,CUS6626,Renee Davis,Kruegerton,Books,151.88,4,Debit Card,2025-12-28,6,1.0
ORD103542,CUS6147,Ronald Gonzalez MD,West Kimberlyville,Sports,2547.46,3,Cash on Delivery,2025-09-15,6,2.7
ORD103543,CUS9298,Jorge Cowan,Micheleville,Clothing,2969.46,1,UPI,2025-01-30,3,4.5
ORD103544,CUS7340,Laura Greene,Timothyborough,Beauty,101.97,2,UPI,2026-03-06,4,2.9
ORD103545,CUS5134,Christina Guerra,Lloydchester,Sports,2484.3,5,Debit Card,2026-01-27,6,3.7
ORD103546,CUS8948,Charles Gillespie,Mcdonaldburgh,electronics,3377.74,3,Credit Card,2024-03-31,3,2.2
ORD103547,CUS8423,Susan Ferguson,Wongbury,Home,3567.24,5,Cash on Delivery,2025-09-16,1,1.2
ORD103548,CUS5105,Reginald Bender,Sancheztown,Clothing,3131.72,2,Cash on Delivery,2024-08-05,6,1.9
ORD103549,CUS1102,Mikayla Brown,West Anthony,Sports,4478.98,4,UPI,2024-03-27,2,3.6
ORD103550,CUS6928,Jonathan Berg,Gloverton,Books,1706.5,3,Cash on Delivery,2025-12-05,6,4.5
ORD103551,CUS7087,Stephanie King,Lake Joseph,Books,3687.89,4,Net Banking,2024-11-22,1,1.6
ORD103552,CUS3596,Justin Villanueva,Paigeville,Books,3388.41,3,Credit Card,2025-02-07,1,3.2
ORD103553,CUS7667,,Hayestown,Clothing,4644.6,4,Net Banking,2025-02-13,4,4.6
ORD103554,CUS5556,Kenneth Solomon,Avilabury,Beauty,2513.09,2,Debit Card,2025-02-18,3,1.7
ORD103555,CUS6308,Robert Johnson,North Mary,Electronics,2172.85,2,Cash on Delivery,2025-02-26,7,2.9
ORD103556,CUS3545,Tara Sims,Daniellemouth,Beauty,3849.58,5,Credit Card,2024-08-09,7,3.3
ORD103557,CUS4290,Jared Newton Jr.,Smithberg,Home,3790.17,3,Debit Card,2025-01-02,2,1.7
ORD103558,CUS4111,Daniel Jones,Patriciaside,Home,4579.84,4,Cash on Delivery,2026-01-07,1,3.3
ORD103559,CUS1752,Jeffrey Ortiz,Isabelburgh,Beauty,4645.95,1,UPI,2024-06-14,1,3.8
ORD103560,CUS7093,Daniel Williams,Aaronhaven,Books,352.62,1,Cash on Delivery,2025-03-05,3,3.2
ORD103561,CUS4532,Craig Conley,East Christopher,Home,1351.53,4,Cash on Delivery,2024-05-30,6,2.6
ORD103562,CUS4123,Jose Harrison,North Davidside,Sports,2227.86,3,Cash on Delivery,2025-06-03,1,2.3
ORD103563,CUS9380,Sonia Parks,Lake Kimberlyland,Clothing,300.88,3,Cash on Delivery,2025-08-18,5,1.7
ORD103564,CUS7703,Amy Wright,West Shawn,Beauty,2853.17,3,UPI,2024-03-31,5,3.1
ORD103565,CUS4797,Jay Gonzalez,Lake Michaelland,Home,2435.43,2,Debit Card,2025-07-14,3,4.7
ORD103566,CUS1291,Megan Jones,Hillhaven,Books,4124.02,2,UPI,2025-12-27,2,3.5
ORD103567,CUS5045,James Estes,Lake Angela,Books,963.54,1,UPI,2025-12-03,4,3.6
ORD103568,CUS9547,Kenneth Jackson,Michaelbury,Electronics,347.31,1,Cash on Delivery,2025-05-15,1,1.4
ORD103569,CUS4840,Michael Riley,East Alyssa,Sports,2708.56,5,Net Banking,2024-05-15,5,
ORD103570,CUS3363,Paul Willis,North Anthonyburgh,Books,3384.94,2,Cash on Delivery,2025-08-18,7,2.7
ORD103571,CUS9912,Joshua Gordon,West Tiffanyhaven,Sports,3839.8,2,Net Banking,2024-08-07,5,5.0
ORD103572,CUS7287,Gavin Phillips,Rachelport,Home,2562.48,5,Net Banking,2025-12-23,1,4.2
ORD103573,CUS8654,Natalie Miller,South Todd,Sports,3760.04,1,Credit Card,2025-07-18,1,2.6
ORD103574,CUS4710,Adam Orozco,Cynthiamouth,Beauty,2378.73,3,Debit Card,2024-05-04,7,2.6
ORD103575,CUS4035,Mark Kim,New Valerie,Sports,2032.11,5,Cash on Delivery,2025-10-19,7,4.6
ORD103576,CUS7579,Nicholas Weeks,Lake Michael,Sports,2130.76,4,UPI,2024-05-30,7,4.8
ORD103577,CUS4948,Jeffrey Peck,New Jessica,Electronics,2766.82,2,Debit Card,2024-05-02,1,2.0
ORD103578,CUS7466,Marie Reyes,South Amyton,Beauty,4082.25,4,Cash on Delivery,2024-07-19,4,3.1
ORD103579,CUS6151,Mr. Charles Mitchell,Lake Christina,Beauty,3100.56,3,Debit Card,2024-08-10,2,4.6
ORD103580,CUS7716,Judy Foster,Gloriaville,Books,3360.51,3,Credit Card,2024-12-09,1,
ORD103581,CUS4832,Katherine Russell,Lake Pamelatown,Home,179.19,2,Cash on Delivery,2024-03-24,6,1.6
ORD103582,CUS7563,Chelsea Harvey,New Tonyaburgh,Clothing,1358.61,4,UPI,2025-11-26,6,1.4
ORD103583,CUS4098,Cameron Price,Port Randallborough,Sports,526.91,3,Net Banking,2024-03-16,4,2.2
ORD103584,CUS8628,Emily Smith,Matthewston,Clothing,392.73,3,Credit Card,2025-04-15,1,1.7
ORD103585,CUS2475,Nicole Cunningham,East Justinchester,Home,155.02,5,Debit Card,2025-12-31,4,1.7
ORD103586,CUS4125,Elizabeth Huerta,Karenland,Home,2836.82,1,Net Banking,2025-03-22,7,3.0
ORD103587,CUS3243,Taylor Pennington,Clarkeberg,Books,573.23,4,Net Banking,2025-03-11,1,2.8
ORD103588,CUS9485,Jennifer Cox,Port Justin,Electronics,1031.63,4,UPI,2025-02-02,7,2.7
ORD103589,CUS2271,Darryl Rogers,New Alisonport,Books,1609.04,4,Debit Card,2025-11-15,5,3.1
ORD103590,CUS3635,Curtis Miller,Woodsfort,Beauty,840.35,5,Credit Card,2025-08-28,2,3.8
ORD103591,CUS3731,Jonathan Valencia,Lake Lynnmouth,Sports,4478.17,1,Debit Card,2024-10-27,1,4.6
ORD103592,CUS6589,Audrey Hampton,Leeville,Electronics,1461.85,5,Cash on Delivery,2025-08-02,7,4.8
ORD103593,CUS2762,Tamara Hunt,South Brooke,Sports,516.49,3,Debit Card,2026-02-06,3,3.4
ORD103594,CUS8073,Christina Peterson,Aarontown,Home,4110.15,1,UPI,2025-01-06,7,3.4
ORD103595,CUS4316,Jeffery Chang,Port Katherinestad,Electronics,1175.8,4,Cash on Delivery,2025-06-02,2,4.9
ORD103596,CUS6319,Sarah Crawford,Justinhaven,Beauty,2165.23,3,Cash on Delivery,2025-08-30,3,3.5
ORD103597,CUS6135,Brianna Mitchell,Port Brittany,Sports,2193.79,5,Net Banking,2024-04-06,6,
ORD103598,CUS5395,Paul Robinson,Lopeztown,Home,1584.53,2,Cash on Delivery,2025-07-30,5,3.2
ORD103599,CUS8733,Patrick Aguilar,Waltonfurt,Home,934.58,3,Net Banking,2024-07-20,1,4.7
ORD103600,CUS1420,Matthew Watson,South Carlamouth,Electronics,1767.2,1,Debit Card,2024-11-08,7,4.4
ORD103601,CUS5858,Michael Donaldson,Noahmouth,Electronics,710.69,2,Credit Card,2025-08-28,5,2.0
ORD103602,CUS5457,James Anderson,Henryfort,Home,334.05,2,Debit Card,2026-01-13,4,4.8
ORD103603,CUS3279,Kiara Porter,South Holly,Electronics,1115.59,4,Credit Card,2025-11-25,2,3.9
ORD103604,CUS3892,John Huff,Jamesport,Electronics,3934.87,3,Credit Card,2024-12-18,4,3.7
ORD103605,CUS8500,Caitlin Barrett,Lake Richard,Books,4265.07,3,UPI,2025-03-07,5,1.0
ORD103606,CUS7350,Brianna Bowman,South Lindsayview,Clothing,1463.15,5,Credit Card,2025-07-26,5,2.1
ORD103607,CUS7484,Patrick Campbell,East Alexis,Clothing,3775.89,1,Debit Card,2024-09-14,1,3.1
ORD103608,CUS5682,Michael Manning,Smithfort,Books,985.15,3,Cash on Delivery,2025-12-25,3,1.4
ORD103609,CUS5924,John Reeves,North Sarah,Electronics,3000.09,4,Net Banking,2025-01-26,1,2.3
ORD103610,CUS2176,Jacob Ellison,Diazland,Home,4756.4,1,UPI,2025-01-18,2,3.3
ORD103611,CUS9480,Angela Horton MD,Andersonberg,Books,2604.44,5,Cash on Delivery,2024-10-15,6,4.7
ORD103612,CUS4718,Parker Stafford,Port Kyle,Home,2261.81,3,Credit Card,2024-10-19,1,3.2
ORD103613,CUS4736,Debra Perry,Williamberg,Beauty,692.98,3,Cash on Delivery,2025-09-25,1,1.1
ORD103614,CUS9685,Ryan Rodriguez,East Reginaville,Electronics,3797.95,1,Credit Card,2024-09-05,1,2.1
ORD103615,CUS4334,Rachel Morton,Lake John,Clothing,3878.08,3,Credit Card,2025-06-21,6,2.3
ORD103616,CUS9642,Robert Peck,Port Jessica,Clothing,815.03,3,Debit Card,2025-02-17,3,2.5
ORD103617,CUS6944,Robert Jones,Jonathanberg,Clothing,3156.41,4,Net Banking,2026-01-05,7,3.1
ORD103618,CUS8616,Samuel Johnson,Crawfordport,Electronics,815.61,1,Cash on Delivery,2025-09-15,4,1.3
ORD103619,CUS8442,Cheryl Johnson,East Laurieview,Sports,1244.18,4,Credit Card,2025-02-27,4,2.4
ORD103620,CUS8927,Mark Johnson,New Ashleyberg,Books,432.31,2,Debit Card,2025-04-27,6,2.8
ORD103621,CUS5331,Kathryn Martin,Port Josephmouth,Clothing,3239.45,3,UPI,2024-03-19,3,4.7
ORD103622,CUS5743,Christopher Carpenter,Jameston,Home,4701.53,3,Debit Card,2024-10-13,3,2.0
ORD103623,CUS8531,Adriana Gonzalez,Leslieshire,Home,3778.06,4,Debit Card,2024-07-31,1,4.7
ORD103624,CUS4305,Angel Garcia,Toniside,Electronics,3320.1,1,Debit Card,2026-02-08,4,4.6
ORD103625,CUS6650,Matthew Brooks,Dianehaven,Electronics,4128.95,5,Cash on Delivery,2025-05-21,4,1.6
ORD103626,CUS2499,Ryan Romero,Chaseshire,Sports,4514.99,5,Credit Card,2024-04-03,2,2.9
ORD103627,CUS3616,Eric Ellis,East Mollyburgh,Sports,3383.8,3,UPI,2025-05-25,6,3.8
ORD103628,CUS7145,Jeremy Caldwell,North Zoe,Sports,1658.47,1,Debit Card,2024-12-05,7,3.9
ORD103629,CUS3926,Laura Hester,Baileyberg,Sports,4080.77,3,Credit Card,2024-03-19,5,2.5
ORD103630,CUS3409,Lisa Taylor,Markshire,Electronics,3925.32,5,Net Banking,2024-07-03,7,3.3
ORD103631,CUS3738,Lauren Sanchez,Wongtown,Sports,4112.25,5,Net Banking,2025-12-18,6,1.6
ORD103632,CUS5024,Howard Finley,North Aprilshire,Clothing,1898.62,3,UPI,2025-10-29,1,
ORD103633,CUS7842,Kaitlyn Russell,Gabrielstad,Home,3584.4,3,Debit Card,2025-05-13,3,2.9
ORD103634,CUS6480,Phyllis Adams,Annborough,Books,1633.46,4,Credit Card,2025-02-07,1,
ORD103635,CUS3558,Kristen Fuller,Port Allison,Books,792.64,5,Cash on Delivery,2024-06-11,5,2.5
ORD103636,CUS2645,Kimberly Jackson,Wileybury,Sports,4041.15,2,Net Banking,2025-06-08,4,
ORD103637,CUS7237,James Mcclain,Mitchellmouth,Books,3621.96,3,Net Banking,2024-11-17,3,4.2
ORD103638,CUS6298,Dean Boyd,Cuevaston,Electronics,4719.49,3,Net Banking,2024-05-12,2,4.6
ORD103639,CUS3404,Eric Brown,Kaylahaven,Sports,1147.57,1,Net Banking,2024-07-20,2,4.2
ORD103640,CUS3272,Colton Brown,Phillipsland,Books,4511.11,1,Credit Card,2025-03-22,6,2.2
ORD103641,CUS8302,Karen Heath,South Tiffanyfurt,Books,4335.52,5,Debit Card,2024-10-18,4,2.8
ORD103642,CUS7794,Erin James,Ortizberg,Sports,4932.61,4,Cash on Delivery,2025-02-14,4,2.5
ORD103643,CUS1426,Christopher Phillips,Jeanstad,Clothing,1062.89,1,Cash on Delivery,2026-03-09,3,2.1
ORD103644,CUS6527,Andrew Adkins,Alecchester,Sports,1457.41,4,Cash on Delivery,2025-02-26,7,3.4
ORD103645,CUS8349,Leah Perry,West Ericburgh,Beauty,3922.78,4,Debit Card,2025-10-01,3,3.9
ORD103646,CUS7228,Casey Nelson Jr.,Michellemouth,Books,3419.53,2,UPI,2025-07-14,5,3.0
ORD103647,CUS1466,Tony Sparks,Wrightton,Books,1380.47,3,Credit Card,2025-11-09,7,4.8
ORD103648,CUS6762,Carol Carter,West William,Home,4749.42,2,Cash on Delivery,2026-03-08,4,3.6
ORD103649,CUS4737,Jason Ball,North Ashleyside,Books,4211.99,4,Credit Card,2025-03-02,1,4.3
ORD103650,CUS5509,Denise King,New Codyville,Sports,3769.9,5,Credit Card,2026-02-07,4,2.2
ORD103651,CUS2172,,Stephenston,Books,3053.2,1,UPI,2025-01-20,7,
ORD103652,CUS7300,Elizabeth Whitaker,East Aaronton,Electronics,4262.83,5,Cash on Delivery,2025-09-19,2,4.8
ORD103653,CUS2108,Breanna Craig,Mccormickfurt,Sports,2462.81,5,Net Banking,2025-04-22,3,2.1
ORD103654,CUS8856,Paul Baker,South Michaelborough,Books,3120.13,3,Net Banking,2025-06-08,2,2.2
ORD103655,CUS1730,Jill Clark,South Nathan,Beauty,2492.74,2,Cash on Delivery,2024-03-13,4,2.0
ORD103656,CUS3219,Kenneth Mathews,Lake Derekhaven,Books,195.62,5,Credit Card,2025-02-06,1,2.2
ORD103657,CUS2871,Paul Thomas,West Denisemouth,electronics,3473.48,1,Credit Card,2024-12-10,4,2.9
ORD103658,CUS1553,William Cook,East Karafurt,Home,4715.29,5,UPI,2024-06-19,7,3.1
ORD103659,CUS9253,David Hanson,Ashleystad,Sports,963.65,2,Credit Card,2025-10-22,5,5.0
ORD103660,CUS6847,Matthew Franklin,Robertmouth,Books,1068.72,4,UPI,2025-09-15,5,2.4
ORD103661,CUS3799,Valerie Smith,East Tanya,Beauty,2612.0,5,Debit Card,2025-07-18,7,4.1
ORD103662,CUS9455,Stephanie Smith,South Frank,Sports,4406.98,3,UPI,2024-08-19,5,3.5
ORD103663,CUS5999,Christian Alvarez,New Paulside,Clothing,2880.5,1,Debit Card,2024-10-16,2,4.2
ORD103664,CUS1963,Lindsey Valenzuela,Lake Sharon,Books,964.39,5,Credit Card,2025-05-11,4,2.5
ORD103665,CUS4808,Bryan Mason,Wilsonton,Clothing,2575.69,5,Cash on Delivery,2025-10-29,2,1.9
ORD103666,CUS5834,Kimberly Miller,Grahamton,Beauty,2425.36,3,Net Banking,2024-08-16,2,4.3
ORD103667,CUS6027,Mary Herring,East Tabitha,Electronics,1000.76,2,UPI,2024-05-03,5,1.7
ORD103668,CUS5819,Greg Martin,Lawsonmouth,Beauty,387.45,1,Cash on Delivery,2024-04-18,6,3.8
ORD103669,CUS1133,Yolanda Jimenez,North Brandon,Electronics,3230.0,3,Cash on Delivery,2024-07-15,7,3.6
ORD103670,CUS2995,William Contreras,Lake David,Sports,381.27,3,Credit Card,2024-05-04,6,3.5
ORD103671,CUS8612,Peggy Fowler,Port Deborah,Home,2076.18,2,Net Banking,2024-10-20,6,3.7
ORD103672,CUS6431,Dylan Lara,Lake Elizabethchester,Sports,1664.83,2,UPI,2025-10-23,4,3.5
ORD103673,CUS3691,Brittany Pittman,Greeneview,Books,2259.11,4,Debit Card,2026-02-14,3,3.8
ORD103674,CUS5613,Heather Khan,Edwardton,Clothing,2980.87,4,UPI,2025-09-29,6,3.3
ORD103675,CUS6543,Mrs. Angela Lopez,North Brianport,electronics,3129.3,1,Credit Card,2024-03-23,4,1.5
ORD103676,CUS7832,William Brown,Grantberg,Home,3030.39,3,Cash on Delivery,2025-02-05,5,3.8
ORD103677,CUS4676,Nichole Edwards,Sonyaside,Clothing,4890.34,4,Debit Card,2025-02-27,1,4.5
ORD103678,CUS8498,Sandra Vega,Howellborough,Home,1989.9,5,Net Banking,2024-11-29,1,1.8
ORD103679,CUS6754,Daniel Griffith,South Devon,Electronics,3659.39,5,Debit Card,2024-03-14,4,
ORD103680,CUS3463,Michael Reed,Palmermouth,Home,583.35,4,Credit Card,2025-01-08,5,4.2
ORD103681,CUS9839,David Callahan,South Andrew,Home,2339.71,1,Cash on Delivery,2026-01-24,1,2.9
ORD103682,CUS6388,Harold Reyes,North Ryan,Electronics,1601.45,2,Credit Card,2024-11-27,1,4.2
ORD103683,CUS4734,Benjamin Payne,Kingburgh,Sports,134.41,5,Cash on Delivery,2024-09-22,2,2.7
ORD103684,CUS7828,Mr. Daniel Lynch,New Lindseystad,Electronics,889.89,3,Debit Card,2025-03-14,7,2.8
ORD103685,CUS6357,Gabriel Chen,Lake Bianca,Sports,4978.44,4,Net Banking,2024-09-21,5,
ORD103686,CUS9890,Jo Stewart,West Hollybury,Books,663.33,1,Cash on Delivery,2025-10-16,4,4.4
ORD103687,CUS3202,Jesse Tucker,New Michaelton,Sports,1168.51,3,UPI,2026-01-10,3,4.5
ORD103688,CUS1049,April Moore,Lake Charles,Books,4648.36,2,Cash on Delivery,2024-11-10,4,2.0
ORD103689,CUS3708,Richard Reyes,Emilymouth,Clothing,3667.14,3,Cash on Delivery,2025-06-14,4,3.0
ORD103690,CUS7955,Destiny Nelson,Gregoryside,Sports,951.87,1,Debit Card,2026-01-15,6,4.0
ORD103691,CUS3705,Tracy Taylor,Meltonmouth,Home,4762.86,4,Cash on Delivery,2024-06-12,7,2.9
ORD103692,CUS9864,Gabriel Rodriguez,Port Coreychester,Electronics,3887.41,5,Credit Card,2024-10-08,3,4.4
ORD103693,CUS5648,Karina Morris,Robertsonfurt,Sports,4595.08,5,Debit Card,2026-02-17,7,1.2
ORD103694,CUS8430,Jeffrey May,Robertborough,Electronics,1309.03,3,Debit Card,2025-12-28,1,4.8
ORD103695,CUS5560,Gregory Ramos,New Josetown,Electronics,1686.05,1,UPI,2025-08-21,5,1.9
ORD103696,CUS7103,Brian Rollins,Brendanside,Home,1389.52,2,Cash on Delivery,2025-05-23,2,2.1
ORD103697,CUS9309,Alexander Quinn,Duncanville,Sports,2865.89,1,Debit Card,2024-07-29,5,3.4
ORD103698,CUS9421,Ashley Park,West Julieberg,Beauty,2754.79,5,Net Banking,2024-05-13,2,4.5
ORD103699,CUS9736,Mario West,North Morgan,Electronics,4764.1,4,Credit Card,2024-10-06,5,2.7
ORD103700,CUS5985,Amanda Smith,New Michaelland,Electronics,451.65,4,Credit Card,2025-05-10,5,1.5
ORD103701,CUS2798,Kenneth Johnson,New Seanville,Home,1472.93,5,Debit Card,2025-05-21,3,3.0
ORD103702,CUS7573,Randy Turner,East Jason,electronics,859.73,5,Credit Card,2025-08-01,5,3.2
ORD103703,CUS7973,Brittany Fischer,Joshuaside,Beauty,2168.4,2,Cash on Delivery,2024-10-19,1,1.6
ORD103704,CUS6451,Dr. Richard Harris,Lake Scotthaven,Clothing,1097.27,4,Credit Card,2024-08-29,3,4.7
ORD103705,CUS4840,Sean Boone,Cameronport,Electronics,4082.03,4,UPI,2025-07-05,5,1.6
ORD103706,CUS6699,Michael Andrews,South Andrewville,Beauty,4473.92,2,Net Banking,2025-03-07,5,3.3
ORD103707,CUS1783,Danny Wilson,New Nicole,Home,1882.02,5,Debit Card,2024-12-08,3,3.2
ORD103708,CUS5595,Chelsea Donaldson,Michaelmouth,Electronics,723.74,2,Cash on Delivery,2025-05-06,6,4.2
ORD103709,CUS7142,Wayne Anderson,East Benjaminburgh,Books,2727.18,4,Cash on Delivery,2025-12-28,4,2.8
ORD103710,CUS1399,Daniel Aguilar,Jamesmouth,Books,1185.56,1,Credit Card,2025-06-12,7,1.4
ORD103711,CUS5607,Renee Quinn,Yatesville,Books,4386.4,3,Cash on Delivery,2024-10-29,6,2.5
ORD103712,CUS9001,Cynthia Perry,North Scott,Books,4015.44,1,UPI,2025-12-21,6,1.3
ORD103713,CUS9212,Paula Wallace,Port Ashleymouth,Sports,1636.76,2,Credit Card,2024-11-23,6,1.0
ORD103714,CUS2904,Kelly Ramsey,New Sarabury,Beauty,2419.61,5,UPI,2025-11-19,4,3.3
ORD103715,CUS1601,Emily Russell,Ayersport,Sports,4081.13,1,Credit Card,2024-07-12,5,4.0
ORD103716,CUS3495,Kenneth Trujillo,North Richardview,Clothing,2731.96,2,UPI,2025-10-15,3,3.3
ORD103717,CUS6997,William Johnson,Yuside,Home,2328.67,5,Debit Card,2025-12-10,1,4.3
ORD103718,CUS4991,David Harris,Wayneton,Books,705.11,1,UPI,2025-09-16,6,2.1
ORD103719,CUS8966,Christina Henderson,Cliffordside,Home,2189.18,4,UPI,2024-12-10,7,3.6
ORD103720,CUS3596,Taylor Warner,East William,Beauty,2015.27,3,Credit Card,2024-04-11,3,1.8
ORD103721,CUS8738,Tammy Mendoza,West Sierrastad,Sports,1282.74,1,Credit Card,2024-04-30,4,3.2
ORD103722,CUS9626,Kristin Juarez,Lake Bradleyfort,Beauty,3996.4,2,UPI,2024-10-18,2,4.4
ORD103723,CUS7122,Andre Hall,New Jenniferborough,Clothing,2068.08,1,Credit Card,2024-11-10,4,2.8
ORD103724,CUS3565,Ryan Sanchez,East Bradyfort,Home,3608.01,3,Debit Card,2024-06-15,7,1.2
ORD103725,CUS4920,Crystal Lewis,Tracyburgh,Home,173.64,1,Cash on Delivery,2024-04-21,3,2.2
ORD103726,CUS8933,Tyler Jones,North Jeffreyview,Electronics,3363.14,3,Cash on Delivery,2024-05-05,5,1.4
ORD103727,CUS8972,Edward Johnson,East Lisa,Electronics,142.63,3,Net Banking,2024-05-20,2,4.6
ORD103728,CUS3171,Lisa Green,Port Joseph,Beauty,2732.97,4,Cash on Delivery,2024-09-21,5,1.2
ORD103729,CUS8813,,Lopezbury,Books,2437.82,3,Net Banking,2024-05-06,5,
ORD103730,CUS3328,Jon Case,Port Saraport,Electronics,2376.5,5,Debit Card,2024-03-13,4,3.0
ORD103731,CUS1235,,West Kimberlybury,Beauty,2739.05,5,Cash on Delivery,2024-08-13,1,3.1
ORD103732,CUS6597,Ashley Evans,West Joel,Home,4122.03,5,Credit Card,2024-06-25,4,3.5
ORD103733,CUS4515,Kevin Williams,Aguilarport,Beauty,1055.5,1,Debit Card,2025-03-28,6,4.8
ORD103734,CUS2681,Molly Colon,North Paulastad,Clothing,747.8,5,Debit Card,2025-09-26,7,1.5
ORD103735,CUS2979,Stephanie Maldonado,East Jason,Beauty,2343.22,5,Net Banking,2024-07-27,5,3.0
ORD103736,CUS3820,Andrew Andersen,Kimberlymouth,Beauty,3728.15,1,Credit Card,2025-05-22,7,4.8
ORD103737,CUS6364,Ann Bradshaw,North Andrewville,Sports,1896.75,1,UPI,2025-01-21,5,3.7
ORD103738,CUS6576,Jessica Jones,Huertabury,Books,2387.22,4,UPI,2025-10-19,7,4.5
ORD103739,CUS8297,David Brewer,Grahamland,electronics,2941.04,5,Net Banking,2024-11-30,4,4.2
ORD103740,CUS2565,Stephanie Ramos,Glassmouth,Home,2507.88,5,Net Banking,2025-02-27,6,1.5
ORD103741,CUS1071,Gregory English,Hughesview,Clothing,144.05,5,Cash on Delivery,2025-06-12,4,1.0
ORD103742,CUS7510,James Watson,Jasonview,Beauty,1128.92,1,Debit Card,2024-03-31,4,
ORD103743,CUS6387,Valerie Brown,Johnview,Beauty,4488.81,5,Cash on Delivery,2026-03-07,3,2.2
ORD103744,CUS6201,Mrs. Kristin Ritter MD,Lake Monica,Sports,1017.56,2,Cash on Delivery,2026-02-15,4,4.0
ORD103745,CUS7205,Cassandra Lee,North Christinebury,Books,4952.14,2,Credit Card,2024-09-14,1,2.7
ORD103746,CUS5154,Angela Bailey,Jamesbury,Home,4775.93,5,Net Banking,2025-08-02,7,3.9
ORD103747,CUS2421,Amber Phillips,Birdburgh,Home,4581.37,4,Credit Card,2026-02-10,6,3.7
ORD103748,CUS1139,Kristen Vasquez,South Jennifer,Books,212.93,1,Cash on Delivery,2026-02-04,1,3.2
ORD103749,CUS1045,Tiffany Snow,North Alexander,Electronics,834.72,5,UPI,2025-08-01,5,4.4
ORD103750,CUS9371,Christine Peterson,West Justinshire,Home,3422.3,2,UPI,2026-01-16,7,4.7
ORD103751,CUS6674,Ashley Wilson,South Alyssa,Beauty,1963.89,4,Credit Card,2025-08-10,2,
ORD103752,CUS1257,,South Derek,Sports,1266.65,5,Net Banking,2025-11-22,5,3.2
ORD103753,CUS2417,Brenda Benitez,New Christianberg,Electronics,2130.6,1,Cash on Delivery,2025-09-28,2,1.9
ORD103754,CUS2203,Michael Collins,Morrisport,Books,2090.96,1,Credit Card,2025-12-15,2,2.4
ORD103755,CUS5705,Kathy Curtis,Lindamouth,Sports,379.4,2,Credit Card,2025-06-06,7,3.6
ORD103756,CUS9230,John Moore,West Brittanyside,Clothing,3240.4,4,Debit Card,2026-03-04,5,2.7
ORD103757,CUS2920,Kurt Terry,Hayeshaven,Home,2798.21,1,Debit Card,2024-06-08,3,1.8
ORD103758,CUS6628,Kenneth Ryan,Carloshaven,Home,3291.54,2,Debit Card,2025-09-10,4,1.7
ORD103759,CUS9868,Terry White MD,Patelshire,electronics,690.92,5,Cash on Delivery,2024-05-04,1,1.6
ORD103760,CUS1599,Kevin Webb,Robertfort,Books,4868.06,3,Cash on Delivery,2026-02-26,2,4.1
ORD103761,CUS1871,Joshua Brown,Rodriguezville,Clothing,3567.85,3,Debit Card,2025-01-30,4,4.1
ORD103762,CUS5041,Mr. Jacob Peterson PhD,Lisahaven,Sports,3446.76,5,Net Banking,2025-05-01,5,4.7
ORD103763,CUS7235,Erika Hansen,Lake Richardstad,Beauty,1328.09,4,Cash on Delivery,2024-11-26,3,2.7
ORD103764,CUS7900,Jennifer Smith,New Jason,Books,1880.37,2,Credit Card,2025-09-13,2,5.0
ORD103765,CUS1918,Erin Yang,Starkchester,electronics,1456.14,2,Debit Card,2024-05-27,2,1.5
ORD103766,CUS6534,Brendan Smith,Jamesberg,Sports,1746.46,3,UPI,2025-10-06,7,1.5
ORD103767,CUS2710,Ashley Garcia,South Jamesbury,Books,2292.01,1,Net Banking,2026-01-11,4,2.6
ORD103768,CUS1560,Doris Jordan,Melaniemouth,Home,3261.41,4,Net Banking,2025-03-13,4,1.2
ORD103769,CUS7185,Alexandria Harris,Danieltown,Electronics,2187.04,4,Debit Card,2024-10-24,7,4.5
ORD103770,CUS7958,George Johnson,Randallstad,electronics,2490.39,1,Net Banking,2024-06-14,1,1.7
ORD103771,CUS1885,Michael Cox,Gonzalezchester,Sports,3435.94,2,UPI,2025-08-08,4,4.4
ORD103772,CUS3392,Cassandra Raymond,West Nicoleland,Home,464.35,1,Debit Card,2024-08-29,1,4.8
ORD103773,CUS3054,Jason Jones,Port Mariaborough,Home,2234.17,1,Debit Card,2025-10-24,4,3.3
ORD103774,CUS8096,Christopher Richardson,Aprilberg,Sports,3527.15,4,Credit Card,2025-03-10,4,2.2
ORD103775,CUS2876,Theresa Mccarthy,Lake Veronicaside,Sports,4911.8,4,Debit Card,2025-04-03,6,3.9
ORD103776,CUS1231,Anthony Jones,New Melvinchester,Beauty,265.66,2,UPI,2025-09-08,3,1.4
ORD103777,CUS6086,Matthew Turner,Romanville,Books,2112.8,3,Credit Card,2025-06-10,7,4.6
ORD103778,CUS5236,Amanda Johnson,Stevenston,Home,2974.31,5,UPI,2025-02-04,7,1.6
ORD103779,CUS3295,Brandon Evans,Port Christineshire,Home,919.66,4,Credit Card,2024-08-17,3,3.5
ORD103780,CUS8202,Deborah Adkins,South Josephfort,Sports,1329.09,2,Cash on Delivery,2026-01-12,2,3.3
ORD103781,CUS7590,Micheal Donaldson,Marquezstad,Electronics,410.11,2,Cash on Delivery,2025-08-28,5,1.4
ORD103782,CUS8195,Robert Nguyen,Nicholsside,Clothing,1941.63,4,Net Banking,2024-05-19,5,1.9
ORD103783,CUS6344,Lauren Gray,Keithville,Home,887.65,4,Cash on Delivery,2025-10-24,6,1.5
ORD103784,CUS6507,Christina Thomas,Rhondahaven,Clothing,2440.32,4,UPI,2026-01-16,4,2.7
ORD103785,CUS7743,Vanessa Duran,Arthurshire,Clothing,4516.02,2,Credit Card,2024-06-16,6,
ORD103786,CUS8123,,Torreshaven,Electronics,2904.24,5,Net Banking,2025-10-23,6,3.3
ORD103787,CUS8665,Lindsey Thomas,Nicolefurt,Books,4747.49,3,Net Banking,2026-02-15,2,2.3
ORD103788,CUS3284,Christina Underwood,Stephanieton,Books,1895.61,4,Debit Card,2025-04-11,4,1.4
ORD103789,CUS6883,Emily Fitzgerald,Juarezville,Home,1679.25,2,UPI,2024-07-26,5,2.4
ORD103790,CUS8521,Sarah Jones,East David,Beauty,3752.59,2,Debit Card,2024-12-19,6,3.5
ORD103791,CUS7579,Paula Cochran,New Ryanton,Beauty,2818.89,1,Cash on Delivery,2026-01-15,1,1.2
ORD103792,CUS2206,Theresa Wells,Vaughnburgh,Home,3323.73,3,Cash on Delivery,2024-06-18,7,2.2
ORD103793,CUS9086,John Jones,New Carol,Clothing,873.72,3,Net Banking,2024-12-17,1,2.4
ORD103794,CUS2130,Andrea Wilson,North Christopher,Home,2397.36,4,UPI,2025-12-18,3,3.5
ORD103795,CUS5380,David Williams,East Shelby,Beauty,2757.7,5,Cash on Delivery,2025-06-11,6,3.6
ORD103796,CUS1347,Linda Wallace,Gardnerville,Electronics,2876.41,3,Cash on Delivery,2025-10-22,5,1.1
ORD103797,CUS5040,Samantha Marquez,Summersmouth,Clothing,716.69,4,Debit Card,2026-01-30,4,4.0
ORD103798,CUS4169,Teresa French,North Sonyaborough,Home,2141.23,1,Debit Card,2026-02-25,1,3.7
ORD103799,CUS7878,,West Evelyn,Clothing,3532.45,3,Cash on Delivery,2024-09-07,3,4.4
ORD103800,CUS2066,Michael Watkins,Josephborough,Beauty,3345.17,1,UPI,2024-06-19,1,
ORD103801,CUS1231,Peter Thompson,Frankfort,Books,4064.42,3,Credit Card,2025-07-12,6,4.3
ORD103802,CUS4425,Joseph Fowler,Taylorview,Beauty,4466.15,2,Credit Card,2024-07-25,5,1.2
ORD103803,CUS8771,Lucas Hall,Chelseaborough,Books,3965.6,2,Credit Card,2025-06-24,2,
ORD103804,CUS4605,Cory Bowen,Duarteland,Beauty,4435.08,1,UPI,2024-10-12,3,4.1
ORD103805,CUS7121,Emily Patel,Garcialand,Books,2763.37,2,Credit Card,2025-12-19,7,1.0
ORD103806,CUS7905,Kimberly Nguyen,New Thomastown,Beauty,2741.27,2,UPI,2024-04-25,1,4.1
ORD103807,CUS7655,Erik Townsend,Port Maryberg,Sports,992.71,1,UPI,2025-05-30,6,4.3
ORD103808,CUS4957,David Alvarado,North Andrewton,Electronics,4143.91,5,Net Banking,2024-10-01,2,2.6
ORD103809,CUS9715,Tonya Ramirez,Davidberg,Sports,1055.58,3,Cash on Delivery,2025-11-02,6,3.9
ORD103810,CUS4069,Susan Williams,South William,Clothing,2183.24,2,Cash on Delivery,2025-06-05,3,2.3
ORD103811,CUS9566,Jessica Mason,Freemanborough,Books,4903.98,4,Debit Card,2024-11-29,5,1.2
ORD103812,CUS3630,Matthew Miller,North Tammieville,Home,4233.32,3,Net Banking,2024-11-16,6,1.9
ORD103813,CUS4747,Kimberly Mccormick,South John,Electronics,678.88,4,Credit Card,2026-01-06,6,1.5
ORD103814,CUS5829,Amanda Ortiz,Meganburgh,Beauty,3798.37,1,Cash on Delivery,2024-11-24,4,3.8
ORD103815,CUS3717,Rachel Martinez,Mortonmouth,Sports,4175.23,2,Debit Card,2024-11-01,2,4.9
ORD103816,CUS3387,Jeffrey Thornton,Williamsmouth,Electronics,1078.53,3,UPI,2024-09-17,4,2.5
ORD103817,CUS1624,Richard Thomas,East Anita,Electronics,3122.54,2,Net Banking,2025-05-06,1,1.1
ORD103818,CUS5239,Drew Silva,West Tina,Sports,3120.02,5,Credit Card,2024-05-12,6,1.9
ORD103819,CUS4478,Julia Conrad,Hodgeside,Beauty,274.58,3,Debit Card,2025-07-26,3,5.0
ORD103820,CUS4620,Matthew Beard,East Brandon,Sports,1592.09,1,Net Banking,2024-07-10,6,3.6
ORD103821,CUS9682,Mr. Joel Chan MD,North Jenniferhaven,Electronics,1625.09,4,Cash on Delivery,2025-02-22,6,1.7
ORD103822,CUS2432,Michelle Nielsen,East Andreashire,Clothing,986.3,3,Debit Card,2024-09-18,7,3.8
ORD103823,CUS2417,Denise Curry,Heathershire,Electronics,3528.16,2,Net Banking,2026-02-12,6,3.1
ORD103824,CUS4786,Connie Quinn,Virginiachester,Books,2606.87,2,Credit Card,2025-11-13,6,2.7
ORD103825,CUS2922,Paul Kemp,Reneeborough,Electronics,3705.89,2,UPI,2025-05-02,2,2.2
ORD103826,CUS7667,,Davidstad,Books,762.13,2,Cash on Delivery,2025-08-08,2,2.9
ORD103827,CUS9119,Daniel Olson,Bryanbury,Beauty,3947.44,1,Debit Card,2025-12-29,2,3.1
ORD103828,CUS2413,Yolanda Stephens,Malloryburgh,Beauty,4483.86,2,Credit Card,2025-10-29,3,4.9
ORD103829,CUS8882,Adrian Morrison,South Lisaville,Home,4428.0,5,Debit Card,2025-09-14,6,4.2
ORD103830,CUS1106,Sarah Robinson,North Rick,Home,798.05,4,UPI,2025-08-19,5,3.5
ORD103831,CUS3249,Whitney King,Edwardsside,Beauty,2972.89,3,Net Banking,2026-02-27,1,1.5
ORD103832,CUS4120,Jeremy Carpenter,Morganville,Clothing,2997.1,3,UPI,2026-01-25,5,3.4
ORD103833,CUS6188,Jacqueline Davis,East Dennisport,Beauty,3805.37,2,Net Banking,2025-07-02,7,4.5
ORD103834,CUS7924,Colleen Lam,Terryberg,Clothing,4117.18,2,Net Banking,2024-08-16,5,2.4
ORD103835,CUS3202,Raymond Pena,Francoville,Home,3412.95,1,Credit Card,2025-12-08,4,4.8
ORD103836,CUS8020,Kelly Edwards,Michaelton,Electronics,4021.0,2,Net Banking,2025-10-12,6,2.9
ORD103837,CUS8840,,East Shaunview,Home,4363.95,3,Cash on Delivery,2024-12-21,5,2.6
ORD103838,CUS8953,Christopher Miller,Yorkland,Clothing,3931.01,4,Net Banking,2025-07-23,7,1.5
ORD103839,CUS9922,Jenna Coleman,Youngland,Books,2637.57,2,Debit Card,2026-01-09,2,3.3
ORD103840,CUS3931,Justin Stanton,Port Abigail,Home,2543.33,2,Credit Card,2024-08-16,1,3.5
ORD103841,CUS1476,Scott Price,Parkerview,Home,2764.81,1,Cash on Delivery,2025-08-15,2,3.5
ORD103842,CUS1855,Stephanie Roach,Grahamtown,Electronics,4374.77,4,Net Banking,2024-05-07,1,3.8
ORD103843,CUS3203,Kevin Herrera,Lisaport,Home,3152.27,2,Net Banking,2025-08-14,7,2.9
ORD103844,CUS2764,Gregory Oconnor,Woodview,Clothing,1606.81,1,Net Banking,2025-07-25,7,1.1
ORD103845,CUS7656,Melissa Hensley,Jamesland,Sports,2767.07,2,Net Banking,2024-10-18,6,4.9
ORD103846,CUS4727,Sandra Davis,West Bradleyhaven,Beauty,887.7,5,Net Banking,2024-08-18,6,3.4
ORD103847,CUS5289,Brendan Lamb,Huffmanmouth,Electronics,2353.25,4,Cash on Delivery,2024-07-16,7,4.3
ORD103848,CUS3009,Daniel Bass,East Jamieside,Electronics,4595.64,4,UPI,2025-12-09,1,2.4
ORD103849,CUS2771,Daniel Ward,Johnsonport,Beauty,4581.18,1,Debit Card,2025-06-15,7,1.3
ORD103850,CUS2152,Kaitlyn Gray,Lake Karen,Books,582.36,4,Credit Card,2024-04-04,3,4.5
ORD103851,CUS6195,James Green,Walkerton,Books,795.46,2,Net Banking,2026-01-11,7,2.4
ORD103852,CUS4187,Elaine Rivera,Gibsonberg,Home,1764.61,5,Cash on Delivery,2026-02-21,5,2.5
ORD103853,CUS1128,Gina Bell,Smithside,Beauty,3615.07,4,Cash on Delivery,2024-11-11,1,2.3
ORD103854,CUS5121,Christopher Smith,Port Sophiahaven,Electronics,3706.11,5,Credit Card,2025-03-06,6,3.8
ORD103855,CUS4935,Yvonne Serrano,North Jerry,Books,3339.61,4,Net Banking,2025-04-16,1,2.9
ORD103856,CUS5137,,Terrybury,Home,125.24,4,Net Banking,2024-08-08,6,3.8
ORD103857,CUS5708,,Johnstad,Home,3192.38,2,Net Banking,2025-10-08,3,3.4
ORD103858,CUS9478,Chris Zimmerman,South Craig,Sports,2743.36,2,Cash on Delivery,2025-04-26,3,4.4
ORD103859,CUS4752,John Wilson,Kellyborough,Books,3090.96,5,UPI,2025-08-31,1,1.9
ORD103860,CUS3578,Dylan Coleman,Richardsonborough,Beauty,3790.25,5,UPI,2024-07-31,3,2.0
ORD103861,CUS9999,Victoria Cox,West Zachary,Sports,3311.23,4,Cash on Delivery,2024-07-10,2,3.1
ORD103862,CUS1627,Colleen Francis,Lake Jeremyton,Sports,1797.0,2,Cash on Delivery,2025-05-15,4,3.4
ORD103863,CUS9407,Judy Taylor,Sarahstad,Clothing,1792.36,2,Debit Card,2025-08-16,3,4.0
ORD103864,CUS6690,Christine Forbes,Lake Jasonport,electronics,644.58,1,Net Banking,2025-07-14,3,2.7
ORD103865,CUS8963,Thomas Kline DVM,Douglasfurt,Home,2398.45,5,Debit Card,2024-08-30,7,4.1
ORD103866,CUS1746,Keith Carr,North Jonview,Home,4274.39,1,Debit Card,2025-10-10,1,4.7
ORD103867,CUS1684,Michael Wright,Carlamouth,Electronics,2810.58,4,Net Banking,2025-07-22,5,1.8
ORD103868,CUS3994,Elizabeth Carr,West Aaron,electronics,2198.57,4,Credit Card,2025-02-16,2,4.4
ORD103869,CUS9378,Lindsey Jennings,Johnfort,Beauty,3897.5,1,Credit Card,2025-03-07,7,1.2
ORD103870,CUS8891,Wesley Herrera,Port Natalie,Beauty,4439.83,1,Net Banking,2025-06-25,4,2.3
ORD103871,CUS6261,Patricia Smith,Paulmouth,Sports,439.36,3,Debit Card,2024-10-03,3,2.2
ORD103872,CUS5482,Wesley Valenzuela,Melissaborough,Clothing,4444.43,5,Net Banking,2025-11-21,4,3.1
ORD103873,CUS6943,Jay Roy,Jeffreyhaven,Sports,2615.52,1,Debit Card,2025-05-05,4,4.5
ORD103874,CUS3912,Angela Carpenter,Robertborough,Beauty,4730.52,3,UPI,2024-08-22,7,2.3
ORD103875,CUS7939,Blake Hartman,Johnstad,Sports,2498.86,4,Debit Card,2026-03-09,7,2.9
ORD103876,CUS8412,Lance Molina,Bauerside,Home,2349.54,2,UPI,2024-08-06,6,4.1
ORD103877,CUS2408,Mary Torres,New Daniel,Electronics,1639.49,3,Credit Card,2025-12-20,7,3.9
ORD103878,CUS7972,Molly Curry,Port Amy,Home,2267.26,5,UPI,2024-07-27,4,2.9
ORD103879,CUS4127,Rebecca Brown,Scottshire,Electronics,1833.86,5,UPI,2024-05-31,3,2.2
ORD103880,CUS6306,Julie Brady,Geraldstad,Electronics,1237.59,4,Net Banking,2024-05-11,2,1.9
ORD103881,CUS7125,Billy Hunter,Tinastad,Sports,3430.17,3,Cash on Delivery,2025-04-24,7,2.2
ORD103882,CUS2283,Christina Hill,New Rodneyburgh,Beauty,4467.55,3,UPI,2025-08-21,3,
ORD103883,CUS4813,Ashley Jones,Wagnerchester,Electronics,4888.42,5,Cash on Delivery,2025-08-16,2,4.3
ORD103884,CUS1914,,Austinland,Electronics,1689.27,4,Credit Card,2024-07-24,5,1.2
ORD103885,CUS6145,Lucas Franco,Allenhaven,electronics,4550.86,5,Net Banking,2026-02-20,6,3.4
ORD103886,CUS7200,Sarah Allen,North Johnathan,Beauty,2478.96,2,UPI,2024-12-17,4,3.1
ORD103887,CUS1260,Eric Martinez,Martinfurt,Books,4518.62,3,Net Banking,2024-04-26,1,4.7
ORD103888,CUS4516,Amy Davis,Grayland,Electronics,2833.27,2,Debit Card,2024-05-04,7,3.9
ORD103889,CUS1505,Scott Moore,Port Kristin,Sports,1769.33,5,UPI,2025-07-14,2,2.4
ORD103890,CUS4579,Amanda Rangel,Davidborough,Beauty,358.32,3,Credit Card,2024-10-08,1,3.2
ORD103891,CUS5426,Brian Harrell,Atkinsmouth,Books,1836.91,5,Net Banking,2025-06-30,3,5.0
ORD103892,CUS8987,Jason Floyd,Cannonmouth,Home,4419.39,2,Debit Card,2025-08-29,2,1.6
ORD103893,CUS6587,Aaron Martin,Juliaberg,Beauty,3812.69,2,Cash on Delivery,2025-08-23,3,1.6
ORD103894,CUS9954,Curtis Mcclain,Lake Johnnyview,Sports,4781.49,2,Net Banking,2024-07-08,5,5.0
ORD103895,CUS6222,Matthew Taylor,North David,Electronics,2892.35,4,UPI,2026-02-17,3,2.1
ORD103896,CUS4276,,Port Mark,Clothing,1868.8,3,Cash on Delivery,2025-04-29,5,4.3
ORD103897,CUS7464,Angela Wilson,East Blakeport,Beauty,4695.02,5,Debit Card,2025-01-25,4,4.6
ORD103898,CUS2147,Kaylee Castro,Aprilport,Electronics,2314.55,1,Cash on Delivery,2024-07-13,5,4.6
ORD103899,CUS4978,Todd Castro,Williamsstad,Clothing,1579.38,4,Net Banking,2024-09-06,4,
ORD103900,CUS1308,Gregory Williams,South Brian,Electronics,2389.47,5,Credit Card,2025-05-09,6,2.9
ORD103901,CUS6096,Dana Garcia,North Tamara,Home,989.27,2,Credit Card,2025-11-10,2,4.4
ORD103902,CUS3526,William Cantrell,New Mark,Home,4007.26,5,Net Banking,2025-06-15,3,2.6
ORD103903,CUS1487,Sandra Best,Kevinbury,Sports,2646.79,1,Credit Card,2025-11-16,3,1.6
ORD103904,CUS4294,Christopher Carr,Port Amanda,Beauty,4575.06,5,Cash on Delivery,2025-12-01,6,1.9
ORD103905,CUS3593,Marvin Powell,Lake Kelli,Beauty,2005.5,4,Cash on Delivery,2025-03-25,4,2.7
ORD103906,CUS8416,Nicole Duarte,North Michaelhaven,Beauty,2670.35,2,Debit Card,2024-03-24,5,4.8
ORD103907,CUS8999,Lori Rodriguez,South Tammyborough,Clothing,1015.8,5,Cash on Delivery,2025-12-04,7,
ORD103908,CUS8110,Sarah Newman,Port William,Electronics,2354.63,5,Cash on Delivery,2025-08-08,2,4.5
ORD103909,CUS7935,John Mcclain,Lake Shane,Electronics,2446.52,5,Debit Card,2025-10-18,5,3.6
ORD103910,CUS3045,,South David,Clothing,2005.97,1,Credit Card,2025-04-02,3,4.6
ORD103911,CUS4960,Brian Mcdowell,Harrellstad,Home,2501.71,1,Debit Card,2024-03-10,7,1.9
ORD103912,CUS1938,James Richardson,East David,Books,105.23,2,UPI,2025-08-23,4,5.0
ORD103913,CUS9104,Sara Harris,Warnerberg,Sports,4825.1,1,UPI,2024-09-12,1,4.6
ORD103914,CUS9326,Bruce Bates,Gambleshire,Beauty,652.23,5,Cash on Delivery,2025-12-22,3,3.4
ORD103915,CUS4896,Alexander Webster,Port Curtis,Electronics,890.64,2,Net Banking,2025-06-21,4,3.5
ORD103916,CUS6083,,Rhondabury,Clothing,4339.79,1,Debit Card,2024-04-01,2,2.9
ORD103917,CUS7700,Danielle Leon,Kendraborough,electronics,1086.6,4,Net Banking,2025-11-08,4,4.2
ORD103918,CUS6890,Richard Petty,New Timothyfort,Electronics,828.03,3,Cash on Delivery,2025-06-17,5,1.6
ORD103919,CUS8572,Joel Marks,Thomaschester,Books,4636.58,3,Credit Card,2024-09-25,7,2.3
ORD103920,CUS7432,Ryan Taylor,South Jonathanberg,Home,3713.19,1,Debit Card,2025-02-01,3,1.6
ORD103921,CUS4613,,Laurenside,Beauty,1157.05,3,Debit Card,2024-06-25,4,3.3
ORD103922,CUS2562,Melissa Ross,Villarrealside,Sports,4147.7,3,Credit Card,2024-09-05,7,2.9
ORD103923,CUS5418,Adam Edwards,Port Thomasland,Home,3579.84,5,Credit Card,2024-03-24,1,3.3
ORD103924,CUS9929,Stephanie Jones,Nelsonshire,Electronics,1391.28,2,UPI,2025-10-17,1,3.2
ORD103925,CUS7517,John Villegas,Walkerburgh,Beauty,2228.03,2,Debit Card,2025-12-25,7,3.8
ORD103926,CUS1980,Alexander Tate,Lake Antonio,Home,4232.52,5,Credit Card,2025-04-07,5,4.5
ORD103927,CUS9728,Joshua Reyes,Bowenmouth,Electronics,1330.7,5,Cash on Delivery,2025-05-25,5,1.8
ORD103928,CUS1652,Matthew Gray,Port Rodneytown,Clothing,2047.62,3,Cash on Delivery,2026-02-19,7,2.5
ORD103929,CUS3547,Jacob Walker,Dustinville,Electronics,474.95,5,Debit Card,2025-07-31,7,2.2
ORD103930,CUS6103,Heather Drake,East Jason,Clothing,1681.74,2,Net Banking,2024-11-19,5,2.8
ORD103931,CUS2022,Karen Nelson,Teresaburgh,Books,3086.91,4,Net Banking,2025-12-04,4,2.7
ORD103932,CUS3602,Nicole Perkins,South Latoyaborough,Electronics,3694.76,3,Cash on Delivery,2025-11-01,2,4.7
ORD103933,CUS2430,Thomas Allison,Myersmouth,Home,4944.77,4,Debit Card,2024-11-20,2,1.8
ORD103934,CUS8283,Hannah Cox,Aprilmouth,Beauty,958.04,2,Debit Card,2025-12-05,4,1.9
ORD103935,CUS9741,Julie Jones,Blackburnchester,electronics,2838.38,5,Credit Card,2024-12-03,2,3.7
ORD103936,CUS9621,Nicholas Reynolds,New Gina,Sports,1634.78,1,UPI,2025-01-07,6,1.9
ORD103937,CUS5128,Amber Brown,Port Diana,Beauty,299.81,4,Debit Card,2025-06-08,2,4.9
ORD103938,CUS9291,Sarah Callahan,Lake Chloebury,Sports,2947.82,3,Net Banking,2025-09-25,5,1.6
ORD103939,CUS8625,Holly Hines,Johnstonberg,Beauty,1218.04,3,Credit Card,2025-12-04,7,1.7
ORD103940,CUS7336,Philip Lopez,East Maryport,Beauty,3989.61,1,Cash on Delivery,2025-07-25,6,3.0
ORD103941,CUS5017,Shannon Knight,Lake Jennifermouth,Electronics,177.55,5,Debit Card,2025-01-28,3,1.5
ORD103942,CUS6252,Jennifer Dennis,West John,Books,112.98,1,UPI,2025-07-20,5,2.8
ORD103943,CUS9529,George Mcconnell,West Diana,Beauty,1399.65,5,Net Banking,2026-01-23,2,3.4
ORD103944,CUS8614,Martha Jones,North Kelsey,Home,3762.72,2,Credit Card,2024-05-13,4,3.2
ORD103945,CUS6725,Peter Burch,Davidton,Books,1033.2,3,UPI,2024-07-27,4,2.4
ORD103946,CUS6645,Miss Angela Gonzalez,Crystalshire,Sports,1472.55,2,UPI,2025-07-02,7,2.0
ORD103947,CUS4534,Nancy Collins,South Brenda,Clothing,2922.3,4,Credit Card,2025-12-24,5,1.1
ORD103948,CUS5364,,Burgessstad,Books,4354.18,5,Debit Card,2025-08-25,3,1.1
ORD103949,CUS8867,Aaron Lloyd,Newtonmouth,Home,1968.02,4,Net Banking,2024-04-22,3,1.5
ORD103950,CUS8465,Adam Hamilton,South Ianview,Clothing,937.28,1,Credit Card,2025-11-04,5,1.6
ORD103951,CUS4995,Kimberly Salazar,Williammouth,Books,1574.59,5,Cash on Delivery,2025-05-20,4,1.4
ORD103952,CUS7642,Jessica Mills,West Linda,Home,875.57,5,Cash on Delivery,2025-02-25,6,2.4
ORD103953,CUS4807,Michael Arnold,South Stephaniechester,Electronics,891.71,1,UPI,2026-01-21,3,4.7
ORD103954,CUS6701,Denise Walker,Doylechester,Sports,3149.48,1,Debit Card,2024-11-23,6,3.1
ORD103955,CUS9646,Angela Bishop,Porterfurt,Beauty,3681.82,3,Net Banking,2025-09-04,2,2.7
ORD103956,CUS7921,Scott Ellis,Meganchester,Beauty,2228.53,3,Debit Card,2024-04-12,4,4.9
ORD103957,CUS3200,Cathy Austin,Gloriachester,Home,1528.96,2,Net Banking,2026-01-28,3,1.6
ORD103958,CUS1220,Elizabeth Fowler,Cynthiashire,Beauty,775.29,4,Credit Card,2024-11-05,2,3.9
ORD103959,CUS1008,Cindy Soto,Cunninghamborough,Clothing,4386.85,2,Cash on Delivery,2024-04-15,4,3.1
ORD103960,CUS8481,Laura Robertson,Zacharymouth,Clothing,3221.99,5,Net Banking,2026-02-21,6,1.0
ORD103961,CUS3044,Eric Williams,Melissaview,Books,4342.0,2,Cash on Delivery,2024-04-28,6,3.1
ORD103962,CUS6487,David Stafford,East James,Sports,358.96,4,Credit Card,2025-03-04,4,5.0
ORD103963,CUS8287,Michael Conrad,Sierramouth,Electronics,2297.55,3,UPI,2025-06-13,4,2.0
ORD103964,CUS7656,John Terry,Richardsonburgh,Sports,4232.84,5,Credit Card,2025-05-30,7,3.8
ORD103965,CUS3245,Robert Weaver,North Alexis,Sports,2477.46,3,Cash on Delivery,2025-11-11,4,2.7
ORD103966,CUS5875,Eric Payne,Jerrybury,Home,4057.44,4,Net Banking,2025-04-18,6,3.0
ORD103967,CUS5351,,Port Elizabeth,Beauty,2817.55,4,Credit Card,2025-01-18,3,5.0
ORD103968,CUS1609,George Harrison,Ramirezberg,Clothing,1932.33,2,UPI,2024-10-25,6,3.7
ORD103969,CUS8510,,Port Isaacton,Electronics,4939.2,4,UPI,2025-10-02,1,1.9
ORD103970,CUS7829,Carolyn Tran,Smithburgh,Electronics,291.78,5,Cash on Delivery,2025-08-15,3,4.1
ORD103971,CUS7051,Lori Estrada,West Jeffreyview,Electronics,589.85,1,UPI,2025-04-25,7,3.4
ORD103972,CUS1050,Ronald Simmons,East Christopher,Beauty,2743.48,3,Cash on Delivery,2025-08-05,4,5.0
ORD103973,CUS4654,Corey Hanna,West Courtney,Clothing,3548.21,2,UPI,2025-11-19,2,4.0
ORD103974,CUS2820,Scott Adams,Barnesside,Home,2585.51,1,Cash on Delivery,2026-02-13,7,4.4
ORD103975,CUS7889,John Henry,New Tina,Sports,4117.33,1,Net Banking,2024-07-20,5,4.3
ORD103976,CUS7991,Michael Townsend,Gregorystad,Electronics,1319.0,4,Credit Card,2025-08-27,6,
ORD103977,CUS2369,Tyrone Grant,Davisville,Clothing,3879.27,4,UPI,2024-06-07,6,1.9
ORD103978,CUS2369,Alicia Daniel,North Joshua,Clothing,1761.74,3,UPI,2024-07-25,5,
ORD103979,CUS7585,Tony Kelley,Claudiaview,Electronics,518.47,3,Cash on Delivery,2024-06-20,1,4.2
ORD103980,CUS8286,Erika Moore,Timothystad,Home,1495.98,4,Debit Card,2024-09-16,1,3.6
ORD103981,CUS5096,Mary Stevens,North Sheila,Sports,4709.07,1,Credit Card,2025-05-05,2,1.5
ORD103982,CUS5238,James Hart,Robertsmouth,Electronics,2758.32,3,UPI,2024-07-01,7,4.9
ORD103983,CUS1598,Sean Floyd,South Natasha,Beauty,3360.14,2,Debit Card,2026-01-16,5,1.7
ORD103984,CUS9245,Brandon Patel,Lake Matthew,Sports,2245.6,3,Cash on Delivery,2025-10-08,6,4.8
ORD103985,CUS9710,Ryan Aguilar,Mayoberg,Sports,4378.18,4,Cash on Delivery,2024-10-01,7,3.5
ORD103986,CUS3013,Stephanie Lopez,East Dustin,Electronics,2019.64,3,UPI,2024-03-26,2,
ORD103987,CUS9859,Jeffery Andrews,Taylorfurt,Home,3961.78,4,UPI,2025-01-13,6,4.6
ORD103988,CUS2982,Angela Cruz,Owensstad,Sports,3342.49,4,Credit Card,2025-12-12,1,1.7
ORD103989,CUS6411,Matthew Montgomery MD,West Ashleyburgh,Books,3338.81,1,Debit Card,2025-10-06,1,1.0
ORD103990,CUS3842,Mary Bailey,South Diamond,Home,2161.66,3,Debit Card,2026-01-15,1,3.1
ORD103991,CUS9038,Michael Hansen,Williamland,Clothing,2953.0,2,UPI,2024-03-19,7,2.2
ORD103992,CUS8601,Kathleen Hardin,Whiteberg,Books,1001.97,5,Debit Card,2025-01-15,3,2.7
ORD103993,CUS3068,Debbie Gutierrez,Juanland,Clothing,3124.73,3,Credit Card,2025-12-30,1,4.9
ORD103994,CUS4492,Summer Duncan,New Daveside,Sports,1122.73,5,Cash on Delivery,2026-03-08,5,2.6
ORD103995,CUS2997,Christina Andrews,Mcdonaldburgh,Clothing,2791.49,3,Credit Card,2025-04-04,6,2.8
ORD103996,CUS9730,Aaron Travis,East Thomasfurt,Electronics,3879.31,1,Credit Card,2026-02-28,2,3.8
ORD103997,CUS2996,Caroline Rice MD,East Shellymouth,Books,4660.26,1,UPI,2025-11-26,1,4.5
ORD103998,CUS5141,David Davis,East Patrick,Clothing,3467.95,4,Debit Card,2025-07-24,1,1.5
ORD103999,CUS3168,Todd Baker,Port Elizabethside,Home,2542.9,5,Net Banking,2025-10-07,4,4.9
ORD104000,CUS7185,Allen Wagner,Danielside,Beauty,2761.38,1,Debit Card,2025-03-01,4,4.1
ORD104001,CUS8169,Robert Paul,Seanview,Sports,2026.68,1,Debit Card,2026-01-28,2,2.2
ORD104002,CUS9111,Juan Evans,Rebeccashire,Sports,2462.38,3,Debit Card,2026-02-04,3,5.0
ORD104003,CUS1182,Nathan Keller,Kennedyborough,Clothing,764.35,5,UPI,2024-05-04,2,3.0
ORD104004,CUS1181,,Contrerasville,Books,1115.83,5,UPI,2025-12-04,2,4.6
ORD104005,CUS7825,Margaret Fuentes,Danielmouth,Books,4705.18,2,Debit Card,2025-09-12,3,
ORD104006,CUS2097,,Port Rachelmouth,Books,4110.69,2,Cash on Delivery,2025-03-29,3,
ORD104007,CUS2322,Michael Lynn,Ashleyside,Books,1875.31,5,Net Banking,2026-02-26,4,2.9
ORD104008,CUS2421,Holly Foster,Mariaville,Clothing,875.76,5,Cash on Delivery,2024-06-04,1,4.7
ORD104009,CUS4275,Joyce Rodriguez,Tiffanymouth,Beauty,3681.22,4,Net Banking,2026-01-14,2,4.4
ORD104010,CUS9867,Tanya Williams,West Edward,Electronics,2110.77,3,Credit Card,2025-02-01,3,4.6
ORD104011,CUS1368,Christina Bradshaw,West Amanda,Books,3423.11,4,Credit Card,2025-08-10,3,1.1
ORD104012,CUS6895,Pam Hamilton,East Erikville,Home,4053.28,3,Net Banking,2025-05-19,5,2.0
ORD104013,CUS1672,Richard Tucker,Brandichester,Beauty,2373.01,4,UPI,2025-07-24,7,3.0
ORD104014,CUS6387,Susan Miller,Jacquelinehaven,Electronics,3927.93,4,Net Banking,2025-02-27,6,4.7
ORD104015,CUS7809,James Mcdaniel,Lake Tylerberg,Books,856.41,1,Debit Card,2025-07-16,6,3.9
ORD104016,CUS2580,,Brianport,Home,3784.2,1,Debit Card,2024-09-20,2,2.0
ORD104017,CUS3352,Cole Moore,Codyberg,Home,2120.78,3,Cash on Delivery,2025-06-26,6,2.4
ORD104018,CUS4615,,Conleychester,Electronics,2518.77,5,UPI,2025-04-27,4,3.9
ORD104019,CUS8136,James Smith,Michaelmouth,Books,3108.7,2,Debit Card,2024-10-02,3,
ORD104020,CUS3508,Rebecca Davis,East Ashleyview,Beauty,2997.7,3,Net Banking,2025-02-12,5,3.7
ORD104021,CUS5975,Hannah Williams,Trevinobury,Sports,2278.37,1,Cash on Delivery,2026-02-04,7,2.0
ORD104022,CUS7035,Michelle Anderson,Brandistad,Clothing,3663.56,4,Cash on Delivery,2024-07-29,7,2.3
ORD104023,CUS4851,Michael Massey,Boltonville,Electronics,4502.12,2,Credit Card,2024-06-05,7,1.6
ORD104024,CUS5158,,Lake Bethanystad,Electronics,2281.4,2,Cash on Delivery,2025-11-28,3,1.6
ORD104025,CUS6612,,Buchananmouth,Home,2556.64,4,Net Banking,2025-11-02,4,1.2
ORD104026,CUS1557,John Mooney,Diazborough,Home,2592.83,5,Debit Card,2025-03-06,7,2.5
ORD104027,CUS8019,John Taylor,East Rita,Clothing,925.27,3,Net Banking,2024-03-11,4,1.8
ORD104028,CUS8482,Steven Brewer,Melissaville,Beauty,399.95,2,UPI,2026-01-30,5,4.9
ORD104029,CUS9846,Alexander Hardin,West Calvinside,Sports,2166.4,4,Net Banking,2024-04-26,3,2.1
ORD104030,CUS3528,Patricia Anderson,Rogerport,Home,3925.15,3,Credit Card,2025-07-30,7,4.0
ORD104031,CUS8023,Christopher Stokes,East Jennifer,Beauty,2627.81,2,Cash on Delivery,2024-05-25,5,
ORD104032,CUS5419,Gregory Hobbs,West Kevin,Beauty,2802.05,4,Cash on Delivery,2025-08-25,4,3.6
ORD104033,CUS6214,Kellie Ayers,West William,Electronics,3696.33,5,Credit Card,2025-10-30,7,3.1
ORD104034,CUS8264,Gabriela Holmes,Aprilland,Beauty,185.58,1,Debit Card,2025-01-16,3,2.9
ORD104035,CUS9642,Dylan Wall,Timothyshire,Beauty,2614.64,3,Net Banking,2024-07-23,7,1.7
ORD104036,CUS1492,Kathleen Pierce,Maxwellmouth,Books,4369.17,2,Credit Card,2025-08-01,6,1.8
ORD104037,CUS5984,Amanda Fernandez,West Karenport,electronics,2047.03,5,UPI,2026-02-04,1,4.1
ORD104038,CUS8197,Stephen Young,Lake Patriciamouth,Clothing,4412.86,1,UPI,2025-05-13,3,3.4
ORD104039,CUS8985,Shawn Berry,Port Juan,Home,4861.58,2,UPI,2025-03-25,5,1.6
ORD104040,CUS2132,Amy Krause,New Joann,Home,2168.54,1,Debit Card,2024-12-25,1,3.4
ORD104041,CUS7792,Joshua Dean,West Jared,Home,3354.66,4,Debit Card,2025-04-04,7,3.4
ORD104042,CUS9360,Taylor Wiley,Amandaburgh,Clothing,289.35,4,Cash on Delivery,2026-02-23,5,2.9
ORD104043,CUS5673,Ann Murray,Mariatown,Sports,2908.53,1,Net Banking,2024-08-20,6,4.3
ORD104044,CUS1504,Jessica Murphy,Marshshire,Books,3156.98,5,UPI,2025-06-18,5,
ORD104045,CUS7237,Rachel Roach,Kimport,Sports,3935.03,1,UPI,2024-11-19,3,3.0
ORD104046,CUS4583,Gregory Grant,Port Marthaside,Books,1054.27,5,Debit Card,2025-01-02,2,2.5
ORD104047,CUS7032,Robert Delgado,Amberport,Sports,3768.04,3,Debit Card,2025-07-25,6,3.9
ORD104048,CUS8132,Pamela Grant MD,Henryborough,Books,4077.84,2,Net Banking,2025-03-29,6,1.6
ORD104049,CUS2726,Tim Ray,Port Lindsay,Beauty,1285.35,3,UPI,2024-09-20,2,2.8
ORD104050,CUS9455,Jessica Davis,New Shanefurt,Sports,882.07,1,Net Banking,2024-07-25,4,1.6
ORD104051,CUS4785,Doris Fletcher,Garciachester,Books,1006.75,5,Debit Card,2025-05-03,3,1.3
ORD104052,CUS7030,,Amberland,Electronics,2528.83,4,Net Banking,2025-09-09,7,4.3
ORD104053,CUS8457,Douglas Rodriguez,Melendezhaven,Beauty,3842.55,1,Credit Card,2026-01-02,6,3.7
ORD104054,CUS4649,Michael Baker,Andreaborough,Books,3556.25,1,UPI,2025-01-04,6,
ORD104055,CUS8500,Sean Smith,South Haileystad,Beauty,1921.29,5,UPI,2025-09-18,1,2.8
ORD104056,CUS2817,Steven Brown,Laurabury,Clothing,3067.42,5,Cash on Delivery,2025-05-14,3,
ORD104057,CUS6756,Ryan Mcmillan,Lake Andrew,Beauty,3636.6,1,Debit Card,2024-06-07,3,2.7
ORD104058,CUS4766,Tyler Ibarra,East Rachelhaven,Books,973.17,4,Net Banking,2024-06-21,2,3.3
ORD104059,CUS5298,Haley Hall,Elizabethmouth,Electronics,1056.53,2,UPI,2024-03-23,3,3.9
ORD104060,CUS2623,John Jacobson,West Charleschester,Sports,3411.94,2,Credit Card,2024-09-20,3,4.4
ORD104061,CUS2716,Angela Stephens,West Jeffreychester,Beauty,4458.31,2,Cash on Delivery,2024-07-31,3,4.1
ORD104062,CUS9072,,Jodiberg,Sports,4616.56,2,UPI,2025-08-29,1,1.7
ORD104063,CUS5281,Nathan Short,Evanhaven,Sports,2645.9,3,Cash on Delivery,2025-08-20,7,
ORD104064,CUS3766,Jacob Jones,Harrisfort,Sports,3119.01,1,Credit Card,2025-08-14,1,1.3
ORD104065,CUS3963,Christopher Davis,East Tina,Clothing,1000.02,1,UPI,2024-10-17,3,3.0
ORD104066,CUS9111,Christopher Tran,Brianhaven,Beauty,2369.94,2,Credit Card,2024-08-11,4,4.0
ORD104067,CUS4873,Anita Parker,Lake Julie,Beauty,1197.12,5,UPI,2025-07-20,2,3.9
ORD104068,CUS8734,Joshua Thomas,Sarahton,Electronics,2610.2,4,Net Banking,2025-02-26,7,3.5
ORD104069,CUS1140,Christopher Ryan,Port Jacob,Books,888.89,3,UPI,2024-05-22,2,2.3
ORD104070,CUS4572,Alexander Jones,North Alicia,Home,4395.22,5,UPI,2026-01-13,4,1.7
ORD104071,CUS4812,Tara Jimenez,West Brittany,Sports,4402.16,4,Cash on Delivery,2026-01-08,1,2.6
ORD104072,CUS6567,Teresa Burnett,Kaiserville,Clothing,1364.3,5,Cash on Delivery,2024-04-04,7,1.8
ORD104073,CUS7777,Bailey Arnold DVM,South Amy,electronics,814.97,2,Debit Card,2024-12-29,7,4.6
ORD104074,CUS1967,,West Jeffreymouth,Electronics,2417.31,3,UPI,2024-05-11,6,4.4
ORD104075,CUS7454,Jamie Silva,Travisbury,electronics,801.82,5,Cash on Delivery,2024-09-01,3,2.1
ORD104076,CUS9087,Nancy Reid,Smithborough,Books,1195.3,3,Net Banking,2024-03-16,5,4.3
ORD104077,CUS6867,,Marieberg,Clothing,4548.52,2,Credit Card,2025-05-18,1,3.6
ORD104078,CUS6128,Mary Lewis,Port Frederickmouth,Sports,3338.45,1,Debit Card,2025-07-04,4,3.4
ORD104079,CUS2024,Jennifer Macias,New Destiny,Electronics,1006.38,1,Net Banking,2024-07-23,6,3.1
ORD104080,CUS4857,Denise Smith,South Paulatown,Electronics,992.47,1,Cash on Delivery,2024-03-25,6,3.3
ORD104081,CUS7812,Jamie Hill,Lake Nathan,Electronics,3050.77,5,Credit Card,2024-11-29,2,3.3
ORD104082,CUS2422,Margaret Gill,South Travis,Electronics,4302.77,1,UPI,2024-05-08,7,3.5
ORD104083,CUS6952,Shelia Brown,Longview,Books,4848.56,5,Credit Card,2025-12-07,7,3.8
ORD104084,CUS4575,Maria Mercado,Robertview,Clothing,4538.37,2,Net Banking,2025-01-24,7,2.7
ORD104085,CUS3366,Nicholas Parks,West Robintown,Electronics,1902.95,1,UPI,2024-05-02,7,3.2
ORD104086,CUS5916,Matthew Davis,Jennaberg,electronics,1366.27,2,UPI,2024-11-17,3,2.4
ORD104087,CUS6813,Fernando Jones,Wuberg,Clothing,1155.55,4,Credit Card,2025-10-20,5,2.4
ORD104088,CUS8696,Jonathan Hunter,Harmonfurt,Beauty,891.18,3,UPI,2026-02-02,7,3.1
ORD104089,CUS2002,Bryan Doyle,Port Leslie,Sports,3206.82,4,Net Banking,2024-12-21,3,4.5
ORD104090,CUS1250,Candice Martin,New Adam,Clothing,1188.55,4,UPI,2025-07-29,1,2.2
ORD104091,CUS8879,John Estrada,Jamiestad,Books,2722.03,1,Debit Card,2025-01-17,3,2.5
ORD104092,CUS3450,Robert Thompson,South Michael,Beauty,570.22,5,Credit Card,2025-08-12,3,4.8
ORD104093,CUS4959,Hunter Sanchez,New Ericmouth,Beauty,193.84,2,Debit Card,2026-01-10,4,3.9
ORD104094,CUS9604,Benjamin Henry,Albertmouth,Clothing,4601.45,3,Debit Card,2024-12-25,2,4.6
ORD104095,CUS7658,Denise Lowery,North Kristin,electronics,3335.66,4,Net Banking,2024-07-06,2,3.0
ORD104096,CUS8268,Rhonda Mclaughlin,Juarezbury,Books,712.57,3,Debit Card,2025-04-18,7,2.9
ORD104097,CUS2359,Tara Rivera,Marystad,Clothing,4835.16,2,UPI,2025-10-22,2,1.5
ORD104098,CUS3179,Dylan Anderson,Amandaburgh,Home,4546.08,4,Net Banking,2024-11-27,4,4.4
ORD104099,CUS2746,Renee Garcia,North John,Beauty,514.72,4,Credit Card,2025-01-09,1,1.5
ORD104100,CUS3665,Nicole Ford,Duaneland,Books,1772.69,3,Net Banking,2025-12-28,4,2.4
ORD104101,CUS1243,Barbara Fleming,Teresaland,Clothing,4800.11,4,Credit Card,2024-09-07,3,4.8
ORD104102,CUS4770,Michael Butler,North Maxwell,Electronics,2979.57,3,Net Banking,2025-01-26,3,2.3
ORD104103,CUS6348,,Port Mary,Books,1422.76,1,Credit Card,2025-12-19,5,
ORD104104,CUS2676,Dakota Cohen,Cunninghamton,Electronics,646.75,4,Credit Card,2025-12-02,2,3.3
ORD104105,CUS7654,Daniel Turner,Millerview,Clothing,3283.88,1,Credit Card,2024-06-14,2,1.4
ORD104106,CUS1750,Gloria Shea,South Molly,Electronics,908.86,3,Credit Card,2026-02-26,5,2.5
ORD104107,CUS3634,Kristen Rodriguez,Gravesfurt,Clothing,2179.42,3,Credit Card,2025-07-22,4,1.0
ORD104108,CUS8153,Tammy Jones,Nathanborough,Electronics,4457.21,3,Debit Card,2025-02-22,1,1.9
ORD104109,CUS6292,Casey Johnson,Port Joshua,Home,901.54,4,Cash on Delivery,2025-10-08,3,3.8
ORD104110,CUS8862,James Short,Lake Jamesmouth,Electronics,4681.12,3,Debit Card,2025-03-13,2,3.3
ORD104111,CUS4679,Justin Hoffman,North Andrewville,Electronics,549.92,2,Cash on Delivery,2024-06-14,5,2.6
ORD104112,CUS1449,Dale Harvey,Youngville,Books,4900.99,4,Credit Card,2025-06-22,4,4.3
ORD104113,CUS5330,Sandra Booth,Davidport,Books,4234.48,4,Cash on Delivery,2024-09-19,4,4.7
ORD104114,CUS7055,Timothy Wright,East Rebeccaton,Electronics,1099.36,5,Cash on Delivery,2024-06-17,7,1.2
ORD104115,CUS4539,Madeline Molina,Hillland,Electronics,3081.27,5,Credit Card,2025-07-06,5,2.4
ORD104116,CUS5329,Erin Russell,Davidsonberg,Books,769.61,2,UPI,2025-12-26,4,4.5
ORD104117,CUS7108,,North Andrewstad,Clothing,3805.33,2,Debit Card,2024-06-03,4,1.7
ORD104118,CUS2278,Cathy Strong,West Robinchester,Sports,2492.01,5,UPI,2025-03-22,6,1.7
ORD104119,CUS8271,Julie Berger,Marshallfurt,Home,3230.5,3,Credit Card,2025-08-25,2,4.7
ORD104120,CUS9223,Casey Bryant,Kevinland,Books,1249.41,5,Debit Card,2025-08-18,3,3.8
ORD104121,CUS1612,Jeremy Freeman,Shermanfurt,Beauty,478.78,2,UPI,2024-05-24,7,4.2
ORD104122,CUS5552,Kerry Taylor,East Robertstad,electronics,3700.83,4,UPI,2025-01-30,1,1.9
ORD104123,CUS9661,William Cross,New Justin,Books,2121.02,1,UPI,2025-12-17,5,3.1
ORD104124,CUS3734,Matthew Yang,Aliciaton,Sports,3913.54,2,Net Banking,2025-11-22,1,4.4
ORD104125,CUS7349,Angel Trujillo,North Amber,Sports,1701.19,1,Cash on Delivery,2025-07-18,7,1.4
ORD104126,CUS3893,Ronald Hall,East Veronicashire,Electronics,2534.72,1,Credit Card,2025-11-20,1,2.9
ORD104127,CUS2051,Martha Ochoa,East Angelaport,Home,3757.96,4,Debit Card,2024-10-31,6,4.0
ORD104128,CUS7846,,Smithshire,Electronics,3079.88,3,Cash on Delivery,2024-04-03,1,3.1
ORD104129,CUS8119,Eileen Hill,Kristenborough,Books,2797.27,3,Debit Card,2025-09-22,5,4.1
ORD104130,CUS7200,Matthew Roman,Lake Stacy,Clothing,758.7,1,Net Banking,2025-01-30,1,2.8
ORD104131,CUS7771,Courtney Hall,New Julieton,Books,576.32,1,Net Banking,2024-03-16,2,2.2
ORD104132,CUS3726,Eugene Hernandez,Edwardmouth,Clothing,3183.96,1,UPI,2025-03-29,2,1.5
ORD104133,CUS5335,Robert Reynolds,North Ronald,Clothing,4086.86,5,Credit Card,2025-04-05,5,4.4
ORD104134,CUS5590,Howard Glenn,Hunterburgh,Books,3561.61,1,Cash on Delivery,2026-02-20,5,2.4
ORD104135,CUS8609,Joshua Perez,New Amandaland,Electronics,1933.37,2,Credit Card,2024-03-20,1,1.1
ORD104136,CUS5166,Christina Barrera,Calhounbury,Clothing,577.1,4,Debit Card,2025-10-20,6,
ORD104137,CUS8959,Brittany Montes,North Meghan,Electronics,1701.32,3,Debit Card,2024-05-09,6,2.2
ORD104138,CUS2709,Donald Coleman,Rachelton,Clothing,3655.13,2,Credit Card,2025-07-26,1,4.4
ORD104139,CUS7352,Dr. Brianna Perkins,Port Jaime,Beauty,804.25,2,UPI,2025-06-20,6,4.0
ORD104140,CUS7827,Charles Brown,South Michaelton,Clothing,2021.01,4,Debit Card,2024-11-14,7,1.8
ORD104141,CUS9382,Jennifer Green,West Andrea,Books,2617.59,3,Debit Card,2025-09-28,7,3.1
ORD104142,CUS4785,Martin Spence,Thomasview,Electronics,3222.82,2,UPI,2024-08-21,5,2.5
ORD104143,CUS9596,Jill Carr,Leahberg,Books,2640.7,5,Debit Card,2025-10-02,6,1.0
ORD104144,CUS3258,Theresa Garcia,East Ricardo,Sports,1762.17,2,Cash on Delivery,2025-11-11,2,4.6
ORD104145,CUS3740,Daniel Scott,Jonestown,Clothing,3253.26,4,UPI,2025-10-04,6,3.9
ORD104146,CUS5312,Thomas Martin,East Melissahaven,Beauty,4178.45,3,Cash on Delivery,2025-11-14,3,4.8
ORD104147,CUS4657,Gregory Weaver,Danielbury,Sports,1353.89,4,Cash on Delivery,2024-07-15,3,2.0
ORD104148,CUS5779,Robert Hutchinson,Donnafort,Beauty,3139.32,3,Net Banking,2024-11-19,4,2.0
ORD104149,CUS3253,Michael Henderson,Davidville,Electronics,422.73,3,UPI,2025-05-31,2,
ORD104150,CUS4581,Kristen Black,Sarahton,Clothing,3825.14,2,Cash on Delivery,2025-05-27,4,3.8
ORD104151,CUS8774,Marcus Bird,Hughesfurt,Home,3748.44,2,Debit Card,2024-12-16,6,1.4
ORD104152,CUS5494,Jeffrey Robinson,Elizabethchester,Books,607.62,5,UPI,2025-04-04,3,2.4
ORD104153,CUS8338,Joel Anderson,Simmonsshire,Home,4315.13,5,Cash on Delivery,2024-08-29,7,4.2
ORD104154,CUS4669,Andrew Hines,East Troy,Home,3543.85,3,Debit Card,2025-01-29,4,3.2
ORD104155,CUS3362,,New Bonniehaven,Beauty,4182.43,2,Cash on Delivery,2024-08-16,5,4.9
ORD104156,CUS3828,Ryan Mason,Jonathanland,Electronics,1112.9,4,Net Banking,2024-08-05,7,2.2
ORD104157,CUS3266,Ryan Miller,East Reneeshire,Clothing,2361.42,4,Credit Card,2025-10-26,4,2.6
ORD104158,CUS7230,Crystal Norris,Port Rodney,Beauty,2057.4,1,Debit Card,2025-06-29,5,3.6
ORD104159,CUS7147,Linda Gomez,Kimtown,Clothing,1704.74,2,UPI,2025-07-27,6,1.3
ORD104160,CUS1101,Christine Lloyd,Port Markside,Books,3810.32,3,Debit Card,2025-05-12,1,3.7
ORD104161,CUS7023,Curtis Brown,Shawnberg,Books,3285.63,5,Cash on Delivery,2025-09-10,2,2.0
ORD104162,CUS7581,Brenda Rogers,Nathanview,Sports,1032.96,3,UPI,2024-06-06,4,1.5
ORD104163,CUS6178,Brittany Hughes,Rachelview,Beauty,2879.55,3,Net Banking,2025-10-19,3,3.5
ORD104164,CUS6266,Mary Sandoval,Port Nathanmouth,Beauty,4072.17,5,Net Banking,2025-02-21,5,2.3
ORD104165,CUS3966,Jonathan Foster,Marissaport,Beauty,1872.79,1,Debit Card,2025-09-27,3,4.6
ORD104166,CUS2367,Barbara Thompson,Leefort,Books,1432.08,3,Cash on Delivery,2026-01-13,6,5.0
ORD104167,CUS5489,Julia Odom,Barnettborough,Beauty,2610.79,5,Cash on Delivery,2024-10-10,7,3.6
ORD104168,CUS8400,Alfred Perkins,New Elizabeth,Books,1886.32,1,Net Banking,2024-06-29,6,2.8
ORD104169,CUS3904,David Roach,South Angela,Books,3586.06,5,Net Banking,2024-05-15,7,4.9
ORD104170,CUS3441,Donna Avila,Amandashire,Clothing,2318.6,1,Debit Card,2025-06-30,2,4.2
ORD104171,CUS2956,Karen Weaver,South Pamela,Books,4779.06,5,Debit Card,2024-03-14,4,1.0
ORD104172,CUS8827,Randy Bell,Bakerland,Beauty,588.74,4,Cash on Delivery,2024-08-12,2,3.5
ORD104173,CUS1688,Heather Lee,New Aaron,Home,4471.64,4,Credit Card,2026-01-11,4,2.6
ORD104174,CUS8247,William Miller,Wallmouth,Home,4855.86,1,Debit Card,2025-06-30,1,
ORD104175,CUS8196,Ryan Wright,Keithview,Sports,1704.88,3,Debit Card,2024-04-14,5,2.4
ORD104176,CUS5643,Elizabeth Blackwell,Port Alexa,Sports,2235.85,5,Credit Card,2024-07-14,5,2.3
ORD104177,CUS8318,Andrew Vasquez,New Colleen,Home,403.28,3,Cash on Delivery,2024-05-30,5,2.6
ORD104178,CUS6491,Paul Hoffman,West Timothyburgh,Beauty,1958.93,2,UPI,2025-06-23,6,4.8
ORD104179,CUS5900,Anthony Moore,Shelbystad,Electronics,3782.37,4,Cash on Delivery,2024-10-20,5,1.0
ORD104180,CUS8480,,Markbury,Books,2763.37,2,Net Banking,2024-03-14,4,3.2
ORD104181,CUS1442,Carol Miller,East Kyleborough,Electronics,3076.7,5,Net Banking,2025-05-09,3,1.3
ORD104182,CUS6447,Julie Mora,Port Benjaminton,Electronics,2631.84,1,Net Banking,2024-10-14,2,4.1
ORD104183,CUS7076,John Jacobs,Lucasbury,Clothing,4429.32,4,Credit Card,2024-08-22,4,2.2
ORD104184,CUS4314,Dr. Rebecca Garcia,Lopezview,Clothing,3222.85,1,Credit Card,2026-03-03,1,4.2
ORD104185,CUS9174,Katelyn Miranda,Zoeborough,Clothing,3606.79,4,Cash on Delivery,2024-05-29,1,2.1
ORD104186,CUS7484,Cindy Chambers MD,Baldwinborough,Beauty,989.44,1,Cash on Delivery,2025-05-31,3,3.2
ORD104187,CUS6812,John Malone,Port Melissafort,Clothing,3565.82,4,Debit Card,2025-05-27,1,4.4
ORD104188,CUS5524,Melanie Miller,Lake Amber,Sports,4289.86,2,Cash on Delivery,2025-06-24,5,4.5
ORD104189,CUS7224,Toni Woods,North Manuel,Sports,222.57,5,Net Banking,2024-11-30,2,1.5
ORD104190,CUS1363,Ellen Schultz,West Derrick,Beauty,499.91,4,Cash on Delivery,2025-09-08,5,3.7
ORD104191,CUS6667,Kristi Meyer,Lake Cindy,Electronics,3285.56,4,Debit Card,2025-08-17,5,1.3
ORD104192,CUS6065,Lawrence Thompson,Lake Laura,Sports,2008.19,2,Credit Card,2025-09-15,6,1.9
ORD104193,CUS3950,Renee Terrell,West Christopher,Sports,4519.96,1,UPI,2025-05-24,4,3.4
ORD104194,CUS7317,David Kirby,Gregorytown,Home,4022.17,5,UPI,2025-10-28,1,4.0
ORD104195,CUS8905,Janet Hunt,New Stephen,Home,4408.96,4,Cash on Delivery,2025-02-10,5,3.4
ORD104196,CUS5105,Jennifer Cross,Barnesville,Home,152.17,2,Cash on Delivery,2025-10-28,6,1.4
ORD104197,CUS5619,John Davis,North Jamie,Clothing,2909.49,5,Cash on Delivery,2024-08-08,1,2.6
ORD104198,CUS4800,Holly Blackburn,Lake Stephanie,Sports,1552.01,1,Credit Card,2025-04-24,6,3.0
ORD104199,CUS1137,Martin Gonzales,Howardmouth,Sports,1885.34,4,Net Banking,2025-04-18,2,1.8
ORD104200,CUS6882,Brittney Gonzales,North Lisafurt,Home,4617.85,3,Net Banking,2024-04-11,4,1.3
ORD104201,CUS7925,Danielle Miranda,East Savannahstad,Clothing,3122.16,3,Cash on Delivery,2025-03-23,3,2.3
ORD104202,CUS6310,Jose Myers,South Sarahhaven,Electronics,1875.31,3,Debit Card,2024-12-18,7,2.4
ORD104203,CUS4752,Eric Sanchez,Aprilville,Beauty,2639.83,5,Cash on Delivery,2024-11-23,2,3.2
ORD104204,CUS4516,Jamie Miller,Salasview,Beauty,3518.46,5,UPI,2024-09-15,3,1.8
ORD104205,CUS8296,Elizabeth Davenport,Nicholsonmouth,Books,4815.38,3,Credit Card,2024-11-24,1,3.3
ORD104206,CUS3538,Natalie Bernard,South Angela,Home,2394.19,4,UPI,2025-08-22,4,1.7
ORD104207,CUS3465,Ann Carpenter,East Jermaine,Beauty,1193.99,3,Net Banking,2024-08-23,4,3.3
ORD104208,CUS2008,Latoya Morris,South Shawn,Sports,1008.32,5,Credit Card,2025-11-14,2,3.3
ORD104209,CUS9328,Mrs. Melissa Smith,Perezberg,Books,1453.1,5,Credit Card,2025-08-06,6,2.3
ORD104210,CUS9196,Larry Smith,West Mark,Home,4829.39,3,Cash on Delivery,2024-10-31,4,1.4
ORD104211,CUS7873,Michael Jones,Deniseside,Books,1501.51,1,Debit Card,2025-10-02,7,1.1
ORD104212,CUS4421,Natasha Wheeler,Port Coreystad,Clothing,2757.94,4,UPI,2025-07-15,1,2.0
ORD104213,CUS2322,Jennifer Potter,Tiffanyborough,Books,2120.3,5,UPI,2025-12-02,3,4.6
ORD104214,CUS7279,Zachary Gonzales,South Gregoryburgh,Clothing,1310.2,3,UPI,2024-05-10,2,3.0
ORD104215,CUS5220,Michele Choi,North Patrickport,Sports,2792.12,5,Debit Card,2025-11-27,4,2.2
ORD104216,CUS3862,Beth Smith,Lake Amyport,Beauty,2721.01,4,Debit Card,2025-09-05,4,1.2
ORD104217,CUS3639,James Lewis,Karenburgh,Beauty,2257.92,4,UPI,2024-04-03,4,3.1
ORD104218,CUS2874,Michelle Williams,West Jesse,Books,2963.69,5,Credit Card,2024-06-27,7,1.2
ORD104219,CUS2483,Brent Wood,Martinezville,Electronics,4878.14,5,Credit Card,2025-09-25,6,4.4
ORD104220,CUS5254,Jesse Castro,West Michaelfort,Electronics,2026.89,2,UPI,2025-12-25,4,4.3
ORD104221,CUS9930,Ralph Lopez,North Nicholas,Clothing,2479.79,5,UPI,2025-06-24,5,3.9
ORD104222,CUS4547,Richard Fisher,East Johnfurt,Home,1962.48,4,UPI,2026-02-11,1,1.3
ORD104223,CUS4974,Madison Morales,Weissport,Books,4614.37,2,Debit Card,2026-02-12,6,3.3
ORD104224,CUS4351,Michael Mccarthy,Hendersonshire,Clothing,4107.36,4,UPI,2024-12-09,1,4.3
ORD104225,CUS9670,Stephanie Morales,Watkinshaven,Sports,2971.3,5,Credit Card,2024-12-19,3,1.7
ORD104226,CUS1590,Justin Jones,New Michael,Beauty,2395.39,4,Cash on Delivery,2024-05-04,3,
ORD104227,CUS1179,John Harvey,West Matthewville,Beauty,4760.46,2,Cash on Delivery,2024-06-21,1,4.8
ORD104228,CUS8386,Brenda Stephenson,Lake Jennifer,Electronics,2072.99,1,Net Banking,2025-07-24,1,3.5
ORD104229,CUS5492,Thomas Hernandez,Cabreraborough,Sports,370.04,4,Net Banking,2025-02-02,2,4.8
ORD104230,CUS5699,Erin Paul,South Amyhaven,Books,3071.59,1,Cash on Delivery,2024-10-20,2,1.9
ORD104231,CUS4402,Andrew Bryant,Douglastown,Books,2090.71,5,UPI,2024-05-29,5,
ORD104232,CUS8675,Michael Eaton,North Matthewburgh,Sports,4001.61,1,Credit Card,2025-10-06,5,1.5
ORD104233,CUS3771,Christina Martinez,Michaelstad,Sports,1529.78,5,Cash on Delivery,2024-04-27,7,1.1
ORD104234,CUS3772,Teresa Myers,Lake Andrew,Books,3884.61,3,UPI,2024-07-15,4,2.7
ORD104235,CUS7792,Virginia Baldwin,West Nancybury,Sports,1097.37,2,Credit Card,2025-02-25,2,5.0
ORD104236,CUS2125,Anthony Murray,Kaylaburgh,Electronics,3548.5,3,Cash on Delivery,2024-08-05,2,4.5
ORD104237,CUS3336,Sandra Graham,Lake Michaelport,Electronics,3463.15,3,Net Banking,2024-10-21,2,4.6
ORD104238,CUS5270,Brittney Singh,Kimberlyberg,Sports,3136.8,5,Debit Card,2025-11-18,5,3.5
ORD104239,CUS2913,Darryl Jones,Arthurburgh,Home,797.52,3,Credit Card,2024-10-10,6,3.6
ORD104240,CUS5365,Samantha Barr,Kimberlymouth,Books,1145.38,1,UPI,2025-05-18,3,
ORD104241,CUS4369,Mrs. Tara Johnson,Donnamouth,Clothing,4651.39,1,Credit Card,2025-02-10,6,4.4
ORD104242,CUS4633,,East Richardberg,Clothing,3769.09,1,Credit Card,2024-11-07,4,2.6
ORD104243,CUS4527,Austin Payne,Sherryberg,Home,4685.06,4,UPI,2025-03-03,6,2.3
ORD104244,CUS9809,Jerry Thompson,West Andrewton,Books,3213.85,1,Debit Card,2025-04-02,6,1.8
ORD104245,CUS5520,Scott Yang,Kimberlyside,Books,2831.94,4,Debit Card,2025-01-02,2,1.9
ORD104246,CUS8426,Heather Hebert,Taylorfort,Books,1614.08,5,Debit Card,2025-12-21,6,1.2
ORD104247,CUS9097,Benjamin Burke,North Maurice,Clothing,3725.19,1,Debit Card,2025-01-03,5,1.0
ORD104248,CUS4188,Logan Pena,Peckfort,Books,3748.07,1,Net Banking,2024-06-08,6,
ORD104249,CUS7629,Scott Phillips,Mooremouth,Electronics,2440.99,1,Net Banking,2024-07-16,5,4.3
ORD104250,CUS6264,Kevin Scott,Port Jeffrey,Sports,1063.79,4,Debit Card,2026-02-11,5,
ORD104251,CUS2184,,North Tyler,Electronics,1035.17,2,Debit Card,2025-08-06,1,4.2
ORD104252,CUS5418,,West Shannon,Electronics,1076.83,5,Credit Card,2024-12-16,2,3.1
ORD104253,CUS6417,Lisa Robbins,North Sarahside,Sports,2841.02,4,Net Banking,2025-12-20,2,4.4
ORD104254,CUS7983,Theresa Rodriguez,Edwardsberg,Clothing,3872.45,1,Net Banking,2024-12-21,1,1.9
ORD104255,CUS9446,Kimberly Price,Kellybury,Electronics,3033.26,2,Net Banking,2025-08-17,6,2.1
ORD104256,CUS5351,Laura Hernandez,Stevenburgh,Sports,4281.39,2,UPI,2025-04-13,1,1.8
ORD104257,CUS8882,Steven Hicks,Thompsonville,Sports,3330.52,3,UPI,2024-09-19,1,2.3
ORD104258,CUS3836,Dr. Jeremy Jordan MD,Mosschester,Electronics,971.02,5,UPI,2025-02-10,3,3.9
ORD104259,CUS8256,Mrs. Jill Williams,South Kaitlyn,Home,3314.6,4,Debit Card,2025-09-29,6,4.2
ORD104260,CUS6331,Edward Matthews,North Dianaview,electronics,855.49,4,Credit Card,2025-12-04,2,1.5
ORD104261,CUS6418,,North Seanmouth,Clothing,966.38,5,UPI,2024-11-26,5,1.4
ORD104262,CUS7822,Margaret Rogers,Jonesmouth,Clothing,949.34,5,Credit Card,2024-10-24,3,2.7
ORD104263,CUS8956,Lindsey Skinner,New Laurie,Electronics,846.94,3,Cash on Delivery,2024-06-21,1,3.5
ORD104264,CUS9300,Madison Nguyen,Stephenbury,Beauty,3552.11,5,Net Banking,2024-03-21,1,1.9
ORD104265,CUS2585,Tracy Cortez,Burchview,Beauty,589.71,5,Credit Card,2025-03-03,2,2.5
ORD104266,CUS4537,Keith Mccann,Lake Andrealand,Books,4450.29,5,UPI,2024-05-22,6,4.2
ORD104267,CUS3666,Renee Miller,Leonardville,Beauty,2462.46,4,Net Banking,2025-03-06,5,3.6
ORD104268,CUS4711,Emily Williams,Figueroafort,Home,1201.15,2,Credit Card,2024-07-01,6,2.1
ORD104269,CUS1655,John Peters,Johnfort,Sports,1381.18,2,Credit Card,2025-12-04,2,4.5
ORD104270,CUS8986,Patrick Jones,Wilsonton,Books,2324.74,1,Debit Card,2025-07-13,2,3.7
ORD104271,CUS7663,Carrie Black,Brianmouth,Books,2465.15,5,Cash on Delivery,2026-02-09,6,1.2
ORD104272,CUS6316,Jennifer Spencer,Gabriellabury,Home,2375.84,5,Debit Card,2025-02-11,7,3.4
ORD104273,CUS7937,William Harris,East Richardmouth,electronics,110.73,1,Cash on Delivery,2025-08-19,7,2.5
ORD104274,CUS7985,Ashley Brown,Christophermouth,Beauty,274.05,3,Debit Card,2025-11-24,7,1.9
ORD104275,CUS3143,Deanna Brooks,North Rachel,Home,2300.09,1,UPI,2025-06-21,4,4.9
ORD104276,CUS6413,Anthony Valdez,Ricardohaven,Electronics,3675.72,5,UPI,2024-10-08,5,1.6
ORD104277,CUS2411,Emma Martin,Chelseaside,Electronics,120.98,1,UPI,2025-08-21,5,1.7
ORD104278,CUS9446,Amanda Ballard,Timothybury,Electronics,893.58,4,UPI,2025-09-06,6,4.0
ORD104279,CUS1894,,Bryantville,Beauty,3308.31,5,Credit Card,2025-11-27,4,2.4
ORD104280,CUS1993,Deborah Valdez,North Lisa,Sports,252.85,1,Debit Card,2025-10-11,1,1.3
ORD104281,CUS4250,Heather Mathis,New Tiffanyside,Clothing,3293.6,4,Cash on Delivery,2024-05-25,6,1.5
ORD104282,CUS5117,Dustin Tran,Nelsonport,Home,3684.16,2,Debit Card,2024-10-10,2,1.4
ORD104283,CUS6326,James Flynn,Ballchester,Beauty,2235.94,4,Net Banking,2025-06-28,5,3.8
ORD104284,CUS6998,,Sherryview,Home,812.86,1,Net Banking,2025-09-26,6,1.6
ORD104285,CUS5518,Maria Santos,New Tinashire,Sports,4869.86,3,UPI,2026-02-22,6,2.2
ORD104286,CUS1537,Amy Drake MD,East George,Home,2742.78,1,Net Banking,2024-04-24,7,1.4
ORD104287,CUS7122,Dustin Fields,Danielland,Electronics,1410.35,5,Credit Card,2024-11-29,4,1.3
ORD104288,CUS8921,Alexander Lee,Lindseyberg,Home,3083.89,1,UPI,2024-07-21,2,2.1
ORD104289,CUS6410,Holly Johnson,Garciaville,Home,572.63,3,UPI,2025-03-17,6,3.8
ORD104290,CUS1588,Jesse Reynolds,Rebeccaborough,electronics,361.18,2,Net Banking,2024-09-17,6,4.0
ORD104291,CUS7103,Daniel Lane,Lopezshire,Books,2765.16,4,Credit Card,2024-03-15,2,2.6
ORD104292,CUS2694,Michael Brennan,West Jeff,Books,1760.21,3,Net Banking,2025-05-30,6,1.3
ORD104293,CUS7745,Tara Parker,West Jamesview,Home,3192.64,4,Credit Card,2026-02-03,3,1.1
ORD104294,CUS2984,Ivan Ramos,Ronaldshire,Beauty,2782.23,5,Net Banking,2026-01-27,1,2.0
ORD104295,CUS6978,Matthew James,East Melissa,Beauty,2866.22,2,Credit Card,2024-12-13,1,2.5
ORD104296,CUS4673,Dr. Christina Stevens,West Rickyland,Electronics,683.32,1,UPI,2024-04-19,2,1.0
ORD104297,CUS4950,Matthew Powell,Parksland,Sports,4810.05,2,UPI,2025-06-26,7,2.7
ORD104298,CUS7618,Megan Stanley,Jacksonmouth,electronics,4017.72,3,Debit Card,2025-01-21,4,4.8
ORD104299,CUS6865,Mario Ramirez MD,Port Jeffrey,Beauty,1551.14,4,Debit Card,2024-03-29,3,2.5
ORD104300,CUS4063,Michele Warren,Billyside,Sports,2593.98,1,UPI,2025-01-26,1,2.5
ORD104301,CUS5821,Amy Hart,East Karenmouth,Sports,1241.86,5,Net Banking,2025-03-19,3,2.1
ORD104302,CUS8580,Colleen Lopez,Lauriefurt,Clothing,1806.93,2,UPI,2024-04-15,3,3.7
ORD104303,CUS9613,Deborah Brown,Gonzalesberg,Beauty,4228.38,2,UPI,2025-05-28,2,3.0
ORD104304,CUS3288,,North Robinland,Home,669.22,5,Credit Card,2025-05-02,5,1.2
ORD104305,CUS8468,Megan Woodard,Brookshaven,Books,3515.41,2,Cash on Delivery,2024-03-14,1,4.2
ORD104306,CUS6492,,Port Lisa,Beauty,2726.69,4,Debit Card,2024-11-07,6,4.8
ORD104307,CUS9254,Michael Stafford,Lake Cheryl,electronics,2353.49,1,Cash on Delivery,2024-07-14,3,4.7
ORD104308,CUS5367,Helen Davis,West Jaredhaven,Clothing,4004.75,3,Credit Card,2024-07-07,5,4.5
ORD104309,CUS7783,Gabrielle Webb,Port Karen,Beauty,2732.26,4,Net Banking,2025-05-17,4,1.4
ORD104310,CUS5916,Dustin Thompson,North John,Books,4012.35,1,Cash on Delivery,2026-02-08,6,1.3
ORD104311,CUS5765,Patrick Bender,Randyburgh,Beauty,499.8,3,UPI,2025-03-11,2,4.1
ORD104312,CUS1501,Jennifer Brown,Port Lisa,Clothing,4278.75,1,Debit Card,2024-10-22,5,2.9
ORD104313,CUS7957,Stacey Lambert,North Erin,Books,1031.74,4,Cash on Delivery,2024-06-23,2,2.9
ORD104314,CUS9612,Kyle Cantrell,South Michael,electronics,1757.05,3,Debit Card,2025-04-25,6,3.6
ORD104315,CUS8451,Robert Morris,East Mark,Home,2613.46,4,Debit Card,2025-08-21,4,4.6
ORD104316,CUS4034,Savannah Park,Lake Michellefort,Home,1481.41,3,UPI,2025-07-22,4,
ORD104317,CUS3839,Melissa Allen,Port David,Clothing,755.21,4,Debit Card,2025-11-10,2,1.5
ORD104318,CUS3666,Brian Price,West Lori,Electronics,443.35,3,Net Banking,2024-12-10,4,4.5
ORD104319,CUS2851,Charles Mcbride,Landryberg,Sports,3694.2,4,UPI,2024-12-11,4,2.8
ORD104320,CUS8676,Sergio Rodriguez,Alanport,Clothing,1455.71,1,Net Banking,2025-12-13,7,3.8
ORD104321,CUS4321,Nancy Robertson,West Susan,Sports,1776.34,4,UPI,2025-06-06,4,4.6
ORD104322,CUS1867,Ariana Morales,Henryburgh,Sports,326.32,4,Cash on Delivery,2025-11-08,6,3.0
ORD104323,CUS2885,Carolyn Nelson,Port Thomasville,Books,4172.26,4,Credit Card,2026-02-26,1,4.3
ORD104324,CUS9945,Norma Pope,South Brianachester,Beauty,2852.54,1,Debit Card,2025-02-02,5,4.4
ORD104325,CUS5235,Jared Jackson,Anthonybury,Home,3462.37,1,Debit Card,2026-01-02,2,2.2
ORD104326,CUS3105,Justin Cox,West Ebony,Home,1566.35,4,Cash on Delivery,2024-04-01,7,2.7
ORD104327,CUS4966,Paul Delgado,North Luis,Electronics,3002.91,1,Net Banking,2025-05-09,4,2.0
ORD104328,CUS8197,Connor Gaines,East Mary,electronics,889.71,2,UPI,2025-08-23,5,1.2
ORD104329,CUS6343,Michael Ford,New Antoniofurt,Electronics,4625.54,4,Cash on Delivery,2024-05-09,2,2.2
ORD104330,CUS2499,Karen Banks,Richardsonburgh,Beauty,2892.74,3,UPI,2025-08-02,4,4.0
ORD104331,CUS5888,Katherine Walker,Lake Christopher,Electronics,3596.98,5,UPI,2024-03-20,4,3.3
ORD104332,CUS6168,,East Christianbury,Electronics,193.97,4,Credit Card,2024-10-30,3,1.9
ORD104333,CUS3009,Jonathan Brooks,Victoriastad,Books,659.47,1,Cash on Delivery,2026-02-02,3,
ORD104334,CUS8629,Samantha Parker,Codymouth,Clothing,4005.68,2,Cash on Delivery,2024-06-13,6,4.3
ORD104335,CUS5641,Angela Garza,Davidville,Books,3214.62,4,UPI,2024-10-12,3,2.9
ORD104336,CUS7463,Kimberly Vasquez,Saundersville,Books,2846.19,5,Net Banking,2024-07-28,2,3.8
ORD104337,CUS8993,Daniel Shepherd,Nelsonland,Books,3827.14,5,Net Banking,2024-07-25,3,4.6
ORD104338,CUS5645,Theresa King,Hansonberg,Electronics,3517.13,5,Cash on Delivery,2024-12-20,1,3.5
ORD104339,CUS7737,Kevin Herrera,Williammouth,Beauty,2085.55,5,Credit Card,2025-05-30,1,2.4
ORD104340,CUS8918,Jean Watson,Richardsonton,Home,4102.55,3,Credit Card,2024-04-26,4,1.4
ORD104341,CUS6628,Timothy Little,Smithburgh,Electronics,199.52,4,Net Banking,2024-05-01,3,3.1
ORD104342,CUS8384,Todd Kelly,New Virginia,electronics,2374.81,5,Net Banking,2025-11-12,1,4.8
ORD104343,CUS6527,Cheryl George,Morganshire,Sports,1082.91,1,UPI,2024-12-31,7,3.2
ORD104344,CUS6675,Stephanie Williams DDS,Nicholasville,Sports,1588.64,2,UPI,2024-07-23,1,3.2
ORD104345,CUS1618,Jacob Decker,Vickiport,Clothing,3187.49,2,UPI,2025-08-08,6,1.3
ORD104346,CUS3623,Scott Kelly,New Nataliefort,Clothing,2657.74,1,Debit Card,2025-05-18,5,4.5
ORD104347,CUS1634,Megan Hill,Susanborough,Electronics,1699.36,4,Cash on Delivery,2024-06-08,2,2.7
ORD104348,CUS5202,David Garrett,Masonchester,Home,2813.88,1,Net Banking,2024-05-16,2,4.5
ORD104349,CUS4067,Krista Wood,Michellemouth,Beauty,2896.89,1,Debit Card,2025-03-09,2,1.2
ORD104350,CUS3842,William Collins,Barkerville,Sports,2093.15,1,Debit Card,2025-02-13,1,2.1
ORD104351,CUS2411,Debbie Gonzalez,New Angelica,Beauty,2966.3,5,Debit Card,2025-03-29,3,1.8
ORD104352,CUS1391,Rebecca Smith,North Corey,Clothing,3203.75,1,Net Banking,2025-10-30,3,4.5
ORD104353,CUS5382,Heather Green,South Sabrinahaven,Beauty,1071.71,5,Cash on Delivery,2025-08-07,5,1.3
ORD104354,CUS5323,Sarah Rogers,New Beth,Books,4996.52,5,Net Banking,2024-08-14,6,3.1
ORD104355,CUS9582,Donald Crane,North Brooke,Books,1407.05,3,Cash on Delivery,2025-01-04,5,2.0
ORD104356,CUS7736,Jimmy Wood,Ashleyburgh,Home,112.66,3,Debit Card,2024-11-18,6,3.9
ORD104357,CUS3727,Douglas Knight,Thomastown,Beauty,3529.81,1,Debit Card,2025-11-28,5,2.5
ORD104358,CUS4913,Brandon Heath,Jacobview,Electronics,540.91,2,Debit Card,2025-02-13,6,1.6
ORD104359,CUS7944,Chelsea Torres,Lake Jacob,Clothing,1223.2,3,UPI,2025-05-03,7,3.0
ORD104360,CUS9330,Roberto Cook,Bryantborough,Home,4231.62,3,UPI,2026-01-28,1,1.4
ORD104361,CUS5287,,South Charlesshire,Home,3322.92,3,UPI,2024-12-27,3,4.4
ORD104362,CUS6189,Sandra White,North Dustinborough,Sports,2334.41,2,UPI,2024-12-13,1,1.5
ORD104363,CUS4077,Daniel Nelson,Vasquezstad,Beauty,2908.77,4,Net Banking,2024-03-26,2,2.4
ORD104364,CUS4105,Gary Evans,Johnside,Home,260.95,3,Net Banking,2025-10-23,7,1.2
ORD104365,CUS1594,John Blackburn,Salinasmouth,Beauty,1015.26,4,Cash on Delivery,2025-02-17,7,1.9
ORD104366,CUS7041,Christopher Williams,Ramireztown,Electronics,4327.74,3,Cash on Delivery,2026-03-02,2,3.5
ORD104367,CUS3896,Lorraine Gray,Tuckerside,Sports,3193.27,4,Debit Card,2025-09-14,4,2.3
ORD104368,CUS4681,Nicholas Miller,North Emily,Beauty,310.22,3,Debit Card,2025-12-30,2,3.4
ORD104369,CUS1017,Robert Marshall,Blakehaven,Clothing,1329.89,1,Cash on Delivery,2026-01-17,6,3.1
ORD104370,CUS2461,Lindsay Clark,Kristinachester,Home,2936.46,2,Debit Card,2026-01-12,7,2.4
ORD104371,CUS5017,Stephen Gonzalez,Johnstonton,Electronics,862.33,4,Cash on Delivery,2025-11-25,6,2.8
ORD104372,CUS6681,Alicia Brown,Alyssastad,Clothing,696.56,4,Credit Card,2025-05-04,6,
ORD104373,CUS7948,Briana Joseph,Lake Heidiland,Home,2804.43,5,Debit Card,2025-11-05,2,1.9
ORD104374,CUS5718,Madeline Bryant,Gordonmouth,Beauty,4925.58,3,Debit Card,2025-12-05,6,2.5
ORD104375,CUS4294,Meagan Sloan,Michaelchester,Clothing,1883.01,3,Credit Card,2025-06-21,7,2.5
ORD104376,CUS8874,,Stevenbury,Home,4308.92,4,Credit Card,2024-10-19,3,4.7
ORD104377,CUS3223,Christian Hall,Mitchellbury,Beauty,3140.62,3,Cash on Delivery,2025-08-04,4,4.2
ORD104378,CUS7344,Teresa Johnson MD,East Mark,Sports,2605.77,5,Net Banking,2025-01-02,1,1.4
ORD104379,CUS6993,Jennifer Eaton,New Charlesfort,Electronics,3294.82,4,Debit Card,2024-07-09,2,1.8
ORD104380,CUS8657,Alicia Jordan,South Denise,Books,3732.18,4,Cash on Delivery,2024-08-19,3,1.3
ORD104381,CUS2613,Jennifer Ortega,Davidborough,Sports,414.09,2,Cash on Delivery,2024-07-13,6,2.6
ORD104382,CUS2874,Janice Woods,North Elizabeth,Clothing,1415.12,1,Cash on Delivery,2026-01-22,7,1.7
ORD104383,CUS4560,Mrs. Jennifer Thomas,North Alanborough,Books,2356.65,1,Credit Card,2026-03-01,1,1.1
ORD104384,CUS8857,Mary Jones,Brownland,Books,762.31,2,UPI,2025-08-18,6,3.8
ORD104385,CUS1337,Marcus Welch,Tonyaville,Electronics,4004.84,2,UPI,2024-08-01,6,1.9
ORD104386,CUS5553,Jonathan Bauer,West Douglas,electronics,850.2,1,Debit Card,2024-06-09,1,4.1
ORD104387,CUS8562,Jamie Rodriguez,Port Robert,Electronics,3311.12,4,Debit Card,2025-08-28,4,2.4
ORD104388,CUS7461,William Flores,Kevinmouth,Books,4880.83,4,Credit Card,2025-11-21,1,3.0
ORD104389,CUS7482,,Smithchester,Sports,3028.31,2,Credit Card,2024-12-25,1,1.4
ORD104390,CUS9659,Timothy Wade,West Barbaramouth,Beauty,289.09,1,Net Banking,2025-01-21,4,3.0
ORD104391,CUS7887,Gabrielle Ramos,East Kevin,Home,376.86,3,Net Banking,2025-12-26,3,4.4
ORD104392,CUS4682,Mrs. Jenna Smith MD,Smithport,Home,724.89,2,Net Banking,2025-05-31,5,4.7
ORD104393,CUS4331,Susan Smith,Raymondbury,Books,4693.37,4,UPI,2024-04-16,3,3.7
ORD104394,CUS7812,Nicole Meadows,Foleyfurt,electronics,2996.28,3,Debit Card,2024-05-08,7,4.3
ORD104395,CUS8337,Dawn Daniels,East Emilyborough,Clothing,3043.48,1,UPI,2025-08-01,6,3.9
ORD104396,CUS9759,,Port Alex,Clothing,4371.57,5,Debit Card,2025-07-28,3,4.3
ORD104397,CUS4981,Deborah Whitehead,Lisaborough,Home,2381.02,4,Debit Card,2025-03-17,1,3.1
ORD104398,CUS3378,Michael Zimmerman,Nicholeberg,Home,764.42,3,Credit Card,2024-12-03,3,4.6
ORD104399,CUS2392,Blake Mccormick,New Jason,Clothing,1754.88,5,Net Banking,2025-07-20,2,1.9
ORD104400,CUS7878,Julian Williams,Mitchellchester,Books,3801.18,1,Credit Card,2025-08-14,5,1.7
ORD104401,CUS1861,Karen Wu,Port Brandifort,Beauty,3823.0,3,Net Banking,2025-08-11,4,2.5
ORD104402,CUS1368,Carrie Cardenas,Conwayburgh,Sports,2744.14,1,Net Banking,2024-06-08,4,3.4
ORD104403,CUS4872,Bobby Ramirez,Beckertown,Sports,3437.91,5,Net Banking,2024-04-29,7,2.4
ORD104404,CUS9386,Henry Franklin,Port Pamburgh,Electronics,4829.47,2,UPI,2024-04-21,5,4.7
ORD104405,CUS9428,David Thompson,East Danielleborough,Books,4440.7,4,Debit Card,2025-12-13,4,4.5
ORD104406,CUS4931,Emily Lopez,Rachelberg,Sports,401.03,1,Net Banking,2026-02-20,3,1.0
ORD104407,CUS5077,Hannah Carpenter,South Emma,Sports,2196.85,3,UPI,2024-08-13,3,3.0
ORD104408,CUS7107,Matthew Macdonald,South Joseburgh,Electronics,2254.92,5,Credit Card,2024-05-14,6,3.9
ORD104409,CUS3872,Jacqueline Owen,Port Ryanport,Beauty,4830.76,2,UPI,2024-09-12,1,1.6
ORD104410,CUS3339,Ryan Green,North Edward,Electronics,4800.34,4,Credit Card,2025-10-04,7,1.5
ORD104411,CUS1014,Lisa Bradley,Daltontown,Beauty,630.29,2,Net Banking,2025-08-16,2,4.8
ORD104412,CUS8892,James Garner,West Vickie,Books,3802.68,3,UPI,2025-07-27,6,3.2
ORD104413,CUS3219,Jonathan Wilson,Kinghaven,Clothing,3179.66,4,UPI,2025-03-15,3,2.1
ORD104414,CUS6163,Ryan Terry,Lake Troyville,Home,2733.87,1,Credit Card,2026-02-14,6,2.7
ORD104415,CUS2846,Jaime Garcia,Kaylaland,Sports,895.78,5,UPI,2024-06-21,3,4.6
ORD104416,CUS4728,Tristan Giles,Charlesville,Books,1623.12,5,UPI,2025-04-09,6,2.9
ORD104417,CUS7074,Kylie Flores,Langtown,Beauty,4913.17,2,UPI,2025-01-19,5,4.9
ORD104418,CUS1055,Zachary Crosby,New Robert,Home,4330.89,3,UPI,2025-08-31,5,3.8
ORD104419,CUS8251,Karen Robinson,Emilyfort,Clothing,2322.97,2,Credit Card,2024-09-09,6,1.9
ORD104420,CUS1601,,North Paulborough,Beauty,2059.25,1,UPI,2026-01-03,5,2.8
ORD104421,CUS7853,,Willisberg,Home,2297.58,5,Debit Card,2025-04-12,1,1.7
ORD104422,CUS4520,Michael Wagner,East Jeffrey,Sports,4085.72,4,Cash on Delivery,2025-10-26,1,3.8
ORD104423,CUS4865,Jamie Smith,Patrickville,Beauty,996.25,5,Cash on Delivery,2025-03-25,7,3.4
ORD104424,CUS3994,Mark Roberson,Port Barbaratown,Electronics,2667.76,4,Credit Card,2025-05-07,5,1.3
ORD104425,CUS4798,Jenny Holland,Port Mauricemouth,Books,3947.92,1,Credit Card,2024-06-15,6,3.1
ORD104426,CUS8644,Nicholas Gay,Stevenberg,Clothing,1442.54,4,Net Banking,2025-10-13,5,5.0
ORD104427,CUS3464,,Philipmouth,Sports,1564.12,5,Credit Card,2024-04-05,1,3.0
ORD104428,CUS9632,Kelly Baker,New Taylorberg,Electronics,4428.29,3,UPI,2024-06-14,5,3.2
ORD104429,CUS7759,Nicole Mccoy,Lake Katie,Sports,1451.78,4,Net Banking,2025-06-10,5,3.1
ORD104430,CUS8561,Robert Moore,New Christopherview,Sports,1512.84,4,UPI,2024-06-21,1,4.2
ORD104431,CUS2617,Crystal Sanchez,Jonesfort,Clothing,4214.33,1,Cash on Delivery,2024-07-13,3,4.8
ORD104432,CUS1522,Alejandra Wu,Evansfurt,Home,2327.3,2,Net Banking,2025-08-27,5,2.9
ORD104433,CUS2113,Adam Carter,Alyssamouth,Electronics,1687.25,1,UPI,2024-03-16,2,3.1
ORD104434,CUS4075,April Jones,New Tracimouth,Books,1847.1,1,Credit Card,2026-03-08,5,1.4
ORD104435,CUS2203,Katherine Crosby,Fordview,Home,2923.47,4,Credit Card,2025-03-05,6,2.0
ORD104436,CUS8432,,West Crystalhaven,Sports,2274.55,5,Debit Card,2025-04-14,4,3.0
ORD104437,CUS4533,Todd Reynolds,Port Briana,Beauty,2909.91,4,Credit Card,2024-11-02,6,2.2
ORD104438,CUS9289,Angel Sullivan,Port Shawn,Books,4944.72,3,Net Banking,2025-03-16,5,2.5
ORD104439,CUS6310,,East Bethmouth,Clothing,201.91,5,UPI,2024-03-23,6,3.2
ORD104440,CUS3527,Michael Medina,Timothyburgh,Electronics,528.68,4,Credit Card,2026-01-03,2,1.8
ORD104441,CUS2438,Marcus Church,Jacktown,Books,2082.28,3,Net Banking,2025-12-14,5,1.6
ORD104442,CUS5347,Amanda Moore,Port Steven,Clothing,1641.35,5,Credit Card,2025-10-10,6,3.4
ORD104443,CUS4750,Kenneth Hall,Carlfort,Clothing,3736.79,5,UPI,2025-12-18,4,3.8
ORD104444,CUS1197,Ashley Saunders,South Marie,Clothing,2237.43,2,Cash on Delivery,2025-02-11,2,1.8
ORD104445,CUS5215,Michael Scott,New Michael,Clothing,3385.43,1,Credit Card,2024-11-04,6,2.1
ORD104446,CUS6202,Colleen King,Adkinschester,Clothing,3592.28,2,Cash on Delivery,2026-02-09,2,1.7
ORD104447,CUS2522,Bruce Smith,Lake Omar,Sports,1891.34,4,Net Banking,2024-10-02,7,1.7
ORD104448,CUS7194,James Farmer,West Edwin,Electronics,2061.78,4,Cash on Delivery,2025-09-11,7,3.7
ORD104449,CUS1051,Tanya Maynard,Mcintoshberg,Clothing,2251.07,3,UPI,2025-02-23,3,4.6
ORD104450,CUS4220,Joshua Watson,North Danielhaven,Beauty,950.85,1,Credit Card,2025-08-18,7,4.3
ORD104451,CUS8450,Lindsay Miller,South Erikview,Clothing,1247.39,1,UPI,2024-08-20,3,3.2
ORD104452,CUS7094,Timothy Briggs,Caseyport,Home,4956.3,2,UPI,2024-09-23,1,3.4
ORD104453,CUS2584,Nathan Wilkerson,Velazquezport,Electronics,447.13,5,UPI,2026-02-27,4,1.5
ORD104454,CUS3803,Roy Martinez,Kevinton,Sports,1252.14,2,Credit Card,2025-12-19,3,3.2
ORD104455,CUS1331,Darrell Beck,Lake Blake,Sports,1400.73,4,Net Banking,2025-07-31,2,1.2
ORD104456,CUS1494,Christopher Delgado,East Steven,Electronics,4266.55,4,UPI,2026-03-10,3,2.7
ORD104457,CUS2943,Nancy Hickman,Nathanbury,Clothing,4739.9,4,UPI,2025-08-27,3,4.1
ORD104458,CUS1144,Stephanie Taylor,Jackview,Sports,3855.18,4,Cash on Delivery,2026-02-24,1,1.6
ORD104459,CUS2462,Elizabeth Wolfe,Taylortown,Sports,1173.49,4,Credit Card,2026-03-01,2,4.5
ORD104460,CUS6877,Susan Gray,Hannafort,Beauty,1068.38,2,Credit Card,2025-11-10,4,4.2
ORD104461,CUS7704,Lisa Yu,Amyland,electronics,3384.39,3,Debit Card,2025-05-12,6,3.4
ORD104462,CUS3594,Thomas Wong,Perezside,Home,2592.23,5,Net Banking,2025-06-30,3,3.7
ORD104463,CUS4316,Karla Hill,Sharonhaven,Clothing,1483.02,3,Cash on Delivery,2024-10-24,2,1.3
ORD104464,CUS8634,Alexander Mckinney,East Eric,Clothing,4953.73,5,Debit Card,2024-06-07,2,2.9
ORD104465,CUS3517,Mary Avila,West Christina,electronics,915.5,3,Net Banking,2024-06-21,2,1.6
ORD104466,CUS2403,,Shawnland,Sports,1484.78,5,Credit Card,2026-01-08,6,3.8
ORD104467,CUS5263,Ray Delacruz,Mcclainview,Electronics,1148.57,4,Net Banking,2025-02-24,6,4.1
ORD104468,CUS3276,Linda White,North Danaburgh,Home,2623.32,5,Cash on Delivery,2025-03-11,4,
ORD104469,CUS2723,Danielle Stephenson,Lake Alexandrastad,Electronics,2334.12,2,Cash on Delivery,2025-05-01,2,2.5
ORD104470,CUS8728,William Williams,South Josephland,Electronics,2688.43,3,UPI,2024-09-15,5,2.5
ORD104471,CUS1964,Dustin Smith,Nelsonfurt,Sports,3686.1,4,Cash on Delivery,2025-04-05,5,1.6
ORD104472,CUS4809,,Josephville,Sports,260.12,5,UPI,2024-12-24,3,4.6
ORD104473,CUS1736,Austin Boyd,Williamsburgh,Electronics,928.41,3,Net Banking,2025-03-04,5,4.4
ORD104474,CUS6941,Dylan Gonzales,Lindseyville,Books,3404.25,2,Debit Card,2025-02-27,6,3.4
ORD104475,CUS5435,Tiffany Watson,West Benjamin,Home,1505.33,1,Net Banking,2024-11-25,1,1.3
ORD104476,CUS4811,Tasha Hogan,Sheilaberg,Home,1360.59,1,Cash on Delivery,2025-05-18,7,4.3
ORD104477,CUS6624,Sandra Patton,Jesseberg,Home,4442.3,3,Cash on Delivery,2025-01-24,3,1.6
ORD104478,CUS6815,Anthony Webb,Angelchester,Beauty,4004.83,5,Debit Card,2024-09-14,4,3.8
ORD104479,CUS8787,Lucas Edwards,New Katherineville,Clothing,4653.85,4,UPI,2025-12-11,3,2.8
ORD104480,CUS8295,Jesus Ellis,Markville,Electronics,4682.43,1,Debit Card,2025-03-26,5,2.2
ORD104481,CUS6188,,Lake Debramouth,Books,137.61,4,Credit Card,2025-08-30,3,2.6
ORD104482,CUS5184,Beverly Davis,Amberborough,Electronics,983.43,1,Net Banking,2025-06-12,4,2.3
ORD104483,CUS5938,Mr. John Jones Jr.,Michelleshire,Beauty,2504.46,3,Credit Card,2024-04-12,7,3.2
ORD104484,CUS4454,Amy Jackson,Shieldsstad,Sports,2339.82,5,Debit Card,2024-06-14,5,4.1
ORD104485,CUS4517,Richard Cameron,North Emily,Books,4034.05,5,UPI,2025-06-23,4,2.2
ORD104486,CUS9236,Matthew Gonzales,East Deborahmouth,Clothing,386.65,4,Credit Card,2025-03-20,6,3.8
ORD104487,CUS6923,Erin Duncan,Theresaborough,Sports,3793.46,2,Debit Card,2024-07-26,4,2.5
ORD104488,CUS7606,Charles Byrd,North Stacyfurt,Beauty,3741.18,4,Credit Card,2024-06-23,4,1.0
ORD104489,CUS6498,Shannon Silva,West Timothyton,Sports,552.73,4,Net Banking,2026-03-06,4,2.0
ORD104490,CUS6178,,West Bryan,Beauty,4471.81,4,Net Banking,2025-04-25,3,
ORD104491,CUS1768,Jessica Vaughan,North Barbaratown,Clothing,2095.71,1,Debit Card,2025-05-03,6,2.9
ORD104492,CUS2165,Rebecca Jensen,Justinland,Clothing,4833.03,1,Net Banking,2024-10-24,4,
ORD104493,CUS1979,Benjamin Boyd,Heatherburgh,Clothing,4417.3,1,Credit Card,2025-07-06,2,4.3
ORD104494,CUS5776,Daniel Rodriguez,South Michael,Books,283.38,5,Credit Card,2024-06-14,7,2.4
ORD104495,CUS1280,Sarah Hernandez,Davismouth,Beauty,4450.51,5,Credit Card,2025-11-25,7,4.3
ORD104496,CUS8642,Randy Villanueva,Port Erikafurt,Sports,3184.37,1,Debit Card,2026-03-02,1,4.0
ORD104497,CUS4340,Karen Ward,East Maria,Electronics,4512.96,4,Credit Card,2025-09-30,7,4.6
ORD104498,CUS6926,Beth Hoffman,Carsonmouth,Electronics,2523.55,4,UPI,2024-10-15,7,1.6
ORD104499,CUS6691,Thomas Torres,Smithborough,Electronics,902.46,1,UPI,2024-04-21,2,3.4
ORD104500,CUS9176,Lindsay Stafford,Owensfurt,Electronics,4360.27,3,Debit Card,2024-05-26,7,2.4
ORD104501,CUS2772,Brett Green,Smithstad,electronics,4349.73,1,Net Banking,2025-08-29,3,2.9
ORD104502,CUS7556,Richard Johnston,New Chad,Home,883.29,2,Credit Card,2024-11-16,2,4.6
ORD104503,CUS6352,Vanessa Thomas DVM,Evanschester,Clothing,555.91,1,Debit Card,2024-11-06,6,2.0
ORD104504,CUS2305,Mary Ortiz,Port Laura,Beauty,4338.87,4,Cash on Delivery,2024-09-30,7,2.0
ORD104505,CUS9142,Stacy Cortez,Bullockview,Beauty,4186.59,5,Debit Card,2026-01-28,4,1.2
ORD104506,CUS7924,Andrew Smith,Gomezberg,Home,307.95,1,Net Banking,2025-09-01,1,1.8
ORD104507,CUS1220,Vanessa Jones,Kimberlyville,Books,2720.05,3,UPI,2025-04-17,2,3.7
ORD104508,CUS4330,Kendra Roberts,Jessicaville,Books,584.35,2,Cash on Delivery,2025-01-27,4,2.6
ORD104509,CUS7700,Destiny Howard,Gibbston,Beauty,151.72,2,Debit Card,2025-08-19,4,3.1
ORD104510,CUS7493,Jennifer Woods,East Natalie,electronics,1212.87,4,Debit Card,2026-02-18,1,4.4
ORD104511,CUS4123,Megan Rivera,Lukechester,Electronics,285.29,3,Net Banking,2025-11-15,2,3.3
ORD104512,CUS4622,Joseph Stevens,Michaelhaven,Books,4144.89,1,Credit Card,2025-12-13,6,2.3
ORD104513,CUS7720,Nicole Jones,Lake Sheryl,Beauty,4787.44,4,Cash on Delivery,2025-11-24,7,1.7
ORD104514,CUS1314,Barbara Soto,Taraland,Beauty,1878.02,4,Net Banking,2024-12-04,2,4.9
ORD104515,CUS2727,Jennifer Bell,Hallstad,Books,1396.86,3,Cash on Delivery,2025-04-26,2,4.3
ORD104516,CUS3831,Julie Murphy,Kingtown,Home,549.12,3,UPI,2024-10-15,3,
ORD104517,CUS8696,Daniel Adams,Adamsview,Books,834.04,2,Cash on Delivery,2024-07-12,6,3.2
ORD104518,CUS7028,Brian Hunter,Lake James,Clothing,2116.66,2,Cash on Delivery,2025-11-21,4,3.6
ORD104519,CUS6461,Craig Stark,Port Rachelshire,Home,1813.06,3,UPI,2024-06-19,7,2.0
ORD104520,CUS4457,Mrs. Heidi Adams DVM,West Richardton,Sports,207.91,2,Debit Card,2024-05-28,4,4.5
ORD104521,CUS5400,Christy Burke,New Kevinton,Home,4903.45,3,Credit Card,2026-01-12,4,2.3
ORD104522,CUS2830,Rebecca Wilson,Georgeview,Electronics,119.05,4,Net Banking,2025-11-09,1,1.3
ORD104523,CUS2667,Bonnie Huang,Davidmouth,Electronics,226.57,2,Credit Card,2024-11-22,6,3.8
ORD104524,CUS5552,Meghan Washington MD,North Zachary,Electronics,978.85,4,Credit Card,2024-05-10,6,3.5
ORD104525,CUS1484,Kayla James,New Meganstad,Electronics,4275.55,3,Net Banking,2025-06-12,4,3.7
ORD104526,CUS7075,Carol Brown,South Melissa,Home,549.88,3,Net Banking,2024-10-31,2,4.6
ORD104527,CUS4558,Scott Cervantes,West Anthonyfort,Beauty,4531.99,4,Debit Card,2025-07-06,5,4.4
ORD104528,CUS4854,Matthew Turner,Ashleychester,Sports,4804.47,3,Credit Card,2024-11-18,3,3.6
ORD104529,CUS5973,Jaclyn Martinez,Christopherport,Beauty,2079.35,5,UPI,2025-04-04,6,3.2
ORD104530,CUS4617,Tamara Nash,Bryanttown,Home,195.19,1,Debit Card,2026-01-19,2,2.3
ORD104531,CUS8119,Katherine Montgomery,Kingport,Beauty,1955.18,4,Credit Card,2025-06-25,4,4.8
ORD104532,CUS6079,Frank Warren,West Jasonborough,Electronics,1874.87,4,UPI,2024-06-04,5,3.9
ORD104533,CUS3355,Brian Murray,Port Ashleyborough,Electronics,4655.34,3,Debit Card,2024-11-28,7,3.1
ORD104534,CUS7539,Alejandra Pratt,South Bonniefurt,Clothing,3036.4,1,Cash on Delivery,2025-05-29,4,3.1
ORD104535,CUS6791,Dawn Hanna,Smithhaven,Beauty,1847.31,5,Debit Card,2024-11-15,6,4.5
ORD104536,CUS1556,Jennifer Glass,Reneefort,Books,3951.3,1,Credit Card,2025-06-06,4,5.0
ORD104537,CUS1759,Olivia Klein,East Daniel,Electronics,4549.3,4,Debit Card,2025-06-07,6,1.8
ORD104538,CUS6429,Megan Farmer,Mcgeeshire,Sports,4017.99,5,Cash on Delivery,2024-03-30,2,3.0
ORD104539,CUS8302,Tiffany Whitaker,West Patriciaborough,electronics,1532.54,2,Debit Card,2025-02-10,7,4.3
ORD104540,CUS3305,Jason Hamilton,North Julian,Books,3754.98,3,Debit Card,2025-03-11,7,2.0
ORD104541,CUS9307,Charles Rodriguez,Brandihaven,Books,2680.58,4,Cash on Delivery,2024-11-28,7,4.9
ORD104542,CUS2164,Teresa Salazar,Jenniferstad,Clothing,4927.54,4,Net Banking,2025-01-12,1,1.6
ORD104543,CUS2089,Mariah Morris,Ericmouth,Clothing,2638.01,1,UPI,2025-08-21,3,2.3
ORD104544,CUS8953,Lori Clark,West Josephburgh,Clothing,699.31,1,UPI,2025-06-29,3,1.5
ORD104545,CUS5948,James Pacheco,Carsonberg,Beauty,2538.26,2,Credit Card,2024-04-28,3,4.6
ORD104546,CUS1170,Nathaniel Sanchez,Lesterton,Books,2180.9,3,Net Banking,2025-06-25,5,2.9
ORD104547,CUS8526,William Elliott,Jamesfurt,Electronics,2758.16,3,Net Banking,2025-11-16,6,3.7
ORD104548,CUS5323,Anthony Moore,Smithport,Home,1215.06,2,Credit Card,2024-09-14,3,3.7
ORD104549,CUS9305,Garrett Soto,West Marymouth,Electronics,273.98,1,Debit Card,2025-12-21,3,3.8
ORD104550,CUS4542,Angela Johnson,Emilytown,Beauty,2229.92,5,Net Banking,2025-10-19,6,2.7
ORD104551,CUS8289,Richard Luna,South Vernontown,Home,4166.67,1,Debit Card,2026-01-05,1,
ORD104552,CUS5189,Vickie Gill,New Brandonside,Sports,3297.86,5,Credit Card,2024-07-27,7,4.8
ORD104553,CUS2284,Kimberly Murray,Mendozafurt,Electronics,339.05,1,Net Banking,2025-05-17,4,1.8
ORD104554,CUS1578,Roberta Elliott,Patrickstad,Beauty,1798.4,1,Debit Card,2025-07-16,5,4.1
ORD104555,CUS1973,John Hartman,Port Emmafort,Books,398.06,2,UPI,2024-04-17,5,4.4
ORD104556,CUS8897,Derek Lawrence,Ramireztown,Clothing,2810.91,5,Net Banking,2024-11-19,1,4.3
ORD104557,CUS8526,Janice Harris,West Rogershire,Electronics,4281.77,4,Cash on Delivery,2025-03-01,7,4.5
ORD104558,CUS5109,William Smith,Lake Denise,Clothing,1781.33,2,Credit Card,2024-10-08,2,3.5
ORD104559,CUS2486,Daniel Hahn,New Debbieborough,Clothing,4076.31,2,Cash on Delivery,2024-11-15,7,1.7
ORD104560,CUS5574,David Smith,Port George,Electronics,690.68,5,Net Banking,2025-09-21,3,4.9
ORD104561,CUS9008,Joe Simpson,Gravesside,Clothing,4675.79,3,UPI,2025-12-03,6,2.6
ORD104562,CUS1767,Collin Terry,Williamschester,Sports,1764.69,4,Debit Card,2024-04-23,3,1.8
ORD104563,CUS9369,Yvonne Powell,South Laurabury,Electronics,100.99,3,Cash on Delivery,2024-06-18,2,3.9
ORD104564,CUS8841,Hannah Brooks,East William,Electronics,252.39,3,Net Banking,2025-04-25,5,4.7
ORD104565,CUS2756,Phillip James,Sawyerton,Sports,693.19,3,Cash on Delivery,2024-08-28,7,1.6
ORD104566,CUS1323,Christopher Mullins,Janicefurt,Clothing,3392.72,2,Cash on Delivery,2025-10-21,4,2.6
ORD104567,CUS4356,Mr. Charles Ramirez,Beardfort,Clothing,2421.35,1,Cash on Delivery,2024-09-17,7,2.4
ORD104568,CUS9089,Brad Miller,Ewingstad,Electronics,2007.23,4,UPI,2024-06-06,1,2.8
ORD104569,CUS1441,Erin Massey,East Mirandaside,Sports,3298.66,4,Credit Card,2025-04-28,5,2.8
ORD104570,CUS6900,Nathan Shepherd,Sarahport,Electronics,3696.31,2,UPI,2024-06-18,1,2.4
ORD104571,CUS4309,Mr. Calvin Brandt,Catherinefurt,Clothing,4301.84,2,UPI,2024-07-27,1,4.3
ORD104572,CUS3663,Michael Boyd,Higginsfurt,Clothing,4482.95,2,Net Banking,2024-07-11,2,4.4
ORD104573,CUS9037,Theresa Castillo,East Peter,Beauty,4045.6,4,Net Banking,2025-04-10,3,2.7
ORD104574,CUS3450,Ms. Mary Carey,Ricefurt,Clothing,3623.66,5,UPI,2024-12-22,5,4.8
ORD104575,CUS4668,Tammy Garcia,West Beckytown,Clothing,1193.53,1,Net Banking,2025-03-18,7,1.9
ORD104576,CUS8646,Jessica Kelley,West Kylieland,Books,2254.45,4,Credit Card,2024-10-19,5,2.6
ORD104577,CUS3405,Summer Smith,Donaldberg,Beauty,2311.23,4,Cash on Delivery,2025-03-13,1,3.0
ORD104578,CUS1177,Autumn Miller,Smithhaven,Home,3088.05,2,UPI,2024-08-10,2,1.8
ORD104579,CUS4474,David Allen,Figueroamouth,Beauty,3512.09,2,Net Banking,2024-05-15,1,4.3
ORD104580,CUS3622,Anna Walker,Turnerport,Electronics,4436.47,5,Cash on Delivery,2024-08-29,2,3.9
ORD104581,CUS4883,Andre Duke,West Russellchester,Clothing,4092.17,1,Net Banking,2025-09-25,7,3.1
ORD104582,CUS7915,David Walker,Parksshire,Books,934.36,4,Debit Card,2026-01-25,7,3.8
ORD104583,CUS4182,Carolyn Hood,North Paul,electronics,2189.32,5,Cash on Delivery,2026-02-13,4,2.2
ORD104584,CUS7788,Lindsay Barber,Daleville,Electronics,194.09,3,Credit Card,2025-08-10,4,4.3
ORD104585,CUS3455,Mary Vazquez,West Kevin,Sports,267.62,3,UPI,2026-03-03,2,3.8
ORD104586,CUS8233,Michele Mcclure,Toddtown,Clothing,3228.96,4,Cash on Delivery,2024-05-23,4,
ORD104587,CUS5455,Amanda Camacho,Jamesshire,Clothing,2030.78,3,Cash on Delivery,2024-03-29,6,3.4
ORD104588,CUS3534,Joseph Schaefer,Burkeberg,Clothing,1252.93,3,Cash on Delivery,2025-08-31,1,3.1
ORD104589,CUS8869,Keith Thornton,Roblesland,Electronics,3354.49,1,Debit Card,2025-03-22,5,4.9
ORD104590,CUS1016,Jessica Jones,Harrisshire,Home,2468.07,4,UPI,2024-07-23,3,4.7
ORD104591,CUS2293,Juan Underwood,Johnsonton,Home,1551.69,5,UPI,2025-08-12,6,4.3
ORD104592,CUS2955,Julie Moody,South Robert,Beauty,1134.25,3,Debit Card,2025-06-20,7,4.9
ORD104593,CUS4874,Mr. Matthew Maddox,Strongfurt,Electronics,3789.05,5,Net Banking,2026-01-14,6,4.9
ORD104594,CUS1838,Christy Larsen,Frostfurt,Clothing,2522.86,1,Credit Card,2025-11-05,1,1.5
ORD104595,CUS8029,Evan Newton,West Eric,Home,1641.88,3,Net Banking,2024-12-26,4,3.0
ORD104596,CUS6040,Erik Harris,Lake Ronnie,Sports,4545.33,2,Credit Card,2024-11-23,5,2.9
ORD104597,CUS3011,Emily Harris,South Michael,Home,3020.08,1,UPI,2024-05-07,7,4.1
ORD104598,CUS2437,Cheryl Thomas,Barrettshire,Home,1824.02,1,Debit Card,2024-03-17,3,4.6
ORD104599,CUS6404,Sheila Stevenson,New Michael,Clothing,4058.15,5,Cash on Delivery,2025-09-01,1,1.6
ORD104600,CUS6539,Andrew Allison,East Catherine,Beauty,2046.42,2,Credit Card,2025-07-09,2,
ORD104601,CUS4291,Dr. Brian Wilson,Lucasmouth,Home,2841.76,5,Credit Card,2024-09-23,3,2.7
ORD104602,CUS4343,Derrick Alexander,Hallborough,Home,3712.17,2,Debit Card,2025-07-20,6,2.5
ORD104603,CUS9894,Andrew Smith,Lynchton,Electronics,4911.89,1,Net Banking,2024-07-31,6,4.7
ORD104604,CUS6781,Sue George,Ashleychester,Books,3544.29,5,Credit Card,2025-03-15,7,4.8
ORD104605,CUS4626,Gregory Adams,Rodriguezhaven,Electronics,4735.1,4,Debit Card,2025-06-16,5,3.7
ORD104606,CUS5114,Thomas Cisneros,Adamton,Electronics,529.14,4,UPI,2024-04-06,4,3.2
ORD104607,CUS2416,,Mendezport,Home,1316.4,3,UPI,2024-05-05,6,2.7
ORD104608,CUS4243,Patrick Ferguson,Port Jorge,Clothing,2606.78,5,Cash on Delivery,2026-03-04,5,1.5
ORD104609,CUS3627,,Johnsonville,Clothing,146.25,4,Cash on Delivery,2026-02-10,7,3.0
ORD104610,CUS2097,Dana Oconnell,Wilsonburgh,Books,2815.43,4,Credit Card,2026-01-04,3,3.7
ORD104611,CUS5283,Jessica Butler,Lake Brookeside,Sports,1825.13,3,UPI,2025-06-25,2,3.2
ORD104612,CUS2719,,Maryside,Books,3679.39,4,Cash on Delivery,2024-06-29,3,1.0
ORD104613,CUS3617,Daniel Greene,New Erika,Electronics,582.54,2,UPI,2025-02-21,5,1.2
ORD104614,CUS1928,Daniel Conway,South Jasmine,Home,724.8,4,Debit Card,2024-07-08,7,1.8
ORD104615,CUS8198,,Yuview,Home,1976.82,2,Credit Card,2024-08-16,2,4.3
ORD104616,CUS4056,Jennifer Marquez,South Timothy,Books,4199.59,2,Credit Card,2024-04-19,3,1.5
ORD104617,CUS8808,Corey Bridges,North Donaldbury,Beauty,4544.47,1,Debit Card,2024-03-29,5,1.9
ORD104618,CUS8843,Jonathan Short,North Kathleen,Clothing,4891.62,2,Net Banking,2025-08-23,7,4.8
ORD104619,CUS5299,Heather Santiago,Cookville,Books,2960.33,2,Net Banking,2025-04-15,3,4.0
ORD104620,CUS8950,Derrick Fletcher,New Heather,Electronics,4022.28,2,Credit Card,2025-01-31,1,1.7
ORD104621,CUS4053,James Roth,New Cody,Books,3543.18,3,Credit Card,2024-12-10,5,3.4
ORD104622,CUS2625,Karen Stevens,Lake Reginafurt,Electronics,2680.05,1,Cash on Delivery,2024-06-14,3,3.0
ORD104623,CUS8952,Brian Cooper,Pattonfurt,Clothing,2476.85,3,Credit Card,2026-02-17,5,4.1
ORD104624,CUS1619,Sarah Taylor,Priceville,Beauty,2086.7,5,UPI,2024-10-13,2,3.3
ORD104625,CUS6647,Joshua Gonzalez,West Susan,Books,4288.13,2,Cash on Delivery,2024-05-06,3,4.4
ORD104626,CUS2544,,Michaeltown,Beauty,2908.92,4,Net Banking,2024-11-26,3,3.6
ORD104627,CUS6008,Jeffery Lamb,Huffmanfurt,Home,4599.71,1,UPI,2025-04-07,2,2.8
ORD104628,CUS4426,William Moore,Curtisport,Sports,1077.08,2,Net Banking,2024-11-01,1,1.4
ORD104629,CUS2025,Jeremy Perez,Port Joshuaburgh,Clothing,2915.43,5,Debit Card,2026-01-27,6,4.5
ORD104630,CUS8301,Peter Kennedy Jr.,South Victoriachester,Electronics,4301.76,5,Cash on Delivery,2024-07-02,3,1.1
ORD104631,CUS9609,Randall Willis,Heatherbury,Books,540.83,2,Debit Card,2025-07-05,2,3.1
ORD104632,CUS2576,Jon Golden,Joshuaside,Sports,1802.37,2,Debit Card,2024-08-25,4,2.8
ORD104633,CUS3272,Rhonda Garner,Kathleenberg,Sports,1864.25,2,Debit Card,2025-12-31,1,1.2
ORD104634,CUS5021,Rodney Hopkins,South Tyler,Beauty,2773.93,1,Debit Card,2024-10-27,3,4.3
ORD104635,CUS3304,Angelica Thomas,Apriltown,Home,805.64,5,Credit Card,2024-05-04,4,1.9
ORD104636,CUS9920,Sherry Smith,Boylemouth,Sports,235.58,3,UPI,2024-08-30,4,1.3
ORD104637,CUS1992,William Malone,West Michaelfurt,Sports,1913.81,5,Credit Card,2024-03-13,2,3.8
ORD104638,CUS7103,Ryan Brown,Emilyview,Sports,4728.28,2,Cash on Delivery,2024-11-16,7,1.6
ORD104639,CUS3598,,West Michaelview,Sports,931.63,3,Credit Card,2025-03-13,6,2.5
ORD104640,CUS2018,Joe Gutierrez,North Joseph,Beauty,242.89,2,Debit Card,2025-04-10,6,1.1
ORD104641,CUS3009,Lauren Allen,Oneillfort,Home,4587.58,1,Credit Card,2024-11-13,4,3.6
ORD104642,CUS3690,Jasmine Savage,Lake Kimberlyshire,Beauty,441.45,4,Net Banking,2024-04-08,6,2.7
ORD104643,CUS4691,Joshua Wolf,New Mariamouth,Clothing,3576.06,1,Net Banking,2025-12-22,7,3.8
ORD104644,CUS6430,Dawn Scott,Hebertshire,Sports,1855.82,5,Cash on Delivery,2025-10-07,5,1.8
ORD104645,CUS4231,Paul Cochran,Kingville,Beauty,570.3,1,Debit Card,2024-09-11,3,1.7
ORD104646,CUS4671,Jason George,Barryborough,Sports,1221.92,5,Cash on Delivery,2025-11-11,2,1.4
ORD104647,CUS8464,Amber Evans,Johnnyhaven,Electronics,4929.7,4,Credit Card,2025-11-12,1,3.2
ORD104648,CUS2743,Steven Johnson,Longburgh,Clothing,880.3,3,Credit Card,2024-10-12,6,4.7
ORD104649,CUS1909,Hector Henderson,Port Kyle,Beauty,4149.19,5,Net Banking,2025-07-06,2,1.9
ORD104650,CUS2768,Scott Wilson,Briannaside,Home,3773.05,3,UPI,2024-12-27,4,4.4
ORD104651,CUS5958,Brandon Sanders,West Amber,Sports,4484.18,5,Cash on Delivery,2025-08-22,5,1.9
ORD104652,CUS8531,Christopher Garrett,Mannborough,Beauty,3172.63,2,Debit Card,2024-09-26,6,2.8
ORD104653,CUS2161,Katherine Williams,Patrickport,Books,3303.08,3,Cash on Delivery,2026-01-01,2,1.6
ORD104654,CUS9794,Tara Fisher,Lake Karentown,Home,1242.46,1,UPI,2025-04-01,7,4.9
ORD104655,CUS4230,Lucas Gregory,Kellyview,Electronics,4349.93,3,Debit Card,2025-10-30,7,
ORD104656,CUS9338,Alfred Shelton,North Bethshire,Books,408.13,3,Cash on Delivery,2026-01-31,2,3.7
ORD104657,CUS9569,Calvin Becker,New Jamesfort,Books,1524.92,4,Debit Card,2024-07-17,4,4.0
ORD104658,CUS2086,Angela Fuller,East Donnahaven,electronics,2546.22,4,Credit Card,2025-01-20,1,3.7
ORD104659,CUS2571,Anthony Clark,North Tyrone,Electronics,2586.22,5,Debit Card,2024-05-18,3,3.7
ORD104660,CUS7802,,South Robert,Beauty,1989.32,2,Net Banking,2025-02-14,6,3.6
ORD104661,CUS1088,Kyle Gilbert,Floresshire,Beauty,1000.83,2,Credit Card,2024-09-26,7,4.5
ORD104662,CUS1682,Rebecca Myers,Caitlinmouth,Clothing,2723.86,5,Debit Card,2025-11-13,2,4.9
ORD104663,CUS5370,Michael Thompson,Tabithachester,Books,548.58,5,Net Banking,2024-06-07,7,2.6
ORD104664,CUS7060,Victoria Holden,Lake Jessica,Electronics,4162.18,2,UPI,2025-05-06,7,3.5
ORD104665,CUS5785,Vanessa Harper,Rickyhaven,Sports,4599.42,4,Debit Card,2025-10-26,6,2.9
ORD104666,CUS7367,Stephanie Lane,Reesechester,Beauty,4649.73,2,UPI,2024-09-21,5,5.0
ORD104667,CUS3993,Sharon Woods,West Vanessa,Electronics,1775.3,1,UPI,2025-05-20,1,1.7
ORD104668,CUS3398,Kara Banks,Melissaland,Sports,1493.27,1,Debit Card,2024-11-06,2,3.8
ORD104669,CUS3932,Andrew Houston,West David,Clothing,3728.87,1,UPI,2025-09-01,5,3.1
ORD104670,CUS4463,Debra Ford,Smithbury,Electronics,4436.32,4,Credit Card,2025-08-29,2,4.1
ORD104671,CUS8176,Molly Adams,Port Markport,Books,848.92,4,Cash on Delivery,2025-10-29,1,2.0
ORD104672,CUS3591,Jesse Garcia,New Jessicaside,Beauty,1951.42,1,UPI,2024-08-31,2,2.7
ORD104673,CUS5180,Anne Navarro,South Brandi,Beauty,3190.09,5,Net Banking,2024-12-19,2,1.8
ORD104674,CUS6437,Adrian Beard,Lake Jonathan,Books,2809.93,3,UPI,2025-08-01,2,3.7
ORD104675,CUS3505,Jamie Rivera,Port Samuel,Electronics,3865.77,1,Debit Card,2024-08-19,6,4.9
ORD104676,CUS2382,Katrina Miller,Burgessshire,Sports,4797.36,3,Debit Card,2024-08-21,3,1.6
ORD104677,CUS9864,Dr. Amanda Harris,Ashleyport,Home,1177.56,4,Credit Card,2024-06-19,7,
ORD104678,CUS8700,Elizabeth Mccann,Santosland,Clothing,1902.43,3,Net Banking,2025-06-03,4,1.6
ORD104679,CUS9106,Alicia Miller,West Kevinfurt,Electronics,4844.45,2,UPI,2025-05-28,6,2.7
ORD104680,CUS7914,Jeanette Powell,Parkfort,Books,101.83,3,Debit Card,2025-04-08,3,1.9
ORD104681,CUS3368,Monique Tucker,Summersfort,Home,257.03,5,Credit Card,2025-01-11,4,4.4
ORD104682,CUS8007,Lisa Livingston,West Katherine,Sports,1900.14,3,Debit Card,2026-02-25,7,4.1
ORD104683,CUS4412,Lisa Brooks,Lake Tina,Books,699.71,4,Net Banking,2024-12-14,7,2.0
ORD104684,CUS2594,Drew George,Port Alexandershire,Books,3393.44,5,UPI,2026-01-25,2,4.1
ORD104685,CUS3121,Christopher Duran,North Marcusberg,Home,1148.21,1,Debit Card,2025-04-05,3,4.8
ORD104686,CUS3523,Mark Mitchell,South Christy,Electronics,1347.43,2,Credit Card,2025-11-18,5,1.4
ORD104687,CUS8961,Steven Moore,Simmonsfort,Books,1183.08,4,UPI,2025-08-21,7,2.6
ORD104688,CUS7772,Joseph Davis,Lake Ricardo,Sports,655.02,1,Credit Card,2024-11-10,6,1.5
ORD104689,CUS5203,Mr. Nathan Jenkins,Zacharyshire,Clothing,481.66,5,Net Banking,2026-01-18,2,3.1
ORD104690,CUS4835,Billy Molina,New Tommytown,Books,2415.15,4,Debit Card,2024-04-23,3,2.5
ORD104691,CUS1516,Joseph Martinez,Adamfort,Sports,4380.53,5,Cash on Delivery,2025-12-20,7,1.3
ORD104692,CUS5596,Catherine Wells,Wallaceshire,Clothing,1096.18,2,Credit Card,2025-01-16,2,3.8
ORD104693,CUS6162,Kelly Russell,North Sheriland,Clothing,430.79,4,Debit Card,2024-08-10,4,2.0
ORD104694,CUS4773,Nancy Mccoy,Port Reginaldhaven,Beauty,3485.69,4,Cash on Delivery,2024-07-06,3,2.8
ORD104695,CUS8070,,West Alec,Electronics,1632.35,2,Debit Card,2024-11-11,6,1.7
ORD104696,CUS7013,Jordan Hill,Williamsonview,Beauty,4796.16,3,Credit Card,2026-01-08,6,3.1
ORD104697,CUS7085,Wayne Ryan,North Bethmouth,Home,2481.2,3,UPI,2025-06-17,6,2.2
ORD104698,CUS5030,John Williamson,West Jeffreyland,Books,3965.22,5,Credit Card,2024-12-01,3,5.0
ORD104699,CUS1110,Timothy Hart,North Derrick,Clothing,2404.31,3,Net Banking,2024-11-03,4,2.2
ORD104700,CUS6726,Alexander Mccarthy,Amberberg,Beauty,3798.92,5,UPI,2024-10-09,6,1.5
ORD104701,CUS7862,Jenna Fitzpatrick,Andrewfurt,Beauty,3707.48,5,Credit Card,2025-10-01,2,4.6
ORD104702,CUS5299,Margaret Cummings,Brownport,Books,766.57,3,Debit Card,2025-08-17,2,1.2
ORD104703,CUS1119,Ricky Green,Peterville,Beauty,357.66,3,Credit Card,2025-03-29,4,1.1
ORD104704,CUS6681,Emily Combs,Port Jenniferbury,electronics,3728.2,1,Debit Card,2026-02-20,7,4.3
ORD104705,CUS8647,Stephanie Mendoza,Currychester,Home,2319.93,3,Debit Card,2025-12-01,1,3.6
ORD104706,CUS7001,Wendy Murray,Mooreville,Books,2734.48,2,Cash on Delivery,2025-10-16,6,2.1
ORD104707,CUS9582,Dustin Adams,Barronberg,Books,601.98,2,Net Banking,2026-01-16,1,3.4
ORD104708,CUS7872,Kristen Brown,Barryhaven,Electronics,774.73,4,UPI,2024-06-18,5,4.0
ORD104709,CUS9551,Lisa Hicks,Davisburgh,Books,2466.47,5,Credit Card,2025-12-18,4,2.9
ORD104710,CUS8017,Henry Wilkerson,Justinfurt,Beauty,677.93,1,Debit Card,2024-03-21,4,3.6
ORD104711,CUS6132,Jasmine Byrd,Wardstad,Beauty,4696.42,1,Net Banking,2024-12-16,5,4.9
ORD104712,CUS4743,Andrew Sanchez,Matthewfort,Clothing,4036.48,5,Cash on Delivery,2025-09-19,7,2.6
ORD104713,CUS8223,Alex Brown,Campbellton,Beauty,4551.69,3,UPI,2025-11-03,1,4.9
ORD104714,CUS6347,Matthew Hernandez,Austinland,Books,2758.95,5,Credit Card,2025-02-06,4,1.9
ORD104715,CUS1324,Jasmine Barry,South Randall,Electronics,3683.67,5,Net Banking,2026-01-23,4,3.7
ORD104716,CUS4421,Jared Hodges,Lake Cindy,Home,4944.26,1,UPI,2025-05-19,5,4.7
ORD104717,CUS7682,Victoria Ortiz,Dennisbury,Sports,4652.95,2,Net Banking,2025-11-05,2,2.3
ORD104718,CUS1437,Nicholas Best,Schneiderland,Books,2007.82,4,Credit Card,2024-04-26,4,3.5
ORD104719,CUS4136,,Morenoborough,Books,4258.25,4,Credit Card,2025-08-08,1,1.1
ORD104720,CUS5592,Donald Smith,Bakerside,Clothing,3601.91,2,Net Banking,2025-07-29,2,4.9
ORD104721,CUS2547,Melissa Doyle,Lake Troyton,electronics,2683.14,2,Net Banking,2024-10-23,5,4.1
ORD104722,CUS3372,Calvin Wade,New Nicoleview,Books,646.48,5,Cash on Delivery,2025-12-25,4,1.2
ORD104723,CUS3345,,North Alexis,Books,613.74,1,Net Banking,2025-05-31,2,2.3
ORD104724,CUS1493,Mr. Ivan Holmes,Donaldton,Books,1682.9,2,UPI,2025-03-17,6,4.4
ORD104725,CUS3319,Alexis Smith,East Andreaview,Clothing,846.63,3,Debit Card,2025-01-03,1,4.6
ORD104726,CUS6731,Tiffany Johnston,Taratown,Clothing,1384.02,2,UPI,2025-11-05,5,4.1
ORD104727,CUS7138,Michelle Fuller,Riverachester,Electronics,2627.22,4,Debit Card,2024-04-18,7,4.1
ORD104728,CUS9200,Larry Taylor,Chelseabury,Sports,1908.1,3,Cash on Delivery,2025-12-25,5,4.1
ORD104729,CUS4187,Michael Mitchell,South Karen,Clothing,3598.88,2,UPI,2024-12-20,7,1.6
ORD104730,CUS1169,Joe Wilson,Ramirezberg,Sports,1851.75,2,Debit Card,2025-06-04,4,
ORD104731,CUS9891,Paige Holland,Jacobsonborough,Clothing,1472.72,5,Cash on Delivery,2025-03-31,4,1.1
ORD104732,CUS6682,Shannon Ballard,Wileyfort,Beauty,4352.31,2,UPI,2024-12-24,3,
ORD104733,CUS5498,Elizabeth Clark,Brandonfurt,Books,1236.86,5,UPI,2024-08-14,5,1.0
ORD104734,CUS8083,Ashley Hodge,New David,Home,3370.19,2,Net Banking,2025-03-16,7,3.1
ORD104735,CUS7626,Ricky Byrd,Yangchester,Electronics,878.47,5,Debit Card,2024-05-04,4,1.2
ORD104736,CUS2885,Dr. Nicholas Cooper MD,Mcgeetown,Home,1293.29,1,Net Banking,2024-09-14,6,2.5
ORD104737,CUS5127,Nathan Woods,Shepardshire,Home,1251.49,3,Net Banking,2024-09-24,4,1.3
ORD104738,CUS4116,Aaron Fritz,Donnaville,Electronics,598.19,1,Net Banking,2024-11-21,7,4.8
ORD104739,CUS4509,Michael Elliott,North Markshire,Home,867.47,2,Cash on Delivery,2026-03-10,6,2.7
ORD104740,CUS7168,Kelly Bass,Frostshire,Sports,4191.42,1,Net Banking,2024-07-14,1,3.6
ORD104741,CUS6766,Candace Jones,East Alyssa,electronics,2508.76,2,UPI,2024-09-23,4,4.5
ORD104742,CUS7639,Jennifer Guerrero,North Jasontown,Books,424.2,5,Net Banking,2024-05-17,3,2.5
ORD104743,CUS8447,Natasha Zamora,East Ronaldside,Electronics,2980.94,2,UPI,2024-04-16,3,2.5
ORD104744,CUS5793,Michelle Mills,Antoniochester,Beauty,3209.13,5,Net Banking,2024-08-16,3,4.1
ORD104745,CUS1290,Anthony Schultz,South Troy,Electronics,2553.02,4,Net Banking,2026-02-17,4,1.2
ORD104746,CUS8702,Charles Cardenas,Lake Jose,Home,2975.33,5,Cash on Delivery,2025-12-31,3,2.9
ORD104747,CUS1155,Anthony Vance,South Jamesside,Electronics,2380.86,4,Net Banking,2024-12-23,2,4.4
ORD104748,CUS7511,Mariah David,New Jasonside,Clothing,1448.92,1,Cash on Delivery,2026-03-08,4,2.6
ORD104749,CUS8025,Phyllis Johnson,Timothyhaven,Clothing,3074.69,1,Cash on Delivery,2024-04-28,2,3.9
ORD104750,CUS8318,Jessica Patterson,Toddside,Books,580.13,2,Net Banking,2024-05-31,5,
ORD104751,CUS7992,Daniel Thompson,West Bettyhaven,Books,4820.04,1,Debit Card,2024-03-14,3,4.8
ORD104752,CUS8612,April Michael,Port Wendyfurt,Clothing,1112.27,1,Debit Card,2025-04-04,2,4.2
ORD104753,CUS3432,Rita Clark,Brentstad,Clothing,550.53,1,Debit Card,2024-09-02,1,2.6
ORD104754,CUS7362,Emily Diaz,Grantmouth,Beauty,2588.82,2,UPI,2025-04-17,2,2.6
ORD104755,CUS9743,Erik Ramos,North Christinafurt,Electronics,2398.85,5,Debit Card,2025-08-16,5,1.5
ORD104756,CUS5006,Bridget Lane,Fitzgeraldhaven,Electronics,4070.07,1,UPI,2026-02-03,5,1.6
ORD104757,CUS9396,Stephanie Smith,New Evanstad,Home,4927.03,1,Net Banking,2025-10-05,1,4.8
ORD104758,CUS7663,Jason Thornton,New Davidmouth,Clothing,2355.85,2,Credit Card,2025-06-10,1,1.7
ORD104759,CUS6186,Jennifer Burns,New Katieshire,Beauty,3225.59,5,Cash on Delivery,2024-12-09,4,1.0
ORD104760,CUS7490,Jeffrey Werner,West Erikstad,Clothing,3866.4,2,Net Banking,2024-08-17,6,1.2
ORD104761,CUS5961,Brett Hansen,Kristinestad,Books,2660.54,4,Credit Card,2025-03-08,3,2.8
ORD104762,CUS5109,Courtney Lee,Ballardmouth,Beauty,2176.44,3,Net Banking,2026-03-05,4,
ORD104763,CUS2163,Joseph Jenkins,New Jameshaven,Books,1342.97,3,Debit Card,2024-09-16,3,3.1
ORD104764,CUS8059,Mr. Paul Richard,South Karaside,Sports,4287.97,5,Credit Card,2024-03-20,7,1.0
ORD104765,CUS9667,Joseph Taylor,Kristenland,Sports,1957.94,1,Cash on Delivery,2025-04-21,6,3.7
ORD104766,CUS4873,Tamara Miller,Wallberg,Clothing,4630.65,4,Net Banking,2026-03-01,6,2.5
ORD104767,CUS3416,Jonathan Grant,Jaredview,Clothing,696.52,5,Credit Card,2024-10-20,6,1.4
ORD104768,CUS3713,Seth Frazier,Lake Laura,Beauty,4377.63,3,Cash on Delivery,2025-12-25,2,1.8
ORD104769,CUS2136,Melanie Cook,North Catherinemouth,Books,4916.03,2,Net Banking,2025-11-13,1,2.4
ORD104770,CUS2258,Todd Johnson,North Christinamouth,electronics,4081.67,2,Cash on Delivery,2025-06-30,3,1.6
ORD104771,CUS6336,Nicole Carr,Port Christine,Sports,4557.24,5,UPI,2024-07-25,1,2.2
ORD104772,CUS9531,David Thompson,Woodbury,Books,698.78,5,Cash on Delivery,2024-10-17,2,4.9
ORD104773,CUS6076,Diane Barron,South Anthony,Home,850.1,2,Cash on Delivery,2025-04-15,4,2.3
ORD104774,CUS3940,Juan Cortez,Thompsonside,Sports,1102.68,1,Debit Card,2025-12-29,5,3.6
ORD104775,CUS4078,Donna Hall,Port Josechester,Clothing,1223.52,2,UPI,2025-06-14,7,1.2
ORD104776,CUS7858,John Jones,Matthewfurt,Electronics,2314.94,5,Cash on Delivery,2024-07-24,1,4.0
ORD104777,CUS5214,Laurie Dillon,Amandaview,Beauty,1935.98,4,Credit Card,2024-10-03,3,1.0
ORD104778,CUS1405,Mr. Randy Jones,Jonathanstad,Electronics,4787.77,4,UPI,2024-11-04,5,4.5
ORD104779,CUS1387,,Port Sandra,Books,1083.59,4,Cash on Delivery,2025-02-06,7,3.3
ORD104780,CUS9219,Ronald Miller,Port Tamara,Clothing,2601.68,5,UPI,2025-02-16,4,3.5
ORD104781,CUS8455,Mrs. Tara Grimes DVM,Alexisstad,Books,2951.61,2,UPI,2025-01-27,4,1.7
ORD104782,CUS3263,Nicole Bryant,West Christopher,Sports,1266.69,4,Credit Card,2025-06-19,2,2.0
ORD104783,CUS2862,Sarah Welch,Wileyborough,Sports,2520.68,1,Cash on Delivery,2025-12-21,6,4.2
ORD104784,CUS9900,Valerie Hernandez,Schwartztown,Beauty,4480.96,3,Debit Card,2025-08-09,7,4.0
ORD104785,CUS9538,Christopher Reynolds,Cookmouth,Beauty,2580.63,4,UPI,2024-03-26,5,4.1
ORD104786,CUS9281,Matthew Flores,South Robertville,Clothing,3470.73,4,UPI,2026-02-24,6,3.2
ORD104787,CUS4564,Joel Patrick,South Sandrachester,Books,291.34,2,Credit Card,2024-09-01,7,4.9
ORD104788,CUS4603,Caleb Branch,Manuelborough,Beauty,874.79,5,Debit Card,2025-06-08,6,4.7
ORD104789,CUS9531,Eric Gross,New Stephenbury,Electronics,861.62,2,Cash on Delivery,2024-06-22,6,1.5
ORD104790,CUS2509,Jessica George,Michaelside,Beauty,4091.55,1,UPI,2024-08-08,4,1.1
ORD104791,CUS8303,Wendy White,West Richard,Beauty,3671.96,5,UPI,2024-09-25,4,3.8
ORD104792,CUS2530,David Stone,Browningmouth,Books,3653.98,5,Debit Card,2024-07-28,6,1.2
ORD104793,CUS6561,Jesus Andrews,Lake Anthonyside,Books,2852.18,1,Credit Card,2024-03-18,4,4.5
ORD104794,CUS4153,James Hernandez,Lake Ashley,Home,358.15,2,Cash on Delivery,2025-02-02,3,4.0
ORD104795,CUS6782,Lisa Warren,West Crystalburgh,Books,2237.01,3,UPI,2024-07-02,1,1.4
ORD104796,CUS1484,Heather Colon,Harriston,Beauty,4115.63,4,Credit Card,2025-04-04,7,1.9
ORD104797,CUS6486,Joseph Graves,Garciaville,Sports,4688.76,5,Debit Card,2025-06-24,5,2.6
ORD104798,CUS6946,Anthony Hines,Smithmouth,Beauty,2810.1,5,Debit Card,2025-04-28,3,3.3
ORD104799,CUS4660,Lauren Gill,East Jennifer,Beauty,1571.15,5,Debit Card,2025-01-20,2,3.6
ORD104800,CUS5288,Glenn Gibbs,Port Kara,Books,4739.65,2,UPI,2024-05-26,1,3.0
ORD104801,CUS5029,Aaron Rowland,Lake Christinefurt,electronics,4209.49,1,Net Banking,2024-11-21,3,3.3
ORD104802,CUS2628,Gene Gordon,Garrettmouth,Books,3911.73,2,Debit Card,2024-08-25,1,3.5
ORD104803,CUS4060,Erica Estrada,South Stephanieport,Sports,4144.93,4,Cash on Delivery,2025-12-26,3,1.3
ORD104804,CUS6693,Heather Williams,Hardinmouth,Clothing,467.69,1,Credit Card,2025-04-29,7,2.3
ORD104805,CUS2238,Dr. Anthony Singh DDS,South Jamieview,Electronics,2185.19,3,Credit Card,2025-11-07,1,1.2
ORD104806,CUS5110,Dana Arnold,South Kimberly,Clothing,4069.16,4,Debit Card,2024-11-01,2,
ORD104807,CUS3692,Sarah Sheppard,Rodriguezport,electronics,1070.89,1,Debit Card,2024-12-15,2,1.2
ORD104808,CUS8314,Jason Ayala,Norrisville,Home,4222.55,3,UPI,2024-06-22,1,2.8
ORD104809,CUS9289,,Juarezberg,Electronics,1444.18,2,Cash on Delivery,2024-11-10,7,1.2
ORD104810,CUS3926,Leah Allen,Jasonstad,Home,2664.56,5,Net Banking,2025-06-22,5,1.5
ORD104811,CUS3781,Renee Dominguez,Lindafurt,Clothing,195.01,3,Debit Card,2025-03-12,5,4.4
ORD104812,CUS1216,Anna Burgess,Danielville,Beauty,3839.45,1,UPI,2026-03-08,3,2.5
ORD104813,CUS2783,John Hernandez,North Amymouth,Beauty,2287.38,4,Net Banking,2025-11-05,3,1.8
ORD104814,CUS4418,Brittany Banks,South Lauraborough,Home,806.55,5,UPI,2025-05-28,1,3.5
ORD104815,CUS6959,Morgan Chambers,Williamsport,Clothing,2570.34,5,UPI,2025-06-11,4,4.8
ORD104816,CUS2171,Andrew French,South Debrafurt,Electronics,4390.09,2,Cash on Delivery,2025-05-03,6,5.0
ORD104817,CUS5067,Andrew Smith,Port Kimberlybury,Home,1497.49,1,Credit Card,2026-01-11,5,1.5
ORD104818,CUS6248,Virginia Turner,Deannaport,Beauty,3714.31,4,Net Banking,2025-04-11,4,4.6
ORD104819,CUS3332,Misty Patel,Scottchester,Sports,3128.23,2,Credit Card,2026-02-20,4,1.7
ORD104820,CUS8438,Rachel Henderson,South Katherineton,Home,2169.42,2,Cash on Delivery,2025-06-22,6,2.6
ORD104821,CUS6814,Mrs. Rebecca Henry,Tylermouth,Clothing,3970.39,1,UPI,2025-10-29,6,2.3
ORD104822,CUS7274,Robert Deleon,New Brent,Electronics,3694.53,4,Cash on Delivery,2024-09-20,1,3.5
ORD104823,CUS4289,Samantha Nelson,South Tim,Home,1840.35,1,UPI,2024-08-15,5,1.5
ORD104824,CUS3304,Jacob Little,Jacksonview,Books,3928.16,1,Credit Card,2025-10-10,7,1.8
ORD104825,CUS1924,Morgan Nicholson,East Juliantown,Electronics,2250.99,3,Cash on Delivery,2025-07-02,7,2.3
ORD104826,CUS2454,Amber Smith,Torresshire,Books,1684.44,4,Debit Card,2024-05-12,6,2.5
ORD104827,CUS8252,Dawn Wilson,New Dylanbury,Beauty,4963.41,5,UPI,2025-02-03,6,
ORD104828,CUS6639,Brittany Hayes,Port Ryanside,Home,1296.23,3,Net Banking,2025-02-11,4,
ORD104829,CUS6896,Mr. Justin Lam,Lake Daniellefort,Clothing,1238.21,3,Net Banking,2025-06-24,7,2.7
ORD104830,CUS6503,,North Robert,Home,1685.1,4,Cash on Delivery,2025-04-13,7,4.9
ORD104831,CUS7241,Tiffany Ballard,West Michael,Beauty,1140.91,2,Credit Card,2025-03-01,7,3.2
ORD104832,CUS4523,Linda Franklin,Williamshaven,Home,4790.0,3,Cash on Delivery,2025-11-09,4,3.2
ORD104833,CUS3246,Sonya Harvey,Baileyside,Books,2832.2,5,Debit Card,2025-06-06,3,1.5
ORD104834,CUS7245,Fred Coleman,Amandamouth,Clothing,2001.29,1,Debit Card,2025-11-11,5,4.2
ORD104835,CUS7640,Thomas Pierce,Katherineburgh,Beauty,334.31,5,Cash on Delivery,2025-02-10,5,3.1
ORD104836,CUS7164,Jim Martin,Scottport,Books,3630.82,3,Net Banking,2025-02-08,7,3.2
ORD104837,CUS7814,Peter Brooks,New Alyssa,Sports,764.81,1,Debit Card,2025-06-09,7,3.7
ORD104838,CUS2235,Jeremy Hill,Port Wendy,Beauty,1155.21,4,Debit Card,2024-05-28,2,2.1
ORD104839,CUS7356,Michael Johnson DDS,North Edward,Home,1996.93,4,Credit Card,2025-02-03,3,2.1
ORD104840,CUS7826,Megan Anderson,Austinville,Sports,4538.71,4,Cash on Delivery,2024-07-22,2,3.5
ORD104841,CUS8602,Kristin Kelly,New Markbury,Electronics,1595.29,1,UPI,2024-10-16,6,2.6
ORD104842,CUS8048,,Jamesstad,Home,2083.74,1,Debit Card,2024-12-26,4,1.0
ORD104843,CUS4307,Robert Coleman,Lunaland,electronics,4314.41,3,UPI,2026-01-04,7,2.9
ORD104844,CUS2615,Mr. Adam Mahoney,West Elizabethmouth,Beauty,2005.84,4,UPI,2024-11-11,7,1.0
ORD104845,CUS4702,John Blanchard,Munozburgh,Home,593.73,2,Net Banking,2024-10-06,7,4.3
ORD104846,CUS9534,Lee Griffith,Deantown,Clothing,3521.93,3,Credit Card,2025-12-06,2,4.2
ORD104847,CUS3941,Mike Griffin,East Marthabury,Clothing,642.12,2,Net Banking,2025-06-14,2,2.0
ORD104848,CUS4752,Isaac Curtis,Ortizport,Sports,2832.11,2,Credit Card,2025-12-17,7,4.1
ORD104849,CUS8693,Megan Calderon,South Emma,Clothing,1209.75,4,Credit Card,2025-10-22,4,3.8
ORD104850,CUS8081,Bonnie Simmons,Christopherport,Clothing,1794.1,1,Net Banking,2024-12-11,7,2.5
ORD104851,CUS2957,Ashley Scott,Lake Madison,Books,1344.54,2,Credit Card,2024-08-14,6,
ORD104852,CUS8629,John Mcdonald,Mossmouth,Books,1999.72,2,Net Banking,2025-10-14,4,4.1
ORD104853,CUS6138,Anthony Ford,South Donnafurt,Beauty,2428.04,4,Credit Card,2025-07-04,1,4.9
ORD104854,CUS8542,Megan Garcia,Johnside,Electronics,2388.7,4,Cash on Delivery,2025-01-21,3,3.9
ORD104855,CUS4469,Jonathan Hernandez,Chanchester,Home,4945.81,5,Debit Card,2025-10-03,3,1.5
ORD104856,CUS2679,David Chase,North Marcus,Books,3133.79,4,Net Banking,2024-03-19,2,1.2
ORD104857,CUS7021,Jacqueline Hall,Jenniferhaven,Home,4710.21,1,Credit Card,2024-05-13,7,4.0
ORD104858,CUS2931,Isabel Chapman,Wongmouth,Beauty,2102.48,5,Net Banking,2024-12-08,4,4.0
ORD104859,CUS9730,John Chapman,Devinmouth,Beauty,2111.1,5,Debit Card,2026-01-08,3,
ORD104860,CUS4300,Mark Ochoa,Michaelstad,Beauty,2775.16,5,UPI,2024-12-17,4,3.8
ORD104861,CUS1997,Christopher Fitzpatrick,Steventon,Electronics,3688.47,4,Cash on Delivery,2025-02-25,6,3.1
ORD104862,CUS2128,Barry Ford,North Davidview,Electronics,543.73,4,Credit Card,2026-01-22,3,4.1
ORD104863,CUS1134,John Schultz,South Colleen,Clothing,2268.35,5,Debit Card,2025-05-22,1,3.2
ORD104864,CUS3551,Anthony Flores,North Carol,Clothing,3208.49,3,Debit Card,2025-07-10,4,2.8
ORD104865,CUS8325,Joe Newton,Jesseton,Home,629.04,3,Cash on Delivery,2025-03-04,6,4.1
ORD104866,CUS9720,Kathleen Jackson,East Austinchester,Home,4585.0,5,Net Banking,2025-08-30,7,3.7
ORD104867,CUS8492,Alyssa Alvarez,South Chelsea,Sports,4707.57,5,UPI,2024-08-27,7,3.4
ORD104868,CUS9030,David Stout,Lake Jesse,Home,729.81,2,Net Banking,2024-10-19,7,2.7
ORD104869,CUS7415,Edwin Rowe,Mikechester,Books,3073.81,2,Credit Card,2024-12-19,1,3.2
ORD104870,CUS4486,Michelle Charles,Michaelfort,Beauty,4629.34,2,Cash on Delivery,2024-09-12,4,1.3
ORD104871,CUS8877,Francisco Stewart MD,North Pamelaton,Books,4699.69,3,UPI,2024-08-26,6,3.2
ORD104872,CUS9486,Nicole Harris,South Robinfurt,Electronics,4598.38,5,UPI,2025-05-25,2,4.9
ORD104873,CUS9035,Holly Ayala,Lake Jenniferhaven,Clothing,444.91,3,Credit Card,2024-07-18,6,3.7
ORD104874,CUS4653,Richard Lee,South Davidmouth,Clothing,4720.75,2,UPI,2024-05-24,3,3.6
ORD104875,CUS9781,Douglas Black DDS,New Matthewshire,Home,1326.43,2,Cash on Delivery,2024-06-04,3,4.9
ORD104876,CUS5666,Miguel Anderson,Nicholasberg,Beauty,4781.26,5,Cash on Delivery,2025-09-01,2,3.6
ORD104877,CUS1287,Melissa Klein,Hernandezmouth,Beauty,2863.34,4,Cash on Delivery,2025-03-15,7,2.7
ORD104878,CUS4317,,Greenchester,Beauty,3762.31,5,Cash on Delivery,2024-08-11,5,4.1
ORD104879,CUS8546,Angela Smith,New Jacobside,Beauty,2443.89,4,Credit Card,2024-09-22,6,2.3
ORD104880,CUS5106,Erica Patterson,East Theresa,electronics,4744.04,2,Credit Card,2026-02-16,4,1.8
ORD104881,CUS6481,Steven Ruiz,New Vincent,Books,4872.23,5,UPI,2025-05-30,3,3.6
ORD104882,CUS6188,Michael Bradley,East Kimberlyberg,Clothing,139.89,4,UPI,2024-10-13,7,3.9
ORD104883,CUS8834,Rachel Freeman,East Nicole,Beauty,2355.13,1,Debit Card,2025-07-12,6,2.3
ORD104884,CUS8045,Sonya Ortiz,Harmonside,Books,3391.55,5,Cash on Delivery,2025-07-02,7,2.8
ORD104885,CUS2839,Andrea Chavez,Lake Karen,Clothing,3448.29,5,Debit Card,2025-01-11,7,1.6
ORD104886,CUS9906,Rebecca Flores,New Brianatown,Books,830.65,3,Credit Card,2026-02-28,4,4.5
ORD104887,CUS9843,Luis Wright,New Brenda,Sports,4768.3,4,Net Banking,2025-01-30,7,4.3
ORD104888,CUS4928,Thomas Bonilla,Markside,Clothing,3298.73,5,UPI,2026-01-20,3,
ORD104889,CUS4324,Steven Johnston,South Kristentown,Sports,2017.0,4,Net Banking,2024-04-20,7,3.5
ORD104890,CUS2356,Nicole Allen,North Danabury,Beauty,768.84,1,Net Banking,2025-04-24,7,2.0
ORD104891,CUS7472,Mary Flynn,Boyleville,Home,614.65,2,Cash on Delivery,2024-12-12,1,3.6
ORD104892,CUS6564,Richard Buchanan DVM,North Michaelshire,Sports,2339.95,3,UPI,2024-09-23,5,4.8
ORD104893,CUS4002,Dustin Jacobson,Aprilburgh,Electronics,2439.8,2,Net Banking,2026-02-27,1,3.3
ORD104894,CUS1346,Krystal Callahan,Walkertown,Books,2243.43,3,UPI,2025-10-25,7,4.9
ORD104895,CUS9885,Alejandro Everett,Douglasside,Electronics,1434.71,2,UPI,2025-10-21,6,3.1
ORD104896,CUS9603,Mark Gardner,Lake Robert,Home,1853.4,3,UPI,2024-04-26,1,1.4
ORD104897,CUS5834,Kristen Jones,Port Kelly,Beauty,4652.69,2,Net Banking,2026-02-01,4,3.8
ORD104898,CUS9272,David Lang,Leonshire,Books,4202.49,3,UPI,2025-07-04,5,1.4
ORD104899,CUS6004,Kimberly Holder,North Angelaville,Beauty,3575.8,2,Credit Card,2025-06-30,3,2.2
ORD104900,CUS7408,Jasmin Stanton,East Arthurland,Sports,868.78,1,UPI,2025-12-12,5,
ORD104901,CUS9062,Thomas Willis,New Heatherville,Beauty,3888.16,4,UPI,2025-09-15,6,4.8
ORD104902,CUS4941,Jeffrey Guerrero,Marshport,Home,619.2,4,Credit Card,2024-04-11,3,1.6
ORD104903,CUS1101,Christian Green,New Tiffanymouth,electronics,2398.27,5,Debit Card,2025-01-07,3,1.0
ORD104904,CUS3734,Jennifer Ramirez,Lake Alexstad,Sports,1003.85,2,Credit Card,2025-06-12,1,3.5
ORD104905,CUS3533,Thomas Hicks,Josephberg,Books,3462.64,2,Cash on Delivery,2025-07-28,1,2.1
ORD104906,CUS2536,Laura Hall,West Chadland,Clothing,1969.57,2,Cash on Delivery,2026-01-03,4,2.3
ORD104907,CUS2381,John Peters,Mckinneyburgh,Beauty,3808.57,5,Credit Card,2024-11-14,5,4.2
ORD104908,CUS6024,Joseph Shaw,New Patriciaside,Books,4591.8,4,Cash on Delivery,2025-01-31,4,1.1
ORD104909,CUS2861,Francis Gibson,Lake Joseph,Beauty,1118.5,5,Credit Card,2024-08-08,4,3.1
ORD104910,CUS9311,Anita Park,Lake Allison,Books,3539.23,3,UPI,2024-06-18,3,4.9
ORD104911,CUS9921,Thomas Long,Crossburgh,Books,3536.24,1,UPI,2024-05-23,2,4.0
ORD104912,CUS4904,Thomas Evans,North Maryfurt,Electronics,1892.43,2,Cash on Delivery,2025-07-10,2,2.1
ORD104913,CUS7170,Dustin Leon,Kimberlyview,Home,484.07,4,Credit Card,2025-06-17,4,4.5
ORD104914,CUS6119,Carrie Murphy,New Cathyville,Home,3353.89,4,Debit Card,2024-07-02,1,3.8
ORD104915,CUS2684,Jose Jacobs MD,North Heatherside,Sports,1365.66,1,UPI,2024-05-31,3,2.4
ORD104916,CUS8556,John Munoz,West Keithport,Clothing,474.65,5,Cash on Delivery,2025-03-27,7,1.9
ORD104917,CUS6989,Brian Joseph,Downstown,Books,946.04,4,Debit Card,2026-03-04,5,4.0
ORD104918,CUS2186,Christian Gilmore,North Daniel,Books,1894.78,2,Cash on Delivery,2025-10-03,3,3.5
ORD104919,CUS9756,Scott Johnson,East Jackson,Books,262.22,2,Debit Card,2025-10-21,6,4.1
ORD104920,CUS3407,Benjamin Peck,Lake Craig,Sports,585.75,4,Cash on Delivery,2025-10-23,4,4.6
ORD104921,CUS5052,Mitchell Davis,East Toddborough,Clothing,4909.8,1,UPI,2026-03-05,2,
ORD104922,CUS6439,Bradley Bray,Cranefurt,Clothing,3166.48,4,Net Banking,2024-07-25,3,3.2
ORD104923,CUS3512,James Salazar,West Williamtown,Home,3919.22,4,UPI,2025-01-26,5,3.2
ORD104924,CUS6527,Daniel Phillips,Gonzalezfort,Sports,660.35,1,Cash on Delivery,2024-08-26,5,4.2
ORD104925,CUS1622,Pamela Hood,Luismouth,Sports,2804.82,2,UPI,2026-02-27,4,4.3
ORD104926,CUS7045,Ronald Miller,Freemanborough,Beauty,569.45,5,UPI,2025-07-01,5,4.7
ORD104927,CUS7633,Ariana Rodriguez,Lake Rebecca,Sports,603.38,4,Net Banking,2024-10-12,4,1.0
ORD104928,CUS1245,Juan Harris,West Scott,Clothing,3350.24,1,UPI,2025-05-13,1,2.2
ORD104929,CUS8055,Willie Carter,Suzanneberg,Beauty,188.3,2,Credit Card,2024-05-17,1,1.6
ORD104930,CUS9581,Mr. Anthony Rodriguez,North Barbara,Clothing,4332.42,3,Credit Card,2025-06-21,1,1.3
ORD104931,CUS9412,Mallory Thomas,Douglaschester,Home,428.54,2,UPI,2025-10-30,3,1.3
ORD104932,CUS4480,,Glassshire,Electronics,1802.63,4,Net Banking,2025-11-05,2,1.8
ORD104933,CUS9569,Todd Perry,New Johnathan,Sports,4928.26,4,Cash on Delivery,2025-04-09,5,2.2
ORD104934,CUS6059,Lisa Ward,Chadchester,Home,798.7,5,Credit Card,2025-10-23,5,1.5
ORD104935,CUS8389,Brenda Sanchez,Davisland,Books,3740.07,5,Credit Card,2024-04-27,3,2.7
ORD104936,CUS4327,Alfred Gilbert,West Mark,Home,2892.17,1,Debit Card,2024-03-24,5,1.3
ORD104937,CUS2695,Lisa Smith,Fergusonland,electronics,3905.46,1,Net Banking,2024-10-06,2,4.0
ORD104938,CUS6915,Anthony Jackson,North Jonathanbury,Electronics,1697.7,1,Debit Card,2025-01-06,2,2.8
ORD104939,CUS9455,Malik Bridges,Richardsonhaven,Electronics,3927.12,2,Debit Card,2025-01-21,4,1.5
ORD104940,CUS7459,Mark Hunter III,North Anthony,Electronics,3320.75,2,Net Banking,2024-06-05,2,3.5
ORD104941,CUS8452,Calvin Dickerson,Bethville,Home,625.0,2,Debit Card,2024-09-18,6,4.7
ORD104942,CUS6264,Angela Moore,East Teresa,Electronics,4378.17,5,Cash on Delivery,2025-10-15,7,3.2
ORD104943,CUS8381,Roger Rodriguez,Port Keithchester,Books,2236.32,2,Credit Card,2024-12-15,2,
ORD104944,CUS2709,Dana Cole,New Christophermouth,Home,787.86,1,Debit Card,2025-12-14,7,4.8
ORD104945,CUS3905,Angela Moore,Atkinsontown,Electronics,3951.14,1,Credit Card,2025-01-22,2,3.4
ORD104946,CUS9322,Angela Lee,South Jennifer,Electronics,4284.65,1,Debit Card,2026-01-13,5,
ORD104947,CUS7837,Felicia Steele,West Davidberg,Clothing,2035.44,5,Net Banking,2024-03-16,3,4.8
ORD104948,CUS2152,Richard Jimenez,East Blake,Beauty,3074.63,5,UPI,2025-05-19,2,4.3
ORD104949,CUS4365,Michelle Cruz,Aaronhaven,Beauty,962.22,4,UPI,2025-08-27,6,3.7
ORD104950,CUS9132,Ronald Kelley,North Margaretland,Clothing,3232.48,3,Net Banking,2024-07-15,7,1.9
ORD104951,CUS7360,David Mccormick,Scottland,Books,3931.45,3,UPI,2024-08-24,7,2.5
ORD104952,CUS1425,Kimberly Willis,Bankshaven,Clothing,3140.35,1,UPI,2024-05-09,7,2.6
ORD104953,CUS8675,Lisa Ortiz,New Barbarabury,Books,4163.46,1,Cash on Delivery,2025-12-05,7,4.6
ORD104954,CUS7946,Samantha Anderson,South Daniel,Clothing,1019.33,2,UPI,2025-02-22,3,4.8
ORD104955,CUS4158,William Calderon,Port Lancefurt,electronics,3582.3,1,Credit Card,2025-04-24,6,
ORD104956,CUS6439,Daniel Leonard,Christophertown,Electronics,1907.29,3,Net Banking,2025-09-14,1,2.7
ORD104957,CUS7926,Heather Gonzales,New Charlesmouth,Home,2080.61,5,Net Banking,2025-10-29,3,3.8
ORD104958,CUS9514,Ryan Jones,Trantown,Sports,3599.18,3,Net Banking,2024-11-23,6,2.3
ORD104959,CUS1779,Kaitlyn Austin,East Micheal,electronics,942.22,1,Net Banking,2024-12-18,3,
ORD104960,CUS3451,Max Oliver,Stevenchester,Home,3518.06,3,Credit Card,2024-09-23,7,4.6
ORD104961,CUS2238,Jonathan Nelson,North Jeremy,Sports,1423.02,5,Credit Card,2024-09-22,5,2.6
ORD104962,CUS9777,Larry Odom,West Tiffanybury,Home,1883.85,5,Credit Card,2026-01-06,3,2.5
ORD104963,CUS1549,John Jackson,Jodihaven,Electronics,4071.47,3,Net Banking,2025-09-19,5,4.5
ORD104964,CUS5665,Jacob Miller,Derekmouth,Sports,2156.55,2,Cash on Delivery,2025-08-28,2,4.5
ORD104965,CUS5271,Abigail Arnold,Scottland,Electronics,3344.71,5,UPI,2025-12-30,6,2.2
ORD104966,CUS7840,Ronald Johnson,Sheilaland,Beauty,3225.23,5,Credit Card,2025-08-21,4,1.4
ORD104967,CUS8048,Thomas Fowler,East Margaret,Home,572.64,2,Net Banking,2025-03-05,2,1.0
ORD104968,CUS6085,Casey Walter,Fosterview,Books,3878.91,5,Cash on Delivery,2026-02-09,3,3.8
ORD104969,CUS9363,Alexander Vang,East Reginaldton,Electronics,806.0,1,Credit Card,2024-09-24,1,1.0
ORD104970,CUS1339,Jonathan Peterson,Port Charlesstad,Home,3671.23,3,UPI,2025-09-11,2,1.2
ORD104971,CUS3320,Cody Shepard,New Christopher,Beauty,1881.13,4,Cash on Delivery,2025-09-29,4,1.3
ORD104972,CUS4131,Jacob Cross,Lake Briantown,Electronics,991.05,2,Debit Card,2026-02-07,7,3.9
ORD104973,CUS2688,Wendy Martin,Figueroaburgh,electronics,2757.03,1,Debit Card,2026-01-29,7,3.2
ORD104974,CUS2180,Scott Lewis,Lake Andrew,Sports,4528.85,4,Cash on Delivery,2024-10-03,6,3.6
ORD104975,CUS2891,Jill Luna,South Charleston,Beauty,598.6,5,Net Banking,2026-03-02,7,3.5
ORD104976,CUS6332,Alexis Martinez,West Sean,Clothing,4313.53,5,UPI,2026-02-17,3,1.7
ORD104977,CUS3770,Lisa Shepard,West Melissa,Beauty,3502.05,2,Net Banking,2025-11-29,6,2.4
ORD104978,CUS2306,Anthony Mccann,West Jerryside,Home,2876.46,5,UPI,2025-03-02,7,1.9
ORD104979,CUS9294,Jessica Pope,Port Kyle,Beauty,1290.5,5,Debit Card,2025-12-21,3,4.8
ORD104980,CUS8806,Angela Carter,Brendatown,Beauty,535.51,5,Debit Card,2026-02-22,5,3.1
ORD104981,CUS7476,,East Alexanderberg,Books,1768.61,3,Net Banking,2025-05-07,1,2.4
ORD104982,CUS3569,Keith Zavala,South Trevorburgh,Beauty,3086.47,1,Net Banking,2024-07-18,6,2.5
ORD104983,CUS9084,Charles Howard,Brendamouth,Books,1524.18,1,Net Banking,2025-10-26,3,1.3
ORD104984,CUS7683,Anthony Porter,Port Kylefurt,Home,2677.69,1,Cash on Delivery,2025-07-26,1,4.9
ORD104985,CUS2416,Gregory Galvan,Lake Sheena,Books,2970.74,2,Credit Card,2025-02-07,1,1.9
ORD104986,CUS1035,Gary Acosta,Simonfort,Electronics,2622.82,4,Debit Card,2025-09-03,7,4.5
ORD104987,CUS5040,Colleen Stewart,Kellimouth,Clothing,4023.94,2,Credit Card,2026-03-09,2,2.6
ORD104988,CUS8085,Gabriel Flores,Leblancshire,Beauty,1890.95,3,Cash on Delivery,2025-01-19,2,4.1
ORD104989,CUS7289,Brooke Mata,East Arthur,Home,4901.46,2,Net Banking,2024-10-28,5,2.9
ORD104990,CUS7660,Sherry Gay,West Timothy,Books,3065.82,4,Debit Card,2025-09-01,4,4.1
ORD104991,CUS4758,Christopher Norman,Port Lauraview,Sports,3070.83,1,UPI,2024-10-30,7,2.6
ORD104992,CUS1579,Jessica Sutton,Reidport,electronics,4758.61,1,Net Banking,2026-01-14,4,3.4
ORD104993,CUS8556,Joshua Gomez,North Johnmouth,Beauty,2725.51,3,Debit Card,2025-01-31,7,3.0
ORD104994,CUS1299,Jeff Clark,Port Ryan,Home,1553.59,5,UPI,2025-10-27,3,2.3
ORD104995,CUS1738,Kimberly King,Port Andrewshire,Beauty,4291.45,5,UPI,2024-05-17,4,3.9
ORD104996,CUS6755,Pamela Li,Port Debraburgh,Sports,3276.36,5,Net Banking,2025-12-05,6,4.1
ORD104997,CUS7131,Richard Stephens,North Rebecca,Sports,807.9,2,Debit Card,2024-12-29,2,1.3
ORD104998,CUS8484,Savannah Jones,New Jennifer,Sports,4251.41,3,Credit Card,2025-02-10,1,4.6
ORD104999,CUS3590,Samuel Lee,Lake Samanthaland,Sports,3775.18,5,Cash on Delivery,2024-09-02,6,1.4
ORD105000,CUS9927,Jeffrey Crawford,Andrewside,electronics,2126.06,2,Credit Card,2026-02-22,4,3.5
ORD105001,CUS4572,,North Melissa,Books,3540.81,3,Net Banking,2025-11-12,2,2.5
ORD105002,CUS9763,Maria Rivera,Matthewmouth,Beauty,4999.97,4,Cash on Delivery,2026-02-21,2,3.1
ORD105003,CUS9475,Melissa George,Lake Lisa,Home,523.97,2,UPI,2025-04-27,4,4.8
ORD105004,CUS6998,Jonathan Choi,New Maryport,Clothing,4774.47,3,Cash on Delivery,2024-09-27,7,5.0
ORD105005,CUS9921,Brian Hernandez,Bowmantown,Electronics,3855.34,1,Debit Card,2024-11-10,7,3.5
ORD105006,CUS9571,Dwayne Thompson,Payneshire,Books,1893.4,3,Credit Card,2025-05-08,1,3.1
ORD105007,CUS8353,Raymond Smith,Port Elizabethchester,Electronics,1971.18,2,Net Banking,2024-10-06,4,2.3
ORD105008,CUS8885,,New John,Books,3455.13,2,UPI,2025-08-24,1,3.0
ORD105009,CUS7167,Mark Scott,Michaelchester,Clothing,3122.04,5,Credit Card,2024-04-29,6,3.0
ORD105010,CUS2128,Melissa Taylor,Johnsonberg,Clothing,2577.75,5,Net Banking,2025-04-23,6,3.6
ORD105011,CUS6402,Heather Valencia,Villanuevashire,Clothing,3068.83,4,UPI,2024-08-14,1,3.5
ORD105012,CUS3814,Courtney Robbins,Kingborough,Clothing,3218.07,3,Credit Card,2025-09-08,4,4.3
ORD105013,CUS3203,Jessica Zimmerman,Fletcherborough,Clothing,406.11,3,Credit Card,2024-09-29,3,4.0
ORD105014,CUS3244,Kimberly Small,New Michaelland,Beauty,2411.01,1,Debit Card,2024-04-25,4,2.0
ORD105015,CUS1827,,Melissaport,Beauty,553.3,1,Debit Card,2024-05-30,2,2.1
ORD105016,CUS9336,Jason Thompson,East Sabrina,Books,921.93,1,Cash on Delivery,2024-05-10,5,1.2
ORD105017,CUS6135,Sarah Patterson,South Jackson,Home,956.47,1,Cash on Delivery,2026-02-12,2,1.9
ORD105018,CUS3451,Carrie Smith,Pennychester,Books,1011.48,3,Credit Card,2024-10-19,2,1.7
ORD105019,CUS1943,David Daniel,South Kyletown,Books,3590.8,5,UPI,2024-05-25,4,2.2
ORD105020,CUS8819,Tyler Ruiz,Matthewton,Electronics,1858.21,2,UPI,2024-04-27,1,
ORD105021,CUS9485,Sarah Dixon,Port Kaylaberg,Clothing,2362.58,4,Debit Card,2026-02-16,4,1.4
ORD105022,CUS1160,Amanda Allen,Brittneyshire,Clothing,4974.61,1,Cash on Delivery,2025-11-19,3,1.1
ORD105023,CUS3478,Timothy Robinson,New Luis,Sports,2013.87,2,Debit Card,2026-01-23,5,4.8
ORD105024,CUS8305,Jacob Kent,Lake Margarethaven,Electronics,4332.03,1,Credit Card,2025-05-29,4,2.4
ORD105025,CUS2793,Paul Jimenez,North Johnville,Sports,781.45,1,Cash on Delivery,2025-07-01,7,4.1
ORD105026,CUS4078,Daniel Hoffman,Melissaview,Beauty,4232.99,2,Net Banking,2024-09-08,5,4.8
ORD105027,CUS6349,Jacqueline Kennedy,North Shawnborough,Electronics,130.38,5,UPI,2024-11-29,6,1.3
ORD105028,CUS9418,Amanda Colon,East Jason,Beauty,4484.97,1,Cash on Delivery,2025-08-03,5,3.8
ORD105029,CUS3718,Joshua Shaffer,East Kelly,Books,1559.72,3,Debit Card,2024-07-24,3,4.9
ORD105030,CUS8395,Nathan Rodriguez,South Jennifer,Books,1572.92,4,Credit Card,2024-06-21,6,3.9
ORD105031,CUS5770,Brad Clark,Marksport,Home,2960.09,5,UPI,2026-02-03,6,2.4
ORD105032,CUS9112,,Port Emilyfort,Books,1093.74,1,Credit Card,2025-03-10,1,3.0
ORD105033,CUS7339,Timothy Dixon,South Bradleyburgh,Clothing,3135.83,2,UPI,2024-07-18,1,2.6
ORD105034,CUS8618,Michelle Rodriguez,Port Kelly,Clothing,4953.97,3,Cash on Delivery,2024-05-12,4,1.8
ORD105035,CUS3087,Todd Williams,Jessicamouth,Beauty,4883.54,1,Net Banking,2024-05-10,2,4.1
ORD105036,CUS8265,Susan Mcfarland,Port Daniellefurt,Electronics,2000.26,1,Debit Card,2024-07-15,3,3.1
ORD105037,CUS2034,Claire Lee,Port Davidport,Sports,763.7,2,Cash on Delivery,2025-08-19,2,3.9
ORD105038,CUS9700,Susan Lara,East Christopher,Books,3569.88,3,UPI,2025-07-02,7,2.9
ORD105039,CUS9580,Miss Ashley Harris,Chelseaville,Electronics,4770.82,3,UPI,2024-11-12,1,1.4
ORD105040,CUS1220,Amber Banks,Rhondaview,Home,203.69,2,Net Banking,2024-09-25,4,2.5
ORD105041,CUS8238,Margaret Murray,North Suzanne,Home,3484.83,4,UPI,2025-05-26,5,3.3
ORD105042,CUS6919,Stephen Roberts,Harrymouth,Home,4218.93,1,Net Banking,2026-02-20,4,2.5
ORD105043,CUS2908,Justin Moore,Brianton,Sports,1468.95,2,Credit Card,2024-11-04,1,4.6
ORD105044,CUS2651,Katherine Walker,Lake Marie,Books,3770.47,4,Net Banking,2025-05-21,3,4.8
ORD105045,CUS1839,Nicholas Mckenzie,Jacobville,Books,1823.94,2,Net Banking,2025-01-11,6,1.4
ORD105046,CUS3433,Tina Rich,Jenniferville,Home,1341.52,1,UPI,2024-11-24,1,3.0
ORD105047,CUS6638,Alexander Sanders,West Andrea,Home,4791.11,4,Credit Card,2025-11-29,5,1.8
ORD105048,CUS9914,Kevin Cline,Bentleymouth,Beauty,3900.37,4,UPI,2024-07-06,7,2.6
ORD105049,CUS4590,Marcus West,North Katherineport,Clothing,3413.77,4,UPI,2025-09-02,3,2.5
ORD105050,CUS8792,Chad Rosales,Lake Brent,Clothing,2678.92,2,Cash on Delivery,2025-07-10,7,
ORD105051,CUS7938,Gerald Douglas,Tuckerborough,Sports,2550.05,1,UPI,2024-09-23,6,3.8
ORD105052,CUS4485,Michael Castro,Port Christopherland,Home,2845.96,4,Credit Card,2025-07-04,7,4.7
ORD105053,CUS6488,Matthew Miller,West Brian,Books,830.31,2,Credit Card,2024-07-22,4,
ORD105054,CUS7824,Linda Perez,Robertsberg,electronics,4032.14,1,Net Banking,2025-08-18,4,4.1
ORD105055,CUS2237,Ryan Jackson,Port Douglasville,Books,634.53,2,UPI,2024-05-21,1,2.2
ORD105056,CUS3145,Monica Sullivan,North Scott,Sports,1490.55,2,Credit Card,2024-12-12,6,1.2
ORD105057,CUS3028,David Jones,Deniseton,Electronics,1579.62,3,UPI,2024-06-08,5,2.5
ORD105058,CUS5498,Erin Miller,Oconnorside,Books,1985.28,1,Cash on Delivery,2025-09-18,4,4.8
ORD105059,CUS7702,Devin Mueller,Brownburgh,Beauty,260.23,5,UPI,2024-09-28,2,
ORD105060,CUS6980,Holly Griffith,Port Kevinborough,Sports,1086.31,2,Cash on Delivery,2025-08-17,1,3.4
ORD105061,CUS8658,Whitney James,Lopezshire,Clothing,3314.98,1,UPI,2025-05-07,7,3.4
ORD105062,CUS1865,,Jasonton,Books,2245.36,3,Debit Card,2024-12-30,6,5.0
ORD105063,CUS8078,Nancy Scott,West Crystal,Clothing,2887.42,4,Debit Card,2025-11-16,2,1.5
ORD105064,CUS8976,Mary Gallegos,East Laura,Books,2692.29,4,Net Banking,2025-01-06,3,2.0
ORD105065,CUS9602,Jordan Brewer,Greenburgh,Sports,1298.3,2,Net Banking,2025-08-17,1,2.2
ORD105066,CUS9700,Dana Gray,Hernandezhaven,Books,3047.91,2,Credit Card,2025-07-23,6,1.7
ORD105067,CUS5904,Bobby Edwards,South Alejandro,Home,4930.26,4,Credit Card,2026-02-25,2,1.8
ORD105068,CUS3383,Micheal Williams,Lake Nathan,Sports,2935.09,1,UPI,2024-12-22,7,3.1
ORD105069,CUS3287,Joseph Leon,New Donald,Home,4821.01,4,UPI,2025-07-27,2,
ORD105070,CUS1202,Heather Warren,Lake Robin,Books,1701.24,2,Debit Card,2025-07-30,2,1.2
ORD105071,CUS6776,Jenna Young,Fergusonmouth,Home,2266.74,3,Credit Card,2025-07-24,3,2.6
ORD105072,CUS8049,Joshua Brady,Wrightmouth,Electronics,2842.39,5,Cash on Delivery,2024-09-24,3,1.0
ORD105073,CUS9032,Timothy Robinson,Jessicafort,Electronics,2672.97,3,Net Banking,2026-01-23,5,4.5
ORD105074,CUS8250,Michael Castro,Lake Joyceberg,Clothing,1658.65,5,Debit Card,2024-07-04,2,4.8
ORD105075,CUS7976,James Parker,Jeffreyshire,Sports,763.0,1,Debit Card,2024-03-31,2,1.8
ORD105076,CUS1111,Kimberly Downs,Longton,Beauty,1816.47,4,UPI,2025-02-13,3,1.2
ORD105077,CUS4806,,Randallville,Home,4564.77,3,Cash on Delivery,2024-07-18,1,4.8
ORD105078,CUS2236,Danielle Murray,South Kimbury,Home,1938.18,2,Net Banking,2025-05-10,4,1.7
ORD105079,CUS2747,Kenneth Lee,East Kristinaland,Beauty,4161.8,5,UPI,2024-08-04,7,3.7
ORD105080,CUS6560,Don Nguyen,Trujillomouth,Sports,997.21,1,UPI,2025-08-20,7,4.8
ORD105081,CUS9316,Bailey Stanley,New Charles,Beauty,2664.56,3,Cash on Delivery,2025-06-29,4,4.8
ORD105082,CUS2239,Sherry Green,East Jordan,Beauty,656.79,5,Debit Card,2026-02-05,1,3.1
ORD105083,CUS8342,Paul Chapman,South Jessicaville,Electronics,3101.35,4,Credit Card,2025-07-24,3,1.2
ORD105084,CUS9629,Jeffrey Bell,Clarkland,Sports,1625.64,1,Debit Card,2024-11-07,1,3.4
ORD105085,CUS6339,Tyrone Howe,Markside,Home,4123.22,5,Cash on Delivery,2024-12-27,2,2.6
ORD105086,CUS7113,Terry Ford,New Scott,Clothing,4823.86,2,Cash on Delivery,2026-01-25,2,4.6
ORD105087,CUS3154,Russell Kirk,Robertsmouth,Books,2134.31,1,UPI,2026-02-02,3,4.0
ORD105088,CUS8918,Maria Graham,South Amymouth,Electronics,3584.63,1,Net Banking,2024-07-28,1,4.7
ORD105089,CUS7320,,Durhammouth,Books,4110.75,1,Credit Card,2024-03-23,4,1.0
ORD105090,CUS6371,Rachel Williamson,North Paul,Sports,2078.72,1,Net Banking,2024-10-11,2,1.3
ORD105091,CUS3808,Jason Farley,South Annaport,Home,280.25,5,Cash on Delivery,2025-08-22,1,3.8
ORD105092,CUS7502,Christian Garcia,Anthonychester,Sports,2828.29,3,Net Banking,2026-01-15,7,1.2
ORD105093,CUS9537,Jessica Charles,Richardville,Clothing,467.8,3,Cash on Delivery,2025-10-27,6,2.1
ORD105094,CUS4361,Erica Wiley,Yvettemouth,Clothing,918.08,3,Cash on Delivery,2024-12-24,6,3.8
ORD105095,CUS9872,Greg Suarez,North Joshuatown,Books,4302.77,2,Credit Card,2025-01-27,5,2.2
ORD105096,CUS9153,Catherine Bates,Elizabethport,Home,4696.19,1,UPI,2024-03-20,2,1.8
ORD105097,CUS8118,Cesar Bradley,Garrisonstad,Books,2483.12,5,Net Banking,2024-09-03,6,2.3
ORD105098,CUS2882,Chad Greene,Port Mark,Home,1306.41,2,Credit Card,2024-10-11,5,4.4
ORD105099,CUS1346,Krystal Matthews DVM,Mahoneyberg,Home,4059.34,1,UPI,2025-03-30,1,3.6
ORD105100,CUS1314,Nicholas Baker,Glendaton,Books,4431.66,4,Credit Card,2024-10-01,5,2.3
ORD105101,CUS2173,Patricia Moyer,North Sharon,Books,747.33,1,Credit Card,2026-01-21,2,3.0
ORD105102,CUS4882,Kendra Little,North Kristinfurt,Sports,1762.83,1,Debit Card,2025-03-14,1,1.8
ORD105103,CUS4608,Jason Hansen,Lewisstad,Sports,1508.11,2,Debit Card,2024-07-07,3,5.0
ORD105104,CUS7503,Angela Carter,Carterborough,Home,4798.87,2,UPI,2026-01-10,6,3.0
ORD105105,CUS1444,Mrs. Carol Massey,New Tannerburgh,Books,524.94,3,UPI,2025-11-29,3,1.2
ORD105106,CUS1131,Denise Jackson,Robertatown,electronics,3118.11,1,UPI,2025-11-10,6,
ORD105107,CUS4210,Mrs. Krista Rodriguez,Lake William,Electronics,538.49,2,Cash on Delivery,2024-07-30,5,2.2
ORD105108,CUS7024,Kimberly Willis,Lisaburgh,Home,4878.54,2,Net Banking,2024-08-04,4,3.5
ORD105109,CUS8909,John Chen,North Chad,Books,413.3,1,Cash on Delivery,2025-03-08,4,3.9
ORD105110,CUS8287,Kevin Gentry,Jennifershire,Electronics,2096.44,4,Net Banking,2025-03-11,7,3.1
ORD105111,CUS5673,,Hayleyview,Electronics,901.24,1,UPI,2025-09-29,5,2.1
ORD105112,CUS9584,Joseph Davidson,Cynthiaborough,Home,3459.29,4,UPI,2025-09-01,3,1.7
ORD105113,CUS1652,Susan Mendoza,South Brenda,Electronics,3250.95,2,Credit Card,2024-06-18,4,3.7
ORD105114,CUS5352,Judy White,South Thomasmouth,Home,4465.85,1,Debit Card,2025-03-31,1,4.3
ORD105115,CUS3515,Amy Acosta,Pattersonland,Clothing,2412.65,5,Credit Card,2025-01-29,6,2.3
ORD105116,CUS8109,,Horneshire,Electronics,1976.61,4,Credit Card,2025-06-22,4,1.2
ORD105117,CUS2503,Taylor Pearson,Robinstad,Electronics,1281.72,5,Cash on Delivery,2025-01-24,1,4.1
ORD105118,CUS9764,Jon Acevedo,Watersport,Home,1663.99,1,Credit Card,2025-10-09,6,3.0
ORD105119,CUS7876,Michael Cole,South Ryan,Clothing,2049.45,2,Cash on Delivery,2025-01-03,2,2.8
ORD105120,CUS1205,Shaun Armstrong,Lake Terrimouth,Electronics,4571.81,5,Debit Card,2024-04-25,6,2.5
ORD105121,CUS7025,Nicole Mathews,Churchhaven,electronics,2205.24,3,Credit Card,2024-04-18,5,1.7
ORD105122,CUS7213,Timothy Soto,Cynthiaside,Books,4400.48,2,Credit Card,2025-02-10,3,1.3
ORD105123,CUS9950,Matthew Jones,Arnoldhaven,Books,4265.51,2,Cash on Delivery,2025-01-10,7,4.9
ORD105124,CUS4784,Tammy Anderson,Curtisburgh,Electronics,1326.79,3,Net Banking,2025-01-20,5,3.5
ORD105125,CUS4233,Dr. Dustin Mitchell Jr.,Lopezport,Electronics,2100.42,3,Credit Card,2025-04-23,3,2.0
ORD105126,CUS1403,Kevin Wolf,New Samuel,Clothing,1440.12,3,Cash on Delivery,2026-02-27,2,1.5
ORD105127,CUS7166,Daniel Kim,Angelaberg,Beauty,2802.53,2,UPI,2025-07-16,5,1.5
ORD105128,CUS2592,Julia Mitchell DDS,East Nicolefurt,Sports,4088.43,5,Net Banking,2024-03-14,6,4.2
ORD105129,CUS7708,Kathleen Schultz,Lake Shawn,Home,2799.58,4,Credit Card,2025-01-02,5,2.6
ORD105130,CUS3860,William Farley MD,South Sharonstad,Books,966.98,1,Cash on Delivery,2025-03-19,5,4.3
ORD105131,CUS5348,Steven Lewis,Richardshire,Home,2354.49,3,Debit Card,2024-06-08,6,1.3
ORD105132,CUS8083,Nancy Osborne,New Matthew,Home,454.73,5,Debit Card,2024-09-09,2,
ORD105133,CUS4042,Tara Snyder,South Randy,Electronics,987.99,5,Net Banking,2026-02-24,3,2.3
ORD105134,CUS9309,Mason Andrade,North Zachary,Electronics,1369.7,1,Cash on Delivery,2025-06-03,1,2.5
ORD105135,CUS1910,Scott Chandler,West Brooke,Home,4052.33,2,Cash on Delivery,2024-05-25,6,4.3
ORD105136,CUS7756,Gregg Mcintosh,New Todd,Beauty,1003.52,1,Credit Card,2026-02-05,7,4.4
ORD105137,CUS4727,Cindy Smith,Sanderston,Home,4787.18,2,Net Banking,2025-07-22,6,3.3
ORD105138,CUS6527,Shari Salazar,Barnesview,Books,589.06,3,Cash on Delivery,2026-02-05,1,3.5
ORD105139,CUS1433,Kenneth Reed DDS,West Craigview,Sports,1190.81,3,Net Banking,2025-09-22,2,1.8
ORD105140,CUS6932,Jamie Garcia,West Zachary,Electronics,787.82,5,Credit Card,2026-02-15,2,3.1
ORD105141,CUS2144,Angela Williams,Port Rhondaville,Books,3151.19,3,Net Banking,2025-03-26,5,2.4
ORD105142,CUS8151,Jacqueline Garcia,Sarahtown,Home,4690.42,5,Debit Card,2024-11-21,4,
ORD105143,CUS9754,Audrey Villarreal,Pamelastad,Clothing,4594.1,3,UPI,2024-12-13,4,1.6
ORD105144,CUS1871,Kendra Cortez,Jimenezmouth,Clothing,2590.05,3,Net Banking,2026-02-11,2,1.9
ORD105145,CUS8240,David Williams,Smithland,Sports,1242.13,3,Credit Card,2025-03-16,3,4.4
ORD105146,CUS5731,Jessica Lopez,Christophermouth,Sports,1998.6,4,Debit Card,2025-07-25,7,2.2
ORD105147,CUS9139,Kara Davis,Smithborough,Sports,2635.12,4,UPI,2025-03-22,6,3.8
ORD105148,CUS8236,Harry Little,Thomasmouth,Books,2718.81,2,UPI,2024-06-16,3,3.8
ORD105149,CUS5862,Jillian Griffin,West Joseburgh,Beauty,881.03,4,Cash on Delivery,2025-01-04,7,2.5
ORD105150,CUS2488,Todd Chaney,Scottberg,Books,492.74,3,Debit Card,2025-12-23,5,2.4
ORD105151,CUS8647,Steve Stevens,Goodmouth,Clothing,2682.29,3,Cash on Delivery,2024-05-24,1,4.8
ORD105152,CUS8241,Heather Ortiz,East Robert,Beauty,1812.64,2,Net Banking,2024-06-20,2,3.6
ORD105153,CUS8121,Leonard Todd,Normashire,Books,4294.06,3,Credit Card,2025-03-17,3,4.7
ORD105154,CUS9438,William Daniels,Cherylfurt,Clothing,3815.61,4,UPI,2025-06-16,5,1.5
ORD105155,CUS4716,,Hamiltonborough,electronics,2443.81,3,Debit Card,2026-01-04,2,3.8
ORD105156,CUS1261,Patricia Diaz,Danielstad,Home,1109.59,5,UPI,2025-09-02,5,1.8
ORD105157,CUS2397,Stephanie Russell,Scottborough,Sports,2267.89,5,UPI,2025-01-06,5,4.9
ORD105158,CUS5785,Jose White,Bennettfort,Clothing,3532.28,4,Credit Card,2024-05-15,6,2.6
ORD105159,CUS6793,Michelle Moreno,West Miguelville,Books,3598.49,2,Net Banking,2024-08-16,1,1.7
ORD105160,CUS6842,Elizabeth Barnett,East Brent,Sports,3102.0,4,Cash on Delivery,2024-05-18,6,4.9
ORD105161,CUS5667,Brittney Ramirez,Lake Megan,Beauty,4730.05,5,Net Banking,2026-01-06,4,5.0
ORD105162,CUS2593,Micheal Hunt,New Elizabeth,Beauty,1116.61,5,UPI,2024-03-16,7,3.0
ORD105163,CUS4572,James Smith,South Allentown,Books,601.23,2,UPI,2024-06-03,4,3.3
ORD105164,CUS4377,Jared Johnson,Pattersonton,Clothing,2392.59,5,UPI,2024-06-17,4,
ORD105165,CUS4932,Kristen Stanley,West Alexandria,Beauty,2332.9,1,UPI,2025-03-05,3,4.2
ORD105166,CUS8013,John Ryan,Lake Richardbury,Electronics,686.58,3,Credit Card,2026-02-04,7,3.4
ORD105167,CUS1218,Susan Gonzales,Elizabethburgh,Beauty,984.72,1,Credit Card,2025-03-28,4,2.1
ORD105168,CUS4899,Cynthia Best,Chadfurt,Clothing,2047.52,4,UPI,2024-10-17,7,3.8
ORD105169,CUS1494,Justin Grimes,Brittneyfort,Home,1274.67,1,Net Banking,2025-01-21,2,2.8
ORD105170,CUS7497,Courtney Adams,Brownview,Books,2205.74,2,UPI,2025-06-29,4,3.7
ORD105171,CUS9182,Ryan Greer,East Brianberg,Home,546.42,2,Credit Card,2024-05-30,2,1.8
ORD105172,CUS7461,Diana Alexander,Robertfurt,Electronics,3897.28,4,Net Banking,2024-10-17,4,4.5
ORD105173,CUS5242,Kathleen Pham,North Anneside,Sports,2499.84,5,Debit Card,2026-01-15,2,4.7
ORD105174,CUS9563,Kayla Pope,West Matthew,Sports,1187.11,1,Credit Card,2025-05-03,4,3.4
ORD105175,CUS8129,Michael Barrett,Port Hannahfort,Clothing,3086.19,3,Net Banking,2025-01-13,5,2.3
ORD105176,CUS5867,Catherine Butler,Port Tiffany,Sports,4129.08,4,Debit Card,2025-06-23,5,4.7
ORD105177,CUS8501,Danny Stanley,East Matthew,Beauty,2747.7,2,Cash on Delivery,2024-04-24,6,4.3
ORD105178,CUS3261,Courtney Nunez,Byrdton,Electronics,3780.46,2,UPI,2025-06-03,1,3.4
ORD105179,CUS1219,Alisha Mckinney,South Edwardchester,Clothing,4722.55,4,Debit Card,2025-12-14,2,3.5
ORD105180,CUS3369,Kimberly Erickson,Randalltown,Clothing,3797.2,2,Cash on Delivery,2025-06-12,3,4.6
ORD105181,CUS4260,Kimberly Jones,Edwardborough,Sports,1498.13,3,Net Banking,2025-09-19,3,1.2
ORD105182,CUS5820,Kevin Todd,Robertburgh,Home,878.19,4,Net Banking,2026-01-30,1,1.4
ORD105183,CUS4720,Chad Smith,Port Jonathan,Books,107.43,1,Net Banking,2025-12-18,7,3.4
ORD105184,CUS4722,Marcus Rich,Lake Randall,Sports,4803.94,5,Cash on Delivery,2025-01-31,7,3.1
ORD105185,CUS6049,Hayden Brown,New Bryan,Home,143.84,1,UPI,2025-01-08,6,2.9
ORD105186,CUS9456,Tracy Fletcher,South Crystalport,Clothing,3664.46,1,Credit Card,2025-02-19,3,2.3
ORD105187,CUS6262,Jessica Li,West James,Clothing,1413.09,3,Debit Card,2024-10-06,5,3.0
ORD105188,CUS9520,Christopher Beard,Lake Eric,Home,3887.18,2,UPI,2025-05-31,4,4.8
ORD105189,CUS1509,Emily Perez,West Anthonyview,Sports,4361.59,3,UPI,2024-11-01,3,1.1
ORD105190,CUS9157,Jennifer Berry,Lake Mary,Electronics,814.97,1,Net Banking,2025-02-26,6,1.0
ORD105191,CUS1396,Barbara Olson,Lake Tonimouth,Beauty,3281.86,4,Cash on Delivery,2025-03-17,4,3.8
ORD105192,CUS3032,,Johnburgh,Books,4161.9,1,Net Banking,2025-12-30,5,4.7
ORD105193,CUS1047,Dr. Taylor Orr,New Nathaniel,Sports,1655.47,1,Credit Card,2024-04-16,3,2.4
ORD105194,CUS8076,Samantha Coleman,New Georgemouth,Beauty,4717.23,1,Credit Card,2025-09-29,2,4.4
ORD105195,CUS3780,Craig Perkins,Lake Brandon,Electronics,340.1,5,Net Banking,2025-01-26,2,4.9
ORD105196,CUS5260,Alexander Ray,Lake Johnbury,Sports,3087.66,5,UPI,2025-08-27,3,2.2
ORD105197,CUS1214,Kevin Perry,North Michelle,Beauty,4880.76,1,Cash on Delivery,2024-06-02,2,
ORD105198,CUS7527,Christopher Erickson,East Kaitlyn,Clothing,2267.74,3,Debit Card,2024-04-21,3,3.5
ORD105199,CUS2335,Brian Jackson,Whiteside,Electronics,993.35,2,Net Banking,2026-01-11,4,2.7
ORD105200,CUS2393,Douglas Myers,Kingburgh,Clothing,2878.52,3,Net Banking,2024-10-11,7,2.6
ORD105201,CUS4118,Nathan Williams,South Heather,Electronics,4559.47,3,Cash on Delivery,2024-07-01,2,
ORD105202,CUS7102,Caitlin Moore,Lake Keith,Sports,4713.28,1,Cash on Delivery,2024-03-31,5,1.7
ORD105203,CUS2222,Julie Johnson,Lake Robert,Books,464.94,1,UPI,2024-12-22,4,2.4
ORD105204,CUS6338,Theresa Quinn,Whiteburgh,Sports,2765.94,1,Credit Card,2024-07-11,2,1.6
ORD105205,CUS7651,Jacqueline Macdonald,Gomezchester,Books,3480.64,2,UPI,2024-04-01,4,
ORD105206,CUS8098,Edward Curtis,South Lance,Clothing,1794.08,5,Net Banking,2025-02-26,5,2.4
ORD105207,CUS7784,Lisa Weaver,East Andrewview,Home,3852.21,4,Debit Card,2025-06-17,1,4.2
ORD105208,CUS1099,Glenda Roberts,Pamelaside,Electronics,672.87,4,Net Banking,2025-09-27,1,2.9
ORD105209,CUS8745,Antonio Cox,New Vanessachester,Home,1502.96,1,Cash on Delivery,2024-09-27,6,4.8
ORD105210,CUS5707,Thomas Parks,Josephshire,Electronics,2121.03,3,UPI,2026-02-20,1,4.2
ORD105211,CUS4108,Toni Smith,Lake Lisachester,electronics,1109.79,4,Cash on Delivery,2025-11-17,7,4.1
ORD105212,CUS1221,Robert Morris,North Diana,Home,797.28,1,Debit Card,2026-02-25,7,2.9
ORD105213,CUS2165,Miranda Hamilton,New Catherineborough,Books,971.38,2,Cash on Delivery,2025-04-08,2,2.8
ORD105214,CUS7263,Alexandra Lewis PhD,Lake Ericstad,Sports,847.06,2,Credit Card,2025-08-27,7,4.0
ORD105215,CUS1820,Jennifer Dunlap,Andradeborough,Clothing,3152.26,4,Net Banking,2024-09-08,2,1.5
ORD105216,CUS9992,Susan Morrison,Port Courtneyberg,Books,4333.79,4,UPI,2024-03-21,6,4.4
ORD105217,CUS7745,Linda Davenport,North Joshuaburgh,Electronics,941.6,2,Debit Card,2024-08-12,4,4.5
ORD105218,CUS1321,Nancy Edwards,Brandonville,Beauty,1343.83,2,Debit Card,2024-08-29,7,2.6
ORD105219,CUS6014,Lori Moran,New Rebecca,Electronics,968.77,4,Debit Card,2025-09-15,5,2.5
ORD105220,CUS7388,Cynthia Ward,Coreyland,Beauty,2635.82,2,Cash on Delivery,2025-04-04,3,3.7
ORD105221,CUS7619,Jennifer Villarreal,Jasmineside,Electronics,3077.32,2,Credit Card,2026-01-14,5,5.0
ORD105222,CUS2531,Ryan Mathis,East Alicia,Clothing,1173.11,5,Cash on Delivery,2025-07-06,6,1.1
ORD105223,CUS7784,Ann Hawkins,East Henry,Clothing,4286.46,2,Net Banking,2026-01-29,5,4.6
ORD105224,CUS4032,Elizabeth Anthony,Josephville,Beauty,3327.74,2,Net Banking,2025-11-25,7,3.9
ORD105225,CUS4918,Jennifer Perez,Andrewsstad,Sports,3241.09,5,UPI,2026-02-23,5,2.3
ORD105226,CUS2650,Nancy Kidd,Harmonhaven,Clothing,1117.73,4,Cash on Delivery,2025-10-05,3,3.5
ORD105227,CUS6103,Gabrielle Kim,Port Sandraburgh,Sports,2098.22,4,UPI,2025-11-15,3,1.6
ORD105228,CUS5153,Joyce Steele,Jenniferchester,electronics,2559.45,5,UPI,2025-11-10,3,4.6
ORD105229,CUS1800,Laurie Perkins,West Cynthiaview,Clothing,2513.55,1,Net Banking,2025-05-30,1,1.5
ORD105230,CUS9850,Joseph Gentry,Charlesland,Books,4782.23,1,Debit Card,2024-10-28,3,4.1
ORD105231,CUS3360,Edward Wilson,Jesseshire,Home,3333.34,3,Debit Card,2025-11-28,2,3.8
ORD105232,CUS7763,Michael Freeman,East Samuelfurt,Sports,4899.62,5,Cash on Delivery,2025-04-10,3,3.9
ORD105233,CUS1094,Cynthia Flynn,Lake Maryland,Sports,4273.55,1,UPI,2026-02-26,5,3.9
ORD105234,CUS3639,Cassie Williams,Davidbury,Electronics,2822.68,4,Debit Card,2026-01-07,1,4.2
ORD105235,CUS6344,Benjamin Rodriguez,South Kathryn,Beauty,2159.12,4,Debit Card,2024-10-01,3,4.7
ORD105236,CUS6253,Karen Potter,New Randy,Sports,2890.18,4,Debit Card,2025-06-16,2,3.7
ORD105237,CUS3109,Mary Frank,West Elizabethberg,Clothing,3678.76,3,Cash on Delivery,2025-02-28,6,4.4
ORD105238,CUS8505,Mr. Aaron Gutierrez,Greenshire,Sports,4590.46,2,UPI,2024-03-10,6,1.2
ORD105239,CUS1872,,Port Jamesberg,Clothing,173.64,3,Debit Card,2024-03-22,6,1.9
ORD105240,CUS6139,Adam Price,West Richard,Sports,855.19,3,UPI,2025-06-04,7,1.7
ORD105241,CUS1520,Jeffrey Moore,Alyssaville,Beauty,1357.96,3,Net Banking,2024-06-02,5,4.0
ORD105242,CUS5620,Jaime Lawson,Haasmouth,Clothing,1880.84,3,UPI,2025-09-22,2,4.8
ORD105243,CUS9088,,Lake Penny,Electronics,4414.94,1,Credit Card,2025-07-02,5,3.3
ORD105244,CUS9395,Jennifer Guerra,South Davidchester,Clothing,2244.45,5,Debit Card,2025-10-19,1,2.2
ORD105245,CUS3393,Tina George,Johnsonfurt,Electronics,4143.56,3,UPI,2026-01-03,5,3.3
ORD105246,CUS1540,Joseph Manning,Brownberg,Clothing,4814.99,3,Cash on Delivery,2025-06-27,6,2.9
ORD105247,CUS1972,Christine Phillips,Huntburgh,Beauty,1919.93,2,Credit Card,2026-01-02,5,2.5
ORD105248,CUS4450,Tanya Curry,Lake Rebecca,Clothing,3955.52,2,Debit Card,2024-04-07,6,2.8
ORD105249,CUS2097,,North Madelineburgh,Sports,1381.87,5,Credit Card,2026-01-25,2,4.2
ORD105250,CUS5822,Tony Winters,South Joshuabury,Clothing,2589.99,4,Cash on Delivery,2024-12-12,7,3.3
ORD105251,CUS5708,Wendy Smith,Peterland,Books,3225.04,1,Credit Card,2025-05-17,5,1.8
ORD105252,CUS3043,Kendra Moody,North Timothymouth,Sports,2498.77,5,Net Banking,2025-07-05,5,2.5
ORD105253,CUS3062,Lee Burgess,Amyborough,Home,2453.65,5,Cash on Delivery,2024-04-08,6,1.9
ORD105254,CUS3645,Anthony Bell,New David,Sports,2843.52,4,Cash on Delivery,2025-01-09,4,1.6
ORD105255,CUS6753,Rachel Wade,Thomasville,Home,3374.66,4,UPI,2025-01-12,6,2.9
ORD105256,CUS3995,Shelly Mcneil,Lake Timothy,Clothing,1823.66,3,Cash on Delivery,2024-08-23,3,2.2
ORD105257,CUS2543,Aimee Allen,Debraborough,Electronics,1357.8,4,Credit Card,2024-10-28,7,1.1
ORD105258,CUS8139,Kelly Morris,Douglashaven,Clothing,1134.77,4,Net Banking,2025-02-24,4,1.6
ORD105259,CUS8375,Joseph Obrien,West Davidshire,Sports,1349.58,1,UPI,2024-09-16,4,
ORD105260,CUS7513,John Williams,Davisshire,Sports,2445.79,4,UPI,2024-08-26,1,2.9
ORD105261,CUS7365,,Cynthiamouth,Beauty,3806.52,4,Cash on Delivery,2024-12-12,1,2.6
ORD105262,CUS1109,Melissa Pierce,West Robert,electronics,1754.94,4,UPI,2025-03-21,2,4.4
ORD105263,CUS3546,John Ramsey,South William,Home,2306.29,5,Cash on Delivery,2024-04-13,1,3.8
ORD105264,CUS3190,Timothy Small,South Christine,Clothing,820.24,4,UPI,2024-12-02,2,1.4
ORD105265,CUS3933,Sean Hodge,Lake Lindsayberg,Home,1848.01,2,Cash on Delivery,2025-05-26,7,1.2
ORD105266,CUS2831,Melissa Moody,Debraburgh,Beauty,2726.79,5,Credit Card,2024-12-12,3,1.4
ORD105267,CUS7194,Walter Walsh,South Ianborough,Electronics,2961.76,1,Net Banking,2024-05-05,3,3.9
ORD105268,CUS3299,Susan Holden,Mcintoshport,Sports,703.97,4,Cash on Delivery,2025-10-22,5,1.7
ORD105269,CUS6755,Christina Fields,Howardberg,Sports,2707.18,2,Debit Card,2024-03-17,7,3.8
ORD105270,CUS4037,Judy Wilson,Jeremyfort,Home,2097.32,3,Cash on Delivery,2024-05-29,7,2.7
ORD105271,CUS9733,Daniel Nolan,Cookside,Books,3207.9,1,Cash on Delivery,2024-07-19,6,3.8
ORD105272,CUS8435,Tiffany Bowman,Port Donald,Beauty,3245.33,3,UPI,2025-07-31,1,2.6
ORD105273,CUS7779,Jill Horton,Mathiston,Home,1001.36,4,Net Banking,2025-07-04,5,4.2
ORD105274,CUS5101,Jessica Wright,West Edwin,Books,2198.55,2,Net Banking,2026-01-04,2,4.1
ORD105275,CUS2511,Ryan Flores,East Richard,Sports,2484.45,3,Net Banking,2024-08-18,6,3.4
ORD105276,CUS5909,Jennifer Boyd,North Scottborough,electronics,3748.1,3,Net Banking,2025-12-30,2,1.0
ORD105277,CUS4401,John Adams,West Yolandachester,Sports,4175.6,2,Credit Card,2024-04-06,5,3.4
ORD105278,CUS9263,John Villegas,Port Cynthia,Books,4108.89,2,Credit Card,2025-05-30,1,1.2
ORD105279,CUS9940,Tina King,Port Benjaminmouth,Beauty,1916.7,5,Net Banking,2025-04-23,7,2.2
ORD105280,CUS7549,Daniel Miller,Bryanburgh,electronics,4728.03,2,UPI,2024-10-12,5,4.2
ORD105281,CUS7371,Deanna Simmons,Howardland,Sports,3499.61,1,UPI,2025-04-25,3,3.7
ORD105282,CUS6371,Susan Shields,East Mary,Sports,246.7,5,Credit Card,2025-09-02,7,4.7
ORD105283,CUS4203,William Anthony,Whitestad,Electronics,816.08,5,Cash on Delivery,2024-04-14,4,3.0
ORD105284,CUS7471,,Lake Annaport,Electronics,2600.41,2,Cash on Delivery,2025-02-11,5,4.8
ORD105285,CUS7869,Scott Lewis,East Micheleburgh,Beauty,2268.4,1,Debit Card,2025-04-10,5,3.1
ORD105286,CUS3504,Joanna Chavez,West Andrewville,Clothing,3732.88,4,UPI,2025-12-08,6,2.7
ORD105287,CUS3364,Michael Potter,New Andrea,Clothing,3851.08,1,Net Banking,2025-03-19,2,2.3
ORD105288,CUS9666,Kristy Sanchez,South Michelle,Books,513.59,4,Debit Card,2025-03-12,5,3.6
ORD105289,CUS3314,Emily Armstrong,Port Brianside,Beauty,1071.3,2,Cash on Delivery,2025-02-09,7,1.9
ORD105290,CUS8006,,Josephtown,Sports,2080.78,3,Net Banking,2024-03-22,6,4.5
ORD105291,CUS3657,Patricia Hernandez,South Christian,Home,4403.42,1,UPI,2025-04-24,1,4.0
ORD105292,CUS6139,Melissa Hunt,South Richardborough,Clothing,253.19,2,Net Banking,2026-02-01,3,4.2
ORD105293,CUS4043,Julia Smith,West Jenniferland,Clothing,1219.24,5,Cash on Delivery,2026-01-13,3,5.0
ORD105294,CUS7276,Gary Gardner,Thomasmouth,Clothing,3972.47,1,Cash on Delivery,2025-06-11,5,2.7
ORD105295,CUS9811,,Jonestown,Beauty,496.89,3,Debit Card,2024-07-02,7,1.3
ORD105296,CUS2771,Lauren Spencer,Rickburgh,Electronics,2482.19,2,UPI,2024-08-06,4,2.5
ORD105297,CUS1777,Cindy Morris,Port Katrinamouth,Books,3376.2,5,Debit Card,2026-01-07,2,2.4
ORD105298,CUS9157,Patrick Richardson,East Patricia,Clothing,3962.77,2,Credit Card,2025-06-13,1,2.7
ORD105299,CUS3420,Valerie Hawkins,Wiseburgh,Clothing,1092.1,5,UPI,2025-11-22,6,1.5
ORD105300,CUS8772,Mark Garza II,Elainetown,Home,2801.8,4,Net Banking,2026-01-26,5,4.4
ORD105301,CUS6612,Michael Cooley,New Shirleyside,Home,1151.52,4,Credit Card,2025-03-28,3,2.0
ORD105302,CUS7603,Kevin Moore,East Patrick,Clothing,1834.78,2,Credit Card,2025-06-29,2,1.8
ORD105303,CUS8511,John Walsh,Port Jennifer,Beauty,2153.73,5,Credit Card,2026-01-08,5,3.0
ORD105304,CUS3290,Brenda Brewer,Gonzalezside,Home,3898.98,5,Debit Card,2026-01-01,6,3.0
ORD105305,CUS2829,Krista Pope,Adamsview,Books,3163.95,1,Credit Card,2025-07-28,2,4.4
ORD105306,CUS8621,Cynthia Miles,South Sandy,Beauty,3364.87,1,Cash on Delivery,2025-07-18,5,4.7
ORD105307,CUS5654,Bradley Jones,Stephanieton,Clothing,1788.15,1,Debit Card,2025-03-08,3,4.3
ORD105308,CUS3166,Stephanie Velasquez,Josephborough,Electronics,4642.99,3,UPI,2025-11-13,7,3.2
ORD105309,CUS2291,Debra Vaughn,West Donnamouth,Books,3320.96,2,Cash on Delivery,2025-02-25,5,1.3
ORD105310,CUS2336,Jessica Matthews,Port Daniel,Electronics,268.2,5,Debit Card,2026-02-25,7,2.9
ORD105311,CUS3141,Justin Banks,New David,Home,1572.58,5,UPI,2025-11-17,7,4.6
ORD105312,CUS8882,Jason Wilson,Jerryton,electronics,2815.79,4,Net Banking,2024-07-15,7,4.3
ORD105313,CUS5785,,Rachelstad,Sports,2069.41,2,UPI,2024-12-16,3,
ORD105314,CUS7974,Marc Hunter,Johnchester,Books,809.21,1,Credit Card,2024-09-24,7,2.0
ORD105315,CUS1469,Eric White,Lake John,Clothing,4845.18,2,UPI,2025-07-02,3,
ORD105316,CUS6172,Brian Reynolds,Lewistown,Books,4481.86,4,Net Banking,2024-04-23,3,1.3
ORD105317,CUS7601,Dennis Welch,Adamsfurt,electronics,2741.62,1,Debit Card,2026-03-08,1,3.1
ORD105318,CUS3916,Misty Garcia,Rogerborough,Sports,908.66,2,Cash on Delivery,2024-06-17,2,4.8
ORD105319,CUS8752,Timothy Wilson,Vasquezchester,Sports,3940.37,4,Debit Card,2025-09-02,5,3.8
ORD105320,CUS7747,Heather Freeman,East Karen,Sports,247.34,1,UPI,2026-02-04,7,
ORD105321,CUS7838,Cody Sharp,North Anna,Sports,413.37,4,Net Banking,2025-08-16,1,1.2
ORD105322,CUS8510,Brandi Smith,Lake Patriciaburgh,Books,1019.24,1,Debit Card,2024-09-12,2,2.1
ORD105323,CUS3723,Travis Bradford,Lewisport,Clothing,4272.2,5,Debit Card,2025-09-10,6,
ORD105324,CUS1628,Claudia Wilson,Robertfort,Beauty,3650.83,4,UPI,2025-03-08,5,1.3
ORD105325,CUS1102,,Lake Josephshire,Home,2433.09,3,Debit Card,2025-06-23,2,1.2
ORD105326,CUS6629,Linda Mcbride,West Patrick,Electronics,3733.99,4,Cash on Delivery,2025-11-18,6,3.3
ORD105327,CUS8626,Jennifer Hampton,Port Katherinebury,Sports,4312.49,3,Net Banking,2025-02-06,2,
ORD105328,CUS5534,,Dustinshire,Home,445.09,3,Debit Card,2025-06-26,1,2.6
ORD105329,CUS7804,Joseph Brown,Kevinmouth,Sports,3359.45,4,Debit Card,2026-01-27,1,
ORD105330,CUS1106,Marissa Watson,North Ruth,electronics,449.96,1,Net Banking,2025-01-05,5,4.3
ORD105331,CUS9583,David Terry,Lake Jonathanside,Home,2219.73,4,Cash on Delivery,2024-05-17,6,4.2
ORD105332,CUS4065,Steven Murphy,Hollystad,Books,3378.48,5,Net Banking,2025-08-03,6,3.8
ORD105333,CUS3643,Emily Bailey,Hannahbury,Home,1833.73,1,Net Banking,2025-03-19,2,2.1
ORD105334,CUS8569,Tommy West,Michaelbury,Home,793.83,2,Credit Card,2025-04-01,5,
ORD105335,CUS3560,Bryan Watts,Danielborough,Home,4517.85,2,UPI,2024-05-02,6,1.1
ORD105336,CUS1618,Michelle Thompson,Lake Erika,Clothing,689.69,5,Net Banking,2024-05-15,7,1.9
ORD105337,CUS2132,,Mathewshire,Electronics,371.09,1,Cash on Delivery,2024-09-23,1,1.8
ORD105338,CUS8705,Michael Golden,Meyersland,Home,995.69,5,Credit Card,2024-12-23,6,
ORD105339,CUS2176,Maria Garcia,Johnsonmouth,Electronics,2677.5,4,Net Banking,2024-10-26,1,4.1
ORD105340,CUS9967,Holly Escobar,Cobbborough,Clothing,669.42,2,Net Banking,2025-12-29,2,3.1
ORD105341,CUS5028,Gabriel Hunter,Jademouth,Sports,372.13,1,Debit Card,2026-02-20,1,2.5
ORD105342,CUS8316,Lisa Munoz,Webbmouth,Books,1872.11,1,Debit Card,2024-04-01,3,3.6
ORD105343,CUS3050,Devin Lopez,Robertburgh,Home,3783.46,2,Debit Card,2024-11-16,7,4.8
ORD105344,CUS2449,Stacy Henderson,Bradshawville,Clothing,2428.35,4,Credit Card,2025-09-26,4,5.0
ORD105345,CUS6271,Jonathan Gibson,North Justin,Beauty,2549.64,5,Cash on Delivery,2025-04-08,6,3.2
ORD105346,CUS6922,Michael Crawford,Lake Dana,Beauty,3800.09,2,UPI,2024-12-26,3,3.0
ORD105347,CUS3508,Susan Bradley,Jacobton,electronics,1204.11,1,Debit Card,2025-10-06,6,1.1
ORD105348,CUS7570,Donna Whitney,East Derek,Clothing,2209.42,3,Credit Card,2025-09-15,1,3.4
ORD105349,CUS7843,Brandi Williams,Port Leahton,Home,248.43,2,Debit Card,2024-09-30,2,4.9
ORD105350,CUS3967,Jennifer Smith,Port Gary,Home,3145.89,2,UPI,2025-08-20,7,2.6
ORD105351,CUS4135,Jennifer Eaton,North Thomasland,Books,2738.28,1,Debit Card,2024-05-25,7,3.6
ORD105352,CUS9992,Kristin Wu,Edwardsberg,Home,1120.44,3,Credit Card,2024-09-08,4,1.9
ORD105353,CUS2445,Caroline Andrade,Monroefurt,Sports,4941.08,1,Debit Card,2025-11-22,3,2.3
ORD105354,CUS5412,Brandy Zimmerman,East Christytown,Home,4307.39,2,Credit Card,2025-04-01,6,3.7
ORD105355,CUS3628,Jason Dennis,North Tina,Books,3316.95,1,UPI,2024-10-06,1,3.1
ORD105356,CUS8071,Cheryl Parker,New Sandra,Electronics,2954.77,1,Credit Card,2024-05-17,7,2.2
ORD105357,CUS8696,Kendra Williams,South Erin,electronics,2290.22,3,Cash on Delivery,2025-07-25,3,2.2
ORD105358,CUS9860,Ana Wiley,Hawkinsstad,Clothing,1099.22,4,Debit Card,2025-05-30,3,1.4
ORD105359,CUS7534,Jose Massey,Port Frances,Sports,1290.46,5,Net Banking,2025-10-05,6,2.6
ORD105360,CUS4992,Amy Young,South Leeton,electronics,1361.6,4,Cash on Delivery,2024-06-02,6,5.0
ORD105361,CUS9297,Jose Branch,Penningtonmouth,Beauty,892.02,4,UPI,2024-10-02,6,
ORD105362,CUS9816,Patrick Ramirez,Lake Carla,Electronics,2425.24,2,Net Banking,2025-12-13,5,2.6
ORD105363,CUS2765,Joshua Gonzalez,Lake Connie,Sports,995.1,5,Cash on Delivery,2024-05-09,4,3.6
ORD105364,CUS6497,Kenneth Nelson,Bethbury,Beauty,2241.02,5,Credit Card,2024-03-15,7,3.6
ORD105365,CUS1953,Ann Cherry,Sarahshire,Electronics,3767.69,3,Debit Card,2025-01-21,6,1.8
ORD105366,CUS4231,Charles Downs,Wangmouth,Home,4287.23,2,Cash on Delivery,2025-08-22,7,1.6
ORD105367,CUS2368,Kellie Porter,Justinville,Sports,3678.65,1,Cash on Delivery,2024-06-19,7,3.8
ORD105368,CUS5303,Nicholas Armstrong,East Georgetown,Beauty,4101.76,4,Net Banking,2024-11-04,4,4.3
ORD105369,CUS1246,Andrea Garcia,Kristyburgh,Electronics,1891.41,5,UPI,2025-06-01,1,5.0
ORD105370,CUS5304,Jesse Jackson,Wilsonside,Clothing,4777.27,2,Net Banking,2025-06-14,6,1.9
ORD105371,CUS8455,Latasha Schmidt,Lake Michaelport,Books,1574.37,3,Debit Card,2024-12-26,6,2.9
ORD105372,CUS5848,Justin Joseph,Dawnmouth,Clothing,1294.55,2,Cash on Delivery,2025-10-11,1,1.0
ORD105373,CUS8618,Joseph Daniel,Justinfurt,Electronics,1547.21,2,Credit Card,2024-05-12,6,2.1
ORD105374,CUS9658,Kelly Roberts,Elizabethfurt,Beauty,2554.29,4,Credit Card,2025-01-09,7,3.9
ORD105375,CUS6873,Daniel Campbell,Martinfurt,Sports,1583.76,5,Cash on Delivery,2025-09-03,3,3.6
ORD105376,CUS3928,Mason Guerrero,Christopherberg,Sports,3234.71,1,Cash on Delivery,2025-10-05,2,4.0
ORD105377,CUS5971,Dylan Hernandez,Cherryside,Beauty,4209.6,5,Net Banking,2025-01-25,4,1.7
ORD105378,CUS8495,,Lake Nicholaston,Electronics,378.29,4,UPI,2025-03-22,5,
ORD105379,CUS6628,Michael Martinez,Thomasville,Electronics,2070.97,3,Debit Card,2024-07-06,3,2.6
ORD105380,CUS8968,Jenna Roberts,Leside,Sports,188.78,5,Debit Card,2025-10-03,1,2.7
ORD105381,CUS6480,Randy Miller,Lake Pamela,Sports,2497.82,3,Credit Card,2026-03-07,1,4.9
ORD105382,CUS8530,Jennifer Williams,South Andrew,Electronics,1786.31,1,Cash on Delivery,2024-12-25,6,1.6
ORD105383,CUS4589,Elizabeth Boyd,Hernandezborough,Electronics,979.67,4,UPI,2025-01-31,5,
ORD105384,CUS1791,Angela Moore,West Kevinshire,Sports,1959.03,1,Cash on Delivery,2025-11-29,1,3.9
ORD105385,CUS3542,Ashley Flores,Michaelstad,Sports,1025.61,3,Debit Card,2025-03-31,7,2.3
ORD105386,CUS6449,Juan Harrell,Stephanietown,Beauty,3838.33,2,Net Banking,2024-04-07,1,2.8
ORD105387,CUS1820,Jacob Moore,Nicoleview,Home,943.96,3,Credit Card,2024-09-22,7,1.8
ORD105388,CUS8485,Audrey Warren,Lake Jose,Electronics,2947.57,5,Credit Card,2024-04-20,1,4.7
ORD105389,CUS3134,Kyle Silva,Reedmouth,Sports,4189.52,4,Cash on Delivery,2025-01-31,7,2.6
ORD105390,CUS7336,Kristin Reed,Port Sarah,Electronics,1306.74,5,Credit Card,2026-02-17,5,1.4
ORD105391,CUS6362,Thomas Flores,Briannamouth,Sports,2777.94,3,UPI,2024-11-26,3,1.9
ORD105392,CUS5851,Nicholas Turner,Davidberg,Books,449.95,4,Net Banking,2024-03-21,3,1.9
ORD105393,CUS1247,Angela Manning,Lake Karaburgh,Books,2845.81,4,Cash on Delivery,2025-04-14,3,4.5
ORD105394,CUS2653,Diana Black,North Richardbury,Clothing,1204.51,2,Debit Card,2025-09-28,1,2.4
ORD105395,CUS3850,Gina Bridges,Ryanside,Home,1101.95,2,UPI,2025-07-02,4,3.5
ORD105396,CUS2782,Amanda Edwards,Andersonfurt,Clothing,1173.05,2,UPI,2024-10-10,1,1.6
ORD105397,CUS5937,William Diaz,North Rileyfort,Books,2173.76,5,Debit Card,2025-08-30,1,2.1
ORD105398,CUS2733,Michael Palmer,Richardfort,Clothing,3231.81,2,Cash on Delivery,2025-07-10,7,4.1
ORD105399,CUS5693,Jasmine Hamilton,West William,Books,2486.23,5,Net Banking,2024-04-23,3,3.0
ORD105400,CUS2850,Gregory Matthews,Tracyhaven,Sports,2747.1,5,Debit Card,2024-09-02,1,4.5
ORD105401,CUS9404,Kyle Bolton,Spearsland,Books,3808.85,2,Credit Card,2025-11-02,5,
ORD105402,CUS8558,Christopher Flores,Joycemouth,Sports,1547.01,3,UPI,2026-02-23,2,4.2
ORD105403,CUS1893,Jason Brady,Sarahbury,Books,2568.81,4,Debit Card,2025-07-24,6,4.1
ORD105404,CUS8486,,Norrisview,Electronics,629.5,3,Credit Card,2025-04-01,1,2.6
ORD105405,CUS4145,Craig Cruz,Kimberlyview,Books,1764.66,3,Cash on Delivery,2024-12-24,4,3.9
ORD105406,CUS1053,Victor Guzman,North Williamstad,Sports,3582.92,4,Net Banking,2024-07-22,7,1.8
ORD105407,CUS8090,,Port Alicia,Home,1648.97,2,Cash on Delivery,2025-01-30,3,3.0
ORD105408,CUS5914,Stephen Moore,South Danielview,Books,4316.61,1,Net Banking,2025-06-25,4,4.6
ORD105409,CUS7015,Tara Heath,Wolfton,Clothing,2364.24,3,Credit Card,2025-05-27,6,1.5
ORD105410,CUS3412,Douglas Jones,Ruizburgh,Clothing,4762.28,4,UPI,2024-11-11,5,2.4
ORD105411,CUS8717,Matthew Black,Watersfurt,electronics,610.8,4,UPI,2025-10-04,3,4.3
ORD105412,CUS3787,Amy Adkins,Greenborough,Electronics,527.65,5,Net Banking,2025-07-17,6,1.7
ORD105413,CUS4301,Robert Jordan,East Timothytown,Electronics,3301.23,1,Cash on Delivery,2026-02-26,6,
ORD105414,CUS3240,James Colon,West David,Home,1892.11,5,Credit Card,2024-06-11,5,1.8
ORD105415,CUS7465,Robert Scott,Phillipschester,Electronics,4325.7,1,Debit Card,2024-10-30,2,3.5
ORD105416,CUS7950,John Ellis,North Stacy,Beauty,1391.57,5,Net Banking,2026-02-16,3,4.3
ORD105417,CUS6940,Robert Cannon,Lake Richard,Sports,691.25,5,Net Banking,2024-07-08,7,3.7
ORD105418,CUS6577,Tony Fletcher,Kevinville,Books,2879.68,3,UPI,2024-04-11,5,1.0
ORD105419,CUS3789,Emily Jones,West Kenneth,Books,2451.18,3,Credit Card,2025-10-06,2,3.1
ORD105420,CUS2506,Ashley Klein,Port Alexberg,Sports,116.89,3,Cash on Delivery,2025-12-17,7,1.2
ORD105421,CUS8283,Kenneth Kim,North Billy,Electronics,1644.11,3,Net Banking,2025-08-06,2,2.7
ORD105422,CUS5924,Larry Graham,Bennettmouth,electronics,4813.35,1,Debit Card,2025-04-17,5,1.6
ORD105423,CUS4845,,New Heather,Clothing,4858.05,3,UPI,2025-02-18,5,1.0
ORD105424,CUS1530,Elizabeth Charles,New Brandon,Clothing,518.34,1,Credit Card,2024-08-10,4,1.1
ORD105425,CUS8122,Mary White,Brownland,Books,1710.08,1,Net Banking,2024-10-11,6,2.7
ORD105426,CUS1598,Larry Garza,Kimberlyburgh,Clothing,3198.66,5,Credit Card,2024-09-16,2,3.8
ORD105427,CUS1984,Michael Miller,West William,Electronics,834.68,2,UPI,2024-10-20,6,2.5
ORD105428,CUS8228,Joshua Smith,New Christineburgh,Electronics,2498.49,2,UPI,2025-11-09,5,2.1
ORD105429,CUS2359,Michael Watts,Turnerstad,Beauty,1810.41,4,Net Banking,2025-10-28,6,1.4
ORD105430,CUS7183,Sierra Schmidt,West Nicole,Home,4915.92,2,Debit Card,2025-09-07,3,4.9
ORD105431,CUS1550,James White,Wyattborough,Home,553.65,3,Credit Card,2025-12-12,6,5.0
ORD105432,CUS5733,Robert Hudson,Cassandraland,Beauty,3809.33,4,UPI,2024-12-17,5,2.0
ORD105433,CUS2885,,Port Jessica,Beauty,1276.51,2,Net Banking,2025-04-04,7,1.1
ORD105434,CUS7570,Tiffany Rogers,Kathyport,Clothing,4291.04,3,Credit Card,2024-05-12,3,1.6
ORD105435,CUS9474,Mary Bell,Valerieland,Books,4417.7,5,UPI,2024-12-09,4,5.0
ORD105436,CUS4355,Michael Hendricks IV,Susanmouth,Clothing,4963.34,1,Credit Card,2024-05-25,6,2.2
ORD105437,CUS6315,Dale Nelson,Ellisfort,Electronics,1671.68,1,Debit Card,2024-11-30,3,1.6
ORD105438,CUS4252,Melissa Arnold,Thomasside,Books,349.77,5,Net Banking,2025-03-20,6,3.0
ORD105439,CUS5115,Joseph Simpson,Carlhaven,Electronics,3046.12,4,Debit Card,2024-08-25,7,1.7
ORD105440,CUS7686,Jeffery Alexander,Georgeburgh,Electronics,1880.73,2,Net Banking,2026-01-23,2,1.3
ORD105441,CUS4241,Monica Mckenzie,South Michaelhaven,Home,4233.79,3,Debit Card,2024-07-21,3,3.7
ORD105442,CUS1694,Miranda Chung MD,Lake Barrytown,Clothing,3398.64,2,Credit Card,2024-03-11,5,3.0
ORD105443,CUS7089,Christine Oconnell,Lake James,Sports,1459.83,3,Debit Card,2025-12-24,7,1.1
ORD105444,CUS1362,Dale Woods,Amandaville,Home,4104.97,2,Cash on Delivery,2026-02-13,2,1.5
ORD105445,CUS4376,Daniel Orozco,North Theodore,Clothing,2730.93,1,Debit Card,2026-02-19,5,3.9
ORD105446,CUS7510,Brenda Everett,Savannahside,Sports,1647.78,2,Debit Card,2025-05-06,3,2.4
ORD105447,CUS9597,Melvin Rivera,South Rhonda,Clothing,3889.86,4,Debit Card,2026-01-06,5,1.1
ORD105448,CUS2442,Cheryl Riley,South Williammouth,Home,4044.88,5,Cash on Delivery,2024-09-21,2,2.6
ORD105449,CUS8627,Jennifer Williams,Lake Jonathan,Home,2044.62,1,Debit Card,2024-12-12,5,4.4
ORD105450,CUS8015,Edwin Stuart,Brownmouth,Beauty,2825.36,2,Cash on Delivery,2025-10-07,2,2.0
ORD105451,CUS5034,Alan Chen,West Carloston,Electronics,3612.19,4,Cash on Delivery,2026-02-19,6,2.7
ORD105452,CUS3678,Amy Galloway,Elainechester,Home,2854.36,3,Net Banking,2025-03-02,4,4.5
ORD105453,CUS4370,Tiffany Johnson,Lake Amandamouth,Clothing,3572.23,2,Net Banking,2024-09-04,6,3.2
ORD105454,CUS8438,Michael Steele,Kathrynstad,Home,4695.13,4,Credit Card,2024-11-07,2,3.1
ORD105455,CUS7237,Michael Martin,Gibbsside,Electronics,2067.77,5,Debit Card,2025-10-13,5,3.9
ORD105456,CUS8097,Christina Wheeler,Ricetown,Sports,134.88,1,Credit Card,2025-11-09,3,1.4
ORD105457,CUS5443,Christopher Thomas,Kathyberg,Beauty,3204.67,1,Net Banking,2026-03-02,4,4.7
ORD105458,CUS4212,Justin Parks,Woodsberg,Clothing,152.16,5,Net Banking,2025-08-13,7,1.0
ORD105459,CUS7871,Lynn Gallegos,Parksberg,Electronics,3688.96,1,UPI,2025-02-01,5,1.7
ORD105460,CUS5741,Yesenia Medina,Nancyton,Beauty,2392.0,2,Net Banking,2025-06-04,7,4.1
ORD105461,CUS5890,Joseph Hardy MD,Jonesborough,Clothing,4541.66,3,Debit Card,2024-05-30,2,
ORD105462,CUS1996,Shane Rios,Lake Donaldland,Electronics,4251.95,3,Net Banking,2025-03-05,1,
ORD105463,CUS4623,Connor Silva,Lake Michelle,Clothing,2450.09,2,Net Banking,2025-07-01,1,2.9
ORD105464,CUS6830,Sharon Phillips,Lake Danielleville,Books,2600.46,5,Net Banking,2025-11-21,3,3.1
ORD105465,CUS8753,Mr. Billy Hall DDS,West Lisaville,Books,3201.93,3,Debit Card,2025-09-03,3,3.3
ORD105466,CUS6222,,South Dannytown,Clothing,3720.4,5,UPI,2025-10-30,1,4.9
ORD105467,CUS3441,Deanna Turner,Wellsmouth,Beauty,3329.0,5,Net Banking,2024-10-02,3,1.4
ORD105468,CUS9961,Suzanne Gonzalez,Martinmouth,Clothing,2523.94,4,Cash on Delivery,2024-07-07,3,3.6
ORD105469,CUS3561,Sherri Brady,Port Julietown,Sports,908.77,2,Credit Card,2024-10-02,2,2.7
ORD105470,CUS1487,Rodney Romero,East Robertfurt,Beauty,2779.62,2,Net Banking,2025-01-01,3,1.5
ORD105471,CUS4284,Jason Ramirez,Thompsonville,Clothing,4846.27,3,UPI,2024-04-09,4,3.5
ORD105472,CUS4402,Jill Rivera,West Margaret,Sports,4800.3,2,Net Banking,2024-12-20,7,2.8
ORD105473,CUS2174,Dr. Joshua Henderson,Markmouth,Beauty,2223.19,4,Credit Card,2025-03-08,6,2.1
ORD105474,CUS1370,Carrie Kim,Lake Jill,Home,2336.76,3,Cash on Delivery,2024-10-24,5,2.8
ORD105475,CUS2220,John Lowe,Emilychester,Clothing,3185.36,3,Cash on Delivery,2024-11-14,7,3.1
ORD105476,CUS4336,Ashley Smith,Johnsonmouth,Home,295.99,5,Credit Card,2025-06-03,6,1.7
ORD105477,CUS4827,Whitney Allen,New Carolineshire,Electronics,1416.19,2,UPI,2024-03-10,5,2.9
ORD105478,CUS8074,Brenda Williams,West Brandonland,electronics,4872.63,3,UPI,2026-03-03,4,1.1
ORD105479,CUS4362,Michael Gross,West Samuel,Home,684.11,2,Cash on Delivery,2025-12-22,5,1.6
ORD105480,CUS5985,Christopher Mitchell,Cynthiaburgh,Home,4683.3,2,Debit Card,2025-10-17,6,2.7
ORD105481,CUS8521,Stephanie Townsend,Campbellfort,Electronics,931.69,2,Net Banking,2024-11-02,4,1.7
ORD105482,CUS2685,Roy Kennedy,Ellisberg,Home,4894.11,1,UPI,2024-12-27,5,4.7
ORD105483,CUS4813,Derrick Patel,Port Ryanshire,Sports,1728.8,3,UPI,2024-10-28,1,3.6
ORD105484,CUS9235,Jennifer Carpenter,Brownborough,Beauty,1246.98,4,Net Banking,2025-07-16,7,2.8
ORD105485,CUS8381,,Nicholaschester,Electronics,4770.12,1,UPI,2026-03-02,1,3.7
ORD105486,CUS2874,Peter Wang,Charlesfort,Beauty,213.72,3,Cash on Delivery,2024-04-27,2,4.4
ORD105487,CUS8060,Erin Boone,Port Kristy,Electronics,199.6,3,Cash on Delivery,2025-09-21,5,2.2
ORD105488,CUS4788,Lindsay Hughes,East Lindafurt,Beauty,4226.45,3,Net Banking,2024-12-19,7,3.6
ORD105489,CUS4442,Christopher Rodgers,North Kimberlyport,Home,3593.59,1,Debit Card,2025-03-29,3,3.1
ORD105490,CUS3605,Brandon Evans,Michellefurt,Sports,1734.08,5,UPI,2025-01-06,2,1.6
ORD105491,CUS2382,Jennifer Bender,New Ronald,Electronics,2904.69,3,Cash on Delivery,2026-01-12,4,1.7
ORD105492,CUS4823,Becky Armstrong,New Juanbury,Home,2788.36,1,Cash on Delivery,2025-01-05,1,3.8
ORD105493,CUS3066,David Henry,Clarkview,Books,635.06,2,UPI,2025-10-30,7,3.7
ORD105494,CUS7952,Nicole Delacruz,Harrisfort,Sports,2883.27,4,UPI,2024-03-27,7,3.9
ORD105495,CUS1457,Nancy Brown,Williamsland,Beauty,660.19,3,Credit Card,2024-08-24,6,2.1
ORD105496,CUS2933,Tyler Noble,Brownfort,Home,1000.12,2,UPI,2025-08-15,6,2.1
ORD105497,CUS9364,Robert Andrade,Howardfort,Electronics,1764.63,3,Cash on Delivery,2026-01-08,4,1.5
ORD105498,CUS2653,David Oneal,New Heatherborough,Sports,1210.45,5,Net Banking,2024-10-31,4,4.9
ORD105499,CUS3395,,Patriciafort,Sports,3461.83,2,Credit Card,2025-06-03,3,1.4
ORD105500,CUS1352,Cathy Rodriguez,Emilyborough,Home,3128.08,2,Cash on Delivery,2024-06-28,3,1.7
ORD105501,CUS5490,Tracey Kramer,Lake Deanborough,Books,3094.75,5,Debit Card,2025-08-28,6,1.9
ORD105502,CUS5391,Dennis Olson,Medinaland,Sports,1729.77,2,Net Banking,2026-01-06,4,3.5
ORD105503,CUS9177,Margaret Brown,Meganstad,Books,4125.42,3,Net Banking,2024-08-26,3,2.8
ORD105504,CUS5053,Miranda Allison,Rubenchester,Clothing,1245.52,4,Cash on Delivery,2024-04-05,5,3.1
ORD105505,CUS7710,Steven Smith,Port Kellybury,Beauty,2692.58,4,UPI,2024-11-16,2,1.3
ORD105506,CUS3238,Cathy Johnson,North Megan,Beauty,579.02,4,Debit Card,2025-10-28,2,3.9
ORD105507,CUS8165,Joshua Willis,Leahview,Books,3711.92,1,Credit Card,2024-08-23,7,2.1
ORD105508,CUS3541,Michael Bradshaw,North Sherylview,Books,2275.83,2,Net Banking,2025-05-17,4,4.6
ORD105509,CUS8285,Diana Benton,East Nathan,Sports,3224.73,5,Net Banking,2025-02-08,4,1.8
ORD105510,CUS5451,Timothy Roberts,Jodymouth,Home,2958.75,4,Credit Card,2024-07-22,5,1.1
ORD105511,CUS2988,Christopher Austin III,South Anthonyhaven,Beauty,1530.68,1,Cash on Delivery,2024-10-28,2,4.4
ORD105512,CUS6570,Terry Hall,Sandrafort,Clothing,2263.43,3,Credit Card,2024-08-26,7,3.2
ORD105513,CUS3648,Debbie Fernandez,Port Mirandafort,Clothing,2894.91,2,Credit Card,2025-10-23,4,2.5
ORD105514,CUS6978,Brandi Wilson,Greenville,electronics,2008.12,2,Credit Card,2025-03-16,5,3.0
ORD105515,CUS9284,Paul Johnston,Williamstad,Electronics,2952.33,4,UPI,2024-11-06,7,1.4
ORD105516,CUS8360,Edward Adams,Murrayport,Beauty,4813.19,1,Cash on Delivery,2025-07-27,5,1.7
ORD105517,CUS8605,Brent Murphy,Lake Holly,Beauty,3731.31,1,Net Banking,2026-01-15,5,1.8
ORD105518,CUS8119,Kevin Brown,Port Bradleybury,Electronics,1595.03,2,Cash on Delivery,2024-07-23,3,1.9
ORD105519,CUS5379,Christine Mora,Patrickbury,Beauty,466.46,1,Credit Card,2024-03-29,6,2.8
ORD105520,CUS7330,Michael Spears,South Adammouth,Clothing,605.09,5,Debit Card,2024-03-31,7,2.2
ORD105521,CUS2356,Jacqueline Johnson,Villarrealchester,Books,3445.34,3,UPI,2024-08-11,2,4.0
ORD105522,CUS9670,Shawn Pope,Lake Brandon,Clothing,270.0,4,UPI,2025-03-25,2,4.0
ORD105523,CUS4544,Terri Lyons,Kevinburgh,Clothing,2169.92,3,Debit Card,2024-12-26,2,4.8
ORD105524,CUS5492,Walter Montoya,Henryborough,Beauty,596.14,4,UPI,2025-05-10,2,4.6
ORD105525,CUS9382,Brandon Gomez,Port Michaelhaven,Beauty,561.71,5,Net Banking,2024-03-29,6,3.5
ORD105526,CUS3407,Joshua Jefferson,Montgomeryberg,Sports,178.95,3,Credit Card,2025-08-28,4,4.5
ORD105527,CUS8264,Joan Moore,Karahaven,Electronics,972.9,4,Debit Card,2025-06-16,5,3.7
ORD105528,CUS5854,Crystal Lewis,Dawsonbury,Electronics,2537.65,2,Debit Card,2025-01-14,7,3.3
ORD105529,CUS9295,Kimberly Wilson,Lake Xavierbury,Electronics,534.78,1,UPI,2025-03-29,1,1.0
ORD105530,CUS1816,Amy Allen,Kellystad,Electronics,3259.3,3,Credit Card,2025-05-01,2,3.1
ORD105531,CUS1646,,Deborahton,Books,1988.86,3,Cash on Delivery,2026-01-06,4,4.4
ORD105532,CUS9582,Rebekah Frazier,Harrisfort,Clothing,2012.97,5,UPI,2025-10-07,5,4.7
ORD105533,CUS3788,Jacob Williams,Scottborough,Beauty,2039.35,4,Credit Card,2024-07-12,5,3.4
ORD105534,CUS6955,Maria Burgess,Lake Christine,Beauty,3893.3,1,UPI,2025-03-11,6,1.8
ORD105535,CUS7523,Joshua Andrade,Dennisstad,Home,3519.21,4,Debit Card,2025-01-10,3,4.3
ORD105536,CUS3562,Michelle Horne,North Michaelview,electronics,2492.4,2,Credit Card,2024-05-01,6,4.3
ORD105537,CUS6311,Laura Sharp,Ericahaven,Clothing,2443.16,3,UPI,2026-01-26,2,2.0
ORD105538,CUS1535,Raven Johnson,Brewerfort,Clothing,1311.38,1,Cash on Delivery,2025-11-17,6,
ORD105539,CUS5398,Daniel Hamilton,Mariaborough,Home,3020.84,5,Debit Card,2025-12-17,1,1.1
ORD105540,CUS8763,Laura Mann,Rochamouth,Sports,2894.15,3,Cash on Delivery,2025-07-29,1,2.9
ORD105541,CUS3098,Jessica Simpson,East Timothy,Clothing,1106.43,5,Debit Card,2024-12-29,4,2.6
ORD105542,CUS3720,Amanda Dixon,East Miguelmouth,Beauty,123.18,4,Net Banking,2025-09-28,6,2.4
ORD105543,CUS2975,Dr. Joseph Woods,North Christopher,Sports,1450.33,4,UPI,2025-07-10,4,4.2
ORD105544,CUS3139,Amber Williams,Wiseton,Sports,4793.24,1,Net Banking,2025-08-17,2,2.9
ORD105545,CUS5452,Kerry Miller,Virginiabury,Books,3324.48,2,Cash on Delivery,2024-08-24,6,1.2
ORD105546,CUS9075,Amy Cisneros,South Amanda,Clothing,1336.47,1,Debit Card,2024-12-07,6,1.5
ORD105547,CUS8631,Manuel Taylor,Kellyborough,Books,339.9,4,UPI,2025-01-18,3,2.6
ORD105548,CUS7588,Dawn Williams,Port Marcus,electronics,4834.38,2,Credit Card,2024-05-06,7,2.0
ORD105549,CUS7682,Jacob Tyler,Port Hannah,Electronics,4494.24,1,Net Banking,2025-04-27,3,2.9
ORD105550,CUS3232,Adam Reyes,North Pamela,Electronics,991.07,4,Debit Card,2025-11-12,7,4.9
ORD105551,CUS7690,Sarah Dyer,South Danielfort,Home,1837.02,5,UPI,2024-08-09,6,3.5
ORD105552,CUS2280,,Port Kathleenchester,Beauty,2202.62,3,Debit Card,2025-01-17,5,2.8
ORD105553,CUS4523,Henry Hatfield,North Gary,Beauty,364.9,5,Net Banking,2026-02-24,7,2.9
ORD105554,CUS4310,Peter Lewis,Lake Michellechester,Sports,4868.16,1,UPI,2024-09-11,7,2.8
ORD105555,CUS7428,Colton Jones,North Roymouth,Clothing,2653.06,4,Debit Card,2026-01-22,7,
ORD105556,CUS6060,Debra Rhodes,East Sean,Beauty,1156.72,3,Debit Card,2025-12-06,2,2.6
ORD105557,CUS7656,Lisa Lewis,Melodyton,Clothing,2770.45,1,Debit Card,2024-05-15,7,1.4
ORD105558,CUS4892,Sarah Gonzales,South Laurashire,Books,2027.6,1,UPI,2026-02-27,7,2.3
ORD105559,CUS8190,Alan Lane,Brandonmouth,Sports,688.54,2,Cash on Delivery,2025-06-10,4,2.4
ORD105560,CUS8499,Yvonne Blackwell,Jenniferland,Clothing,2096.75,5,Cash on Delivery,2025-09-22,2,2.0
ORD105561,CUS3192,Oscar Houston,South Craigview,Sports,243.16,1,UPI,2024-04-05,3,3.7
ORD105562,CUS6545,Jesse Gray,East Raymondberg,electronics,3705.45,5,Net Banking,2025-10-09,7,4.7
ORD105563,CUS4120,Rachel Joseph,Michaelside,Beauty,4365.61,4,Credit Card,2024-08-02,5,2.1
ORD105564,CUS2905,Amanda Torres,Port Antonioside,Books,2164.94,5,Debit Card,2024-06-04,5,3.2
ORD105565,CUS1070,Mary Richardson,Lake Caroline,Books,2014.6,5,UPI,2024-04-11,2,
ORD105566,CUS8581,Ebony Lawson,Littlemouth,Books,1390.49,1,Debit Card,2024-06-07,5,1.2
ORD105567,CUS7029,Jamie Lewis,West Jessica,Clothing,4752.55,5,Cash on Delivery,2025-08-29,1,4.9
ORD105568,CUS7796,Nichole Davis,East Lynn,Electronics,2870.22,5,Net Banking,2024-10-29,2,2.3
ORD105569,CUS5165,Joseph Bishop,Terryburgh,Home,4736.24,3,Debit Card,2024-09-30,2,4.2
ORD105570,CUS6412,Rebecca Chung,Kristinfort,Sports,1555.62,3,Credit Card,2024-06-06,1,1.9
ORD105571,CUS3652,Debra Cohen,West Patriciafort,Electronics,1722.38,2,Net Banking,2025-06-05,7,2.4
ORD105572,CUS3542,Jason Waters,Riosside,Sports,2866.4,2,UPI,2025-09-03,4,3.1
ORD105573,CUS3830,Frederick Smith,West Diana,Home,885.95,3,Credit Card,2024-09-19,6,2.5
ORD105574,CUS5344,Amber Ho,Cunninghamton,Home,4103.25,4,Credit Card,2025-01-31,3,3.2
ORD105575,CUS3814,Shawn Lawson,East Brian,Beauty,3308.12,1,Cash on Delivery,2026-02-27,5,4.7
ORD105576,CUS7629,Zachary Smith,Mariashire,Electronics,947.88,3,Net Banking,2024-06-17,3,2.3
ORD105577,CUS5753,Angela Dalton,South Christopher,Beauty,3194.44,3,Credit Card,2024-07-05,1,3.5
ORD105578,CUS5386,Grant Bryant,Williamsfort,Home,2743.37,5,Cash on Delivery,2025-06-05,7,1.6
ORD105579,CUS2203,Robert Cannon,Michelleside,Electronics,949.67,1,Net Banking,2024-08-10,4,2.7
ORD105580,CUS6925,Tonya Glass,Barnettfort,Books,3758.13,3,Cash on Delivery,2025-11-09,5,4.0
ORD105581,CUS8935,William Hill,Pollardhaven,Books,1428.79,5,Cash on Delivery,2025-03-05,6,3.7
ORD105582,CUS8205,Alexandria Daniel,New Cynthiaside,Books,3676.48,3,Debit Card,2025-10-18,1,1.3
ORD105583,CUS7972,Michael Nolan,North Tanya,Electronics,4211.27,1,Cash on Delivery,2025-07-24,6,3.5
ORD105584,CUS9133,,South Hannah,Home,873.4,2,Cash on Delivery,2025-06-23,7,3.8
ORD105585,CUS6214,Phillip Travis,Port Lisachester,Home,3057.84,2,Credit Card,2025-11-09,6,4.4
ORD105586,CUS7879,Joshua Hall,Port Edwardland,Clothing,3899.97,3,Credit Card,2025-06-23,3,
ORD105587,CUS5622,Michelle Nash,New Peter,Home,1770.25,1,UPI,2026-03-08,7,2.8
ORD105588,CUS8654,Rachel Smith,Albertville,Clothing,1510.13,3,Net Banking,2026-01-01,3,1.0
ORD105589,CUS7103,Patrick Costa,South Patriciaton,Books,2553.24,4,Credit Card,2024-04-08,5,4.6
ORD105590,CUS9136,Steven Young,Robertston,Beauty,697.41,2,UPI,2025-09-24,1,1.7
ORD105591,CUS7581,Tracy Blair,Hunterbury,Electronics,283.13,1,Credit Card,2025-01-09,2,2.4
ORD105592,CUS8430,Brian Murphy,West Barbara,Electronics,642.26,1,UPI,2024-04-19,1,4.6
ORD105593,CUS7155,,Jameschester,Electronics,461.17,5,UPI,2024-09-02,4,1.6
ORD105594,CUS4677,Kristine Frey,East Jamie,Home,2594.01,5,Credit Card,2025-10-15,7,1.9
ORD105595,CUS7790,,North Michaeltown,Electronics,3596.56,1,UPI,2026-01-10,1,1.9
ORD105596,CUS4205,Allison Werner,Lake Amy,Books,3692.68,1,Debit Card,2024-07-23,3,2.6
ORD105597,CUS4372,Robin Bowen,New Sandraborough,Electronics,898.42,3,Net Banking,2024-07-12,5,4.6
ORD105598,CUS6024,Kyle Rodriguez,Lake Darrenfort,Electronics,1780.59,5,Cash on Delivery,2024-12-09,6,4.7
ORD105599,CUS3298,Philip Potter,East Mark,Books,2941.18,1,Debit Card,2024-12-18,5,1.6
ORD105600,CUS2743,Benjamin Shaw,West Rickville,Beauty,1453.04,2,Cash on Delivery,2024-11-16,5,1.9
ORD105601,CUS2650,Rhonda Lewis,Port Heather,Clothing,4240.77,5,Net Banking,2024-07-15,2,2.3
ORD105602,CUS4862,Sandra Mcbride,Bullockberg,Electronics,306.68,1,Credit Card,2024-07-29,4,2.9
ORD105603,CUS6315,George Bennett,Wellsview,Sports,4933.73,1,Debit Card,2025-06-07,6,1.2
ORD105604,CUS7590,Daniel Ray,Erikbury,Beauty,354.84,2,Cash on Delivery,2024-08-19,2,4.9
ORD105605,CUS5544,Jennifer Small,East Angela,Books,1055.08,4,Cash on Delivery,2025-06-22,4,2.9
ORD105606,CUS8686,Robert Alvarez,South Michelle,Sports,395.13,5,Net Banking,2024-10-22,3,3.8
ORD105607,CUS6955,Jessica Butler,New Tracy,Sports,1919.96,2,Debit Card,2025-11-05,7,2.2
ORD105608,CUS2019,Bonnie Arnold,Port Haleybury,Sports,2642.72,1,UPI,2024-10-18,2,3.1
ORD105609,CUS1299,Jeffrey Wood,East Mark,Books,2479.9,5,UPI,2025-08-31,6,1.9
ORD105610,CUS1197,Charles Burton,Ericabury,Sports,2356.73,4,Cash on Delivery,2025-01-30,5,3.3
ORD105611,CUS8275,Mr. Joseph Williamson,New Jennifer,Clothing,3957.07,5,Cash on Delivery,2025-09-15,6,2.8
ORD105612,CUS2492,Juan Whitaker,East Anthonyville,Beauty,2958.04,5,Cash on Delivery,2025-04-16,5,3.2
ORD105613,CUS4673,James Green,Barryland,Clothing,4054.48,1,Credit Card,2025-01-10,7,1.6
ORD105614,CUS8165,Destiny Griffith,Janetberg,Electronics,3918.88,4,Credit Card,2024-10-24,6,3.6
ORD105615,CUS5847,Denise Cooper,Singhville,Books,4550.36,2,Credit Card,2024-05-29,3,3.7
ORD105616,CUS4714,Ashley Wells,Bishopview,Clothing,2006.97,3,Cash on Delivery,2026-01-16,6,2.9
ORD105617,CUS9411,Michelle Payne,Port Monica,Home,2826.32,1,Net Banking,2025-06-03,7,3.5
ORD105618,CUS5315,Roger Velez,Lefort,Clothing,2690.57,5,Cash on Delivery,2025-10-13,4,2.2
ORD105619,CUS2880,Carolyn Lawson,Port Savannahton,Clothing,1256.41,3,Debit Card,2024-05-06,7,3.5
ORD105620,CUS8117,Jessica Cardenas,Port Ryanside,Sports,807.03,4,Credit Card,2024-10-30,5,2.5
ORD105621,CUS1011,Dustin Campbell,Port Megan,Electronics,3934.76,1,Credit Card,2026-01-24,3,1.5
ORD105622,CUS2137,Mariah Wheeler,South Erikbury,Books,187.66,5,Debit Card,2025-06-12,7,
ORD105623,CUS6077,Scott Barnes,Zamoraview,Electronics,975.46,2,Cash on Delivery,2025-05-13,3,
ORD105624,CUS2411,Jessica Li,Lake Brandonview,Beauty,4316.28,2,Cash on Delivery,2025-09-10,3,4.2
ORD105625,CUS6864,Joseph Brown,Glasshaven,Electronics,1660.0,3,Cash on Delivery,2026-01-11,6,1.4
ORD105626,CUS3666,Robert Lucas,Liuberg,Electronics,4895.57,1,UPI,2025-10-13,2,3.0
ORD105627,CUS7914,,South Denisefort,Electronics,4085.22,1,Net Banking,2024-08-27,5,2.5
ORD105628,CUS7730,James Nguyen,South Nicolefurt,Beauty,2524.57,1,Debit Card,2025-08-09,7,1.9
ORD105629,CUS6923,Elizabeth Mcintosh,Port Ricardoberg,Clothing,616.42,4,Cash on Delivery,2025-05-23,1,1.7
ORD105630,CUS3133,Melissa Gill,Ellenberg,Beauty,4326.77,5,Credit Card,2024-12-17,3,1.8
ORD105631,CUS6540,Molly Clark,Youngport,Beauty,273.21,2,Debit Card,2025-06-06,3,1.8
ORD105632,CUS7090,Sabrina Mason DDS,East Angelamouth,Books,685.9,2,Debit Card,2026-01-11,6,2.3
ORD105633,CUS6198,Jessica Johnson,South Linda,Home,4111.91,3,Net Banking,2024-08-08,3,3.4
ORD105634,CUS6599,Rebecca Chen,Garrettport,Beauty,2081.84,3,Net Banking,2024-12-06,7,1.9
ORD105635,CUS5590,Stephen Cooper,Cummingsville,Books,3603.68,3,UPI,2025-04-14,5,3.0
ORD105636,CUS6292,Debra Harvey,New Paige,Sports,1796.66,4,Debit Card,2025-07-10,6,4.3
ORD105637,CUS5138,Kendra Murray,Rebeccachester,Clothing,1732.27,5,Debit Card,2025-07-01,7,3.9
ORD105638,CUS9885,William Lewis,North Wayne,electronics,2582.46,1,Cash on Delivery,2025-05-10,2,3.2
ORD105639,CUS8430,Tracy Smith,West Leslie,Home,2563.79,2,Debit Card,2025-05-26,1,1.9
ORD105640,CUS1865,Robert Williams,Ortizland,Home,626.5,4,Debit Card,2024-10-17,5,2.5
ORD105641,CUS3004,Lauren Stewart,East Sierra,Beauty,852.28,3,UPI,2025-09-16,2,1.4
ORD105642,CUS8051,Lisa Underwood,East Jasmine,Clothing,3932.96,1,Credit Card,2024-11-11,4,
ORD105643,CUS2762,Yesenia Hatfield,New Robertborough,Home,1309.99,2,Credit Card,2024-04-25,7,4.3
ORD105644,CUS1287,Patrick Carroll,Kathleenview,Electronics,728.6,5,UPI,2024-10-23,1,5.0
ORD105645,CUS7128,Corey Campbell,Jacobville,Clothing,4837.12,5,Debit Card,2025-04-20,4,4.4
ORD105646,CUS8274,Justin Bradshaw,North Christopherland,Beauty,713.99,4,Net Banking,2025-11-16,1,4.6
ORD105647,CUS2433,Wanda Wood,Turnerton,Beauty,472.41,3,Cash on Delivery,2025-08-04,2,3.7
ORD105648,CUS6795,Gabriel Cline,Smithborough,Books,891.5,5,Credit Card,2025-12-16,5,2.5
ORD105649,CUS4993,Kimberly Bass,Kelliside,Electronics,4632.1,1,Net Banking,2025-05-11,5,1.2
ORD105650,CUS4177,Brian Ruiz,East Amandaport,Home,3033.92,2,Net Banking,2024-08-27,5,3.5
ORD105651,CUS8603,Allen Smith,Hensonview,Beauty,3911.03,5,Cash on Delivery,2024-07-22,3,5.0
ORD105652,CUS8461,Spencer Hampton,East Michael,Electronics,4051.95,3,UPI,2026-02-04,5,4.7
ORD105653,CUS5160,Brandon Snyder,Clarkville,Electronics,3896.99,2,Cash on Delivery,2025-09-25,1,3.4
ORD105654,CUS4031,Adriana Romero,Williamsville,Books,295.46,5,Cash on Delivery,2026-01-26,1,2.6
ORD105655,CUS8041,Bonnie Stanton,Lake Brenda,Books,2356.13,3,Credit Card,2024-08-26,5,3.6
ORD105656,CUS3247,,Port Molly,Beauty,1562.93,4,Cash on Delivery,2025-09-21,4,3.4
ORD105657,CUS6413,Jeffrey Dixon,West James,Clothing,4860.02,3,Cash on Delivery,2024-08-10,1,4.1
ORD105658,CUS6821,Melissa Hickman,Austinburgh,Home,3768.87,2,Debit Card,2024-09-22,5,3.5
ORD105659,CUS6489,Eric Pittman,Lake Jill,Beauty,1432.55,2,Net Banking,2026-02-05,6,2.4
ORD105660,CUS2026,Alexandra Jones,Thomasmouth,Beauty,369.78,1,Cash on Delivery,2024-11-12,1,2.9
ORD105661,CUS4527,Jeffrey Turner,West Nathanielport,Sports,1579.94,1,Credit Card,2025-02-08,4,1.8
ORD105662,CUS5944,Amber Rasmussen,Villegasland,Electronics,108.25,5,Cash on Delivery,2024-11-11,7,3.4
ORD105663,CUS4563,Sharon Thomas,Krauseborough,Electronics,541.1,2,Debit Card,2024-08-06,3,3.6
ORD105664,CUS6331,Christina Campbell,East Ericaport,Sports,4773.88,2,Cash on Delivery,2025-06-22,4,1.3
ORD105665,CUS9958,Austin Robinson,Branditown,Sports,725.44,2,UPI,2025-11-11,6,3.8
ORD105666,CUS6866,Monica Holmes,Lake Jeremiahburgh,Home,1577.04,3,Debit Card,2025-02-05,6,2.7
ORD105667,CUS4960,Cassandra Mitchell,North Brandon,Clothing,167.35,3,UPI,2025-10-04,7,3.2
ORD105668,CUS4818,Pamela Mcpherson,Maynardview,Electronics,4474.05,1,Credit Card,2025-03-25,5,3.5
ORD105669,CUS8045,Brian Smith,Bobbyside,electronics,4577.97,5,UPI,2025-06-26,2,3.3
ORD105670,CUS9290,Michael Davenport,Vegaborough,Home,4780.71,2,UPI,2024-07-20,4,3.7
ORD105671,CUS3875,Laura Davis,West Christineside,Books,2077.98,1,Debit Card,2025-12-13,4,5.0
ORD105672,CUS7072,Andrew Mcmillan,Dominguezbury,Sports,4813.45,5,Credit Card,2024-03-14,3,1.2
ORD105673,CUS4407,Dawn Hahn,South Kevin,Beauty,3157.19,1,Credit Card,2025-01-02,3,3.6
ORD105674,CUS9084,Christy Mcdaniel,East Stephanie,Sports,2311.22,5,Net Banking,2025-11-14,4,1.7
ORD105675,CUS2915,,Sethview,Books,1280.77,1,Credit Card,2025-07-06,2,2.4
ORD105676,CUS3510,Sharon Torres,South Mikeport,Electronics,2041.89,4,UPI,2025-12-18,5,3.9
ORD105677,CUS8974,Jacob Evans,Nguyenburgh,Books,1160.14,2,Credit Card,2024-04-03,6,2.9
ORD105678,CUS4877,Ashley Moreno,Port Joshua,Home,2120.27,1,Cash on Delivery,2025-08-07,2,4.0
ORD105679,CUS1347,Victoria Barr,South Michael,Electronics,4540.74,5,Cash on Delivery,2025-10-24,2,1.1
ORD105680,CUS8215,Alicia Simpson,Lake Hollyland,Electronics,3739.24,1,Cash on Delivery,2024-05-16,5,1.0
ORD105681,CUS1332,Jeanette Parker,Lake Nicholaschester,Sports,139.26,4,Cash on Delivery,2025-11-20,1,3.5
ORD105682,CUS5402,Warren Day,West Yolandafort,Beauty,1333.52,3,Net Banking,2025-09-17,4,1.8
ORD105683,CUS7480,Mary Rios,Katiefort,Books,1787.11,5,Net Banking,2026-02-26,6,1.4
ORD105684,CUS5558,Megan Rhodes,New Alisonview,Home,4901.28,3,Cash on Delivery,2024-10-15,5,1.5
ORD105685,CUS7289,Jennifer Rodgers,Richardmouth,Home,2960.45,5,Cash on Delivery,2026-02-26,6,3.1
ORD105686,CUS1783,Suzanne Walters,Longfurt,Home,1302.62,5,Credit Card,2024-09-28,2,2.8
ORD105687,CUS3420,,Smithmouth,Electronics,2577.04,4,UPI,2024-11-04,1,2.5
ORD105688,CUS8114,Laura Kerr,North Edwardchester,Clothing,1845.08,5,Debit Card,2024-09-23,3,4.5
ORD105689,CUS9855,Richard Pitts,Matthewstad,Clothing,1376.11,1,Net Banking,2025-05-22,5,2.2
ORD105690,CUS1611,John Lucas,South Ashleyhaven,Home,4461.46,2,Debit Card,2024-09-21,1,1.7
ORD105691,CUS3200,Megan Wells,Castrofurt,Electronics,3374.12,2,UPI,2024-07-14,2,4.8
ORD105692,CUS7512,Natalie Nguyen,Matthewshire,Clothing,1543.03,5,Credit Card,2024-06-09,7,3.2
ORD105693,CUS4205,Christina Whitaker,Lake Saraside,Beauty,2585.43,5,Net Banking,2024-11-20,5,4.8
ORD105694,CUS6504,Martin Phillips,Port Jonathonhaven,Electronics,305.69,1,Debit Card,2024-06-03,4,
ORD105695,CUS4708,Amanda Baker,Yvonnebury,Home,2678.24,5,Cash on Delivery,2024-07-22,2,4.2
ORD105696,CUS1293,Richard Marshall,New Christinaton,Clothing,2246.33,4,UPI,2026-01-23,2,2.0
ORD105697,CUS9982,Tina Navarro,Mitchelltown,Electronics,4554.32,5,Credit Card,2024-06-04,5,4.7
ORD105698,CUS4595,Jessica Cervantes,East David,Sports,489.75,4,UPI,2025-05-14,5,4.0
ORD105699,CUS6819,Max Mason,West Jonathan,Electronics,4386.05,1,UPI,2024-07-22,4,4.3
ORD105700,CUS2292,,Port Kimberlychester,Home,3151.57,2,Cash on Delivery,2026-01-22,7,4.4
ORD105701,CUS5240,Kyle Jordan,New Cynthiatown,Electronics,4260.8,3,Debit Card,2025-11-08,3,3.4
ORD105702,CUS7757,Gloria Chavez,South Cameron,Beauty,2518.5,5,UPI,2025-02-13,6,3.3
ORD105703,CUS1283,David Oneal,Westshire,Books,4167.58,2,UPI,2025-05-26,7,2.5
ORD105704,CUS1680,Michael Barker,Vasquezstad,Electronics,3553.28,1,Credit Card,2025-05-27,5,2.8
ORD105705,CUS5656,Gail Ponce,Port Jamesstad,Books,3072.63,2,Debit Card,2024-03-14,1,2.7
ORD105706,CUS9913,Jill Phillips,Stuartbury,electronics,818.97,2,Net Banking,2025-12-09,2,2.2
ORD105707,CUS1374,Mr. Robert Smith,Gomezside,Clothing,2758.29,5,Cash on Delivery,2024-08-25,6,1.5
ORD105708,CUS4212,Brett Freeman,Anthonyport,Home,4932.32,1,Cash on Delivery,2024-11-26,2,4.4
ORD105709,CUS1033,Christina Hernandez,New Glenn,Sports,3818.83,5,UPI,2024-08-11,3,1.7
ORD105710,CUS7270,Darren Coleman,West Marc,Sports,1466.31,1,Cash on Delivery,2025-02-11,1,4.4
ORD105711,CUS7206,Nathan Summers,Frankburgh,Home,2287.32,5,Debit Card,2025-10-18,6,2.3
ORD105712,CUS3274,Ann Soto,Angeltown,Sports,1960.81,1,UPI,2025-04-19,4,2.1
ORD105713,CUS7685,Justin Miller,South Pamela,Clothing,4939.72,5,UPI,2025-12-10,7,2.3
ORD105714,CUS2900,Nicholas Jennings,Port Nicholasborough,Books,3327.49,1,UPI,2025-06-19,4,2.5
ORD105715,CUS3865,Robert Johnson,Taylorside,Beauty,1029.58,1,Cash on Delivery,2024-07-12,5,1.8
ORD105716,CUS5878,Spencer Jefferson,Richardfort,Home,818.41,1,Credit Card,2025-07-28,6,3.2
ORD105717,CUS2449,Stephanie Odom,Watkinsstad,Books,3580.0,1,UPI,2024-05-18,1,2.6
ORD105718,CUS4950,Stephanie Nguyen,Bishopland,Clothing,4497.62,2,UPI,2024-05-18,7,3.4
ORD105719,CUS1517,Scott Brewer,East Austinburgh,Clothing,3268.66,1,Cash on Delivery,2025-04-14,5,4.3
ORD105720,CUS8644,Nathan Coffey,West Linda,Books,184.93,2,Cash on Delivery,2025-10-07,7,2.7
ORD105721,CUS1232,,Lake Jamesmouth,Home,725.81,2,Debit Card,2024-11-16,1,1.1
ORD105722,CUS4174,Michael Perez,Robertmouth,Books,2355.6,3,Net Banking,2026-01-19,3,2.5
ORD105723,CUS6666,Joy Ritter,New Brandonton,Electronics,4214.02,2,Net Banking,2024-06-03,5,1.8
ORD105724,CUS5942,,Robertton,Sports,4576.88,3,Credit Card,2025-06-20,4,1.8
ORD105725,CUS8208,Kenneth Morse,West Scottburgh,Home,2111.7,4,Credit Card,2025-08-31,1,1.7
ORD105726,CUS8528,Christopher Nunez,Martinshire,Sports,3550.49,2,Debit Card,2024-08-04,4,1.6
ORD105727,CUS9854,Beverly Horton,North Timothy,Clothing,2904.93,1,Net Banking,2025-02-19,4,2.1
ORD105728,CUS5427,Brandon Johnson,Port Andrewmouth,Sports,4816.7,1,Cash on Delivery,2025-04-07,2,3.6
ORD105729,CUS5285,Mrs. Danielle Kaiser,Salazarchester,Electronics,1162.32,3,Credit Card,2024-05-27,1,4.1
ORD105730,CUS7177,Kristen Hughes,East Julie,Books,1306.98,4,Cash on Delivery,2024-05-17,4,1.3
ORD105731,CUS6240,Mary Johnson,Taylorborough,Books,4998.7,5,Debit Card,2024-10-21,1,1.9
ORD105732,CUS7700,Lisa Murray,Taylorfort,Sports,3357.14,1,Cash on Delivery,2024-03-18,1,1.4
ORD105733,CUS4143,Gary Acevedo,Bowersmouth,Clothing,4336.27,2,Credit Card,2025-10-02,3,3.6
ORD105734,CUS5268,Michael Bridges,New Ashleybury,Electronics,4369.75,3,Net Banking,2025-04-19,3,1.1
ORD105735,CUS7877,Michael Carson,Walkerville,Sports,4468.67,5,UPI,2025-08-25,7,3.7
ORD105736,CUS9680,Lisa Lewis,West Melissa,Electronics,562.53,2,Debit Card,2025-12-11,4,1.9
ORD105737,CUS9447,,Davisside,Beauty,1367.25,3,Credit Card,2024-05-12,7,4.7
ORD105738,CUS4067,Brian Brady,Hahnland,Clothing,1640.72,1,UPI,2026-01-08,6,1.1
ORD105739,CUS4621,Andrea Johnson,Port Ericport,Home,1626.94,4,UPI,2026-01-07,7,4.8
ORD105740,CUS2408,Keith Sawyer,Martintown,Sports,4940.5,3,Debit Card,2024-11-16,3,3.8
ORD105741,CUS2521,Rodney Osborne,Lake Jasonhaven,Home,692.66,2,Debit Card,2025-10-21,6,4.4
ORD105742,CUS4874,Kimberly Clay,Lake Elizabethmouth,Books,3186.4,2,UPI,2024-07-24,5,3.5
ORD105743,CUS3156,Steven King,Huntershire,Books,2167.7,5,UPI,2024-08-07,2,4.1
ORD105744,CUS7052,Michael Bell,Townsendport,Clothing,807.04,5,Net Banking,2025-09-28,3,4.0
ORD105745,CUS4554,Brian Henson DDS,Mitchellchester,Electronics,2798.48,2,Cash on Delivery,2025-05-23,6,1.7
ORD105746,CUS2329,Cody Powell,Port Deborah,Clothing,1436.83,3,Credit Card,2024-11-08,4,4.9
ORD105747,CUS9460,Katherine Moore,South Melinda,Books,1494.53,3,Net Banking,2026-02-28,3,4.1
ORD105748,CUS1923,Richard Mclean,Emilyborough,Clothing,2025.19,2,Net Banking,2026-03-04,2,2.3
ORD105749,CUS7075,Megan Leonard,Port Brandonchester,Electronics,1529.94,4,Debit Card,2025-05-16,2,4.9
ORD105750,CUS4844,,South Michael,Beauty,4329.77,5,Credit Card,2024-12-01,1,1.0
ORD105751,CUS2154,Travis Atkins,West Meganfort,Beauty,3281.77,4,Net Banking,2025-02-18,5,2.9
ORD105752,CUS1445,Jon Martin,East Robert,Sports,1012.63,4,Credit Card,2025-11-28,7,4.6
ORD105753,CUS9688,Brett Barnes,Adamchester,Home,138.54,1,Cash on Delivery,2025-05-01,3,1.1
ORD105754,CUS5350,Francisco Moss,Brittanybury,Electronics,2351.21,5,UPI,2024-08-10,4,4.5
ORD105755,CUS6317,Curtis Gordon,South Karen,Beauty,2311.78,4,Debit Card,2025-11-10,4,2.4
ORD105756,CUS5363,Mr. Bradley Glass,Michaelton,Beauty,1826.21,4,Net Banking,2026-01-24,4,
ORD105757,CUS5603,Jeff Gross,Lake Jonathanfort,Clothing,1748.3,3,Debit Card,2025-08-13,2,1.6
ORD105758,CUS4801,Steven Brown,Josephfort,Beauty,2637.16,5,UPI,2024-07-14,3,1.5
ORD105759,CUS3919,Melissa Williams,Wintersland,Electronics,3730.87,3,UPI,2024-10-07,5,2.9
ORD105760,CUS6050,Ryan Whitehead,Harmonport,Clothing,3095.43,3,UPI,2025-10-19,6,2.1
ORD105761,CUS3174,Katherine Kerr,Bradymouth,Home,1605.77,3,UPI,2024-08-15,1,2.5
ORD105762,CUS3279,Emily Franklin,Jasonton,Clothing,4751.5,5,UPI,2025-01-12,2,
ORD105763,CUS1991,,Port Jessicaland,Beauty,195.85,5,Net Banking,2024-11-25,1,4.3
ORD105764,CUS2700,Cody Wilson,Danielberg,Beauty,1935.46,1,Debit Card,2025-03-17,2,
ORD105765,CUS4145,Kelly Owens,South Denisemouth,Electronics,3342.36,3,Net Banking,2025-09-09,4,4.8
ORD105766,CUS6450,Sierra Hill,Lake Christian,Clothing,184.75,4,UPI,2025-11-25,7,2.6
ORD105767,CUS3827,Brian Macdonald,Mcgrathmouth,Electronics,2819.37,1,Credit Card,2025-11-04,4,3.4
ORD105768,CUS7358,Jeremiah Barnes,Murilloton,Home,4751.96,1,Credit Card,2024-07-20,1,1.5
ORD105769,CUS9108,Douglas Tucker,Raymondfurt,Home,2839.16,5,Net Banking,2025-04-09,4,4.9
ORD105770,CUS8165,Julian Huynh,Lake Andrewton,Books,4838.87,4,UPI,2024-06-08,7,4.7
ORD105771,CUS4368,Jason Reeves,North Melissafort,Electronics,687.82,5,Net Banking,2025-07-05,1,2.2
ORD105772,CUS4442,Alyssa Perry,Victoriaburgh,Home,4167.71,2,UPI,2024-09-05,2,3.7
ORD105773,CUS2890,Haley Brown,Leebury,Sports,2828.73,1,UPI,2024-12-27,6,1.6
ORD105774,CUS1132,Edward Hayden,Lake Jacobshire,Clothing,3578.58,4,UPI,2025-06-17,1,3.6
ORD105775,CUS2706,Michael Young,Port Rebecca,Beauty,4892.02,5,Cash on Delivery,2026-01-01,1,1.6
ORD105776,CUS8854,Tasha Hobbs,Marshallview,Clothing,2024.99,4,Net Banking,2025-09-29,4,3.8
ORD105777,CUS1048,Todd Fitzpatrick,North Gerald,Beauty,627.56,3,Debit Card,2026-02-22,1,1.2
ORD105778,CUS8967,Mrs. Robin Sweeney,Joshuamouth,Home,2056.19,4,Credit Card,2026-01-14,4,1.1
ORD105779,CUS2525,Jessica Nash,Johnsonhaven,Home,4642.74,1,Debit Card,2025-10-19,6,4.1
ORD105780,CUS6534,Kathy Pratt,Troymouth,Books,128.52,2,Net Banking,2024-12-30,6,1.2
ORD105781,CUS3744,Stacy Mejia,Stevensonfort,Books,1229.55,4,Net Banking,2024-07-21,5,1.0
ORD105782,CUS7960,James Ortega,Laurabury,Electronics,3833.23,5,Cash on Delivery,2025-01-14,7,4.0
ORD105783,CUS1071,Ashley Navarro,Harrisberg,Home,3457.23,5,Net Banking,2025-06-26,3,3.2
ORD105784,CUS6141,Wanda Miller,Jeffreyburgh,Books,2024.14,2,Cash on Delivery,2024-06-22,7,1.5
ORD105785,CUS6141,Gary Phillips,Natashaberg,Home,4269.63,3,Net Banking,2025-06-22,7,4.8
ORD105786,CUS6267,Joseph Flynn,Stuartville,Books,391.14,1,Net Banking,2025-02-22,6,3.5
ORD105787,CUS1105,Tim Ho,Nicholasview,Home,1755.89,5,Credit Card,2025-06-11,7,1.4
ORD105788,CUS9769,Sean Valentine,West Haroldtown,Clothing,4672.8,2,Debit Card,2024-12-28,3,3.9
ORD105789,CUS5686,,Jonesshire,Home,3254.4,3,Net Banking,2025-04-19,5,1.1
ORD105790,CUS2886,Derrick Foster,Fisherberg,Electronics,4725.77,2,Net Banking,2025-10-13,3,
ORD105791,CUS7495,Paige Tran,Lake Tiffanyfurt,Electronics,1911.19,3,Cash on Delivery,2025-06-05,4,1.8
ORD105792,CUS9459,Veronica Snyder,East Maryshire,Sports,2719.0,1,UPI,2024-11-27,5,1.8
ORD105793,CUS1520,Ebony Porter,Lake Sandraton,Sports,2951.85,4,Debit Card,2025-12-24,2,3.8
ORD105794,CUS2237,,North Ashley,Books,3686.72,5,Debit Card,2024-04-08,5,4.1
ORD105795,CUS7330,Brian Lee,Erinmouth,Electronics,1856.68,1,Net Banking,2025-02-13,7,1.0
ORD105796,CUS5480,Kim Parks MD,Youngborough,Home,1825.45,2,Cash on Delivery,2024-12-30,5,
ORD105797,CUS9500,Jenna Bates,Williamsport,Clothing,1400.1,2,UPI,2024-04-28,3,3.0
ORD105798,CUS4589,Meagan Cochran,Hollymouth,Electronics,4813.98,3,UPI,2025-06-08,1,3.0
ORD105799,CUS6497,Tara Austin,Lake Deanbury,Electronics,3137.79,2,Net Banking,2025-03-22,6,4.0
ORD105800,CUS2370,Raymond Kelly,East Wendyville,Beauty,3856.26,4,Credit Card,2025-09-08,1,3.7
ORD105801,CUS5768,Emma Johnson,Barnetttown,Clothing,1267.33,2,UPI,2024-10-14,3,1.9
ORD105802,CUS9608,Michael Rodriguez,North Nathanstad,Beauty,4811.15,3,UPI,2025-05-31,7,2.8
ORD105803,CUS9728,Tommy Johnson Jr.,Sandovaltown,Electronics,280.59,5,Debit Card,2024-04-29,4,3.5
ORD105804,CUS2873,Catherine Hayes,Matthewland,Sports,2442.52,3,Debit Card,2025-09-27,1,2.2
ORD105805,CUS9877,Lauren Rodriguez,Shawnport,Home,3751.85,1,UPI,2025-11-16,1,1.3
ORD105806,CUS8159,Jeffrey Fisher,South Sherryport,Clothing,2743.94,3,Credit Card,2025-04-25,4,1.4
ORD105807,CUS7710,Lauren Williams,West Shirleyburgh,Home,2278.87,4,Debit Card,2024-11-13,3,3.5
ORD105808,CUS4604,Michael Holt,Williamchester,Books,746.88,2,Debit Card,2024-09-07,5,1.9
ORD105809,CUS7469,Tracey Rivera,Port Josephburgh,Books,3836.53,1,UPI,2024-06-01,7,4.8
ORD105810,CUS6120,Johnny Parker,Mariaborough,Home,1308.55,3,Debit Card,2025-04-19,2,3.2
ORD105811,CUS7016,Patricia Reed,Morrisonville,Clothing,1387.31,4,Credit Card,2025-10-01,3,1.4
ORD105812,CUS1383,Jessica Gonzalez,Lake Dale,Electronics,4018.88,2,Credit Card,2026-02-07,2,4.4
ORD105813,CUS3170,,Kelleybury,electronics,2642.35,1,UPI,2024-12-31,3,3.7
ORD105814,CUS6933,Catherine Salazar,Ortizberg,Home,3244.57,5,Cash on Delivery,2025-08-28,6,1.9
ORD105815,CUS5760,Todd Clark,Johnstonhaven,Clothing,2731.73,3,UPI,2025-05-20,2,4.7
ORD105816,CUS8140,Elizabeth Nguyen,South Cynthiaton,Home,2969.5,2,Net Banking,2024-05-27,2,1.8
ORD105817,CUS5361,Nicole Duffy,South Antonio,Books,1373.06,2,Net Banking,2024-04-25,2,3.3
ORD105818,CUS1290,,Austinport,electronics,4177.46,2,Cash on Delivery,2024-11-15,1,3.1
ORD105819,CUS5333,Michael Williams,North Jaredfort,Clothing,3128.01,2,Cash on Delivery,2025-03-14,6,1.4
ORD105820,CUS5388,Rachael Johnson,Port Annaburgh,Electronics,1493.36,4,Cash on Delivery,2024-06-08,4,1.5
ORD105821,CUS1941,Bobby Murphy,Padillamouth,Books,1136.73,4,Debit Card,2024-08-12,6,4.1
ORD105822,CUS1588,Michelle Greene,Johnchester,Home,424.14,1,Credit Card,2025-04-19,5,1.6
ORD105823,CUS1073,Hannah Washington,Port Donnaberg,Beauty,3851.27,5,Net Banking,2024-06-02,4,2.6
ORD105824,CUS7606,Bobby Vincent,North Douglasside,Home,2792.0,2,Net Banking,2024-03-26,3,4.1
ORD105825,CUS9328,Gabriel Ferguson,East Erikshire,Clothing,2737.69,2,UPI,2024-05-30,2,3.1
ORD105826,CUS3166,,Port David,Electronics,1125.47,1,Net Banking,2025-05-23,3,4.7
ORD105827,CUS6620,Carlos Esparza,Lake Julian,Books,2808.63,1,UPI,2026-02-07,1,3.6
ORD105828,CUS7145,Manuel Williams,East Michael,Sports,3876.75,1,Net Banking,2025-06-08,2,3.4
ORD105829,CUS4281,Ian Terry,Davidmouth,Clothing,4992.14,1,UPI,2024-07-09,5,2.3
ORD105830,CUS5854,Christine Fisher,West Dominic,Clothing,348.24,5,Debit Card,2025-08-01,6,2.3
ORD105831,CUS5247,Joseph Brooks,Stewartfurt,Clothing,1213.96,1,Cash on Delivery,2025-10-15,4,3.3
ORD105832,CUS6849,Chad Hancock,Aguilarborough,Books,3628.34,4,Debit Card,2024-09-07,3,2.4
ORD105833,CUS9583,Christopher Bell,North Donna,Home,2221.71,5,UPI,2025-03-19,5,3.3
ORD105834,CUS1759,Brittney Russell,New Kristachester,Electronics,4992.06,4,Cash on Delivery,2024-04-08,1,4.2
ORD105835,CUS3036,Christopher Hanna,South Shawn,Beauty,2746.5,2,UPI,2024-06-18,3,1.2
ORD105836,CUS3101,Amber Gonzalez,Barnesfort,Beauty,2554.46,1,UPI,2025-05-22,7,3.2
ORD105837,CUS1265,Jeffrey Meyer,South Adamhaven,Books,557.68,1,Cash on Delivery,2026-02-26,4,4.6
ORD105838,CUS6121,Maria Miller,Austinville,Home,4726.58,3,Net Banking,2025-09-19,1,4.1
ORD105839,CUS3203,Jennifer Lynch,East Jacquelineview,Sports,4143.52,4,Net Banking,2025-09-07,2,1.1
ORD105840,CUS8369,Joseph Watson,Timothyburgh,Home,4742.6,2,UPI,2024-11-23,6,4.4
ORD105841,CUS1142,Brittany Allen,Port David,Beauty,2861.22,1,Net Banking,2026-01-02,7,1.5
ORD105842,CUS3388,Mr. Nicholas Le,Finleyview,Sports,3723.65,3,Net Banking,2026-02-04,3,1.9
ORD105843,CUS8595,Michael Morgan,Vincentmouth,Home,2995.4,3,Net Banking,2025-04-28,2,2.3
ORD105844,CUS3915,Robert Rangel,Hudsonchester,Clothing,2326.41,1,Credit Card,2024-03-21,5,2.6
ORD105845,CUS3582,James Murray,Hugheshaven,Sports,4859.94,1,Credit Card,2024-07-29,6,1.8
ORD105846,CUS5281,Sara Frazier,Thomasburgh,electronics,3423.22,1,Credit Card,2025-05-25,3,1.8
ORD105847,CUS9058,Lindsay Bennett,New Teresamouth,Books,3562.96,2,Net Banking,2026-02-27,7,3.5
ORD105848,CUS8253,Michael Walker,Duncanberg,Clothing,3819.13,3,Debit Card,2024-04-19,3,2.4
ORD105849,CUS6161,Kristen Bryant,Wuborough,Clothing,598.11,4,Cash on Delivery,2025-03-02,3,1.4
ORD105850,CUS9381,,Conradville,Clothing,4155.11,4,UPI,2024-08-09,5,1.9
ORD105851,CUS8700,Brianna Thompson,Jessicahaven,Clothing,4100.63,2,Cash on Delivery,2024-09-16,5,1.1
ORD105852,CUS3721,Gary Thompson,Nathanmouth,Electronics,2985.95,5,Debit Card,2024-09-13,1,4.1
ORD105853,CUS9189,Suzanne Shepherd,Colemantown,Electronics,2939.41,4,Net Banking,2025-10-27,2,1.2
ORD105854,CUS5764,Ronald Shaw Jr.,Port Heidiland,Beauty,504.6,1,Cash on Delivery,2025-10-11,4,3.9
ORD105855,CUS2513,Steven Lynch,Joshuaborough,Home,3490.97,5,Net Banking,2024-10-08,6,1.0
ORD105856,CUS3470,Carrie Mitchell,New Robert,Home,1290.19,2,Cash on Delivery,2025-11-01,2,2.8
ORD105857,CUS5410,Dr. Sheila Friedman,South Emilyfurt,Books,4952.4,5,UPI,2024-07-31,7,4.6
ORD105858,CUS9143,Brittany King,Evanshaven,Home,3668.89,4,Debit Card,2026-02-05,1,3.2
ORD105859,CUS9730,Bradley Gregory,Port Lisaborough,Sports,4226.34,5,Net Banking,2025-04-22,1,4.6
ORD105860,CUS1790,Thomas Marshall,North Amandaton,Home,1103.09,5,UPI,2024-03-16,7,2.4
ORD105861,CUS7862,Sarah Foster,New Alexander,Clothing,831.15,4,Credit Card,2025-07-02,2,4.2
ORD105862,CUS8551,Brett Dixon,Burkeshire,Beauty,904.69,1,Debit Card,2024-08-01,6,2.6
ORD105863,CUS8142,Anna Ortiz,Littleton,Electronics,860.36,2,Net Banking,2025-10-24,3,3.3
ORD105864,CUS6883,Patricia Elliott,Haileychester,electronics,1807.01,1,Net Banking,2025-12-22,1,
ORD105865,CUS1511,Dwayne Andrade,South Masontown,Sports,620.14,3,Cash on Delivery,2024-12-09,3,3.5
ORD105866,CUS2612,Kerri Carlson,Port Yolanda,Electronics,4483.12,1,Net Banking,2024-12-02,3,2.1
ORD105867,CUS6134,Miss Ellen Maldonado,Peterfurt,Beauty,167.89,5,Credit Card,2024-06-11,1,4.2
ORD105868,CUS2117,,Michaelstad,Electronics,3122.23,4,Credit Card,2025-12-28,6,3.6
ORD105869,CUS3526,Kim Morales,Lake Susan,Beauty,1999.46,1,UPI,2026-02-26,5,2.9
ORD105870,CUS3436,Michelle Villegas,Matthewburgh,Home,3189.73,5,Credit Card,2024-05-18,4,4.6
ORD105871,CUS6567,David Mckee,South Johnhaven,Beauty,2809.68,2,Debit Card,2024-09-06,2,2.8
ORD105872,CUS6437,Zachary Johnson,Port Jill,Electronics,2637.37,4,Net Banking,2025-09-22,4,2.4
ORD105873,CUS6122,Ms. Abigail Johnson,Juanshire,Sports,1660.27,1,Debit Card,2024-05-18,2,1.8
ORD105874,CUS6332,Christopher Moore,Mooreport,Books,4830.15,5,UPI,2025-01-18,5,1.2
ORD105875,CUS5729,Michael Miller,Lake Seanchester,Books,4653.63,3,Debit Card,2026-01-27,1,4.2
ORD105876,CUS3248,Patricia Floyd,Martinezville,Clothing,749.84,3,Cash on Delivery,2025-04-01,6,2.9
ORD105877,CUS2854,Ashley Rivera,Lancehaven,Beauty,379.42,2,UPI,2025-06-17,1,2.2
ORD105878,CUS4751,Andrea Scott,Wallchester,Clothing,4456.37,5,UPI,2026-02-12,5,4.4
ORD105879,CUS2361,Brittney Lee,New David,Electronics,856.17,3,Cash on Delivery,2024-09-01,5,2.6
ORD105880,CUS1434,Kristina Jones,Lake Rachel,Electronics,3572.18,5,Cash on Delivery,2025-02-16,7,3.2
ORD105881,CUS3799,Mark Barnes,West Cory,Electronics,3698.0,4,Debit Card,2024-12-18,3,
ORD105882,CUS6603,Carol Lopez,Jonathanfurt,Clothing,2124.75,5,Cash on Delivery,2025-08-30,3,2.4
ORD105883,CUS9774,Bryan Roberts,West John,Home,4672.59,3,Net Banking,2024-08-25,2,2.4
ORD105884,CUS5952,Valerie Cook,Victoriastad,Home,826.89,2,UPI,2025-03-27,1,4.0
ORD105885,CUS8925,Phillip Hansen,Robertmouth,Clothing,4928.16,5,Debit Card,2026-02-08,3,3.4
ORD105886,CUS1007,Brian Ibarra,Alvarezport,Home,4867.83,2,Net Banking,2024-08-29,5,1.6
ORD105887,CUS4481,Matthew Cook,Jacquelinefurt,Books,237.0,3,Debit Card,2024-03-25,7,2.8
ORD105888,CUS2696,Gregory Jones,North Kevinmouth,Sports,954.18,5,Credit Card,2024-08-26,3,3.9
ORD105889,CUS5834,Michael Hays,Chelseachester,Beauty,2080.07,5,Net Banking,2024-05-23,7,2.8
ORD105890,CUS4671,Manuel Nixon,Whiteberg,Electronics,4343.39,5,Debit Card,2025-10-02,2,3.0
ORD105891,CUS9338,Lee Jones,Gutierrezmouth,Sports,3107.8,4,UPI,2025-02-27,1,2.2
ORD105892,CUS3910,,Port Teresa,Home,3094.39,4,Cash on Delivery,2025-02-25,2,2.2
ORD105893,CUS9114,Erin Bradford,Petershire,Electronics,3422.75,5,Cash on Delivery,2024-12-20,6,4.6
ORD105894,CUS4801,Mary Williamson,North Richardbury,Electronics,3603.94,1,Debit Card,2025-06-30,6,
ORD105895,CUS1077,John Collins,Allisonshire,Beauty,3047.73,4,Net Banking,2024-04-28,1,2.1
ORD105896,CUS9588,Monique Walker,Hernandezland,Home,4427.9,4,Net Banking,2025-04-07,5,2.6
ORD105897,CUS9582,Justin Wright,South Williestad,Home,2760.35,1,UPI,2025-04-29,4,2.7
ORD105898,CUS6193,Robert Morgan,Williamhaven,Books,890.2,2,Cash on Delivery,2024-04-29,1,3.4
ORD105899,CUS4616,James Hernandez,Beckland,Sports,3339.29,3,UPI,2025-07-14,6,1.3
ORD105900,CUS3657,Chad Cummings,Lake Daryl,Beauty,2748.55,5,Net Banking,2026-02-01,6,3.8
ORD105901,CUS2377,Leslie Hamilton,Ashleyside,Electronics,166.39,2,Debit Card,2025-03-14,1,4.2
ORD105902,CUS8016,Albert Short,Port Stephanieville,Beauty,2968.88,2,Credit Card,2024-07-16,1,3.2
ORD105903,CUS5182,Antonio Page,Amyburgh,Electronics,1283.39,3,Debit Card,2024-05-04,2,4.8
ORD105904,CUS5688,Steven Whitaker,Anthonyshire,Sports,2624.52,2,Net Banking,2025-10-03,2,1.8
ORD105905,CUS5408,Cheyenne Smith,Port Charleshaven,Electronics,481.02,2,Net Banking,2025-05-20,4,4.1
ORD105906,CUS3100,Courtney Edwards,West Nicoleshire,Books,242.67,1,Debit Card,2024-07-05,7,1.0
ORD105907,CUS2675,John Cooper,Randallburgh,Clothing,4150.96,1,Cash on Delivery,2024-09-24,6,4.5
ORD105908,CUS4010,Kathleen Hernandez,East Katherinechester,Electronics,3761.74,4,Debit Card,2025-09-27,7,4.6
ORD105909,CUS1515,Brandon Houston,Gibsonville,Home,3837.59,5,UPI,2024-11-30,1,1.6
ORD105910,CUS9626,Jasmine Mayer,Lynchhaven,Books,3387.28,2,Credit Card,2025-06-02,2,1.0
ORD105911,CUS9083,Laura Anderson,Palmermouth,Books,583.13,1,UPI,2025-10-01,2,2.2
ORD105912,CUS3219,Ronald Zavala,Wuburgh,Electronics,4933.88,3,Net Banking,2025-01-14,2,2.7
ORD105913,CUS9770,Laura Figueroa,North Gerald,Clothing,791.68,5,Net Banking,2025-10-03,4,4.0
ORD105914,CUS3587,Jack Lee,Lake Thomas,Clothing,1504.65,4,UPI,2024-06-23,6,3.0
ORD105915,CUS4441,Joseph Mendez,North Amytown,Clothing,4786.46,2,Credit Card,2024-07-12,1,2.0
ORD105916,CUS5368,Donald Romero,North Emilyborough,Home,2783.08,4,Debit Card,2024-05-22,4,1.2
ORD105917,CUS4832,Sharon Weber,Port Matthew,Clothing,3364.11,3,Cash on Delivery,2025-04-29,6,2.1
ORD105918,CUS4849,Fernando Mccormick,South Cynthia,Electronics,1438.42,2,Net Banking,2025-02-22,7,
ORD105919,CUS5410,Caitlyn Hunter,South Justinfurt,Electronics,2679.73,1,UPI,2025-06-30,2,4.1
ORD105920,CUS9845,Gary Richardson,Barnesmouth,Beauty,4204.29,1,Credit Card,2024-04-25,1,4.3
ORD105921,CUS9734,Levi Leonard,Smithhaven,Home,2347.41,4,Credit Card,2025-07-02,2,4.8
ORD105922,CUS3151,Sarah Hill,Josephborough,electronics,2752.62,4,Credit Card,2024-04-10,7,4.9
ORD105923,CUS5840,Mark Cowan,South Casey,Electronics,4572.91,3,Debit Card,2025-06-14,1,3.4
ORD105924,CUS6385,Glen Dorsey,Gutierrezberg,Books,3809.82,3,Cash on Delivery,2025-08-29,6,4.0
ORD105925,CUS5024,Deborah Stafford,Nguyenshire,Clothing,3281.41,1,Debit Card,2024-12-13,1,2.5
ORD105926,CUS7689,David Briggs,Wademouth,Clothing,871.33,1,UPI,2025-09-12,2,3.1
ORD105927,CUS5296,Blake Scott,Kingstad,Electronics,2563.01,2,Net Banking,2024-06-30,1,3.0
ORD105928,CUS1215,Nicholas Smith,Lake Wandamouth,Home,3995.49,5,UPI,2024-10-15,1,3.6
ORD105929,CUS2772,Leslie Cuevas,South Andreaberg,Books,2105.51,5,UPI,2024-05-15,2,2.9
ORD105930,CUS8714,Joshua Pena,Scottshire,Beauty,3449.79,1,Debit Card,2025-05-06,2,4.2
ORD105931,CUS6975,Timothy Perkins,South Tammy,Beauty,4324.93,2,Cash on Delivery,2026-01-04,2,5.0
ORD105932,CUS3541,Joshua Kennedy,Shawnport,Electronics,3731.58,1,Net Banking,2024-04-01,2,4.7
ORD105933,CUS4630,Kristina Hughes,New Veronica,Beauty,3897.85,5,Credit Card,2025-03-03,6,4.7
ORD105934,CUS3830,Anthony Kramer,New Lindsayberg,Sports,4759.45,3,Net Banking,2024-03-30,2,2.0
ORD105935,CUS6276,Benjamin Oliver,Lake Jennifer,Books,1424.65,4,Cash on Delivery,2024-11-08,7,4.0
ORD105936,CUS1645,John Gilbert,West Douglas,Beauty,4855.04,3,Credit Card,2025-01-10,7,
ORD105937,CUS9988,Charles Mosley,Rachelport,Clothing,4078.12,1,Credit Card,2025-12-15,2,
ORD105938,CUS1782,Joshua Cooper,Williamborough,Electronics,3171.29,3,Net Banking,2024-07-06,1,1.5
ORD105939,CUS3296,Eric Compton,East Henry,Electronics,4320.3,3,Credit Card,2025-01-13,2,1.8
ORD105940,CUS5948,,Lake Victor,Beauty,4830.39,5,Credit Card,2025-08-10,3,3.2
ORD105941,CUS9142,Melissa Rodriguez,Pageberg,Home,1702.87,3,Net Banking,2025-04-09,3,2.2
ORD105942,CUS5607,Michael Wang,South Alishaberg,Beauty,1664.89,3,Cash on Delivery,2025-03-14,7,2.3
ORD105943,CUS9889,Brandon Valenzuela,Hawkinsview,Clothing,2067.97,5,Credit Card,2024-06-20,2,1.2
ORD105944,CUS5366,Carol David,Garretttown,Books,3952.35,5,UPI,2025-12-27,1,5.0
ORD105945,CUS1996,Jared Kennedy,New Benjaminburgh,Home,3801.61,3,UPI,2024-05-08,5,2.1
ORD105946,CUS5798,Brenda Price,Ortiztown,Beauty,2619.39,5,Net Banking,2026-02-18,6,4.9
ORD105947,CUS3206,Tanya Jackson,Priceport,Beauty,2930.23,2,Cash on Delivery,2024-07-07,3,4.5
ORD105948,CUS5936,Paula Cole,New Jillburgh,Beauty,1256.54,3,Debit Card,2024-07-02,6,4.3
ORD105949,CUS6150,Miss Kristine Johnson,Port Shelbyberg,Home,3174.09,5,UPI,2025-08-29,1,
ORD105950,CUS2349,Joseph Hill,Boyerside,Electronics,1146.54,5,Debit Card,2025-05-14,3,4.9
ORD105951,CUS4337,Joshua Cain,North Paul,Sports,2834.98,5,Net Banking,2025-09-14,4,1.2
ORD105952,CUS4120,Andrea Clark,North Chad,Clothing,3328.14,5,Credit Card,2024-08-04,4,2.2
ORD105953,CUS2095,Michael King,East Karen,Beauty,3886.0,3,UPI,2025-03-07,5,
ORD105954,CUS6320,Sarah Brown,Geraldton,Home,797.43,4,UPI,2024-10-03,5,
ORD105955,CUS4807,,New Rita,Home,1493.63,2,UPI,2025-03-10,5,4.6
ORD105956,CUS1349,Melissa Greene,Davidview,Beauty,3313.94,2,Net Banking,2025-03-20,6,1.7
ORD105957,CUS9408,Jane Weber,Denisestad,Beauty,4348.81,3,Debit Card,2026-02-13,2,1.3
ORD105958,CUS2389,Lynn Fuentes,West Linda,Electronics,3232.55,3,Net Banking,2025-03-20,3,4.2
ORD105959,CUS1002,,Reevesmouth,Sports,4331.12,3,UPI,2024-10-05,4,3.6
ORD105960,CUS4849,Carl Gallegos,North Sherryberg,Clothing,4462.36,1,Debit Card,2025-04-24,1,3.8
ORD105961,CUS2740,Timothy Ortega,Port Laurabury,Clothing,3357.92,4,Net Banking,2025-04-09,5,1.7
ORD105962,CUS3899,Andrew Fletcher,Port Nathanville,Home,1901.1,2,Credit Card,2025-10-10,1,2.1
ORD105963,CUS1640,Dustin White,West Victoriatown,electronics,581.32,5,Debit Card,2024-08-01,4,4.2
ORD105964,CUS5190,Whitney Velazquez,Smithfort,Beauty,2780.69,2,Credit Card,2024-12-05,2,4.6
ORD105965,CUS5553,Jason Jenkins,Jennifermouth,Sports,3705.19,4,Credit Card,2024-06-17,6,2.1
ORD105966,CUS5604,Christopher Logan,Jacobmouth,Electronics,1701.03,3,Net Banking,2025-01-26,7,3.4
ORD105967,CUS7042,Tony Mueller,Ramirezport,Books,888.58,1,Net Banking,2025-03-16,7,4.7
ORD105968,CUS2383,Savannah Velez,Christophershire,Home,3683.33,4,Credit Card,2024-12-16,7,2.5
ORD105969,CUS2262,Ann Manning,South Russell,Books,3850.74,1,Credit Card,2024-12-18,3,3.8
ORD105970,CUS6267,Nathan Andrews,Sanchezside,Electronics,2468.53,4,Cash on Delivery,2024-10-27,5,2.0
ORD105971,CUS9953,Austin Craig IV,Vickiberg,Books,1406.05,1,Debit Card,2025-03-21,3,2.6
ORD105972,CUS1310,Wendy Campbell,Michellemouth,Sports,1368.94,4,Debit Card,2025-10-05,4,1.1
ORD105973,CUS6512,Ebony Jackson,Lake Michael,Electronics,2275.61,4,Credit Card,2025-04-04,2,4.0
ORD105974,CUS6932,Andrew Dyer,Ericburgh,Clothing,4330.72,2,Net Banking,2024-12-16,1,4.9
ORD105975,CUS8125,Mary Adams,Lake Jesseton,Clothing,1623.21,3,UPI,2024-08-24,3,2.8
ORD105976,CUS2042,Jennifer Conway,Lake Ashleychester,Books,3247.76,4,Credit Card,2024-03-21,4,1.6
ORD105977,CUS8453,Michael Fitzgerald,Brittanyberg,electronics,3121.56,2,UPI,2024-09-26,7,4.2
ORD105978,CUS4179,John Porter,Davidsonmouth,Electronics,4042.64,1,Cash on Delivery,2025-09-20,3,4.0
ORD105979,CUS2490,Thomas Deleon,Caitlinview,Books,2013.14,3,Credit Card,2025-08-18,6,3.9
ORD105980,CUS3192,Angelica Lara,Hoopermouth,Home,3351.48,3,Debit Card,2024-04-29,6,1.7
ORD105981,CUS4278,Casey Love,Mcconnellton,Sports,1411.46,5,Net Banking,2024-07-28,1,1.5
ORD105982,CUS3911,Teresa Johnson,Lake Beth,Electronics,4211.15,5,Net Banking,2024-11-08,4,3.7
ORD105983,CUS5269,Heather White,New Carriehaven,Books,3508.97,4,Net Banking,2025-04-07,6,3.0
ORD105984,CUS6705,Jennifer Greene,Kaylaview,Electronics,1985.71,5,UPI,2025-08-23,3,2.8
ORD105985,CUS2909,Matthew Rocha,North Sarah,Home,4480.39,5,Net Banking,2026-03-09,1,2.7
ORD105986,CUS2919,Vanessa Hale,New Kellyburgh,Home,3474.58,5,Cash on Delivery,2025-11-03,3,1.6
ORD105987,CUS3595,Paul Conrad,Davisberg,Beauty,1377.21,4,Cash on Delivery,2024-12-17,3,3.3
ORD105988,CUS7327,David Mills,Sonyashire,Sports,229.5,3,Cash on Delivery,2025-03-23,6,4.2
ORD105989,CUS9346,Kevin Smith,Rachelstad,Books,3722.68,2,Cash on Delivery,2025-02-17,6,
ORD105990,CUS4026,Terry Gill,East Jessicaside,Books,755.23,3,UPI,2024-09-21,5,1.5
ORD105991,CUS2772,Nicholas Richardson,Christopherton,Home,2121.76,3,Net Banking,2025-05-09,3,3.8
ORD105992,CUS6623,Jennifer Ortiz,West Jeffrey,Beauty,804.81,4,Debit Card,2024-08-05,6,2.5
ORD105993,CUS5821,,New Michael,Books,3123.3,1,Cash on Delivery,2025-02-25,2,1.6
ORD105994,CUS3952,Tristan White,South Joseph,Beauty,4891.02,2,Debit Card,2024-10-18,1,2.0
ORD105995,CUS8159,Denise Mitchell,East Anthony,Clothing,2480.94,4,Debit Card,2025-09-02,2,1.2
ORD105996,CUS7441,Matthew Gonzalez,Port Calebstad,Clothing,1639.77,4,UPI,2024-12-12,3,1.1
ORD105997,CUS8466,Bryan Meyer,East Rebecca,Home,1659.36,2,UPI,2024-06-26,1,3.9
ORD105998,CUS8634,Jaclyn Lopez,New Michael,Clothing,4951.02,3,Credit Card,2025-07-09,7,2.6
ORD105999,CUS7632,Leslie Cooper,East Richard,Home,1555.25,3,Cash on Delivery,2025-05-08,2,1.4
ORD106000,CUS7381,Derrick Leon,East Jennifermouth,Books,1884.75,2,Debit Card,2024-10-10,6,3.3
ORD106001,CUS2597,,North Pamelaburgh,Books,4161.05,3,Cash on Delivery,2024-03-19,1,2.7
ORD106002,CUS2627,Sara Russell,Amandafurt,Electronics,2313.3,1,UPI,2025-06-03,6,1.7
ORD106003,CUS1201,Dr. Hannah Richardson,Lake Hannahport,Beauty,237.61,3,Debit Card,2024-11-16,7,1.3
ORD106004,CUS6158,Randy Hicks,Port Sarahmouth,Home,593.24,1,UPI,2025-12-25,7,3.0
ORD106005,CUS4462,Tony Moss,South Mark,Beauty,679.66,3,UPI,2026-02-06,3,2.7
ORD106006,CUS2423,Nicholas Patterson,Newtontown,electronics,541.66,2,Credit Card,2025-02-02,1,4.2
ORD106007,CUS8973,Dakota Yu,South Nicholasview,Home,980.73,5,Debit Card,2024-11-10,2,1.5
ORD106008,CUS2936,Brittany Wood,South Danielle,Clothing,3364.92,4,Net Banking,2024-11-09,1,1.4
ORD106009,CUS4838,Martin Garcia,North James,Home,118.72,2,Net Banking,2026-03-08,4,1.6
ORD106010,CUS9516,Gregory Hodges,Lake Pamelaland,Clothing,4164.81,3,UPI,2025-04-15,1,2.4
ORD106011,CUS2586,Martha Gould,Lake Thomasville,Sports,4245.03,3,Credit Card,2024-11-25,5,2.6
ORD106012,CUS8008,Tiffany Lambert,New Taramouth,Clothing,176.54,5,UPI,2025-01-27,5,1.8
ORD106013,CUS8022,Heather Taylor,Georgeburgh,Clothing,3554.93,4,Net Banking,2025-02-10,2,3.7
ORD106014,CUS4933,Robert Riggs,Shirleyberg,Home,3964.45,2,Cash on Delivery,2025-10-28,7,3.9
ORD106015,CUS1507,Samuel Garner,East Sarah,Beauty,4759.23,3,Net Banking,2024-10-12,2,3.2
ORD106016,CUS8932,Jessica Thompson,South Michaelmouth,Books,1785.93,1,Net Banking,2025-09-30,5,1.0
ORD106017,CUS9405,Jessica Perez,Stephaniebury,Beauty,2465.85,4,Credit Card,2025-01-09,4,2.0
ORD106018,CUS6352,Sandra Smith,Tiffanyland,electronics,3005.18,4,Net Banking,2025-06-30,4,1.4
ORD106019,CUS4176,Joshua Lawrence,North Michaelland,Electronics,3444.4,2,UPI,2024-08-21,5,1.6
ORD106020,CUS9051,Michael Jackson,West Janice,Books,2972.07,3,Debit Card,2025-12-26,5,2.2
ORD106021,CUS7057,Briana Turner,West Gregory,Books,4074.43,1,UPI,2024-05-18,1,1.6
ORD106022,CUS7933,James Sullivan,East Victor,Sports,3379.02,3,Cash on Delivery,2025-06-01,2,4.9
ORD106023,CUS3005,Edwin Brock,Laurafurt,Home,4619.45,3,Debit Card,2025-09-30,5,2.3
ORD106024,CUS6765,Briana Huber,Melissamouth,Beauty,2287.58,5,Credit Card,2024-05-23,5,4.0
ORD106025,CUS6069,Steven Adams,Yangfurt,Books,3732.98,1,Cash on Delivery,2024-09-30,4,3.7
ORD106026,CUS9146,Duane Patterson,East Alexa,Beauty,809.93,4,Debit Card,2025-12-31,7,1.4
ORD106027,CUS3636,Brianna Smith,Brianton,Books,530.31,2,Cash on Delivery,2024-04-08,2,4.6
ORD106028,CUS1849,Raymond Murphy,Lake Joshuachester,Sports,4948.67,3,UPI,2025-05-25,2,3.6
ORD106029,CUS4813,Nicole Mcmahon,Gutierrezfort,Sports,500.58,1,Credit Card,2024-08-15,2,3.6
ORD106030,CUS3835,Laurie Mitchell,Martinezstad,electronics,1968.54,4,UPI,2024-11-21,4,3.2
ORD106031,CUS5959,Jason Newton,Andersonton,Clothing,1192.66,3,Credit Card,2024-05-17,1,2.5
ORD106032,CUS1671,Lisa Woods,South Danielle,Home,2125.24,5,Net Banking,2025-02-24,3,1.9
ORD106033,CUS9285,Erica Gonzalez,East Wendyview,Clothing,1486.81,2,Credit Card,2025-01-02,2,3.5
ORD106034,CUS5667,Katie Sanchez,Port Courtney,Books,626.54,3,Credit Card,2024-08-15,4,4.2
ORD106035,CUS2681,Scott Murphy,Joshuaborough,Home,4462.97,3,Credit Card,2024-04-29,6,1.6
ORD106036,CUS4223,Jessica Howard,Lake John,Beauty,2257.77,3,Debit Card,2025-04-22,6,2.9
ORD106037,CUS1081,Kathy Robertson,West Julie,Beauty,2008.3,2,Debit Card,2024-06-12,3,3.0
ORD106038,CUS7434,Christopher Day,Port Williamside,Clothing,3882.78,3,Cash on Delivery,2025-02-05,4,1.3
ORD106039,CUS7695,David Riley,Shawnburgh,Books,1059.67,1,Cash on Delivery,2025-10-13,6,1.1
ORD106040,CUS3569,Becky Miller,Lake Brendanbury,Clothing,4846.69,3,Debit Card,2025-03-17,7,3.6
ORD106041,CUS9123,Michael Gonzalez,Scottberg,Electronics,3017.57,3,UPI,2024-06-24,4,
ORD106042,CUS2756,Matthew Robinson,Port Amanda,Clothing,2019.08,5,Net Banking,2024-12-11,5,4.1
ORD106043,CUS3372,Ryan Miller,Lake Courtneyburgh,Home,299.25,2,Cash on Delivery,2025-01-12,4,1.8
ORD106044,CUS3193,Tina Smith,South Ericport,Clothing,210.92,3,Cash on Delivery,2025-10-23,3,2.1
ORD106045,CUS8334,Tina Harding,Lake Katrina,Books,1065.83,5,UPI,2025-04-23,2,4.7
ORD106046,CUS4698,Mark Johnson,Josephtown,Home,4927.01,3,Debit Card,2024-03-25,1,
ORD106047,CUS5449,Scott Gonzales,North Jennifer,Home,2920.97,3,Debit Card,2024-11-14,5,3.6
ORD106048,CUS3501,,South Zachary,Sports,4267.31,3,Credit Card,2025-06-02,4,3.7
ORD106049,CUS5992,Ethan Johnson,East Brandonfort,Electronics,2497.84,3,Cash on Delivery,2024-12-21,5,1.6
ORD106050,CUS2555,Holly Floyd,Samuelside,Home,2893.27,5,Credit Card,2025-10-20,7,2.8
ORD106051,CUS5326,Sara Cummings,East Roger,Beauty,2675.28,3,Debit Card,2025-08-02,6,4.6
ORD106052,CUS6801,Rachel Knight,Port Williamville,Home,1035.63,3,UPI,2024-10-08,7,3.6
ORD106053,CUS5351,,Jonesfurt,Clothing,2755.0,2,Net Banking,2025-05-27,4,2.9
ORD106054,CUS2447,Jeffery Chase,Andradeborough,Home,586.88,4,UPI,2025-02-04,3,1.4
ORD106055,CUS9866,Nicole Howard,Hayesmouth,electronics,4514.0,2,Credit Card,2025-03-22,6,5.0
ORD106056,CUS2151,Jennifer Cole,South Dana,Home,3358.99,2,UPI,2024-10-18,4,2.8
ORD106057,CUS2063,Joseph Park,West Corey,Electronics,2174.68,3,UPI,2025-09-02,4,3.9
ORD106058,CUS6945,Shannon Downs,Michaelstad,Books,1999.16,1,Cash on Delivery,2025-11-15,2,3.6
ORD106059,CUS8885,Kimberly Sullivan,Lawrenceville,Clothing,1469.46,4,Credit Card,2025-06-08,3,1.4
ORD106060,CUS1286,Dana Montes,Erinmouth,Sports,1230.45,5,Cash on Delivery,2024-08-11,2,2.4
ORD106061,CUS5993,Michelle Robinson,Warechester,Electronics,700.7,3,Credit Card,2026-01-07,2,1.9
ORD106062,CUS4788,Renee Anderson,East Gabriellaview,Beauty,1288.86,1,Debit Card,2025-11-16,2,1.6
ORD106063,CUS3888,Gwendolyn Gordon,Fletcherburgh,Electronics,924.13,4,Credit Card,2024-08-09,6,2.4
ORD106064,CUS4114,Wesley Stevens,Baileyside,Sports,3768.14,4,Net Banking,2025-02-22,3,4.3
ORD106065,CUS3188,Chad Taylor,Port Jill,Home,4257.39,1,Debit Card,2024-09-04,1,3.3
ORD106066,CUS4222,David Thomas,Chapmanland,Books,592.46,2,UPI,2024-03-27,7,2.5
ORD106067,CUS3743,Jessica Brewer,Harrisfurt,Books,4230.24,1,Net Banking,2024-04-25,5,1.5
ORD106068,CUS3788,Melissa Mcguire,Reyesbury,Electronics,3217.45,3,Debit Card,2024-06-23,4,3.5
ORD106069,CUS7376,Ryan Lowery,Williamshire,Electronics,1278.23,3,UPI,2024-08-28,4,4.6
ORD106070,CUS2305,Benjamin Ayers,Mcdonaldton,Home,2979.18,2,Cash on Delivery,2025-09-26,5,1.0
ORD106071,CUS6520,Sheena Richardson,New Mark,Beauty,3674.89,4,Cash on Delivery,2026-03-08,3,
ORD106072,CUS5795,Cory Mendez,Albertstad,Sports,2296.89,5,Cash on Delivery,2024-04-11,4,4.5
ORD106073,CUS4670,Dawn Moore,North Cynthiaville,Clothing,1327.37,3,Debit Card,2024-03-31,3,3.4
ORD106074,CUS6834,Michael Moody,Lake John,Beauty,3347.08,2,Net Banking,2024-09-19,3,2.1
ORD106075,CUS5804,John Floyd,Dixonside,Home,828.68,4,Cash on Delivery,2026-01-29,4,4.2
ORD106076,CUS3032,Michael Ferguson,New Christopherbury,Clothing,1942.89,4,Cash on Delivery,2024-03-27,6,1.6
ORD106077,CUS6838,Jessica Rojas,Port Adam,Clothing,4555.29,3,Cash on Delivery,2024-09-05,7,4.8
ORD106078,CUS9571,,North Katherineport,Beauty,2185.47,1,Debit Card,2025-03-03,7,2.5
ORD106079,CUS8147,Karina Butler,Lesliefort,Home,4756.98,4,Debit Card,2026-01-28,2,1.1
ORD106080,CUS7764,Joseph Ferguson,Port Cody,Books,1446.58,4,Debit Card,2025-11-15,1,2.6
ORD106081,CUS4290,Robin Collins,Greenetown,Clothing,171.3,4,Debit Card,2025-03-30,2,2.2
ORD106082,CUS3972,Rebecca Smith,Robinsonfurt,Beauty,3200.02,4,Net Banking,2025-12-25,7,3.8
ORD106083,CUS7611,Robin Anthony,East Kenneth,Books,4612.58,3,Debit Card,2025-05-21,1,2.4
ORD106084,CUS7358,Tanya Brown,Wilsonburgh,Home,4090.73,2,UPI,2024-09-08,2,3.7
ORD106085,CUS9651,Ronald Haas,Collinsbury,Electronics,2739.36,5,Cash on Delivery,2025-05-27,3,3.1
ORD106086,CUS8980,Ronald Brown,East Scottshire,Home,977.64,3,Debit Card,2026-02-02,7,1.6
ORD106087,CUS1755,Elizabeth Nunez,Richardsonland,Books,1634.52,1,Credit Card,2025-01-28,4,2.0
ORD106088,CUS9385,Dale Smith,West Randalltown,electronics,3222.95,3,Debit Card,2025-02-20,5,1.3
ORD106089,CUS5871,,South Jenniferbury,Books,2966.41,2,Net Banking,2024-07-28,7,3.7
ORD106090,CUS1531,,North Shawnmouth,Beauty,2981.04,2,UPI,2026-01-09,1,4.8
ORD106091,CUS6095,Carl Sullivan,Walkershire,Clothing,1627.83,3,UPI,2024-07-02,1,2.7
ORD106092,CUS9233,Rebecca Larson,Bryantstad,Books,2362.73,4,UPI,2025-07-01,5,4.1
ORD106093,CUS8504,Jordan Sexton,West Gina,electronics,3148.73,2,Debit Card,2025-12-04,4,1.7
ORD106094,CUS7719,Scott Hernandez,Solomonshire,electronics,3198.47,4,UPI,2025-12-07,4,3.7
ORD106095,CUS9252,William Soto,Vargaston,Beauty,1693.54,3,Debit Card,2025-09-01,6,
ORD106096,CUS2392,Gary Anderson,West Zachary,Books,2541.04,5,UPI,2025-09-02,4,3.7
ORD106097,CUS7382,Judith Rubio,East Joseph,Sports,4218.29,5,Cash on Delivery,2025-12-14,4,4.1
ORD106098,CUS5204,Sarah Huang,West Rhonda,Beauty,453.26,3,Credit Card,2025-05-28,1,1.3
ORD106099,CUS7415,Corey Peters,Davidshire,Books,2150.85,5,Debit Card,2024-03-25,2,4.1
ORD106100,CUS4803,Jennifer Miller,Phillipside,Books,1805.3,4,UPI,2024-06-07,3,4.9
ORD106101,CUS9672,Kristin Perez,Benjaminshire,Home,1035.73,3,UPI,2024-05-30,2,3.3
ORD106102,CUS8036,Andrea Hayes,Ginamouth,Books,2469.33,3,Cash on Delivery,2024-10-20,7,1.8
ORD106103,CUS8837,Charles Thomas,Victorchester,Clothing,720.29,4,Net Banking,2025-06-01,3,2.8
ORD106104,CUS7564,John Goodman,East Beth,Electronics,428.45,4,Credit Card,2025-07-02,5,3.2
ORD106105,CUS9816,Joseph Jones,Edwardchester,Beauty,4883.92,5,Debit Card,2024-11-24,3,1.7
ORD106106,CUS6212,Robert Lowery,Port Susan,Books,1619.91,5,Debit Card,2024-10-26,3,1.3
ORD106107,CUS5217,Nancy Alexander,Simsview,Beauty,3710.29,4,Cash on Delivery,2026-02-04,6,2.8
ORD106108,CUS6758,Richard Brooks,Michaelberg,Electronics,1670.58,3,UPI,2024-12-22,7,4.9
ORD106109,CUS2865,Jennifer Shaw,Douglaston,Sports,1217.74,1,Cash on Delivery,2025-03-20,7,1.4
ORD106110,CUS3256,Eric French,Port Jerry,Electronics,3225.97,5,Cash on Delivery,2025-07-18,1,1.8
ORD106111,CUS5086,Kenneth Stevens,East Nicholasshire,Home,950.86,3,UPI,2024-03-15,4,1.0
ORD106112,CUS5383,Adriana Leach,Lloydberg,Sports,1504.31,1,Credit Card,2024-06-09,1,3.7
ORD106113,CUS4732,Adam Shelton,Lake Peter,Electronics,1282.35,4,Credit Card,2024-05-23,6,2.4
ORD106114,CUS3159,Jennifer Ramirez,Christophermouth,Books,2120.17,4,Cash on Delivery,2025-02-21,3,2.3
ORD106115,CUS8909,Heather Ross,Millerview,Clothing,382.87,1,Cash on Delivery,2024-10-23,7,1.9
ORD106116,CUS5206,Lauren Wright,North Nicholas,Books,257.79,4,Credit Card,2025-06-28,6,4.1
ORD106117,CUS6812,Angela Smith,South Davidfurt,Books,4876.5,2,Debit Card,2025-07-23,7,3.9
ORD106118,CUS3784,Dakota Allen,New Nicholas,Beauty,982.27,3,Cash on Delivery,2025-05-28,6,2.8
ORD106119,CUS5040,Austin Wolfe,North Morgan,Electronics,3158.87,3,Net Banking,2025-11-02,2,2.5
ORD106120,CUS8826,,Port Amandaside,Sports,2735.83,3,Credit Card,2024-03-17,7,1.6
ORD106121,CUS1522,Cory Gutierrez,Willisberg,Clothing,1580.72,5,Net Banking,2024-07-18,5,2.6
ORD106122,CUS7980,,Meganchester,Clothing,3342.15,2,Net Banking,2025-12-06,5,4.7
ORD106123,CUS7849,Kristin Mckinney,Davisstad,Books,992.83,4,Cash on Delivery,2025-05-23,2,1.7
ORD106124,CUS5685,Pamela Burke,Kristinside,Home,1372.98,3,Net Banking,2024-04-09,1,
ORD106125,CUS2750,Joe Phillips,Bennettside,Electronics,415.74,1,UPI,2026-03-07,2,4.1
ORD106126,CUS4317,Jennifer Rios,South Williamstad,Beauty,3800.66,3,Credit Card,2025-11-15,1,4.8
ORD106127,CUS1019,Daniel Anderson,South Marthahaven,Clothing,3661.23,4,Net Banking,2024-11-23,4,4.5
ORD106128,CUS8558,Alexis Adams,West Wandaton,Books,3423.64,3,Net Banking,2024-03-17,1,3.2
ORD106129,CUS4421,Benjamin Taylor,South Christopher,Beauty,3736.04,3,Net Banking,2024-09-29,3,4.7
ORD106130,CUS2463,Danielle Hodge,Hendricksfurt,Sports,4647.48,5,Credit Card,2024-08-15,3,2.6
ORD106131,CUS8134,Mr. Earl Harvey,Oconnorside,Sports,389.75,3,Cash on Delivery,2025-10-22,3,3.1
ORD106132,CUS1805,,Joshuastad,Sports,1763.67,1,UPI,2025-07-05,4,2.3
ORD106133,CUS5514,James Morrow,Kathyshire,electronics,2350.46,4,Debit Card,2024-10-17,7,1.9
ORD106134,CUS3411,Tracy Vega,Caitlinhaven,Clothing,4824.64,2,Credit Card,2024-06-17,1,4.4
ORD106135,CUS3195,Norman Morris,West John,Home,4158.65,4,Net Banking,2026-01-17,7,1.8
ORD106136,CUS2975,Stephen Barton,West Johnny,Sports,824.98,1,UPI,2024-11-29,7,2.7
ORD106137,CUS1232,Hannah Parker,Morrisborough,Electronics,4855.47,5,Net Banking,2024-05-11,2,3.2
ORD106138,CUS5607,Tyler Flores,Port Diane,Electronics,613.39,2,UPI,2025-04-07,3,2.1
ORD106139,CUS3689,Andrea Moody,West Jacobburgh,Electronics,2394.91,5,Cash on Delivery,2026-03-05,5,3.6
ORD106140,CUS5725,Maria Johnson,West Rachel,Books,1359.72,5,UPI,2024-12-06,4,4.0
ORD106141,CUS7193,,Christopherview,Electronics,3008.95,5,Cash on Delivery,2025-10-23,5,4.9
ORD106142,CUS5776,Latoya Mitchell DVM,New Tylerville,Beauty,2483.54,1,Debit Card,2024-07-17,5,1.6
ORD106143,CUS4526,Donna Leon,West Craig,Clothing,3634.43,1,Credit Card,2025-04-17,2,2.9
ORD106144,CUS9415,Natasha Melendez,Lake Aaronfort,Sports,2721.47,1,UPI,2025-10-04,7,3.8
ORD106145,CUS6950,Nicholas Howell,North Ashley,Beauty,2401.81,4,Debit Card,2024-12-20,4,3.5
ORD106146,CUS2344,Mark Curry,Matthewburgh,Sports,1454.92,2,Cash on Delivery,2025-05-11,3,4.3
ORD106147,CUS7386,Victor Rogers,Scottport,Sports,909.77,5,Net Banking,2025-08-13,2,2.8
ORD106148,CUS3732,Daniel Davis,New Paul,Clothing,893.82,3,Credit Card,2025-01-14,1,2.2
ORD106149,CUS6388,Ms. Wendy Morrison,Port Jasonshire,Electronics,408.58,2,Cash on Delivery,2025-10-05,2,1.5
ORD106150,CUS3292,Albert Harper,West Elizabethland,Books,3300.45,1,Credit Card,2025-12-20,5,
ORD106151,CUS2295,Cheryl Davies,Lake Lorishire,Home,398.47,3,Debit Card,2025-04-02,3,4.5
ORD106152,CUS7754,Timothy Fleming,Perezmouth,Electronics,501.8,2,Net Banking,2025-05-13,1,
ORD106153,CUS5369,Amanda Martinez,East Haroldborough,Beauty,1059.55,1,Debit Card,2025-01-09,3,4.6
ORD106154,CUS1429,Mark Warren,Lake Stephanie,Home,2790.18,4,Debit Card,2025-09-01,4,3.1
ORD106155,CUS2981,Joshua Mckee,Lake Hayleyport,Books,3017.58,1,UPI,2024-04-10,4,4.0
ORD106156,CUS4655,Dylan Young,Kristinafurt,Beauty,2662.95,2,UPI,2025-07-05,5,4.8
ORD106157,CUS8464,Kyle Moore,Lake Jeremy,Books,1270.49,3,Credit Card,2026-02-23,2,
ORD106158,CUS5325,Jermaine Powell,Port April,Electronics,3132.59,3,UPI,2024-07-31,6,3.5
ORD106159,CUS2693,Cassandra Beck,Jasontown,Books,4597.55,3,Debit Card,2025-02-20,4,2.3
ORD106160,CUS1895,Denise Payne,Stephenfort,Home,511.58,4,Net Banking,2024-08-24,6,4.0
ORD106161,CUS6008,Nicole Pruitt,Lake Nicole,Home,1982.28,5,UPI,2025-11-12,6,3.4
ORD106162,CUS7158,Melissa Rogers,New Dianeburgh,Electronics,894.93,2,Net Banking,2024-10-08,3,2.2
ORD106163,CUS2808,Jamie Johnson,Wellsbury,Sports,4992.51,4,Credit Card,2025-08-19,7,4.7
ORD106164,CUS9675,Mr. Steven Barnes,Kimberg,Clothing,3619.09,1,Net Banking,2025-03-08,4,1.9
ORD106165,CUS1082,Tiffany Johnson,East Melissa,Electronics,3049.9,5,Debit Card,2025-07-01,7,1.1
ORD106166,CUS1441,Katie Williams,Joanmouth,Sports,1001.08,3,Credit Card,2024-09-07,6,2.5
ORD106167,CUS4360,Melissa Baker,South Phyllisberg,Home,3814.91,1,Debit Card,2025-02-11,5,2.0
ORD106168,CUS3164,Johnny Sanchez,Lake Austinstad,Sports,4648.27,2,Cash on Delivery,2024-08-17,6,3.8
ORD106169,CUS3394,Christine Gonzalez,West Jenniferton,Home,1265.99,1,Cash on Delivery,2025-10-04,6,2.7
ORD106170,CUS3360,Dawn Holloway,Harryhaven,Clothing,450.2,1,Debit Card,2024-06-28,1,4.0
ORD106171,CUS3121,Melinda Nelson,North Ronald,Home,2135.32,5,Cash on Delivery,2024-08-13,6,2.5
ORD106172,CUS5117,Michelle Johns,East Darlene,Books,3651.63,3,UPI,2024-04-08,2,4.1
ORD106173,CUS7937,Angela Fernandez,Sarahville,Home,3694.8,2,UPI,2024-10-10,4,4.7
ORD106174,CUS4580,Heidi Larson,Oliviahaven,Beauty,348.82,4,UPI,2024-12-21,1,2.9
ORD106175,CUS4043,Stephanie Wright,South Tracy,Sports,372.49,5,Cash on Delivery,2024-08-13,1,4.7
ORD106176,CUS4401,Dwayne Graham,Lake Kimberlyland,Clothing,4254.57,5,Cash on Delivery,2026-01-26,4,2.5
ORD106177,CUS7274,Brenda Jones,East Nancy,Electronics,1299.08,5,Net Banking,2024-04-02,2,4.8
ORD106178,CUS8180,Kristine Adams DDS,Michaelchester,Sports,3594.14,5,Debit Card,2024-12-20,4,2.9
ORD106179,CUS8368,Joseph Jackson,New Josehaven,Home,1089.5,2,Net Banking,2025-10-01,3,3.8
ORD106180,CUS4043,Rebekah Lewis,South Patriciaberg,Clothing,1244.63,5,Net Banking,2025-05-20,1,4.9
ORD106181,CUS6272,Timothy Reyes,Melanieton,Books,4153.47,3,Debit Card,2024-11-06,2,1.5
ORD106182,CUS8421,Kelly Schmidt,North Dianashire,Home,1438.03,1,UPI,2025-08-20,6,1.3
ORD106183,CUS5777,Craig Sanchez,Port Emily,Beauty,621.56,4,Debit Card,2025-08-30,1,3.9
ORD106184,CUS1331,Matthew Clark,East Andrewland,Beauty,1927.2,1,UPI,2025-07-25,5,3.6
ORD106185,CUS3556,Selena Hunt,South Heatherburgh,Beauty,3964.94,1,Credit Card,2025-05-07,7,2.8
ORD106186,CUS5674,,Crystalburgh,Sports,1311.87,5,Cash on Delivery,2025-12-26,4,2.4
ORD106187,CUS9888,Joseph Hale,Barkerhaven,Home,1737.6,1,Credit Card,2025-11-25,1,1.1
ORD106188,CUS8255,Christopher Martin,Lake Kyle,Sports,359.49,5,Debit Card,2025-05-11,2,2.1
ORD106189,CUS7369,Julia Morris,Lake Terri,Electronics,3760.89,2,Credit Card,2025-08-10,5,2.5
ORD106190,CUS7017,Kristen Klein,Lake Karen,Electronics,2810.31,3,Cash on Delivery,2024-06-11,2,1.5
ORD106191,CUS1598,Janice Wilson,Stacyton,Electronics,3109.68,2,Credit Card,2024-07-18,4,2.3
ORD106192,CUS5176,,West Debbie,Sports,4486.5,4,UPI,2024-06-30,2,3.4
ORD106193,CUS5222,Richard Hill,Robertsstad,Home,3672.96,4,UPI,2024-12-07,3,1.6
ORD106194,CUS9820,Derrick Peterson,Port Kellybury,Clothing,850.84,3,Cash on Delivery,2026-02-22,3,4.4
ORD106195,CUS1676,Oscar Taylor,Port Richardshire,Clothing,952.73,4,UPI,2024-09-25,2,1.3
ORD106196,CUS3452,Reginald Dyer,Wrightbury,Sports,4576.41,5,Cash on Delivery,2025-09-23,5,2.9
ORD106197,CUS6215,Lisa Cook,Vanessaton,Books,4812.46,3,Credit Card,2026-01-11,6,4.8
ORD106198,CUS3566,Melanie Mcguire,South Jennifer,Sports,794.22,2,Debit Card,2025-02-04,6,1.8
ORD106199,CUS5860,Kathleen White,Warrenton,Clothing,3404.03,2,Net Banking,2025-12-01,5,1.3
ORD106200,CUS1944,Michael Galloway,Evanhaven,Home,2202.89,1,UPI,2025-12-18,6,2.7
ORD106201,CUS8207,Kristy Jones,East Latashaland,Books,2347.05,2,Cash on Delivery,2024-12-28,3,4.6
ORD106202,CUS1596,Sean Harris,North David,Home,2788.47,4,Debit Card,2024-10-28,7,4.6
ORD106203,CUS6970,Johnny Rodriguez,Fischertown,Beauty,4264.81,5,Credit Card,2025-02-10,7,4.3
ORD106204,CUS6034,Stacy Ward,Josephville,Home,1377.65,5,UPI,2025-03-27,5,3.6
ORD106205,CUS6872,Michael Mendoza,South Carlos,Beauty,4167.38,4,Net Banking,2026-01-30,3,4.2
ORD106206,CUS2729,Dominique Simpson,Riverahaven,Electronics,1751.74,1,Debit Card,2024-09-07,7,2.8
ORD106207,CUS7813,Juan Castillo,Reedmouth,Sports,3971.35,4,Debit Card,2024-06-17,4,4.6
ORD106208,CUS7367,Joshua Hall,Lake Gordon,Sports,3981.28,4,Net Banking,2025-08-14,7,2.8
ORD106209,CUS6211,Henry Trujillo,West Walter,Sports,1223.08,1,Debit Card,2025-02-23,2,2.3
ORD106210,CUS7001,Daniel Reed,North Davidmouth,Sports,4442.43,5,Cash on Delivery,2025-09-25,4,4.0
ORD106211,CUS7251,Jeffrey Todd,Wheelerland,Home,3105.99,3,Credit Card,2024-12-05,6,1.1
ORD106212,CUS9632,Francis Chase,East Joseph,Beauty,4161.91,1,Net Banking,2025-04-04,2,3.3
ORD106213,CUS4124,Tanya Brown MD,Lake Heidiport,electronics,1339.19,2,Debit Card,2025-08-23,3,4.2
ORD106214,CUS2137,Justin Ramirez,Zacharymouth,Electronics,782.54,1,UPI,2025-07-01,7,2.3
ORD106215,CUS9644,Anna Kelley,Laurenport,Electronics,3878.49,4,Credit Card,2026-03-02,5,3.9
ORD106216,CUS4640,,Andreaburgh,Books,2296.25,4,UPI,2026-01-01,4,2.1
ORD106217,CUS3876,Kenneth Woods,North Erikaland,Books,1937.26,2,Debit Card,2026-01-05,2,3.7
ORD106218,CUS6652,Erin Howard,Port Carolyn,Electronics,1822.7,4,Net Banking,2024-09-19,1,4.6
ORD106219,CUS8933,,Lake Rita,Sports,1336.57,4,Cash on Delivery,2025-07-29,3,4.2
ORD106220,CUS2447,Isaac Hardy,Jamesport,Home,4380.41,5,Debit Card,2026-01-13,6,2.6
ORD106221,CUS5403,,Johnathanmouth,Beauty,3178.72,4,Cash on Delivery,2026-01-04,4,4.1
ORD106222,CUS4255,Justin Ryan,Baileyton,Clothing,4373.44,2,UPI,2024-07-17,1,2.9
ORD106223,CUS7962,Jonathan Hudson,Victoriastad,Home,3877.49,5,Cash on Delivery,2026-02-02,2,2.3
ORD106224,CUS1088,Chelsea Ortiz,Mikaylaburgh,Sports,2591.34,4,Net Banking,2026-02-05,5,1.3
ORD106225,CUS6124,Tiffany Nielsen,East Jameschester,Sports,4033.79,1,UPI,2024-06-05,5,3.4
ORD106226,CUS5577,Barbara Ryan,Rebeccaview,Beauty,3727.47,1,UPI,2025-03-16,1,1.5
ORD106227,CUS7597,Dr. John Cox,West Blake,Sports,3210.75,4,Debit Card,2024-05-06,7,4.8
ORD106228,CUS9716,Kelly Boone,Port Thomasmouth,Electronics,3757.43,5,Credit Card,2025-04-26,7,3.1
ORD106229,CUS8546,Charles Lee,Chasestad,Beauty,1178.34,4,Credit Card,2025-07-30,1,4.6
ORD106230,CUS2275,Joshua Williams,West Curtisfort,Sports,4097.22,3,Net Banking,2024-12-30,6,3.9
ORD106231,CUS2475,David Davis,East Nicholas,Books,2986.46,3,Cash on Delivery,2025-04-02,7,3.2
ORD106232,CUS4848,Julie Williams,Leeburgh,Books,4772.2,3,Cash on Delivery,2025-10-03,4,4.9
ORD106233,CUS8750,Elizabeth Thornton,East Williamborough,Books,333.45,3,Credit Card,2025-03-06,2,3.6
ORD106234,CUS7485,Shane Quinn,Moranville,Home,4471.71,5,Cash on Delivery,2024-12-20,5,4.0
ORD106235,CUS1600,Danielle Davis,Carpenterburgh,Sports,3717.09,5,Net Banking,2025-07-20,4,
ORD106236,CUS2319,Nicole Johnson,New Meganbury,electronics,4903.95,2,UPI,2026-01-12,3,2.7
ORD106237,CUS1285,Douglas Leon,Ericborough,Electronics,4408.91,4,UPI,2026-03-05,2,4.3
ORD106238,CUS5154,Christina Chandler,Gregoryshire,Beauty,1488.51,3,Credit Card,2026-01-03,7,1.8
ORD106239,CUS9411,Tyler Bell,Veronicafort,Sports,2492.59,4,Credit Card,2025-09-02,2,3.0
ORD106240,CUS1213,Sandra Anderson,West Kimberly,Beauty,873.3,4,Credit Card,2024-10-14,6,3.2
ORD106241,CUS8502,Michael Gonzalez,New Stephen,Electronics,3753.15,2,Net Banking,2024-09-27,2,2.5
ORD106242,CUS3342,Natalie Walker,Port Melissa,Books,135.98,5,UPI,2024-08-04,4,4.6
ORD106243,CUS2451,Patricia Lam,Port Brentside,Beauty,3420.04,5,Debit Card,2026-02-07,7,1.3
ORD106244,CUS1193,Jennifer Morris,Nathanshire,Sports,4070.2,2,Net Banking,2025-01-05,1,4.1
ORD106245,CUS9124,Cassidy Moss,Lake Natashahaven,Clothing,4364.39,5,Credit Card,2025-04-02,3,1.4
ORD106246,CUS6015,,West Ronald,Electronics,2869.92,1,UPI,2025-12-07,6,
ORD106247,CUS8842,Scott Jackson,Mendozatown,Electronics,232.45,3,Credit Card,2024-08-19,6,4.9
ORD106248,CUS5616,Tyrone Walters,Wilsonshire,Home,1595.69,5,Net Banking,2025-11-15,3,3.3
ORD106249,CUS7215,Bradley Scott,East Williammouth,Home,910.02,3,Cash on Delivery,2024-11-01,7,1.9
ORD106250,CUS3041,Brittany George,Williamsberg,Books,3752.67,2,Debit Card,2025-01-09,6,4.9
ORD106251,CUS4915,,Elainefort,Home,3389.26,4,UPI,2025-06-26,6,
ORD106252,CUS6252,Travis Rogers,Lake Lorimouth,Beauty,4083.88,2,Cash on Delivery,2024-08-02,5,3.5
ORD106253,CUS9313,Christina Jones,Johnburgh,Clothing,4347.74,2,Net Banking,2025-04-23,7,2.0
ORD106254,CUS5352,Christopher Coleman,West Johnbury,Beauty,1005.14,2,UPI,2024-07-22,4,3.4
ORD106255,CUS6739,Brian Lawson,Lake Angela,Beauty,759.82,3,Debit Card,2024-04-08,2,2.0
ORD106256,CUS7805,Mark Jordan,South Thomas,Home,4429.47,4,UPI,2024-09-17,3,4.3
ORD106257,CUS7960,Tiffany Burch,New Christina,Clothing,3828.59,2,UPI,2024-08-22,5,4.4
ORD106258,CUS8548,Ricky Taylor,Lake Joshua,Home,4643.87,1,Debit Card,2024-06-12,4,4.1
ORD106259,CUS5583,Kenneth Adkins,Port Jeffrey,Books,3106.87,4,Cash on Delivery,2024-11-24,5,3.9
ORD106260,CUS2595,Ashley Nelson,Lake Mark,Beauty,3236.52,1,Cash on Delivery,2025-05-15,3,1.9
ORD106261,CUS2909,Ashley Ramsey,Aprilshire,Home,830.43,2,Cash on Delivery,2025-10-26,4,1.4
ORD106262,CUS3057,Carolyn Hernandez,Jamesstad,Clothing,3944.4,3,Debit Card,2024-11-04,5,4.3
ORD106263,CUS1953,Nicholas Hernandez,Port Heatherfurt,Sports,3217.66,4,UPI,2024-04-13,3,4.9
ORD106264,CUS9482,Cassandra Davenport,New Sergio,Beauty,396.63,4,Debit Card,2025-02-15,5,4.5
ORD106265,CUS3633,Michael Mercado,Richardsonfurt,Sports,3719.01,3,Net Banking,2024-11-02,7,3.7
ORD106266,CUS9170,Kevin Villanueva,Allisonborough,Electronics,3131.78,3,Net Banking,2024-06-30,3,4.8
ORD106267,CUS7130,Philip Whitney,Lisaburgh,Beauty,313.88,4,Credit Card,2026-02-26,4,4.7
ORD106268,CUS5084,,Serranotown,Sports,938.59,5,Net Banking,2024-12-24,4,3.6
ORD106269,CUS1460,Stephanie Hoffman,Howardberg,Books,1826.65,1,Net Banking,2024-03-24,7,4.0
ORD106270,CUS4919,Rebecca Parker,East Andrew,Home,889.63,3,Net Banking,2025-03-14,2,2.0
ORD106271,CUS7089,Claudia Moore,Carterfort,Home,2823.81,5,Debit Card,2025-01-07,3,2.2
ORD106272,CUS2015,Victoria Miller,Stewartville,Books,3704.03,3,Debit Card,2025-11-29,6,3.8
ORD106273,CUS1151,Tammie Raymond,Barrettfurt,Beauty,4939.97,2,Cash on Delivery,2026-02-01,7,1.4
ORD106274,CUS1089,,Carolynville,Books,3660.1,4,Cash on Delivery,2025-04-06,1,2.9
ORD106275,CUS5349,Andrew Morales,Kylemouth,Books,1754.54,4,Net Banking,2025-09-12,2,4.6
ORD106276,CUS7985,Sarah Castaneda,Sabrinaport,Clothing,1479.6,1,Cash on Delivery,2025-05-24,1,4.3
ORD106277,CUS6886,Richard Washington,Peggyton,Electronics,4868.83,4,Net Banking,2024-04-15,3,3.7
ORD106278,CUS4172,Jim Knox,Riceton,Electronics,3335.45,5,Cash on Delivery,2025-11-02,7,
ORD106279,CUS7226,Mr. Dustin Burns,Nguyenstad,Home,4098.95,2,Cash on Delivery,2026-01-28,7,2.2
ORD106280,CUS2057,Dwayne Bowers,West Kaitlyn,Beauty,2177.41,1,Credit Card,2024-12-21,5,4.0
ORD106281,CUS7711,Nicholas Barnes,Dustinshire,Sports,3288.92,5,Net Banking,2025-10-26,1,
ORD106282,CUS3667,Mark Davis,North Scottfurt,Clothing,804.53,5,UPI,2025-08-21,1,4.8
ORD106283,CUS5283,Jaime Gutierrez,Garciahaven,Home,2215.76,2,UPI,2025-10-29,2,3.4
ORD106284,CUS9183,Lance Ross,Christophermouth,Home,4711.19,2,Debit Card,2025-02-17,7,3.4
ORD106285,CUS2225,Carl Trujillo,Welchborough,Clothing,677.97,1,Net Banking,2025-03-08,4,2.2
ORD106286,CUS6156,Isabel Lopez,New Joshua,Electronics,4082.67,3,Cash on Delivery,2024-10-26,7,2.9
ORD106287,CUS9145,Aaron Howard,Bakerview,Clothing,3968.94,1,Net Banking,2024-10-22,4,1.7
ORD106288,CUS1479,Ann Walters,Connerside,Electronics,3482.37,3,Credit Card,2025-03-30,7,2.9
ORD106289,CUS1938,Linda Little,West Walter,Electronics,4192.34,5,Credit Card,2025-02-25,3,2.8
ORD106290,CUS8145,Stephanie Perry,Franciscoview,Beauty,1184.45,1,Net Banking,2025-06-29,4,2.7
ORD106291,CUS7418,John Lopez,Amandabury,Beauty,4957.84,4,Debit Card,2025-01-31,5,1.5
ORD106292,CUS1869,Joshua White,New Annhaven,Home,2030.42,4,Debit Card,2024-10-17,3,2.3
ORD106293,CUS3013,Renee Carey,Leeport,Electronics,1516.2,1,Debit Card,2024-05-13,3,3.3
ORD106294,CUS3735,Christy Herrera,East Sandrastad,Books,3769.72,3,Cash on Delivery,2024-11-01,5,4.0
ORD106295,CUS5556,Robert Collier,West Angela,Electronics,4651.04,4,Credit Card,2024-04-13,3,4.6
ORD106296,CUS7511,Kathy Wright,West Traceyville,Sports,407.95,1,UPI,2024-08-03,1,1.8
ORD106297,CUS5937,Curtis Patterson,Yolandaview,Sports,1012.48,3,UPI,2025-08-31,5,4.7
ORD106298,CUS5441,Joshua Saunders,Lake Linda,Books,3200.21,1,Net Banking,2024-04-04,3,3.5
ORD106299,CUS8069,Matthew Sutton,East Tanya,Sports,1437.6,2,Net Banking,2024-03-26,1,3.0
ORD106300,CUS7156,,Port Loganborough,Books,4088.94,4,Debit Card,2025-01-30,4,1.1
ORD106301,CUS2895,Andrew Marshall,Port Sherri,Books,1585.46,4,Net Banking,2024-12-20,5,2.5
ORD106302,CUS6902,Charlotte Farrell MD,Maryport,Home,3568.95,4,Debit Card,2024-08-01,1,3.5
ORD106303,CUS6599,Whitney Smith,Port Travis,Beauty,469.08,5,Credit Card,2026-01-23,6,3.1
ORD106304,CUS4999,Mary Haley,Jamesstad,Home,1359.48,4,UPI,2026-03-08,2,2.7
ORD106305,CUS6512,Melinda Ryan,North Katie,Clothing,427.47,3,Cash on Delivery,2026-01-11,1,2.0
ORD106306,CUS7266,Aaron Phillips,Garciabury,Electronics,660.38,1,Credit Card,2025-12-31,5,2.5
ORD106307,CUS5623,James Robinson,Annatown,Home,4265.43,4,Net Banking,2024-11-02,5,3.1
ORD106308,CUS6553,Mr. Andrew Black,East Erikatown,Home,2068.49,5,Cash on Delivery,2026-02-14,1,3.6
ORD106309,CUS1541,Lauren English,Nicholasbury,Home,1465.37,2,UPI,2024-06-17,6,1.6
ORD106310,CUS2449,Tina Howard,Nathanside,Electronics,3327.62,2,Debit Card,2026-02-25,2,3.1
ORD106311,CUS5775,Robert Mack,Amandastad,Home,211.86,1,Credit Card,2026-02-13,2,4.3
ORD106312,CUS8461,Rachel Bennett,North Jeffview,Clothing,1299.91,1,Cash on Delivery,2024-12-02,7,3.4
ORD106313,CUS4085,,Lake Harold,Clothing,3009.67,1,Debit Card,2024-07-03,1,2.9
ORD106314,CUS9077,Michelle Tran,Drakefurt,Sports,4767.79,1,Debit Card,2024-10-09,2,2.2
ORD106315,CUS1905,Alyssa Lee,East Daniellemouth,Books,489.74,3,UPI,2026-02-08,5,2.1
ORD106316,CUS8545,Dalton Hall,Melanieville,Sports,266.32,2,Debit Card,2024-09-02,3,2.5
ORD106317,CUS9027,Michael Reid,West Barbarafort,Clothing,4077.0,3,Credit Card,2026-02-07,3,3.5
ORD106318,CUS5894,Brent Boyle,South Kayla,Electronics,1201.38,5,Net Banking,2024-10-29,6,4.8
ORD106319,CUS4766,Jonathan Johnson,Maldonadofort,Sports,3010.38,2,Debit Card,2026-02-21,1,2.1
ORD106320,CUS5265,Daniel Jefferson,East Michael,Electronics,133.27,5,Debit Card,2024-11-11,5,2.5
ORD106321,CUS7267,Madison Mcintyre,East Andreaville,Clothing,2587.22,5,Net Banking,2025-05-08,1,2.9
ORD106322,CUS2285,Ralph Howe,Johnbury,Home,893.67,5,Cash on Delivery,2025-06-24,3,1.6
ORD106323,CUS5340,April Townsend,Victoriamouth,Electronics,4339.05,3,UPI,2025-10-10,3,4.0
ORD106324,CUS3465,Heather Hawkins,New Warrenfurt,Beauty,3055.81,5,Credit Card,2025-06-26,6,4.0
ORD106325,CUS8756,,Lake Stephaniestad,Clothing,1729.99,1,Net Banking,2024-10-22,7,1.6
ORD106326,CUS3045,Matthew Wood,Jessicaside,Books,2660.34,2,Debit Card,2024-11-17,2,5.0
ORD106327,CUS6218,Debbie Mathews,Brandonmouth,Electronics,984.38,2,Net Banking,2024-04-15,4,4.0
ORD106328,CUS1661,Holly Melton,Susanchester,Clothing,3445.53,5,Debit Card,2025-10-14,4,3.6
ORD106329,CUS7303,Christine Pruitt,West Virginia,Books,3450.66,3,Debit Card,2025-07-11,3,4.2
ORD106330,CUS6523,Justin Turner,Dorseybury,Home,4506.39,4,Credit Card,2025-12-22,3,1.3
ORD106331,CUS6586,Denise Thomas MD,Tiffanyberg,Home,3018.97,4,UPI,2024-05-05,7,3.3
ORD106332,CUS4828,Albert Gray,West Catherine,Home,237.27,5,Cash on Delivery,2025-05-02,6,4.4
ORD106333,CUS7174,Angela Sandoval,Jessicaton,Sports,3637.14,1,Net Banking,2025-05-08,1,3.2
ORD106334,CUS9362,Jean Ross,West Madison,Books,3005.32,1,Net Banking,2024-12-22,6,4.3
ORD106335,CUS1211,Nathaniel Carroll,New Danny,Beauty,4446.92,2,Net Banking,2025-04-13,7,3.1
ORD106336,CUS6925,Christopher Burke,Port Daniel,Home,1191.14,5,Debit Card,2025-01-18,1,3.6
ORD106337,CUS4165,Mark Wood,Moralestown,Books,1998.16,4,Cash on Delivery,2024-06-24,1,4.4
ORD106338,CUS2115,Christopher Mcclure,West Tiffany,Home,4057.65,5,Debit Card,2024-06-07,5,1.0
ORD106339,CUS3347,Brad Jackson,Grahamport,Beauty,1004.31,5,UPI,2025-09-16,7,1.4
ORD106340,CUS3798,Lindsey Browning,North Kyle,Home,3268.27,4,UPI,2025-07-28,1,4.8
ORD106341,CUS7515,Maria Oliver,Holdenshire,Beauty,1178.35,1,Debit Card,2026-01-13,6,4.0
ORD106342,CUS6036,James Simmons,Toniland,Clothing,1201.14,5,Credit Card,2024-07-12,4,2.4
ORD106343,CUS5666,Linda Madden,West Amanda,Electronics,3884.54,5,UPI,2024-12-07,5,4.6
ORD106344,CUS7912,John Diaz,Lake Robin,Sports,2329.98,1,Cash on Delivery,2025-10-21,6,2.8
ORD106345,CUS4871,Julie Novak,Denisebury,Sports,4958.83,3,Cash on Delivery,2025-11-14,6,2.3
ORD106346,CUS2668,Alexander Adams,West Nicoleberg,Books,1517.31,2,Net Banking,2025-02-13,3,3.3
ORD106347,CUS3845,Howard Mercer,Williamschester,Sports,2832.25,1,Net Banking,2025-07-20,2,1.2
ORD106348,CUS8665,Julie Love,Stevenport,Sports,566.59,4,Cash on Delivery,2026-03-07,3,1.4
ORD106349,CUS2088,Amy Ayers,East Jessicaton,Electronics,3550.74,1,Cash on Delivery,2025-02-26,7,2.3
ORD106350,CUS2463,Brandon Mahoney,Port Lauren,Sports,1955.02,4,Net Banking,2024-07-08,1,1.8
ORD106351,CUS9221,Michael Ramos,South Daniel,Clothing,551.94,1,UPI,2025-01-24,2,1.1
ORD106352,CUS5340,Nancy Henderson,Katherineshire,Clothing,1169.49,1,Credit Card,2024-07-17,1,1.9
ORD106353,CUS4095,Tiffany Levine,Williamsmouth,Sports,2657.01,5,Debit Card,2024-03-21,4,4.2
ORD106354,CUS9703,Veronica Cantrell,North Jaredchester,Electronics,609.69,2,Net Banking,2025-01-03,4,3.7
ORD106355,CUS2125,Robert Lindsey,North Joanna,Beauty,4335.94,3,Net Banking,2024-08-20,4,4.2
ORD106356,CUS6234,Brian Salazar,Millerberg,Electronics,1548.45,3,Cash on Delivery,2024-11-28,5,3.6
ORD106357,CUS5977,Courtney Schultz,Andreaside,Home,3867.1,5,Credit Card,2025-04-29,5,4.7
ORD106358,CUS3972,Kim Harris,Alexandertown,Clothing,4084.1,2,UPI,2025-11-30,7,4.2
ORD106359,CUS8930,Bradley Johnson,West Jamesville,Books,3010.36,2,Cash on Delivery,2025-10-06,1,3.9
ORD106360,CUS3103,Rachel Rogers,Frazierport,Clothing,2213.45,3,Cash on Delivery,2025-03-28,4,2.6
ORD106361,CUS8053,Eric Peterson,New Leslie,Books,4552.61,3,Credit Card,2024-05-25,6,4.8
ORD106362,CUS1333,Edward Reed,West Janiceborough,Clothing,4106.73,3,Cash on Delivery,2024-07-03,5,1.6
ORD106363,CUS7448,Amanda Miranda,Jeremyton,Home,2410.18,5,Credit Card,2025-06-11,1,3.7
ORD106364,CUS2930,Judith White,Lake Alexisshire,Sports,3284.98,5,Net Banking,2024-12-04,7,5.0
ORD106365,CUS9897,Scott Ryan,Cherryside,Clothing,166.7,4,UPI,2025-04-06,7,2.3
ORD106366,CUS3168,Kim Thornton,Port Julie,Books,4096.61,3,Debit Card,2025-05-08,5,1.9
ORD106367,CUS4987,Scott Brown,West Michellemouth,Home,3306.87,3,Cash on Delivery,2025-04-30,5,4.8
ORD106368,CUS1287,Courtney Weber,New Shannon,Books,1090.39,2,Cash on Delivery,2025-10-20,6,3.8
ORD106369,CUS7519,Derrick Brown,Millermouth,Beauty,196.49,1,UPI,2024-10-30,5,
ORD106370,CUS6555,Deborah Small,Martinhaven,Home,2412.87,3,UPI,2025-07-31,6,2.5
ORD106371,CUS8193,Kenneth Obrien,Michaelfurt,Clothing,2638.08,5,Credit Card,2024-08-15,3,
ORD106372,CUS9436,Jordan Martin,Heatherview,electronics,2615.09,4,Net Banking,2024-12-26,2,
ORD106373,CUS4097,Ashley Jackson,Hendersonview,Sports,1895.32,2,Debit Card,2024-05-19,5,1.3
ORD106374,CUS7581,Jamie Williams,West Keithland,Books,1825.43,5,Cash on Delivery,2025-12-30,3,3.2
ORD106375,CUS8670,Theresa Hampton,Jordanside,Sports,824.3,5,Debit Card,2025-02-13,7,4.5
ORD106376,CUS5208,Shannon Phillips,Jeremiahborough,Home,2280.74,4,Credit Card,2024-12-26,7,4.6
ORD106377,CUS4874,Megan Wheeler,North Stephanie,Books,4317.82,1,Net Banking,2025-07-31,5,3.3
ORD106378,CUS9579,Nicholas Robertson,Stevensshire,Home,3953.38,4,UPI,2025-05-11,1,3.9
ORD106379,CUS3352,Allison Martinez,North Steven,Clothing,3690.71,4,UPI,2024-04-27,3,2.8
ORD106380,CUS6156,Marissa Davenport,South Steve,Books,520.07,3,Credit Card,2025-10-26,6,4.1
ORD106381,CUS4166,Laurie Lee,Simmonstown,Clothing,3864.21,4,Credit Card,2026-01-03,5,4.6
ORD106382,CUS6022,Elizabeth Andrews,Sarafurt,Sports,526.32,3,Credit Card,2025-08-23,1,4.6
ORD106383,CUS4477,John Williamson,South Gailstad,Home,4282.93,4,UPI,2026-01-18,6,4.0
ORD106384,CUS3962,Bobby Carter,Laurafort,Books,3567.93,5,Credit Card,2024-03-25,4,3.7
ORD106385,CUS5895,Jonathan Garrison,Riveraland,Home,2398.58,3,Debit Card,2025-11-19,1,4.0
ORD106386,CUS6037,Timothy Brown,Kingport,Beauty,981.92,4,Cash on Delivery,2025-03-22,3,4.4
ORD106387,CUS4080,Anthony Young,Christophershire,Clothing,2097.97,4,UPI,2026-02-24,1,1.2
ORD106388,CUS2881,Patricia Flores,Lake Anthony,Home,891.78,1,UPI,2025-03-31,2,3.0
ORD106389,CUS3356,Angela Cohen,Brownfurt,Electronics,4149.05,1,UPI,2026-02-03,5,1.9
ORD106390,CUS5379,Jonathan Wyatt,Julieburgh,Electronics,1642.68,1,Debit Card,2024-03-23,2,1.3
ORD106391,CUS3936,Jo Adkins,Maryhaven,Beauty,841.75,4,UPI,2024-05-07,4,3.1
ORD106392,CUS5034,Debra Taylor,Port Jameshaven,Home,4003.1,2,Credit Card,2025-05-15,6,4.3
ORD106393,CUS8464,Pamela Hernandez,Hamiltonmouth,Books,1654.13,2,Debit Card,2025-09-30,5,4.3
ORD106394,CUS1444,Kathryn Thomas DDS,East Amandaton,electronics,4197.03,1,UPI,2024-09-26,3,1.6
ORD106395,CUS2108,Michael Wilson,East Nicholasmouth,Electronics,154.38,3,Debit Card,2025-07-20,3,4.3
ORD106396,CUS8236,Andrea Becker,Chavezbury,Books,4543.0,4,Credit Card,2025-11-06,5,3.3
ORD106397,CUS8960,Samantha Sherman,Lake Karen,Electronics,3703.55,2,Net Banking,2025-06-26,4,2.4
ORD106398,CUS1368,Jamie Weaver,South Joseph,Clothing,1056.02,3,Debit Card,2024-11-25,2,4.9
ORD106399,CUS7366,William Tanner,Colemanview,Electronics,101.95,1,Cash on Delivery,2025-02-04,1,2.7
ORD106400,CUS2132,David Pierce,North Antonio,Beauty,4995.7,4,Credit Card,2025-12-24,7,3.8
ORD106401,CUS4036,,Madelineland,Clothing,1228.56,4,Debit Card,2024-05-15,6,1.5
ORD106402,CUS1885,,Smithtown,Home,4295.85,1,Cash on Delivery,2026-03-10,1,2.2
ORD106403,CUS4778,Christopher Williams,North Mary,Home,2210.17,5,UPI,2025-07-13,1,2.2
ORD106404,CUS6219,Thomas Ortiz,New Michael,Sports,1814.67,4,Credit Card,2025-11-05,7,2.4
ORD106405,CUS2275,Felicia Hernandez,North Coryville,electronics,4554.55,5,UPI,2025-02-06,3,1.4
ORD106406,CUS2582,Justin Anderson,West Shawn,Sports,3448.97,1,Cash on Delivery,2025-02-18,1,1.3
ORD106407,CUS9729,Stacy Martinez,North Samuelton,Sports,3425.73,4,UPI,2025-03-10,3,1.8
ORD106408,CUS5914,Christine French,North Jessica,Books,2997.12,1,Credit Card,2025-03-14,4,
ORD106409,CUS5606,Melissa Cabrera,West Samuel,Sports,1482.32,3,Net Banking,2024-08-25,5,3.5
ORD106410,CUS3957,Christopher Johnson,New Natalieview,Clothing,1762.93,2,Credit Card,2024-12-25,4,3.5
ORD106411,CUS2475,Brandon Huerta,Phillipsport,Clothing,3394.02,5,UPI,2025-06-25,7,3.7
ORD106412,CUS1896,Joseph Martinez,South Matthewside,Home,1291.25,1,Net Banking,2025-02-16,5,2.7
ORD106413,CUS7321,Jessica Bell,South Melissaside,Electronics,3537.93,3,UPI,2025-04-24,7,1.7
ORD106414,CUS2602,Patrick Estes MD,New Natalieport,Electronics,3481.82,3,Cash on Delivery,2025-04-06,5,3.2
ORD106415,CUS2828,William Powers,Davidstad,Home,3223.49,1,UPI,2025-04-25,1,3.5
ORD106416,CUS3200,Keith Klein,Ramseyport,Books,4485.04,5,Debit Card,2026-02-18,5,1.8
ORD106417,CUS2949,Eddie Hill,Linburgh,Beauty,3431.22,3,Debit Card,2024-05-31,7,3.0
ORD106418,CUS6250,Thomas Fox,South Scottfurt,Home,2607.5,4,Credit Card,2025-07-16,5,2.8
ORD106419,CUS9269,Steven Deleon,Ashleychester,Books,4439.96,2,Debit Card,2025-04-09,5,3.7
ORD106420,CUS4674,Robert Butler,North Johnside,Clothing,3455.37,5,Credit Card,2025-07-15,2,2.2
ORD106421,CUS8278,Christina Parker,West Dwayne,Home,2721.38,4,Cash on Delivery,2024-08-10,1,4.2
ORD106422,CUS9533,Kimberly Herring,West Aaron,Beauty,1810.31,2,Debit Card,2025-11-10,4,4.3
ORD106423,CUS7160,Brenda Melendez,Lake Jacquelinetown,Books,2472.26,2,Debit Card,2024-09-09,1,3.1
ORD106424,CUS5177,George Rivas,East Michelle,Electronics,346.23,4,Cash on Delivery,2025-09-03,1,1.4
ORD106425,CUS4520,Jacqueline Garza,New Brian,Home,3414.84,2,Cash on Delivery,2025-03-16,7,2.3
ORD106426,CUS1082,Kelly Alexander,Snyderton,Sports,1398.88,3,Net Banking,2024-12-21,5,1.7
ORD106427,CUS8110,Samantha Frederick,Tiffanyborough,Sports,1511.5,2,Cash on Delivery,2025-07-14,1,3.0
ORD106428,CUS6096,Michael Collins,Lake Annette,Sports,596.07,5,UPI,2024-11-05,5,3.2
ORD106429,CUS4497,,Whiteview,Sports,1916.45,5,Credit Card,2025-03-07,1,2.9
ORD106430,CUS5700,Dr. Brian Martinez DDS,Charlesberg,Beauty,1262.29,5,Net Banking,2024-05-18,5,3.3
ORD106431,CUS2655,,Melindamouth,Beauty,2644.04,5,Cash on Delivery,2026-01-18,4,4.2
ORD106432,CUS5998,Shaun Evans,Russellbury,Home,4893.29,3,UPI,2024-11-15,2,3.7
ORD106433,CUS6915,Anthony Larson,East Vincent,Books,1125.7,2,Debit Card,2024-10-12,6,1.7
ORD106434,CUS9995,Valerie Mcbride,New David,Beauty,4899.72,5,Cash on Delivery,2025-06-10,4,1.3
ORD106435,CUS9496,Ronald Alexander,Lake Davidland,Beauty,112.79,1,Credit Card,2025-10-15,7,2.5
ORD106436,CUS1869,Alex Mccoy,Richardville,Books,4946.11,3,Credit Card,2025-06-29,7,3.7
ORD106437,CUS6632,Barbara Thomas,Goodwinmouth,Beauty,3830.51,4,Debit Card,2025-11-03,7,1.7
ORD106438,CUS8299,Phillip Luna,Hicksview,Electronics,3350.98,3,UPI,2024-10-13,3,3.5
ORD106439,CUS6407,Deborah Cox,Port Christina,Beauty,3990.01,1,Credit Card,2025-08-13,2,4.1
ORD106440,CUS9556,Nicole Ponce,Michellehaven,Home,380.57,4,Debit Card,2025-08-23,7,1.1
ORD106441,CUS2834,Bruce Mclaughlin PhD,Catherinetown,electronics,2488.76,2,Cash on Delivery,2024-09-14,5,4.5
ORD106442,CUS3171,Melissa Schmidt,Lake Maryborough,Books,1610.85,1,Debit Card,2025-06-15,5,3.6
ORD106443,CUS6376,Billy Huff,New Hollyburgh,Electronics,2474.53,2,Cash on Delivery,2025-04-01,7,1.4
ORD106444,CUS8883,Andrew Sullivan,South Christophermouth,Books,1973.77,4,Debit Card,2025-04-12,1,1.0
ORD106445,CUS2415,Sierra Hernandez,Lake George,Beauty,2721.12,5,Net Banking,2025-09-04,6,1.2
ORD106446,CUS5558,Jon Mckay,South Davidshire,Beauty,2283.84,2,Credit Card,2025-03-18,6,4.4
ORD106447,CUS1362,Nancy Gregory,Proctorbury,Home,3095.97,3,Credit Card,2024-07-16,7,1.7
ORD106448,CUS6723,Julie Fisher,South Kayla,Beauty,222.38,5,Credit Card,2025-05-23,2,4.7
ORD106449,CUS3414,Melissa Hamilton,North Cynthia,Clothing,1418.09,5,Cash on Delivery,2025-04-05,6,2.0
ORD106450,CUS7691,Barbara Browning,Cortezchester,Sports,2033.37,4,Credit Card,2026-01-25,1,3.3
ORD106451,CUS7856,Megan Thomas,Fredericktown,Beauty,2362.26,5,Debit Card,2025-07-25,6,
ORD106452,CUS6996,Allen Manning,East Lance,Electronics,3036.49,3,UPI,2025-08-01,6,3.7
ORD106453,CUS3171,Dana Mcdaniel,North Belinda,Sports,1460.57,1,Cash on Delivery,2024-12-09,7,4.0
ORD106454,CUS2036,Kim Zuniga,Port Christinaville,Home,2450.9,4,Debit Card,2025-06-08,4,2.7
ORD106455,CUS8389,Erica Alexander,Christineborough,Books,574.95,5,Debit Card,2025-12-12,4,
ORD106456,CUS2921,John Smith,Teresaport,Clothing,1788.0,1,Cash on Delivery,2025-05-07,2,3.0
ORD106457,CUS2151,William Gross,West Timothy,Home,3224.47,5,UPI,2025-10-25,3,2.7
ORD106458,CUS7431,Tina Douglas,Josephville,Electronics,104.98,3,UPI,2024-08-26,7,4.4
ORD106459,CUS1293,Zachary Cook,West Christineport,Clothing,251.94,2,Debit Card,2026-03-09,4,3.1
ORD106460,CUS7411,Jeremiah Howe,Joshuahaven,Books,1952.15,3,Debit Card,2025-01-29,1,3.0
ORD106461,CUS7731,,Harrisside,Beauty,3798.17,3,Net Banking,2026-02-21,6,3.7
ORD106462,CUS1592,Lindsey Ross,Jenniferside,Home,1959.81,5,Credit Card,2025-08-30,4,
ORD106463,CUS5674,Stephen Coleman,North Caleb,Beauty,4461.89,2,Credit Card,2026-01-08,2,2.5
ORD106464,CUS9075,Donna Johnson,New Michael,Home,3074.4,1,Net Banking,2026-01-09,2,3.3
ORD106465,CUS3440,Grant Huffman,New Travis,Electronics,2275.49,2,Credit Card,2024-12-12,7,3.7
ORD106466,CUS3500,Robert Moore,Kaiserfurt,Electronics,4359.36,5,UPI,2024-03-17,2,
ORD106467,CUS3379,Stacey May,West Valerieberg,Beauty,4477.13,4,Credit Card,2024-04-05,4,4.3
ORD106468,CUS9703,Philip Walsh,East Victoriahaven,Sports,3939.44,1,Net Banking,2025-02-03,3,4.4
ORD106469,CUS8123,Tony Thomas,Gallaghershire,Clothing,2724.27,3,Cash on Delivery,2025-10-12,1,3.6
ORD106470,CUS7760,Barry Hinton,Loganport,Home,1052.9,3,Cash on Delivery,2024-10-03,6,2.5
ORD106471,CUS4734,Amanda Matthews,Dawnshire,Beauty,1034.64,1,Debit Card,2024-04-16,1,3.2
ORD106472,CUS6007,Tracy Harmon,Fowlerview,Electronics,790.46,1,Net Banking,2025-10-16,1,4.6
ORD106473,CUS8482,Kelly Dunn,Chelseaville,Beauty,4572.03,3,Debit Card,2024-05-02,5,2.4
ORD106474,CUS2431,,Dunnville,Electronics,1578.5,5,UPI,2024-08-13,5,2.0
ORD106475,CUS3223,Mindy White,Lake Laurieport,Home,4339.08,5,Debit Card,2025-06-22,2,3.8
ORD106476,CUS1408,Kimberly Fowler,Allenville,Sports,1490.19,3,Credit Card,2026-01-06,4,4.6
ORD106477,CUS5421,Kelly Walter MD,New Michael,Electronics,3598.71,1,Debit Card,2026-02-26,6,1.7
ORD106478,CUS8276,Diana Alexander,East Ryan,Electronics,3883.68,3,UPI,2025-09-08,1,3.9
ORD106479,CUS3430,Carl Garcia,New Rickyfurt,Clothing,172.62,2,Cash on Delivery,2024-07-15,6,2.2
ORD106480,CUS3649,Mark Charles,North Gilbertville,electronics,196.32,2,UPI,2026-02-21,7,3.2
ORD106481,CUS1933,Peter French,Fordburgh,Beauty,1423.41,4,Credit Card,2024-09-06,7,5.0
ORD106482,CUS4004,Wesley Robbins,Walterview,Sports,4373.3,4,Cash on Delivery,2025-06-01,6,3.4
ORD106483,CUS4768,Charles Johnston,Marissaborough,Electronics,1675.38,4,Cash on Delivery,2025-08-18,3,4.4
ORD106484,CUS1477,Nicholas Snow,Klineshire,Sports,1957.12,5,Debit Card,2024-07-24,1,3.7
ORD106485,CUS4333,Jose Webb,Dianaport,Electronics,591.26,1,Net Banking,2024-10-21,5,3.6
ORD106486,CUS6415,John Phillips,Sherrystad,Beauty,4315.44,3,Credit Card,2024-04-13,7,2.5
ORD106487,CUS2631,Krista Alvarado,Port Nataliebury,Beauty,2246.17,3,Credit Card,2026-01-18,2,4.7
ORD106488,CUS7053,Isaac Marquez,Lake Mandyhaven,Sports,3439.14,4,Cash on Delivery,2025-06-19,3,3.3
ORD106489,CUS4841,Mark Cook,Richardstown,Clothing,2371.13,5,Cash on Delivery,2024-09-18,7,2.5
ORD106490,CUS4860,Robert Wilson,Karichester,electronics,3094.03,4,UPI,2024-09-15,3,1.1
ORD106491,CUS1871,Wanda Flores,Timothyshire,Clothing,220.66,4,Cash on Delivery,2025-02-13,4,3.9
ORD106492,CUS2498,Chad Pena,Port Brenda,Beauty,1412.35,1,Cash on Delivery,2025-10-15,5,3.0
ORD106493,CUS2272,Darrell Walker,New Miranda,Electronics,3263.2,5,Cash on Delivery,2025-07-24,3,3.3
ORD106494,CUS2766,Justin Burgess,East Kylechester,Home,256.2,2,Debit Card,2025-11-28,3,4.2
ORD106495,CUS6090,Steven Goodwin,New Brian,Books,1684.01,4,Cash on Delivery,2025-02-11,3,1.4
ORD106496,CUS6047,Jessica Jackson,Robinborough,Electronics,1813.84,1,Cash on Delivery,2024-10-22,4,4.9
ORD106497,CUS1456,Christopher Lopez,Jerryhaven,Clothing,392.06,1,Credit Card,2026-02-09,5,4.7
ORD106498,CUS6759,Shane Hicks,South Mark,Sports,691.26,5,UPI,2025-06-28,1,3.2
ORD106499,CUS5538,Scott Cline,Jimmyberg,Clothing,3489.9,4,Credit Card,2025-01-18,6,4.8
ORD106500,CUS4049,Connie Mitchell,North Teresaborough,Electronics,4076.39,1,Credit Card,2024-12-11,6,3.7
ORD106501,CUS9527,Crystal Medina,Thomaschester,Electronics,946.6,3,Credit Card,2025-07-29,5,3.2
ORD106502,CUS1569,James Taylor DDS,New Rebecca,Books,4887.89,3,Cash on Delivery,2025-10-29,2,1.4
ORD106503,CUS2750,Richard Brady,Annaborough,Books,1805.46,2,Debit Card,2024-06-22,7,1.8
ORD106504,CUS4681,Jennifer Bentley,Maxwellburgh,Clothing,2622.58,3,UPI,2025-04-11,5,3.3
ORD106505,CUS7045,Ronald Brown,Brendamouth,Sports,4358.89,5,UPI,2025-12-07,5,4.8
ORD106506,CUS2605,,North Debra,Clothing,2096.07,2,Cash on Delivery,2024-05-10,4,1.8
ORD106507,CUS3413,Stacey Weaver,Port Laura,Beauty,4005.71,5,UPI,2025-02-15,1,3.5
ORD106508,CUS6442,Mathew Houston,East Alexisfort,Electronics,4780.0,2,Cash on Delivery,2025-09-06,2,2.1
ORD106509,CUS6475,Paul Barber,Floresmouth,Electronics,2143.59,2,Credit Card,2025-08-03,5,2.7
ORD106510,CUS2986,Rebecca Watson,Danielleburgh,Home,2077.24,4,UPI,2025-06-11,6,3.8
ORD106511,CUS3404,Angel Collins,Port Loriburgh,Books,4105.83,1,Net Banking,2025-04-02,4,4.7
ORD106512,CUS4492,Steven Mathis,Hopkinsmouth,electronics,3656.57,3,Credit Card,2025-06-17,2,2.4
ORD106513,CUS7705,Austin Krause,Tuckerland,Beauty,2941.11,1,Cash on Delivery,2024-10-06,1,3.8
ORD106514,CUS2913,Elizabeth Lucas,Guzmanview,Beauty,4039.44,1,Debit Card,2025-04-02,3,2.5
ORD106515,CUS1892,Sandra Wright,South Jessica,Books,3570.0,5,Debit Card,2024-09-15,2,2.1
ORD106516,CUS1121,Ryan Davis,Emilyfort,Electronics,1810.39,3,Cash on Delivery,2024-10-31,6,3.1
ORD106517,CUS3575,Lisa Mueller,Port Jessicaburgh,Sports,1517.52,2,Credit Card,2024-11-28,5,3.7
ORD106518,CUS6057,Sharon Martin,Millsport,Sports,3574.61,5,Cash on Delivery,2024-11-07,1,4.3
ORD106519,CUS6062,Jeffrey Taylor,New Amy,Books,4758.62,1,Net Banking,2025-07-05,6,4.2
ORD106520,CUS5449,,East Theresa,Sports,1316.11,4,Net Banking,2024-06-04,4,2.7
ORD106521,CUS4633,Cameron Welch,North Courtney,Books,4944.83,2,Cash on Delivery,2025-06-08,2,1.9
ORD106522,CUS8032,Gina Wright,Gibbsmouth,Beauty,4039.78,2,Credit Card,2024-10-23,1,4.0
ORD106523,CUS5262,Ruth Banks,East Brian,Home,3788.25,3,UPI,2025-10-12,3,3.9
ORD106524,CUS8415,Linda Drake,Lake Nancy,Sports,3037.45,2,Net Banking,2025-04-20,3,2.9
ORD106525,CUS1183,Caleb Jackson,Lake Christina,Beauty,1184.68,4,Debit Card,2025-04-28,5,1.6
ORD106526,CUS1201,Adam Salas,New Carolineburgh,Sports,1445.36,5,Cash on Delivery,2025-03-30,4,3.1
ORD106527,CUS4763,Travis Brady,Emilyport,Sports,1180.78,2,Cash on Delivery,2024-12-21,3,1.9
ORD106528,CUS1906,Annette Roberts,South Davidville,Beauty,4439.61,1,Cash on Delivery,2025-12-17,3,1.4
ORD106529,CUS9221,Dana Odonnell,Moorechester,Sports,902.79,2,Debit Card,2025-07-19,7,4.2
ORD106530,CUS2873,Jason Thomas,Higginshaven,Books,2730.66,3,Debit Card,2024-06-09,5,2.2
ORD106531,CUS7937,Melissa Ward,Toddchester,Beauty,770.91,5,Net Banking,2026-03-09,5,4.7
ORD106532,CUS4582,Jonathan Carter,Popeberg,Sports,2460.3,3,Credit Card,2024-04-19,1,
ORD106533,CUS9365,Frances Hardy,West Ashley,Electronics,4840.79,3,Cash on Delivery,2024-12-27,7,2.0
ORD106534,CUS3799,Tony Young,Robertshire,Beauty,1623.6,2,Credit Card,2025-01-24,6,1.4
ORD106535,CUS2251,Paul Simon,Brownstad,Home,3139.19,4,Net Banking,2025-06-15,7,2.7
ORD106536,CUS5157,Teresa King,Jamestown,Books,4115.0,2,UPI,2024-10-14,4,3.7
ORD106537,CUS3650,Ashley Riley,South Ricky,Home,3899.73,4,Cash on Delivery,2025-05-30,3,1.6
ORD106538,CUS9430,Kyle Harris,Cathyview,Beauty,416.85,3,Cash on Delivery,2024-08-22,3,3.9
ORD106539,CUS4726,Christopher Hart,West Barbara,Clothing,977.13,2,Credit Card,2024-12-15,4,4.3
ORD106540,CUS2156,David Fisher,Jeremychester,Home,2724.97,1,Debit Card,2024-04-16,5,3.1
ORD106541,CUS5237,Brian Austin Jr.,Lake Eric,electronics,4456.38,5,Net Banking,2025-10-26,2,4.3
ORD106542,CUS2683,Thomas Scott,Grossview,Sports,1051.86,3,Net Banking,2024-03-25,3,1.6
ORD106543,CUS6577,Craig Hall,Port Michaeltown,Clothing,1856.68,2,Credit Card,2026-01-09,3,3.2
ORD106544,CUS7325,Heather Reid,East Suzanne,Beauty,1756.22,5,Credit Card,2026-01-05,6,4.1
ORD106545,CUS4475,Lori Daniels,Tonyabury,Beauty,2469.17,5,Net Banking,2025-08-07,4,1.6
ORD106546,CUS8923,Melanie Newton,Johnsonmouth,Books,1095.21,4,UPI,2025-11-26,1,
ORD106547,CUS1799,Laura Hughes,Nataliechester,Beauty,1219.8,2,Credit Card,2025-06-29,3,2.5
ORD106548,CUS3926,Nancy Kaufman,Port Karen,Books,3777.28,1,Net Banking,2024-08-19,6,2.7
ORD106549,CUS6557,Nicholas Bryant,North Juliestad,Beauty,767.2,5,UPI,2024-09-22,1,1.8
ORD106550,CUS2266,Angel Delacruz,Emilyshire,Home,4442.68,5,Cash on Delivery,2024-12-04,3,3.5
ORD106551,CUS7562,Crystal Rivera,Kimberg,Electronics,4845.7,1,Debit Card,2025-07-20,6,3.6
ORD106552,CUS3864,,South Dylanstad,Home,437.74,4,Cash on Delivery,2024-08-08,2,2.4
ORD106553,CUS2271,Carl Rodriguez,South David,Sports,2576.24,3,Cash on Delivery,2025-08-18,1,2.9
ORD106554,CUS2970,Toni Guzman,Herrerafort,Books,2371.92,1,UPI,2025-09-04,7,3.1
ORD106555,CUS1190,Peter Shelton,South Meaganbury,Clothing,1098.07,2,Credit Card,2024-03-22,7,3.5
ORD106556,CUS9998,Morgan Davis,Claytonberg,Beauty,2486.18,3,Debit Card,2024-08-15,5,3.2
ORD106557,CUS2108,Mark Wang,South Jeffton,Sports,4988.35,1,Debit Card,2024-06-19,5,3.0
ORD106558,CUS9886,Kevin Scott,Martinezberg,Sports,2309.43,1,Credit Card,2024-11-05,7,4.6
ORD106559,CUS4461,Amanda Conley,Bettyville,Home,3123.66,1,Debit Card,2025-03-20,1,1.0
ORD106560,CUS8659,,Kimville,electronics,725.78,5,UPI,2025-09-11,4,4.5
ORD106561,CUS7151,Kyle Young,Mikaylaside,Beauty,969.33,1,Credit Card,2026-02-23,6,2.0
ORD106562,CUS9598,Debbie Valenzuela,Riverstown,Sports,143.23,1,Credit Card,2024-10-15,4,3.2
ORD106563,CUS2572,Bryan Sharp,Port Nathan,Books,1614.35,1,Debit Card,2024-09-15,4,2.6
ORD106564,CUS4243,Stacie Mcdaniel,Webbport,Books,730.84,3,Cash on Delivery,2024-11-17,4,1.2
ORD106565,CUS9785,,Lake Joseph,Home,1040.61,4,UPI,2025-12-16,3,3.0
ORD106566,CUS5752,,West Aaronborough,Home,4684.95,4,UPI,2024-12-05,7,4.4
ORD106567,CUS4887,Joseph Cochran,Port Randy,Clothing,570.05,4,Net Banking,2025-11-21,1,4.3
ORD106568,CUS7777,Hannah Stanton,South Jeffrey,Beauty,2553.08,3,UPI,2024-11-09,6,2.8
ORD106569,CUS6680,Steven Scott,Lake Benjaminville,Home,3189.88,3,Cash on Delivery,2025-01-07,6,3.9
ORD106570,CUS7668,Maria Rivera,East Gilbertshire,Beauty,3442.86,4,Debit Card,2024-05-17,7,3.1
ORD106571,CUS6568,Russell Moore,Manningborough,Sports,290.14,3,Credit Card,2026-02-17,7,4.7
ORD106572,CUS3385,Erica Jones,Meyerport,Beauty,313.04,5,Credit Card,2026-01-28,5,2.8
ORD106573,CUS7810,,West Amanda,Sports,1423.16,1,Debit Card,2025-06-21,7,3.6
ORD106574,CUS3828,Joshua Carter,South Dominique,Clothing,1137.96,2,Debit Card,2025-05-19,6,3.3
ORD106575,CUS4477,Grant Scott,South Chelseamouth,Home,4089.25,2,Debit Card,2025-09-14,2,2.2
ORD106576,CUS6106,Elizabeth Lopez,Lake Melissa,Beauty,4228.01,1,Cash on Delivery,2024-09-21,7,1.9
ORD106577,CUS6577,Jessica Johnson,Lake John,Home,1177.49,2,Credit Card,2026-03-07,6,2.5
ORD106578,CUS5346,Sonya Smith,Julieview,Electronics,1757.04,4,UPI,2026-01-23,6,4.1
ORD106579,CUS7860,Douglas Allen,West Steven,Beauty,2989.59,1,Debit Card,2026-03-08,3,3.7
ORD106580,CUS1095,Katie Rodriguez,Lawrencebury,Books,1367.33,4,Net Banking,2025-02-23,2,
ORD106581,CUS8166,Kylie Wood,Markhaven,Sports,4945.27,2,Cash on Delivery,2025-01-15,7,2.7
ORD106582,CUS3130,Brian Moore,Seanburgh,Home,2368.22,1,Debit Card,2024-09-06,5,1.3
ORD106583,CUS4959,Jonathan Johnson,Staceytown,Clothing,2176.68,2,UPI,2025-09-15,1,4.2
ORD106584,CUS7812,William Clements,West Andrew,Books,4267.97,2,UPI,2025-05-11,3,4.2
ORD106585,CUS2766,,Barbaraville,Beauty,1774.75,3,Debit Card,2026-03-04,6,4.0
ORD106586,CUS4402,Matthew Sanders,Vanessaville,Electronics,2830.83,3,Debit Card,2025-09-10,5,3.1
ORD106587,CUS8768,Barbara Brown,Reyesville,Electronics,2048.86,4,Net Banking,2025-04-28,6,4.9
ORD106588,CUS1216,John Hendricks,Walkershire,Electronics,1490.79,5,Debit Card,2024-06-19,2,2.5
ORD106589,CUS7191,Craig Rowe,North Benjaminstad,Home,4740.49,2,Credit Card,2024-04-07,5,4.7
ORD106590,CUS8927,Debbie Rollins,Butlerfurt,Books,1282.86,2,Debit Card,2024-04-10,7,4.2
ORD106591,CUS9108,Abigail Smith,Kerrland,Home,1531.65,3,UPI,2025-02-02,6,3.6
ORD106592,CUS8630,Joseph Harris,Lake Kristenfort,Electronics,1578.38,3,UPI,2025-11-18,6,4.4
ORD106593,CUS4788,Scott Mitchell,Johnport,Sports,3534.27,5,Cash on Delivery,2025-10-28,1,2.7
ORD106594,CUS3699,Amanda Park,North Stephanie,Home,1160.63,1,Credit Card,2024-09-09,2,2.7
ORD106595,CUS7050,Anna Mitchell,Leebury,Clothing,1240.87,5,Cash on Delivery,2025-07-29,1,4.8
ORD106596,CUS7632,,Harrisonport,Sports,1629.63,1,Credit Card,2025-02-28,7,2.8
ORD106597,CUS2195,Ryan Arnold,Amandaside,Home,3707.87,1,Net Banking,2025-08-28,5,
ORD106598,CUS4173,,Mortonfurt,Sports,2191.23,2,Cash on Delivery,2026-01-14,2,4.1
ORD106599,CUS6604,Sarah Beck,New Aaronport,Home,1217.67,4,Debit Card,2026-01-15,1,3.5
ORD106600,CUS7535,Jonathan George,Roweberg,Home,4681.24,2,Credit Card,2025-07-12,3,2.4
ORD106601,CUS7281,Troy Stone,Bethanyhaven,Beauty,2757.19,2,UPI,2024-08-20,2,3.4
ORD106602,CUS9222,,East Jessicaville,Electronics,1931.5,1,Credit Card,2025-11-01,3,4.8
ORD106603,CUS5861,Tyler Rhodes,East Larryton,Home,4930.83,3,Cash on Delivery,2024-10-31,4,2.2
ORD106604,CUS7504,Bruce Wilson,North Ronnieside,Sports,1456.99,4,Cash on Delivery,2024-10-12,2,4.4
ORD106605,CUS1106,Kelsey Ford,South Vanessa,Beauty,507.82,2,UPI,2025-03-14,1,4.7
ORD106606,CUS4474,Alexandra Taylor,Port Gary,Beauty,1639.52,5,Cash on Delivery,2025-03-11,4,2.7
ORD106607,CUS9080,Mark Lewis,West James,Sports,1137.52,1,Credit Card,2024-10-19,1,3.4
ORD106608,CUS9186,Jason Reed,Port Michaelport,Sports,3770.89,4,Debit Card,2024-08-28,1,3.5
ORD106609,CUS2658,Wendy Blair,Jacksonhaven,electronics,1707.82,4,UPI,2026-02-11,2,2.6
ORD106610,CUS1426,Mary Patton,South Jamieland,Clothing,2171.94,1,Cash on Delivery,2025-03-08,7,1.6
ORD106611,CUS7223,Timothy Jones,Richardport,Electronics,3891.63,3,Net Banking,2024-05-29,5,1.8
ORD106612,CUS7598,Edward Stewart,Blackstad,Sports,1200.75,2,Credit Card,2026-02-22,5,3.8
ORD106613,CUS7310,Monique Hart,Tonyland,Sports,3766.79,2,UPI,2026-01-01,4,3.7
ORD106614,CUS6583,Richard Ruiz,New Angelastad,Clothing,2421.02,4,Debit Card,2025-10-24,5,4.5
ORD106615,CUS6254,Christopher Barnes,Michaeltown,Beauty,1792.56,3,Credit Card,2024-07-08,7,4.9
ORD106616,CUS2405,Anthony Ferguson,Travisfurt,Home,167.76,5,Cash on Delivery,2024-04-28,3,2.5
ORD106617,CUS6666,Barbara Winters,Mooremouth,Books,4427.79,3,Net Banking,2026-01-24,1,1.1
ORD106618,CUS6529,Melissa Dunlap,Christineburgh,Clothing,3678.27,3,Net Banking,2024-09-01,6,3.2
ORD106619,CUS4944,Jill Thomas,North Karen,Books,3768.83,2,Net Banking,2025-06-14,5,
ORD106620,CUS3714,Alison Buckley,Port Aaron,Clothing,3145.61,2,Cash on Delivery,2025-08-24,4,2.8
ORD106621,CUS3179,Angela House,Jenniferside,Home,1547.43,2,Debit Card,2024-10-18,2,1.5
ORD106622,CUS5320,Mr. Travis Miller IV,Lake Thomasview,Electronics,1664.17,4,Credit Card,2024-12-21,7,1.3
ORD106623,CUS3831,Arthur Williams,South Daniel,Beauty,4568.82,4,Credit Card,2025-06-27,5,1.8
ORD106624,CUS8852,Heather Johnson,Port Robert,Books,4731.51,4,UPI,2025-12-28,4,1.0
ORD106625,CUS4352,Sarah Thomas,Darleneberg,Sports,4622.41,5,Debit Card,2026-01-09,5,4.2
ORD106626,CUS5156,,Lindseychester,Sports,3571.49,4,Cash on Delivery,2025-10-09,6,1.7
ORD106627,CUS7646,Brian Obrien,Sellersmouth,Beauty,2056.49,1,Cash on Delivery,2024-08-23,4,1.0
ORD106628,CUS4668,Russell Cooper,Lake Patrick,Sports,913.59,3,Debit Card,2024-06-29,7,1.1
ORD106629,CUS3725,Richard Harris,Veronicafurt,Clothing,3189.93,1,Net Banking,2025-05-09,4,4.4
ORD106630,CUS1293,Christy Harris,Port Brianville,Beauty,3461.11,2,Credit Card,2024-05-09,3,1.6
ORD106631,CUS7549,Michael Johnson,Lake James,Clothing,2977.3,4,Credit Card,2025-09-13,6,3.0
ORD106632,CUS5109,Charles Perry,East William,Clothing,469.27,3,Debit Card,2025-05-31,2,1.7
ORD106633,CUS1480,Logan Wilson,North Johnny,Clothing,215.52,1,Credit Card,2025-10-17,6,4.5
ORD106634,CUS8140,Anna Branch,Amberberg,Beauty,2898.65,1,UPI,2024-10-08,3,3.4
ORD106635,CUS7195,Erik Frederick,Garyhaven,Home,2474.06,4,Credit Card,2025-07-21,6,2.2
ORD106636,CUS7862,Stephanie Hicks,Kristenbury,Electronics,3373.7,2,Credit Card,2024-07-28,3,2.9
ORD106637,CUS3948,Jamie Jones,Pamelaport,Sports,3318.66,1,Debit Card,2026-01-20,2,3.5
ORD106638,CUS6360,Hayden Campos,East Wesley,Electronics,844.03,5,Credit Card,2025-12-27,7,3.4
ORD106639,CUS7522,Emily Ross,Danielport,Clothing,3476.95,2,Cash on Delivery,2024-11-15,3,3.6
ORD106640,CUS2493,Fred Barnett,Lake Williambury,Beauty,952.09,1,UPI,2026-03-05,2,
ORD106641,CUS5255,Andrew Woods,Normanview,Books,3324.76,1,Cash on Delivery,2025-10-07,1,2.6
ORD106642,CUS9332,Alexander Morrow,Brianport,Sports,3955.38,3,UPI,2024-07-25,4,3.8
ORD106643,CUS8879,Kristie Blanchard,Vickiton,Books,2521.01,3,Credit Card,2025-07-19,1,2.6
ORD106644,CUS4296,Tara Vaughn,Karentown,Home,4001.69,2,Cash on Delivery,2025-04-26,2,3.7
ORD106645,CUS6733,Keith Adams,Lake Daniel,Home,1942.1,5,Net Banking,2025-07-19,5,2.5
ORD106646,CUS4033,Stacey Johnson,Wangborough,Sports,2817.48,5,Debit Card,2025-09-11,2,1.0
ORD106647,CUS6745,Lisa Jimenez,North Melindahaven,Home,2203.25,2,Debit Card,2024-06-17,2,3.0
ORD106648,CUS5795,Nicholas Lee,Erinview,Beauty,2398.19,4,Credit Card,2024-11-06,7,4.0
ORD106649,CUS1200,Christy Smith,Bentonfort,Beauty,252.66,4,Net Banking,2024-06-19,4,2.0
ORD106650,CUS1408,Jay Gutierrez,Warnerland,Home,1379.24,2,Credit Card,2025-08-20,6,3.4
ORD106651,CUS1166,Christian Rowland,East Saraview,Beauty,1733.51,5,Net Banking,2025-01-29,4,1.7
ORD106652,CUS4116,Christopher Henderson,Port Ethan,Clothing,4630.36,3,UPI,2025-09-30,6,3.9
ORD106653,CUS3707,Theresa Day,New Anthonyshire,Sports,3003.67,4,Debit Card,2025-10-08,6,3.8
ORD106654,CUS4181,Evelyn Patton,East Dannyton,Sports,3945.5,5,Cash on Delivery,2026-02-07,6,3.2
ORD106655,CUS6447,Tyrone Gentry,Stephanieberg,Clothing,4008.86,2,UPI,2026-03-02,1,4.2
ORD106656,CUS2564,Tiffany Roberts,Riveraton,Sports,933.21,1,Cash on Delivery,2024-11-12,6,2.8
ORD106657,CUS6754,Sharon Parks,Lake Sandra,Beauty,1515.67,3,Cash on Delivery,2025-09-23,3,2.0
ORD106658,CUS9920,Jessica Lopez,Byrdtown,Electronics,2927.49,4,Net Banking,2024-04-12,3,2.1
ORD106659,CUS5118,David Jackson Jr.,Gonzalezland,Books,1265.82,2,Cash on Delivery,2025-08-24,5,1.7
ORD106660,CUS1373,Erica Kennedy,New Kyliechester,Electronics,2120.75,2,UPI,2025-10-31,1,2.6
ORD106661,CUS7945,Clinton Gray,New Ashley,Clothing,4053.61,4,Debit Card,2025-12-09,7,3.4
ORD106662,CUS9842,Jason Chen,East Williamland,Clothing,4031.41,4,Debit Card,2025-09-21,4,1.5
ORD106663,CUS5868,Kari Cox,Port Sarah,Electronics,2397.92,3,Cash on Delivery,2024-10-13,4,1.8
ORD106664,CUS8250,Michael Foley,South Nicoleton,Sports,1669.39,4,UPI,2024-12-18,5,2.7
ORD106665,CUS6150,Jonathon Griffin,Padillaland,Electronics,2973.0,2,Net Banking,2025-04-10,3,2.4
ORD106666,CUS5814,,West Alicia,Electronics,4953.57,1,UPI,2025-01-29,5,3.9
ORD106667,CUS6867,Kayla Becker,East Phillip,Beauty,3247.02,2,Cash on Delivery,2025-08-14,5,1.4
ORD106668,CUS4803,Erin Mejia,Port Lydiachester,Clothing,790.04,4,UPI,2025-07-26,1,1.4
ORD106669,CUS7348,Ethan Reed,East Kevinport,Beauty,3242.2,3,UPI,2025-03-01,2,2.2
ORD106670,CUS1517,Joseph Davis,South Amy,Beauty,4395.94,4,Cash on Delivery,2025-09-25,7,1.7
ORD106671,CUS8945,Kaitlyn Little,Port Debraport,Sports,2370.95,1,Debit Card,2025-04-27,5,2.0
ORD106672,CUS7152,,Kelseyberg,Beauty,4574.04,5,Net Banking,2025-08-08,7,
ORD106673,CUS8586,David Park,Jacobport,Sports,1829.21,4,Debit Card,2024-06-15,7,4.1
ORD106674,CUS4355,Robert Wright,Gregoryside,Electronics,2622.16,5,Debit Card,2026-02-05,4,2.8
ORD106675,CUS8670,Samantha Guerrero,Whitetown,Books,3875.18,4,Net Banking,2024-08-11,7,2.4
ORD106676,CUS1020,Jennifer Martinez,East Emily,Beauty,4555.68,5,Debit Card,2025-10-19,6,4.9
ORD106677,CUS3360,Jessica Thompson,Hawkinsfort,Home,250.86,2,Cash on Delivery,2024-04-29,6,1.2
ORD106678,CUS6405,Travis Kennedy,West Sandraport,Books,2076.15,2,Debit Card,2026-01-10,3,1.2
ORD106679,CUS4885,Kimberly Wood,Thompsontown,Beauty,1317.56,5,UPI,2024-04-19,7,2.9
ORD106680,CUS7233,David Mccall,Markburgh,Clothing,4949.19,3,Debit Card,2025-05-14,4,1.3
ORD106681,CUS1643,Ashley Ayala,New Kimberly,Books,3253.45,4,UPI,2025-09-14,5,3.6
ORD106682,CUS5021,Kimberly Bass,Berryshire,Electronics,2674.33,2,Net Banking,2025-05-12,6,2.6
ORD106683,CUS1278,Mark Harper,West Devinmouth,Clothing,4387.83,5,Cash on Delivery,2025-04-03,5,3.2
ORD106684,CUS9547,,New Richard,Sports,1928.87,1,Cash on Delivery,2024-08-18,4,1.3
ORD106685,CUS7927,Drew Sanders,South Jessicaport,Beauty,1989.33,1,Debit Card,2026-01-14,4,4.6
ORD106686,CUS5717,Pamela Martin,Carlosstad,Clothing,2506.03,2,Net Banking,2025-03-24,7,4.8
ORD106687,CUS8706,Dwayne Hunter,New Anthonyburgh,Home,3224.5,1,UPI,2025-12-16,1,3.9
ORD106688,CUS5780,Natalie Thomas,Anthonychester,Clothing,2214.18,4,Credit Card,2024-12-15,1,1.1
ORD106689,CUS1524,Danny Jackson,New Tanyachester,Electronics,3516.24,2,Credit Card,2025-10-14,4,2.3
ORD106690,CUS4824,Diana Richmond,Port Matthewview,Home,187.57,1,Debit Card,2024-07-25,5,4.5
ORD106691,CUS4886,Suzanne Dunn,Port Andreaside,Sports,3924.7,3,Cash on Delivery,2024-11-11,3,1.9
ORD106692,CUS6995,Kari Guzman,Laneburgh,Clothing,2664.02,4,Net Banking,2025-08-08,6,3.6
ORD106693,CUS4954,Eric Hamilton,West Gary,Sports,4235.46,4,Debit Card,2024-12-27,3,4.4
ORD106694,CUS1821,Erin Ford,Hillton,Electronics,4778.68,4,Credit Card,2025-08-28,7,2.5
ORD106695,CUS1111,John Ortiz,Cervantestown,Sports,3978.46,1,Debit Card,2025-04-05,5,3.6
ORD106696,CUS6546,Hannah Bridges,Jamesmouth,Clothing,2594.63,4,Credit Card,2026-01-16,2,1.8
ORD106697,CUS7408,Holly Norman,South Laura,Clothing,339.92,5,Net Banking,2024-10-19,2,4.1
ORD106698,CUS2900,Tammy Gilmore,East Debra,Books,1258.58,5,Net Banking,2026-02-13,2,4.4
ORD106699,CUS4137,Emily Stone,Huffmanport,Sports,1134.85,2,Debit Card,2024-07-31,7,1.5
ORD106700,CUS4891,Ernest Griffin,Port Theresa,Sports,4130.61,5,Net Banking,2024-07-10,4,1.8
ORD106701,CUS3026,James Armstrong,Phillipsstad,Home,4898.58,3,UPI,2024-10-09,2,3.1
ORD106702,CUS7995,Donald Wright,Lake Allison,Home,4378.49,1,Net Banking,2025-11-06,4,4.5
ORD106703,CUS1150,Andrea Fisher,Angelaview,Sports,3603.32,1,Cash on Delivery,2024-03-19,5,3.3
ORD106704,CUS4540,Annette Weeks,North Kevinside,Beauty,717.54,2,Net Banking,2026-02-19,7,4.0
ORD106705,CUS2862,Wendy Alvarez,Davidfurt,Sports,2522.15,5,Debit Card,2025-08-27,6,2.1
ORD106706,CUS9812,Julie Jenkins,West Gina,Beauty,735.67,4,Cash on Delivery,2024-12-22,5,4.9
ORD106707,CUS8787,David Bowen,Lopezfurt,Clothing,115.09,3,UPI,2024-09-22,7,2.1
ORD106708,CUS6383,Matthew Freeman,Lake Nancyburgh,Sports,2286.29,2,Cash on Delivery,2024-11-10,3,2.4
ORD106709,CUS1235,James Johnson,East Michael,Clothing,1200.03,1,UPI,2025-07-11,4,3.5
ORD106710,CUS4379,Paula Mullins,Lake Kimberlystad,Clothing,4623.87,5,UPI,2024-05-18,4,2.4
ORD106711,CUS2289,Matthew Washington,West Marcusshire,Sports,2340.13,4,Cash on Delivery,2025-01-09,6,2.5
ORD106712,CUS4276,Catherine Morris,North Stephaniemouth,Clothing,279.54,1,Credit Card,2024-05-05,7,3.6
ORD106713,CUS6959,Joshua Perez,Johnview,Books,4568.37,4,UPI,2025-04-30,6,3.7
ORD106714,CUS1565,Glen Rice,Castrofort,Home,2351.44,1,Debit Card,2025-10-12,1,1.3
ORD106715,CUS3607,Lisa Johnson,West Frankbury,Clothing,3409.96,1,Credit Card,2025-10-14,7,3.7
ORD106716,CUS6426,,Lindahaven,Books,350.21,2,Cash on Delivery,2024-04-27,3,
ORD106717,CUS3967,Daniel West,Lisaborough,Beauty,1471.78,4,Cash on Delivery,2024-08-24,6,1.4
ORD106718,CUS7617,John Johnson,North Matthewchester,Electronics,2168.84,4,Credit Card,2025-08-14,2,3.5
ORD106719,CUS8207,Jeffery Bradley,New Courtneyshire,Sports,4040.44,1,UPI,2024-07-22,4,3.6
ORD106720,CUS6417,Brandon Fitzpatrick,North Nicole,Electronics,958.02,3,Credit Card,2025-08-21,3,4.1
ORD106721,CUS7091,Kimberly Gillespie,Joneston,Home,480.63,2,Cash on Delivery,2025-04-22,4,2.1
ORD106722,CUS4062,,Carriehaven,Electronics,2159.32,3,UPI,2025-11-26,4,2.9
ORD106723,CUS6813,James Hudson,South Rachel,Sports,3921.97,2,Debit Card,2024-07-08,6,3.5
ORD106724,CUS7181,Robin Drake,South Brendaton,Clothing,3956.84,1,UPI,2026-02-13,2,1.7
ORD106725,CUS5096,Steven Henderson,Kimberlyfort,Books,4130.88,1,Cash on Delivery,2025-08-09,1,4.8
ORD106726,CUS3869,,New Katherine,Clothing,297.22,2,Cash on Delivery,2026-01-30,3,1.7
ORD106727,CUS6469,Meredith Randolph,West Kelly,Home,4747.19,1,Debit Card,2025-12-27,1,
ORD106728,CUS5525,Andrea Miller,Port Nicoleview,Sports,1472.87,3,Net Banking,2024-05-24,5,1.3
ORD106729,CUS6916,Charles Taylor,Landryview,Clothing,4344.8,4,Credit Card,2025-03-30,2,4.1
ORD106730,CUS7157,Kristen Davis,Jeremyborough,Sports,484.3,1,Cash on Delivery,2025-11-11,5,2.9
ORD106731,CUS6249,Anthony Lopez,Martinezbury,Beauty,3721.07,3,UPI,2024-08-19,5,2.9
ORD106732,CUS6890,Bianca Koch,Benjaminborough,Home,1675.34,2,Credit Card,2024-09-13,3,2.9
ORD106733,CUS9473,James Morales,Santosburgh,Home,4265.03,5,Credit Card,2025-08-05,2,4.6
ORD106734,CUS4142,Kimberly Liu,Williammouth,Home,4480.86,1,Cash on Delivery,2025-08-30,7,1.1
ORD106735,CUS1508,Patrick Johnson,Vanessaland,Electronics,3299.07,2,Credit Card,2024-11-15,4,1.1
ORD106736,CUS8877,,Mckinneyborough,Electronics,2925.61,1,Cash on Delivery,2025-05-10,2,2.5
ORD106737,CUS8791,Julie Prince,Nicholasfort,Electronics,4468.76,2,Debit Card,2025-02-11,5,4.3
ORD106738,CUS9199,Dwayne French,Phillipfurt,Clothing,1275.81,1,Net Banking,2025-07-23,7,3.9
ORD106739,CUS1283,Randy Snyder,New Jessicaport,Books,734.45,3,UPI,2025-04-09,2,3.7
ORD106740,CUS1049,Erin Farley,Victorialand,Home,666.97,3,Cash on Delivery,2024-08-07,2,4.0
ORD106741,CUS6967,,Colehaven,electronics,1982.41,5,Net Banking,2025-01-26,1,3.1
ORD106742,CUS8849,Leah Castillo,Annetteland,Beauty,1479.88,5,Credit Card,2024-05-23,6,3.6
ORD106743,CUS7307,Kristen Gallegos,Marthabury,Sports,3343.55,4,Cash on Delivery,2025-10-04,2,1.8
ORD106744,CUS1577,Justin Campbell,Lake Katherineshire,Home,1275.79,4,Debit Card,2024-10-02,5,3.8
ORD106745,CUS2570,Wendy Ramirez,West Brittney,Beauty,3241.55,4,UPI,2025-12-08,7,1.3
ORD106746,CUS6986,Susan Hill,East Juliaberg,Home,4887.01,4,UPI,2025-12-19,4,1.9
ORD106747,CUS9440,Miss Marie Davidson,West Christopherbury,Electronics,276.44,3,Credit Card,2024-10-20,6,3.2
ORD106748,CUS8455,Daniel Miller,West Jeffrey,Electronics,610.48,4,UPI,2025-06-21,1,3.9
ORD106749,CUS4456,Nicholas Hill,North Matthew,Home,884.23,4,Cash on Delivery,2024-11-17,3,1.3
ORD106750,CUS2351,Albert Thomas Jr.,Lisaton,Sports,4251.4,5,Debit Card,2024-10-21,5,2.2
ORD106751,CUS1889,Nathan Combs,Glendaside,Books,1510.18,4,Debit Card,2024-06-26,7,2.4
ORD106752,CUS6331,Nancy Leon,Lake Aaronmouth,Books,499.94,3,Net Banking,2024-03-16,3,1.2
ORD106753,CUS8068,Melody Bowen,East Jeremiahhaven,Sports,4940.3,3,Net Banking,2025-07-28,4,3.0
ORD106754,CUS7429,Kathryn Trevino,South Kevin,Beauty,3366.08,5,Cash on Delivery,2025-03-18,2,3.4
ORD106755,CUS7064,Richard Hughes,Lake Jeffreyfort,Sports,2361.41,3,Debit Card,2026-02-17,4,2.7
ORD106756,CUS7303,Kenneth Oliver,Baileyfurt,Books,781.94,1,UPI,2024-11-10,2,1.3
ORD106757,CUS9304,Steven Gonzales,South Shelleymouth,Clothing,898.26,5,Credit Card,2024-08-03,2,4.3
ORD106758,CUS1911,Jonathan King,Port Nicholasburgh,Home,1887.05,1,Credit Card,2025-05-04,5,3.3
ORD106759,CUS5121,Beverly Ferguson,Port Sarahfurt,Beauty,2259.05,2,Debit Card,2025-10-31,6,5.0
ORD106760,CUS7470,Patricia Young,North Lauraview,Sports,3897.24,1,Cash on Delivery,2025-04-19,2,2.6
ORD106761,CUS4857,Ashley Medina,East Josephtown,Sports,428.6,1,Credit Card,2025-02-11,7,1.2
ORD106762,CUS2514,Michael Jackson,South Alexandra,Beauty,156.89,1,UPI,2024-03-21,4,1.2
ORD106763,CUS8892,Keith Yates,North James,Books,3003.0,4,Cash on Delivery,2025-09-20,1,4.7
ORD106764,CUS2839,,Carrilloburgh,Books,2067.85,4,Credit Card,2025-10-28,2,1.4
ORD106765,CUS6947,Crystal Smith,Dodsonberg,Sports,4329.5,3,UPI,2025-12-13,1,2.3
ORD106766,CUS9746,Kristi Brooks,Masonhaven,Books,2975.92,2,Credit Card,2024-11-09,7,1.4
ORD106767,CUS6488,Richard Garcia,South Danielmouth,Sports,156.72,5,Credit Card,2025-02-04,5,2.5
ORD106768,CUS1426,Mackenzie Evans,Hayesmouth,Books,3835.73,2,Cash on Delivery,2025-07-22,3,4.1
ORD106769,CUS3282,Christine Strong,South Andreaview,Books,1929.14,4,Cash on Delivery,2025-12-29,4,1.8
ORD106770,CUS9682,Patrick Williams,Lake Isabellafurt,Books,4259.77,1,Cash on Delivery,2024-06-03,5,3.9
ORD106771,CUS1798,Ellen Higgins,Kevinbury,Books,3230.79,5,UPI,2025-02-20,1,1.4
ORD106772,CUS3623,Joshua Warren,Tammieport,Books,300.08,5,Debit Card,2025-04-21,5,2.3
ORD106773,CUS4362,Charles Webb,Mooreborough,Books,2283.35,2,Credit Card,2024-03-19,2,3.6
ORD106774,CUS8966,Tracy Ayers,West Kenttown,Books,1471.49,5,UPI,2025-08-09,4,4.5
ORD106775,CUS1165,Hunter Johnson,Stephenport,Beauty,464.4,3,Cash on Delivery,2025-09-20,2,3.2
ORD106776,CUS2616,Erika Gallegos,Port Dennis,Electronics,3656.55,4,Cash on Delivery,2025-10-21,2,1.7
ORD106777,CUS9401,Casey Sosa,Fordmouth,Books,4271.94,5,Net Banking,2025-09-01,2,2.2
ORD106778,CUS3215,Carrie Johnson,Angelaburgh,Books,252.64,2,Credit Card,2024-08-15,3,4.1
ORD106779,CUS9280,Leon Ford,Port Andrewville,Clothing,3152.08,1,Cash on Delivery,2024-07-01,7,3.4
ORD106780,CUS3763,Samantha Harris,Stephensfurt,Books,2716.1,5,Credit Card,2025-04-18,5,3.9
ORD106781,CUS3605,Kevin Moore,Knightland,Sports,3385.55,3,UPI,2025-06-28,5,2.2
ORD106782,CUS7366,Philip Baxter,East Amandaside,Sports,1501.24,1,Cash on Delivery,2024-11-19,5,2.0
ORD106783,CUS9866,Daniel Buckley,West John,Electronics,2367.88,1,Cash on Delivery,2026-02-12,6,2.4
ORD106784,CUS4252,Jessica Ross,Robertsborough,Books,4507.87,3,Credit Card,2025-05-10,7,4.0
ORD106785,CUS1460,Charles Murphy,Jeffreyville,Electronics,1681.71,1,Net Banking,2025-12-07,2,2.5
ORD106786,CUS3741,Bonnie Gray,East Justin,Books,417.53,1,UPI,2025-07-12,4,3.7
ORD106787,CUS1200,Mark Pacheco,New Emily,Beauty,2240.1,4,Credit Card,2024-09-29,4,3.0
ORD106788,CUS7652,Brandon Gregory,West Jenniferport,Home,2277.71,4,Cash on Delivery,2024-10-15,5,3.4
ORD106789,CUS9244,Tiffany Boyd,Harveyshire,Beauty,373.34,4,Debit Card,2025-08-22,7,1.3
ORD106790,CUS8970,Kimberly Ramirez,East Nicole,Sports,3338.7,5,Cash on Delivery,2025-09-14,2,3.9
ORD106791,CUS8966,Monique Stewart,Lake Jason,Electronics,4760.83,3,Net Banking,2025-05-16,3,4.3
ORD106792,CUS1196,William Torres,Katiefort,Sports,1206.71,1,Cash on Delivery,2026-02-12,2,2.3
ORD106793,CUS5416,,New Jasonbury,Electronics,3726.91,5,Net Banking,2025-04-05,2,4.0
ORD106794,CUS2035,Denise Cline,New Robertfort,Electronics,2390.34,1,Net Banking,2025-11-28,1,2.1
ORD106795,CUS9876,James Thornton,Michaelbury,Clothing,3084.03,5,UPI,2024-06-16,5,1.4
ORD106796,CUS6657,Allison Whitney,Lake Tanya,Sports,463.68,4,Cash on Delivery,2025-04-13,6,3.7
ORD106797,CUS1072,Ann Hicks,New Colleenchester,Electronics,173.55,4,Credit Card,2024-11-22,5,4.7
ORD106798,CUS1949,Dr. Alexander Phillips,Raymondmouth,Books,4598.56,3,Cash on Delivery,2025-05-30,7,2.7
ORD106799,CUS8646,Brittany Preston,Jeffreyshire,Home,3522.6,4,Cash on Delivery,2024-07-29,4,1.3
ORD106800,CUS1604,April Hahn,Jonesshire,Beauty,3665.89,5,Credit Card,2025-02-10,1,3.3
ORD106801,CUS5910,Caleb Holmes,Joannaton,Clothing,4536.16,3,Credit Card,2024-08-16,3,3.5
ORD106802,CUS8738,Kimberly Gates,Lake Tonihaven,electronics,1095.36,5,Credit Card,2025-07-09,3,4.6
ORD106803,CUS4579,Sean Hale,East Natashaport,Beauty,321.26,5,Debit Card,2024-11-06,1,
ORD106804,CUS9724,Patrick Morris,East Justin,Home,4116.75,4,Credit Card,2025-04-19,6,3.4
ORD106805,CUS5073,Teresa Garcia,Jonesbury,Home,1584.17,2,Cash on Delivery,2024-04-29,6,3.5
ORD106806,CUS1338,Christopher Newman,Perezberg,Books,415.02,4,Net Banking,2025-04-05,2,
ORD106807,CUS4414,Diane Nelson,West Mary,Electronics,2097.08,1,Credit Card,2024-04-05,6,1.8
ORD106808,CUS1720,Madison Shepard,Michaelberg,electronics,874.21,3,Debit Card,2024-08-05,1,3.0
ORD106809,CUS5434,Dalton Roth,New Joycehaven,Sports,4467.02,3,Credit Card,2024-07-29,5,4.1
ORD106810,CUS1308,Rebekah Bowen,East Amber,Home,4872.88,5,Debit Card,2025-01-26,4,1.5
ORD106811,CUS2540,Tina Arnold,Natalieshire,Home,4471.53,5,Cash on Delivery,2025-09-04,3,1.3
ORD106812,CUS1638,Mark Arias,South Michael,Electronics,2587.99,4,Credit Card,2024-06-05,6,2.2
ORD106813,CUS9407,Stephanie Cooper,Toddton,Clothing,1657.59,1,Net Banking,2024-07-04,5,4.4
ORD106814,CUS4641,Susan Wade,North Andrewview,Electronics,3313.41,3,UPI,2025-11-21,6,1.7
ORD106815,CUS2191,Colleen Kennedy,Timothyville,Clothing,1519.89,5,UPI,2025-04-01,7,4.8
ORD106816,CUS9901,Richard Rush,Markton,Books,1198.15,1,Debit Card,2025-02-16,7,
ORD106817,CUS4168,Mrs. Kimberly Mason,New Zacharymouth,Clothing,1519.47,3,Net Banking,2024-05-28,5,4.8
ORD106818,CUS8702,Katherine Jones,Patriciaport,Clothing,4574.63,1,Cash on Delivery,2025-09-30,1,1.4
ORD106819,CUS6638,Roy Smith,Ashleyport,Electronics,650.25,5,Credit Card,2026-02-18,7,4.7
ORD106820,CUS7675,Richard Hood,Port Meredith,Home,2557.34,2,UPI,2025-04-12,1,2.5
ORD106821,CUS6314,Ronald Cohen,Mayerfurt,Clothing,1213.91,4,Credit Card,2024-04-23,2,4.8
ORD106822,CUS7917,Anthony Collins,Ashleyville,Home,4137.48,1,UPI,2024-09-09,4,2.6
ORD106823,CUS1413,Christina Miller,Welchview,Books,1467.75,1,Net Banking,2024-03-23,7,1.9
ORD106824,CUS3858,Mark Walker DDS,Port Jeremyborough,Electronics,4851.44,3,UPI,2025-08-26,6,3.7
ORD106825,CUS5066,Autumn Edwards,Ryanside,Books,4734.18,2,Cash on Delivery,2024-06-02,2,2.1
ORD106826,CUS1738,,Bobchester,Sports,3252.72,1,Cash on Delivery,2024-12-08,2,4.3
ORD106827,CUS8771,Stacy Moore,West Kristen,Home,3741.31,3,Debit Card,2025-05-05,3,3.7
ORD106828,CUS7574,Chelsea Nichols,Lake Dakota,Clothing,472.81,1,Cash on Delivery,2025-07-12,5,4.7
ORD106829,CUS8256,Pamela Snyder,Port Katherinefort,Clothing,1651.62,2,Credit Card,2025-04-10,6,4.3
ORD106830,CUS5232,Tara Lara,South Antoniohaven,Beauty,1818.9,3,Net Banking,2025-10-17,1,4.1
ORD106831,CUS3016,Margaret Johnson,North Timothy,Home,3228.74,3,Cash on Delivery,2024-10-10,3,1.8
ORD106832,CUS7062,Veronica Ward,East Jasonside,Home,1561.75,1,Net Banking,2025-07-16,3,3.4
ORD106833,CUS5932,Luis Buchanan,Stacymouth,Home,1789.46,4,Net Banking,2025-03-07,3,4.2
ORD106834,CUS4440,Kaylee Taylor,North Wendy,Beauty,2373.29,3,Credit Card,2026-01-07,4,2.9
ORD106835,CUS8043,Rebecca Padilla,East Lindachester,Beauty,1256.6,1,Net Banking,2024-03-23,5,5.0
ORD106836,CUS8967,Dakota Johnson,Perezmouth,Books,4453.26,5,Debit Card,2024-08-27,1,3.2
ORD106837,CUS1249,Samantha Garza,North Stevenshire,Home,3198.95,4,Debit Card,2025-04-26,4,2.8
ORD106838,CUS8145,Jennifer Morton,Gregoryport,Sports,2251.88,2,Cash on Delivery,2024-08-23,3,2.9
ORD106839,CUS7978,Amy Love,Smithshire,Home,336.95,5,Credit Card,2026-01-05,1,3.3
ORD106840,CUS8101,Bradley Cook,Martinezfort,Sports,924.0,4,Net Banking,2025-01-17,4,3.2
ORD106841,CUS5627,Karen Sharp,Port Lanceview,Clothing,347.25,5,Credit Card,2025-05-15,6,3.3
ORD106842,CUS5479,Steven Kemp,Williamsmouth,Books,3082.93,5,Cash on Delivery,2025-04-28,2,3.0
ORD106843,CUS3952,Brandon Carter,Nathanmouth,Books,2420.37,1,Credit Card,2024-11-22,3,3.3
ORD106844,CUS2267,Laura King,Lake Crystal,Electronics,1320.79,1,UPI,2024-11-09,2,4.5
ORD106845,CUS2182,Jason Ellis,Jeremyville,Clothing,1861.69,2,Credit Card,2024-04-02,5,1.5
ORD106846,CUS8456,Heather Beck,Fergusonville,Books,2021.46,3,Net Banking,2025-10-13,5,4.8
ORD106847,CUS4854,Victoria Moore,Kaylaton,Sports,1615.67,5,Cash on Delivery,2024-11-18,5,3.7
ORD106848,CUS9473,Erin Mills,Michellefurt,Beauty,2008.33,2,Credit Card,2026-02-11,5,3.8
ORD106849,CUS9788,Jessica Hall,Port Matthew,Electronics,3524.4,1,Cash on Delivery,2024-05-14,5,3.5
ORD106850,CUS4578,Kenneth Best,Rubioville,Books,2086.33,4,UPI,2026-01-17,3,1.2
ORD106851,CUS2900,Courtney Barber,Frankview,electronics,1790.98,3,Cash on Delivery,2025-01-05,2,3.3
ORD106852,CUS8223,Amanda Barton,Heatherborough,Sports,4463.02,4,Cash on Delivery,2025-12-29,2,2.3
ORD106853,CUS8433,Peter Curtis,Sabrinachester,Beauty,661.92,1,Debit Card,2026-03-07,7,4.4
ORD106854,CUS4237,Mr. Patrick Brown,Browningport,Clothing,3335.03,3,UPI,2025-05-02,2,2.6
ORD106855,CUS1099,Samantha Bryant,Pearsonchester,electronics,3140.58,3,UPI,2025-11-28,7,2.7
ORD106856,CUS4692,Jason King,New Rogerstad,Sports,126.0,3,UPI,2025-06-22,1,4.4
ORD106857,CUS3551,Dr. Kristen Page PhD,Bridgetton,Home,809.21,5,Debit Card,2026-03-07,7,4.8
ORD106858,CUS7178,Cheryl Ellis,Port Willie,electronics,4829.25,5,Credit Card,2024-08-18,5,2.9
ORD106859,CUS8472,Sarah Sanford,Timothyside,Books,3656.78,5,Credit Card,2025-07-01,3,3.6
ORD106860,CUS2040,Robert Chavez,Gregoryton,Clothing,1543.78,1,Net Banking,2024-09-18,2,2.5
ORD106861,CUS8484,Anthony Lee,Lake Glenn,Electronics,4303.67,3,Net Banking,2024-04-25,7,4.6
ORD106862,CUS7911,John Shelton,Brianastad,Sports,4850.3,3,Credit Card,2025-10-24,7,4.7
ORD106863,CUS4801,James Haynes MD,Mcmahonview,Electronics,4563.01,4,Cash on Delivery,2025-11-25,3,2.0
ORD106864,CUS8269,Cheyenne Rodriguez,Chelseatown,Beauty,1951.41,3,UPI,2024-06-02,7,1.4
ORD106865,CUS5845,Emily Berry,Bryanshire,Books,2970.66,2,Credit Card,2025-04-16,2,3.4
ORD106866,CUS3132,James Mccann,Port Brandi,Beauty,2376.53,1,Net Banking,2025-11-02,2,4.6
ORD106867,CUS9197,Loretta Washington,East Robertberg,Books,1733.64,2,Cash on Delivery,2025-01-09,4,1.2
ORD106868,CUS1265,Deanna Woodard,Jerryfort,Home,2432.04,2,Cash on Delivery,2024-07-02,3,4.1
ORD106869,CUS8040,Kathleen Smith,Williamsport,Books,2603.8,4,Net Banking,2025-02-02,6,1.7
ORD106870,CUS8498,Ashley Johnson,New John,Home,215.07,1,Cash on Delivery,2024-09-24,5,2.2
ORD106871,CUS2978,Debra Adams,South Teresa,Clothing,4422.58,4,Cash on Delivery,2026-03-01,1,1.3
ORD106872,CUS4895,,Port Jodiville,Books,4017.65,1,Debit Card,2024-11-17,5,2.1
ORD106873,CUS2086,Lee Martinez,Rachelhaven,Clothing,3568.11,4,Cash on Delivery,2025-06-08,7,1.9
ORD106874,CUS1307,Lee Rosales,East Autumn,Home,4575.8,1,Net Banking,2025-11-13,7,4.4
ORD106875,CUS5569,David Ward,Rickyland,Clothing,2580.28,5,Credit Card,2025-01-25,6,1.8
ORD106876,CUS7332,Brian Huff,Heathermouth,Electronics,3328.27,5,Net Banking,2024-11-20,1,2.3
ORD106877,CUS1260,Jennifer Long,Johnberg,Beauty,550.73,3,Credit Card,2024-05-29,1,3.2
ORD106878,CUS3069,Amy Bowers,South David,Beauty,4326.8,4,Credit Card,2025-07-01,7,1.6
ORD106879,CUS1127,Caleb Trevino,Knappfurt,Home,4888.26,4,Net Banking,2025-01-01,5,3.0
ORD106880,CUS7910,Darrell Smith,West Jessicamouth,Clothing,1071.43,5,Net Banking,2024-06-01,6,4.2
ORD106881,CUS4170,Shaun Love,North Lawrenceton,Beauty,2946.38,3,Net Banking,2025-04-25,2,3.2
ORD106882,CUS2327,Randy Sanders,East Danielleside,Electronics,867.79,4,Net Banking,2024-05-16,5,4.1
ORD106883,CUS5345,Travis Martin,Simonville,Sports,2317.59,2,Cash on Delivery,2026-01-28,4,4.8
ORD106884,CUS8327,Richard Wise,West Jonathan,Books,1176.07,1,UPI,2024-12-18,2,3.3
ORD106885,CUS8355,Christine Ray,East Laura,Books,742.42,4,UPI,2024-03-14,4,1.2
ORD106886,CUS5631,Cynthia Lewis,Turnermouth,Sports,3912.19,4,Net Banking,2024-12-23,7,3.9
ORD106887,CUS8633,Kimberly Warren,North Jerrychester,Clothing,885.4,2,Net Banking,2025-07-11,4,2.9
ORD106888,CUS5116,Eric Wolf,Nguyenland,Clothing,2731.44,1,Debit Card,2024-09-22,5,2.2
ORD106889,CUS5779,Thomas Martin,Kerrberg,electronics,2035.23,4,UPI,2024-09-29,1,4.5
ORD106890,CUS5926,George Franklin,Cabreraland,Beauty,4028.75,3,Cash on Delivery,2024-06-04,3,4.0
ORD106891,CUS3098,Maria Sawyer,Travisstad,Books,2048.26,1,Credit Card,2025-08-28,5,3.2
ORD106892,CUS3155,Kathy Jones,Lake Jacob,Beauty,2159.69,3,Cash on Delivery,2025-07-15,4,3.7
ORD106893,CUS3566,Brandy Briggs,South Brandonmouth,Electronics,2558.2,2,Credit Card,2024-10-12,6,3.1
ORD106894,CUS4365,Samantha Ibarra,Carterville,electronics,4507.17,5,Cash on Delivery,2024-04-05,7,3.5
ORD106895,CUS3808,Joseph Tran,West Lisabury,Books,2246.63,4,Cash on Delivery,2025-06-29,2,4.8
ORD106896,CUS1327,Tiffany Solomon,Clarketon,Clothing,447.7,5,UPI,2025-04-05,1,4.1
ORD106897,CUS6916,Brent Andrews,South Tracyhaven,Home,882.1,4,UPI,2025-06-18,4,3.6
ORD106898,CUS1130,Michael Todd,New Donna,Home,2377.22,4,Debit Card,2026-01-04,1,1.4
ORD106899,CUS2816,Julie Thompson,Arnoldborough,Clothing,631.32,3,Debit Card,2024-03-20,2,3.0
ORD106900,CUS6541,,New Amy,Beauty,4396.75,5,Debit Card,2024-10-17,5,4.8
ORD106901,CUS2382,Pamela Duran,Lake Duane,Beauty,2902.2,3,UPI,2024-06-12,5,3.5
ORD106902,CUS4910,Jonathan Davis,Ronaldville,Electronics,2234.54,4,Cash on Delivery,2025-03-25,1,2.9
ORD106903,CUS9838,Christina Thomas,Rileyport,Beauty,4375.16,1,UPI,2024-10-02,4,2.0
ORD106904,CUS7102,Daniel Lopez,West Christine,Books,1178.66,2,Credit Card,2025-09-05,7,1.2
ORD106905,CUS9646,Richard Avery,Reneeberg,Home,2056.94,2,UPI,2024-12-17,3,3.0
ORD106906,CUS2938,Steven Riley,North Luis,Clothing,2987.49,1,Debit Card,2025-03-30,5,3.2
ORD106907,CUS3131,David Hinton,Port Amanda,Sports,1284.78,4,Net Banking,2024-12-27,2,2.7
ORD106908,CUS1017,Nancy Brown,Johnville,Books,3795.11,4,Cash on Delivery,2025-09-12,1,1.1
ORD106909,CUS1035,,Port Angelaberg,Sports,3508.17,5,UPI,2024-11-19,7,4.0
ORD106910,CUS2910,Rachel Patterson,Robertsland,Clothing,2253.83,3,Debit Card,2025-12-31,1,4.1
ORD106911,CUS3166,Rhonda Gonzalez,East Aaron,Books,3665.4,4,UPI,2024-06-19,5,1.6
ORD106912,CUS1427,Karen Madden,South Ronaldville,Electronics,3518.23,4,Net Banking,2025-10-12,2,1.4
ORD106913,CUS7419,Matthew Clark,Richardsonstad,Books,2689.42,5,Cash on Delivery,2025-08-13,1,2.0
ORD106914,CUS5290,Ashley Hendrix,Millermouth,Beauty,4533.74,4,Credit Card,2025-02-14,4,3.8
ORD106915,CUS2709,Kellie Marshall,Lake Jessica,Books,3491.02,1,Net Banking,2024-05-23,7,2.2
ORD106916,CUS3211,Carlos Martinez,North Heather,Beauty,1162.86,3,Cash on Delivery,2024-10-02,6,4.2
ORD106917,CUS6557,Alexis Dunn,Port Robertshire,Home,2915.63,1,Debit Card,2024-04-13,3,3.5
ORD106918,CUS1208,Tyler Hamilton,East Jared,Books,3881.37,4,UPI,2024-10-17,2,
ORD106919,CUS7223,Vincent Lopez,Robertsport,Electronics,4158.49,3,UPI,2024-03-20,5,3.0
ORD106920,CUS9570,Denise Hensley,Davidland,Beauty,2944.2,1,Cash on Delivery,2025-09-16,4,3.7
ORD106921,CUS6007,Samuel Buckley,Masonview,Books,1019.26,4,Debit Card,2025-05-19,2,1.6
ORD106922,CUS9496,Vincent Hernandez,Hernandezville,Books,2610.06,3,Credit Card,2025-03-15,6,
ORD106923,CUS1256,Amy Palmer,Markborough,Clothing,3652.51,4,Net Banking,2024-06-06,1,2.1
ORD106924,CUS8268,Drew Johnson,New Deanna,Electronics,4152.96,4,Net Banking,2025-01-07,7,1.9
ORD106925,CUS8947,Rebecca Burns,Lake Amy,Beauty,4303.98,3,Net Banking,2025-10-31,1,2.6
ORD106926,CUS6908,Larry Beard,West Teresahaven,Home,1917.17,2,Credit Card,2025-03-11,7,2.8
ORD106927,CUS5265,Lisa Davis,Francobury,Sports,1103.44,4,Credit Card,2024-03-31,2,1.6
ORD106928,CUS9425,Mark Johnson,Brownport,Electronics,1812.34,3,Cash on Delivery,2025-09-25,5,1.0
ORD106929,CUS6158,Thomas Rose,Palmershire,Sports,2761.49,5,Debit Card,2024-12-26,5,1.1
ORD106930,CUS1883,Matthew Andrade,South Johnbury,Sports,4115.52,2,UPI,2025-07-10,2,1.4
ORD106931,CUS9291,Jeremy Smith,South Stephen,Home,2565.35,2,Cash on Delivery,2025-04-28,5,2.5
ORD106932,CUS3250,Stephanie Osborne,East Williamton,Clothing,2522.98,3,Net Banking,2026-02-26,1,1.2
ORD106933,CUS3176,Brooke Norton,Brownborough,Clothing,246.46,3,Debit Card,2026-01-28,5,3.7
ORD106934,CUS4853,,Anthonyport,Electronics,125.72,2,Credit Card,2025-12-02,6,4.1
ORD106935,CUS8991,Kimberly Combs,Lindsaybury,Home,4628.87,5,Cash on Delivery,2026-02-05,1,2.6
ORD106936,CUS9092,Mackenzie Zimmerman,Ashleyfurt,Clothing,4703.12,4,UPI,2024-06-09,6,3.9
ORD106937,CUS4959,Robert Anderson,Johnsonview,Books,2448.74,2,Debit Card,2024-08-01,6,2.9
ORD106938,CUS1844,Ebony Herring,Kristinafort,Beauty,670.04,1,Credit Card,2025-03-14,7,
ORD106939,CUS4269,Samuel Carter,Port Dana,Beauty,2658.06,1,Net Banking,2025-08-12,4,4.0
ORD106940,CUS8901,Lindsey Martinez,Lake Doris,Electronics,2872.68,1,Credit Card,2024-04-12,1,2.6
ORD106941,CUS4409,Andrew Gonzalez,New Dwayneborough,Sports,1878.21,1,Cash on Delivery,2025-02-13,7,4.4
ORD106942,CUS9371,Meghan Cannon,Melanieburgh,Beauty,3700.34,3,Net Banking,2026-03-01,3,2.9
ORD106943,CUS1386,Jenna Jacobson,West Jason,Sports,4950.05,5,Credit Card,2024-05-23,7,4.5
ORD106944,CUS7346,Eugene Miller,New John,Clothing,331.03,4,Debit Card,2025-10-09,7,1.8
ORD106945,CUS6608,Kayla Prince,Alishire,Home,4126.67,1,Net Banking,2024-07-01,5,1.4
ORD106946,CUS9284,Candace Brown MD,Leehaven,Beauty,2955.21,4,Cash on Delivery,2025-09-16,5,3.7
ORD106947,CUS6649,Mr. Kyle Rivera II,Dukeland,Clothing,2758.06,5,Credit Card,2025-12-28,7,
ORD106948,CUS1372,Joseph Hunter,Georgeton,Clothing,4430.06,2,Credit Card,2024-08-08,6,4.4
ORD106949,CUS2611,Allison Smith,East Debbiehaven,Home,1712.15,5,Net Banking,2025-08-03,4,1.5
ORD106950,CUS3359,Francis Lopez,Ashleymouth,Home,3238.84,3,Cash on Delivery,2025-01-25,7,3.6
ORD106951,CUS4143,Katelyn Reynolds,West Lisamouth,Beauty,3014.78,3,Cash on Delivery,2025-02-17,5,3.3
ORD106952,CUS8563,Heather Owen,South Carlosside,Sports,1215.91,4,UPI,2025-09-02,7,4.4
ORD106953,CUS6587,Kelly Oneill,West Emilyshire,Electronics,1583.48,2,Credit Card,2025-12-11,4,2.4
ORD106954,CUS9093,Richard Buck,Simonland,Sports,1977.28,2,Net Banking,2024-11-07,7,3.5
ORD106955,CUS9367,Charles Dougherty,South Angelashire,Home,1114.14,2,Credit Card,2024-09-13,7,
ORD106956,CUS8464,Justin Carson,Port Devin,Books,2502.09,1,UPI,2024-08-06,6,3.2
ORD106957,CUS7202,Mathew Moss,North Jennifermouth,Sports,2867.92,5,Cash on Delivery,2024-06-27,6,4.3
ORD106958,CUS9391,James Merritt,Port Annette,Electronics,1984.15,2,Net Banking,2024-12-01,3,4.2
ORD106959,CUS9566,Daniel Garcia,South Michael,Home,340.58,1,Net Banking,2025-07-31,2,1.1
ORD106960,CUS6186,Brittany Ellis MD,Juanstad,Clothing,1777.01,3,Net Banking,2026-01-14,3,2.7
ORD106961,CUS8881,Richard Abbott,East Troy,Beauty,108.73,3,Credit Card,2025-05-03,2,2.4
ORD106962,CUS6684,Ian Higgins,Emilyburgh,Books,186.48,3,UPI,2025-05-25,2,2.6
ORD106963,CUS3422,Stephanie Lambert,Coltonton,Books,1239.25,4,Cash on Delivery,2024-09-09,7,3.0
ORD106964,CUS6522,,Marychester,Beauty,3074.87,5,Net Banking,2024-09-15,3,4.2
ORD106965,CUS8464,,East Katrinachester,Books,4843.11,4,Cash on Delivery,2024-10-26,4,
ORD106966,CUS1260,James Horne,Armstrongview,Electronics,1220.11,1,Credit Card,2026-02-22,7,3.5
ORD106967,CUS6124,Briana Moon,Port Kristinfort,Electronics,219.33,4,UPI,2024-12-17,2,5.0
ORD106968,CUS8499,Laurie Lamb,Goldenside,Sports,1313.84,5,UPI,2026-01-01,4,3.1
ORD106969,CUS4340,Lindsay Ruiz DDS,East Michaelport,Electronics,1626.76,4,Net Banking,2025-01-05,6,1.1
ORD106970,CUS4152,Jim Stephens,East Susan,Books,4035.81,4,Debit Card,2025-01-18,3,3.6
ORD106971,CUS6361,Terry Arnold,New Thomaschester,Books,3056.79,2,Net Banking,2025-04-26,3,4.8
ORD106972,CUS4668,,West Christine,Home,1833.84,3,Cash on Delivery,2025-08-08,7,3.7
ORD106973,CUS2364,Patricia Collins,Lake Sarahton,Clothing,795.15,2,Credit Card,2025-01-30,3,2.2
ORD106974,CUS8481,Anthony Morris,North Ryan,Electronics,3970.77,2,Cash on Delivery,2025-09-21,2,4.0
ORD106975,CUS3034,Michael Buck,East Karltown,Beauty,2821.85,5,Credit Card,2025-09-26,4,4.4
ORD106976,CUS2201,Catherine Rivera,South Jackburgh,Beauty,4366.79,2,Credit Card,2024-10-31,4,3.7
ORD106977,CUS1581,Michelle Avery,Vanessachester,Clothing,3162.07,1,Net Banking,2024-12-16,2,2.4
ORD106978,CUS7915,Kelsey Miller,Nashfurt,Clothing,2167.12,2,UPI,2025-10-04,3,3.5
ORD106979,CUS1431,William Stevens,Laurenmouth,Sports,4898.76,2,Net Banking,2025-06-18,7,2.7
ORD106980,CUS9176,Bethany Gilmore,Port Michaeltown,Electronics,2726.45,2,Credit Card,2025-03-05,2,4.8
ORD106981,CUS5564,Cody Hobbs,Patelfurt,Beauty,3488.09,1,Cash on Delivery,2025-11-21,5,4.6
ORD106982,CUS4833,,Davisview,Beauty,3703.89,5,UPI,2025-08-19,6,3.9
ORD106983,CUS9290,Diana Simmons,West Patrickmouth,Home,2515.44,5,Cash on Delivery,2025-08-22,7,4.9
ORD106984,CUS4678,Sarah Butler,Seanton,Beauty,1763.17,3,Debit Card,2024-10-03,4,3.2
ORD106985,CUS4826,Brian Peterson,Jacquelineton,Books,1269.58,1,Debit Card,2024-06-24,5,2.9
ORD106986,CUS7626,Douglas Velazquez,North Paulport,Electronics,2637.26,1,Credit Card,2025-09-03,5,4.7
ORD106987,CUS2216,Kelly Wilcox,Maryview,Electronics,1259.29,2,UPI,2025-01-20,4,1.6
ORD106988,CUS7677,Tracy Henderson,Lake Morganborough,Home,2379.1,4,Credit Card,2025-05-09,1,2.4
ORD106989,CUS1028,Joshua Yang,North Robinfurt,Home,1003.37,2,UPI,2025-06-06,1,4.7
ORD106990,CUS1538,Richard Rivera,Port Jessica,Electronics,3715.18,4,Debit Card,2024-12-26,7,1.3
ORD106991,CUS6222,David Brown,Lake Monicaland,Sports,1365.96,5,Credit Card,2024-06-27,1,4.6
ORD106992,CUS6980,Thomas Pitts,Lake Kevin,Home,2167.55,3,Net Banking,2024-05-24,3,2.0
ORD106993,CUS6509,Michael Alexander,Adamsmouth,Sports,252.83,2,Net Banking,2024-12-06,6,3.2
ORD106994,CUS2586,,North Alexanderfurt,Sports,3032.83,5,Cash on Delivery,2025-08-30,2,2.3
ORD106995,CUS9048,Karen Wagner,Lake Juliechester,Electronics,2884.52,4,Cash on Delivery,2025-09-26,2,1.1
ORD106996,CUS1862,Ronald Rosales,West Brenda,electronics,1246.8,1,UPI,2024-04-05,4,2.7
ORD106997,CUS1860,Nicole Jackson,New Steven,Books,3072.44,4,Credit Card,2025-09-19,2,4.6
ORD106998,CUS8496,Tracy Goodman,Lake Ryanburgh,Beauty,4547.49,5,UPI,2024-04-12,7,2.1
ORD106999,CUS2120,Kristi Lozano,Zacharystad,Clothing,3710.61,4,Credit Card,2024-09-30,3,4.2
ORD107000,CUS1793,Fernando Hall,Johnsonville,Books,2151.24,1,Credit Card,2026-03-03,5,4.9
ORD107001,CUS7952,Justin Nelson,South Mauriceborough,Clothing,2990.86,3,Net Banking,2024-11-07,2,1.3
ORD107002,CUS5933,John Jimenez,Wilkinsonside,Beauty,1433.19,2,Debit Card,2024-07-06,4,3.1
ORD107003,CUS9222,Stacy King,Lake Michaelbury,Books,4316.32,5,Credit Card,2024-07-23,6,3.6
ORD107004,CUS6964,Julie Smith,Brennanborough,Clothing,298.86,5,Cash on Delivery,2025-08-05,1,1.8
ORD107005,CUS8325,Mark Sanders,Knightmouth,Electronics,3154.74,3,Credit Card,2024-11-13,4,
ORD107006,CUS6626,Beverly Hayes,West William,Electronics,2651.98,4,Credit Card,2025-06-18,4,3.9
ORD107007,CUS6609,Brandy Peterson,Christinachester,Home,3895.26,1,Net Banking,2025-02-24,6,4.1
ORD107008,CUS4090,Tiffany Graham,Tammyview,Home,1464.91,3,Cash on Delivery,2024-03-19,2,4.2
ORD107009,CUS3943,Kimberly Alvarez,South Kennethborough,Home,1169.38,4,Net Banking,2025-10-20,1,4.8
ORD107010,CUS3464,Bernard Parker,Christopherside,Sports,350.78,4,Net Banking,2026-02-27,1,4.6
ORD107011,CUS2103,Benjamin Kim PhD,Elliottmouth,Clothing,3294.63,3,Debit Card,2025-10-10,3,4.0
ORD107012,CUS1910,Joseph Floyd,New Amy,Electronics,1145.78,2,Net Banking,2025-04-06,7,2.4
ORD107013,CUS7719,Timothy Rodriguez,Lake Lindseyside,Books,4529.65,2,Debit Card,2026-03-04,7,2.6
ORD107014,CUS3908,Rachel Hart,North Justin,Books,3914.23,1,Net Banking,2025-05-06,7,3.6
ORD107015,CUS1576,Dr. Matthew Morris MD,Leonardfort,Books,4225.32,1,Credit Card,2025-12-04,3,1.4
ORD107016,CUS5123,Dawn Sutton,West Ericabury,Sports,1863.09,4,Cash on Delivery,2024-12-04,5,4.3
ORD107017,CUS1455,Kathleen Perez,Coreyhaven,Home,4267.54,4,Net Banking,2025-06-14,7,3.2
ORD107018,CUS2691,,Jessicamouth,Clothing,2226.75,4,Cash on Delivery,2024-09-20,1,3.3
ORD107019,CUS3117,Henry Berry,North Elizabethbury,Sports,920.23,2,Credit Card,2026-01-21,7,4.9
ORD107020,CUS4083,Joshua Alexander,Jamesfurt,Books,122.99,4,Net Banking,2025-09-29,6,5.0
ORD107021,CUS7940,Stephanie Hoover,East Courtney,Clothing,648.97,3,UPI,2025-06-16,5,3.3
ORD107022,CUS9611,Mr. Brian Morales,Bennettchester,Beauty,4696.73,1,Credit Card,2025-11-18,6,1.7
ORD107023,CUS1990,Vanessa Ferguson,South Christine,Electronics,2059.51,5,Net Banking,2025-09-04,3,1.2
ORD107024,CUS8898,,Raymondfort,Books,2726.16,5,Credit Card,2025-06-08,7,2.5
ORD107025,CUS2528,Jose Oliver,East Scottton,Clothing,287.73,1,Credit Card,2024-11-26,5,3.4
ORD107026,CUS9994,Gina May,Martinezmouth,electronics,2202.23,2,UPI,2026-01-15,7,2.2
ORD107027,CUS4370,,South Isabellafort,Clothing,3360.39,3,Cash on Delivery,2024-09-01,1,2.5
ORD107028,CUS1069,Carol Garcia,East Edward,Electronics,4745.59,2,Debit Card,2025-11-14,5,2.5
ORD107029,CUS4416,Melvin Vaughan,Crystalchester,Books,4616.17,2,Cash on Delivery,2025-03-23,4,3.0
ORD107030,CUS4874,Amy Guerrero,Lake Davidport,Home,4422.46,5,Credit Card,2025-09-18,4,1.0
ORD107031,CUS8148,Danny Sanchez,Robertchester,Clothing,3707.47,3,Credit Card,2025-10-11,5,2.4
ORD107032,CUS3715,Penny King,Cortezport,Beauty,2747.87,1,Net Banking,2024-09-22,1,1.5
ORD107033,CUS6321,Cynthia Caldwell,Jonesberg,Electronics,3639.39,4,Credit Card,2024-10-19,6,2.2
ORD107034,CUS6699,Jonathan Pearson,Theresaburgh,Home,1958.27,5,Net Banking,2025-12-11,4,3.6
ORD107035,CUS7071,Angela Franco,Port Amyport,Books,3691.75,3,Net Banking,2024-05-15,1,1.3
ORD107036,CUS1691,John Sharp,West Barbara,Home,4163.22,3,Debit Card,2025-04-01,2,
ORD107037,CUS9109,Dustin Foster,Port William,Beauty,4053.57,4,Net Banking,2025-07-12,6,1.4
ORD107038,CUS4457,Samantha Wilcox,Lake Davidton,Home,1992.9,5,UPI,2024-08-02,4,
ORD107039,CUS1407,Jesse Perez,Monteschester,Books,4703.32,3,Credit Card,2025-02-09,6,1.0
ORD107040,CUS3284,Dr. Kayla Preston,Kaylatown,Clothing,2169.78,5,Credit Card,2025-07-28,5,1.5
ORD107041,CUS6859,Jason Parker,South Michaeltown,Electronics,239.13,1,Net Banking,2025-05-19,4,2.9
ORD107042,CUS2645,Christina Taylor,Johnstonberg,Books,4736.34,3,UPI,2025-05-11,4,1.4
ORD107043,CUS8055,Adam Brown,West Robert,Home,4838.61,4,Debit Card,2025-12-03,7,3.5
ORD107044,CUS2139,Travis Mitchell,South Dwayneborough,Beauty,2574.32,5,UPI,2025-04-08,4,2.5
ORD107045,CUS1941,Kelly Parker,Lake Jill,Home,309.97,1,Credit Card,2025-06-30,2,
ORD107046,CUS5189,Joshua Green,Davidstad,Clothing,4390.83,4,Debit Card,2026-01-16,4,3.8
ORD107047,CUS4554,Laurie Lee,Pamelachester,Clothing,4564.34,1,Credit Card,2025-05-02,6,3.6
ORD107048,CUS9894,James Wood,Johnton,Home,1003.35,4,Debit Card,2025-01-13,6,1.0
ORD107049,CUS5655,Faith Maynard,East Laurenstad,Sports,4535.59,3,UPI,2024-05-31,7,5.0
ORD107050,CUS3928,Margaret Wilson,East Cynthia,electronics,2584.11,4,Credit Card,2025-05-16,7,2.9
ORD107051,CUS1830,Cheryl Delgado,Port William,Electronics,2594.2,1,UPI,2024-06-02,1,3.1
ORD107052,CUS9016,Patricia Benjamin,Mitchellland,Clothing,2717.85,5,Debit Card,2025-01-18,4,3.4
ORD107053,CUS4498,Terri Parker,West Carlastad,Clothing,4919.6,3,Cash on Delivery,2024-12-05,4,3.4
ORD107054,CUS3922,Timothy Lamb,New Bradley,Books,2125.95,1,UPI,2025-03-05,4,2.0
ORD107055,CUS7061,Allison Delgado,Colonfurt,Clothing,2337.7,4,Credit Card,2025-10-05,6,
ORD107056,CUS6999,Christina Mcdowell,Port Jamieberg,Beauty,1542.73,4,Net Banking,2025-03-31,4,3.2
ORD107057,CUS3851,Christina Stone,New Chad,Beauty,2783.51,5,Credit Card,2024-09-21,3,2.0
ORD107058,CUS7040,Tracy Davis,Hofurt,Beauty,273.21,1,Net Banking,2025-08-15,5,3.1
ORD107059,CUS1636,,Port Karen,Beauty,1933.7,2,Debit Card,2025-05-25,4,4.2
ORD107060,CUS9468,Daniel Tanner,Petersonbury,Electronics,4180.8,5,Cash on Delivery,2025-01-25,1,4.9
ORD107061,CUS3906,Shannon Jensen,New Amandaville,Home,1782.93,4,Net Banking,2025-08-29,3,4.6
ORD107062,CUS1876,Wendy Miller,West William,Electronics,1503.87,1,Credit Card,2024-05-04,3,3.0
ORD107063,CUS3592,Paul Reilly,Michaelville,Clothing,536.03,3,Credit Card,2025-10-16,4,3.9
ORD107064,CUS8029,John Miller,Collinsshire,Sports,3629.37,5,Credit Card,2024-08-29,1,4.6
ORD107065,CUS3342,Miss Bethany Ramirez,Riceshire,Electronics,4685.5,4,UPI,2024-08-28,5,2.3
ORD107066,CUS2740,Antonio Griffith,New Sherrychester,Electronics,571.24,2,Debit Card,2024-06-05,6,2.0
ORD107067,CUS6147,Rachel Hall,Brownview,Home,3868.22,1,Credit Card,2026-01-02,1,1.4
ORD107068,CUS4361,Ryan West,Garciaton,Sports,2584.19,4,UPI,2025-04-21,4,3.4
ORD107069,CUS1890,Dana Morgan,Dunnville,Electronics,535.52,4,Cash on Delivery,2025-08-04,3,3.4
ORD107070,CUS1276,Dean Hunt,Lake Christopher,Sports,4301.15,3,Cash on Delivery,2024-04-25,4,
ORD107071,CUS4253,Danielle Mcdowell,New Jesusfort,Clothing,3657.05,5,Net Banking,2025-04-14,5,2.7
ORD107072,CUS2853,Mrs. Elaine Braun,Williamshaven,Clothing,2160.11,4,Credit Card,2025-08-14,3,4.8
ORD107073,CUS5899,Debra Torres,Wrightmouth,Home,1306.47,1,Credit Card,2025-07-15,4,3.3
ORD107074,CUS1096,Anna Waters,North Brian,Books,1716.36,1,UPI,2025-03-13,6,2.2
ORD107075,CUS9408,Jessica Campbell,Raymondhaven,Books,2097.65,5,Credit Card,2025-09-06,6,1.8
ORD107076,CUS9010,Stephen Burns,North Elizabeth,Beauty,742.4,5,Net Banking,2024-05-08,7,2.6
ORD107077,CUS5710,Christy Williams,North Carmen,Electronics,702.71,2,UPI,2025-01-18,2,3.0
ORD107078,CUS3054,Crystal Rose,West Lisa,Home,3424.43,5,Credit Card,2026-01-23,7,4.8
ORD107079,CUS6977,Patrick Cooper,South Debra,Books,2153.95,5,Cash on Delivery,2025-10-30,2,2.7
ORD107080,CUS3574,Glenda Neal,Jamesfort,Electronics,2875.4,2,Debit Card,2026-01-20,5,1.7
ORD107081,CUS6961,Jeffrey Cole,Garyhaven,Clothing,2602.21,2,Debit Card,2024-05-31,4,2.3
ORD107082,CUS5400,Jeffrey Paul,North Curtis,Home,3327.67,1,Credit Card,2025-10-21,5,2.7
ORD107083,CUS1451,,Paulside,Home,1874.12,1,Debit Card,2025-08-17,6,2.2
ORD107084,CUS7769,Daniel Vasquez,Lake Angela,Electronics,3297.97,5,Cash on Delivery,2024-12-19,5,1.3
ORD107085,CUS8432,Elizabeth Wilson,East Christina,Beauty,911.54,2,Debit Card,2025-10-23,1,4.1
ORD107086,CUS4924,Lori Rhodes,Armstronghaven,Sports,3395.7,3,Net Banking,2025-05-15,7,1.7
ORD107087,CUS8554,Brandon Smith,North Lisaberg,Books,4603.69,1,Cash on Delivery,2025-12-30,3,1.4
ORD107088,CUS9351,Charles Cummings,New Gary,Electronics,2030.05,1,Debit Card,2025-01-03,4,2.5
ORD107089,CUS2991,Christopher Ramsey,New Matthew,Home,2957.01,2,UPI,2025-07-23,4,1.4
ORD107090,CUS9848,Danielle Carr,Kristinamouth,Books,352.31,2,Cash on Delivery,2025-05-04,3,1.8
ORD107091,CUS1714,Kelly Chavez,New Jessicaville,Home,1526.55,5,Net Banking,2025-08-31,6,1.3
ORD107092,CUS9708,Mark Munoz,East Jacob,Books,2656.8,3,Cash on Delivery,2025-02-28,6,3.8
ORD107093,CUS4896,Thomas Williams,Lake Kathyburgh,Sports,1793.74,4,UPI,2024-12-19,2,4.3
ORD107094,CUS6619,Luis Kelly,South Tanner,Beauty,1934.22,3,Cash on Delivery,2025-08-11,5,4.8
ORD107095,CUS9793,Laura Peterson,Michaelshire,Home,3729.75,3,Net Banking,2025-01-26,5,
ORD107096,CUS3738,Glenn Walker,Brentport,Home,3602.56,3,UPI,2026-03-03,7,2.3
ORD107097,CUS4118,Lisa Hopkins,Taylorshire,Sports,1981.05,2,Credit Card,2024-07-08,1,3.5
ORD107098,CUS8799,Edwin Obrien,New Nicholasborough,Home,4334.72,4,UPI,2026-02-14,3,4.2
ORD107099,CUS1157,Jessica Hayes,Davidshire,Home,328.23,3,Credit Card,2026-01-18,4,3.6
ORD107100,CUS5544,Michael Hardin,Vincentland,Home,609.41,5,Credit Card,2025-09-15,1,3.3
ORD107101,CUS3681,Michael Brown,South Timothy,Beauty,2695.78,2,Net Banking,2025-07-11,3,3.6
ORD107102,CUS2510,Anthony Lawrence,New Laura,electronics,2790.6,5,Cash on Delivery,2024-06-15,3,4.3
ORD107103,CUS8652,Brittany Taylor,South Angelastad,Electronics,936.86,2,Net Banking,2024-12-10,6,4.0
ORD107104,CUS3830,Diane Ross,East Vanessa,Clothing,1178.55,4,Debit Card,2025-02-17,3,4.0
ORD107105,CUS9738,William Barron,Lake Edward,Electronics,484.02,1,UPI,2024-04-28,5,4.1
ORD107106,CUS4718,Douglas Jones,Chadstad,Electronics,2758.06,4,UPI,2024-12-20,4,1.5
ORD107107,CUS2676,Emma Ford,Marymouth,Clothing,2664.28,1,Cash on Delivery,2025-04-20,3,1.5
ORD107108,CUS9529,Tyler Cuevas,East Tammy,Electronics,4359.59,2,Cash on Delivery,2025-01-06,5,1.1
ORD107109,CUS1992,Stephen Kim,Lake Rachaelburgh,Clothing,1064.24,3,Cash on Delivery,2025-07-11,1,3.6
ORD107110,CUS4907,Cory Young,North Pamela,Sports,2908.12,1,Cash on Delivery,2025-04-02,2,
ORD107111,CUS7097,,Carterfurt,Sports,2121.45,3,Net Banking,2024-03-13,6,2.3
ORD107112,CUS6922,,Jeffreybury,Books,934.17,3,Debit Card,2025-10-05,3,1.4
ORD107113,CUS6843,Christy Nelson,Fitzpatrickville,Electronics,4058.74,1,UPI,2025-09-26,3,4.1
ORD107114,CUS6063,Sara Weaver,Parkberg,Sports,486.98,5,Debit Card,2025-06-24,4,1.6
ORD107115,CUS5073,Janice Price,Jenniferburgh,Books,549.52,1,Credit Card,2025-07-03,6,1.7
ORD107116,CUS3207,Jonathan Montes,Garciafort,Home,845.6,3,Credit Card,2025-07-12,6,2.5
ORD107117,CUS9559,Emily Cook,Oliviaview,Sports,3914.3,5,UPI,2025-02-02,4,3.4
ORD107118,CUS5681,Sean Shea,Alexshire,Clothing,1052.21,1,Net Banking,2024-11-03,7,2.1
ORD107119,CUS9638,Kyle Potter,Lake Susanville,Books,2743.0,1,Debit Card,2024-12-04,3,
ORD107120,CUS1041,Erica Williamson,Port Marcusmouth,Sports,3579.35,3,UPI,2026-03-03,5,4.6
ORD107121,CUS3617,Jessica Bailey,West Andreaborough,Home,3495.95,3,Credit Card,2024-07-09,5,3.9
ORD107122,CUS6392,Mr. Justin Flores DDS,Thompsonchester,Clothing,831.56,4,UPI,2025-02-23,2,2.2
ORD107123,CUS2484,Taylor Webster,Daughertyborough,Clothing,4154.23,5,Debit Card,2025-05-31,3,4.1
ORD107124,CUS8429,Thomas Wong,New Michaelton,Electronics,3342.15,1,UPI,2025-07-04,2,3.4
ORD107125,CUS7377,Melvin Miller,Lake Stevenmouth,Home,972.35,1,Cash on Delivery,2025-02-08,6,
ORD107126,CUS7930,Anna Duran,North Chad,Electronics,4434.06,2,Credit Card,2024-10-11,5,1.6
ORD107127,CUS4601,Leon Knight,West Ryan,Electronics,1145.09,5,Credit Card,2024-10-08,6,2.3
ORD107128,CUS3074,Tristan Luna DDS,Kellybury,Books,336.72,3,Net Banking,2025-08-20,3,2.3
ORD107129,CUS1570,Deborah Herrera,New Peter,Clothing,1813.03,1,UPI,2025-04-07,7,2.6
ORD107130,CUS1745,Charles Mccormick,Cynthiatown,Clothing,4971.75,2,Net Banking,2025-06-29,2,1.9
ORD107131,CUS5459,Charles Arnold,West Joshuaton,Home,1528.96,3,Debit Card,2024-09-14,1,4.4
ORD107132,CUS6302,Elizabeth Reed,Burtonport,Clothing,960.34,1,Debit Card,2025-08-17,2,3.5
ORD107133,CUS3999,Steven Chambers,Castroland,Electronics,1257.22,2,UPI,2025-08-05,3,4.0
ORD107134,CUS4291,Taylor Friedman,Coryborough,Books,2673.17,4,Net Banking,2024-04-18,7,1.3
ORD107135,CUS8850,Jordan Taylor,Port Codyland,Clothing,2434.68,1,Debit Card,2024-11-02,4,5.0
ORD107136,CUS2382,Robert Butler,Susanside,Home,2299.87,1,Cash on Delivery,2025-11-05,7,3.5
ORD107137,CUS7100,Zoe Green,New Christinehaven,Electronics,2916.0,3,Net Banking,2025-08-20,2,4.1
ORD107138,CUS8956,Ashlee Allen,Davidborough,Clothing,3715.01,1,Debit Card,2025-10-18,4,4.9
ORD107139,CUS5836,Ashley Hall,South Christina,Sports,291.11,3,Net Banking,2024-06-21,1,3.0
ORD107140,CUS8410,Michael Woods,Lake Cheyenne,Electronics,2164.61,1,UPI,2024-11-13,4,2.8
ORD107141,CUS3098,Kelly Powell,Cisnerosberg,Clothing,446.69,2,Net Banking,2025-02-17,3,2.9
ORD107142,CUS1513,Sarah Myers,North Jacobtown,Sports,200.1,4,Credit Card,2025-07-10,6,3.7
ORD107143,CUS9871,Jason Duffy,Frankberg,Books,2951.2,3,Credit Card,2025-11-22,2,4.0
ORD107144,CUS8679,Robert Campbell,New Donna,Clothing,4606.64,4,Net Banking,2025-03-10,1,3.5
ORD107145,CUS4988,Russell Nelson,East Zacharystad,Home,4807.75,1,Debit Card,2025-05-29,4,1.8
ORD107146,CUS8412,Marcus Hernandez,Kyleburgh,Sports,1805.11,1,Net Banking,2025-02-03,4,2.6
ORD107147,CUS9802,Stephen Fields,Hooverton,Electronics,2589.4,5,Credit Card,2024-06-09,1,3.1
ORD107148,CUS4632,William Armstrong,Williamshire,Books,1966.16,4,Net Banking,2024-10-25,5,4.0
ORD107149,CUS8157,Christopher Fuller,South Johnny,Clothing,4795.01,3,Debit Card,2024-07-30,3,2.6
ORD107150,CUS6168,Brent Wagner,Stokesstad,Beauty,3176.36,2,Credit Card,2026-02-25,2,3.2
ORD107151,CUS3901,Sandra Bryant,South Jefferytown,Clothing,366.45,5,Net Banking,2025-11-23,4,2.6
ORD107152,CUS2146,Jamie White,South Brandonchester,Sports,933.31,4,UPI,2025-09-09,7,4.4
ORD107153,CUS6820,Laura Kelly,Georgebury,Sports,4039.1,3,UPI,2025-10-27,6,3.6
ORD107154,CUS7197,Amy Diaz,Frederickstad,electronics,2240.64,5,Cash on Delivery,2025-02-03,5,3.3
ORD107155,CUS1516,Douglas Yang Jr.,Lake Keith,Electronics,4184.18,1,Net Banking,2024-07-02,4,3.6
ORD107156,CUS2621,Michelle Bowers,Lake Calvin,Beauty,4612.29,2,Credit Card,2026-02-22,7,1.3
ORD107157,CUS1200,Marc Robertson,Howardfurt,Electronics,1381.48,1,Net Banking,2025-08-25,1,4.8
ORD107158,CUS1349,Juan Jones,Spencerfurt,Electronics,802.79,1,Debit Card,2024-08-26,5,3.0
ORD107159,CUS5175,Martin Mccormick,Tammychester,Beauty,1851.65,3,Credit Card,2024-04-02,7,2.8
ORD107160,CUS5183,Dylan Herrera,Cisneroshaven,Clothing,493.47,1,Cash on Delivery,2025-09-22,3,4.8
ORD107161,CUS7569,Michelle Kelley MD,Wongtown,Books,3226.53,5,Net Banking,2026-02-03,1,2.0
ORD107162,CUS6297,Jeffrey Lawson,Brendafurt,Sports,1335.84,2,Credit Card,2024-04-21,4,1.8
ORD107163,CUS5103,Jose Byrd,Thomasville,Electronics,4344.11,5,Cash on Delivery,2024-12-15,6,
ORD107164,CUS3289,Brian Smith,Lake Raymondland,Beauty,2730.01,4,Debit Card,2024-04-01,3,3.5
ORD107165,CUS5003,Victoria Reese,Adamsfort,Beauty,2177.62,4,UPI,2025-10-26,7,2.3
ORD107166,CUS1788,Martin Rodriguez,North Melissa,Beauty,378.27,2,Cash on Delivery,2025-01-25,5,4.3
ORD107167,CUS8874,Tina Newman,Greenview,Electronics,3408.9,2,UPI,2025-05-16,1,2.2
ORD107168,CUS4197,Melissa Clayton,Amystad,Home,3958.02,5,Credit Card,2024-12-14,2,4.5
ORD107169,CUS1616,Diana Lopez,Terrimouth,Home,4126.82,1,Net Banking,2025-02-25,1,4.1
ORD107170,CUS2887,Tiffany Smith,Mirandaport,Books,3347.73,1,Credit Card,2026-02-17,5,1.9
ORD107171,CUS4443,Teresa Barnes,New Pamelaview,Beauty,2528.37,1,Credit Card,2024-10-18,4,4.4
ORD107172,CUS5041,,East Gregory,Home,2947.62,5,Cash on Delivery,2024-12-02,3,4.9
ORD107173,CUS8922,Laura Powell,Ginaberg,Home,4787.31,3,UPI,2025-06-17,3,4.9
ORD107174,CUS8830,Bryan Patterson,New James,Books,3801.12,3,Net Banking,2024-03-17,5,4.6
ORD107175,CUS1844,Stephen Campbell,Mendezland,Books,921.32,4,UPI,2025-11-28,4,3.7
ORD107176,CUS9421,Debra Villarreal,Baileyberg,Sports,4789.24,1,Debit Card,2024-05-20,5,4.4
ORD107177,CUS4735,Ronald Adams,Richardsstad,Books,4283.03,4,UPI,2026-02-20,1,2.3
ORD107178,CUS7492,Jorge Richardson,Kirbyfurt,Beauty,386.29,5,Debit Card,2024-06-25,4,1.4
ORD107179,CUS6699,Julian Espinoza,Taylorside,Home,4916.99,2,Debit Card,2024-12-25,1,2.5
ORD107180,CUS8038,Stephanie Carlson,Richardsonberg,Sports,976.67,2,UPI,2025-04-14,2,2.0
ORD107181,CUS5139,Bryan Cruz,North Marcuschester,Sports,915.05,4,Cash on Delivery,2024-03-16,6,3.1
ORD107182,CUS1183,Pamela Medina,Lynnland,Sports,824.36,4,Cash on Delivery,2025-08-28,1,4.1
ORD107183,CUS5636,Ronald Rocha,Odomtown,Books,498.2,1,UPI,2025-01-13,4,2.9
ORD107184,CUS4877,Christopher Williams PhD,Lake James,Home,153.86,3,Cash on Delivery,2025-11-16,1,3.7
ORD107185,CUS6221,Nancy Daniel,Oliviabury,Clothing,1629.26,3,Debit Card,2024-09-22,7,4.4
ORD107186,CUS9676,Tina Brooks,East Lisa,Clothing,245.05,5,UPI,2025-10-07,6,4.0
ORD107187,CUS4361,James Sullivan,East Johnton,Beauty,1183.5,2,Net Banking,2025-02-12,1,3.3
ORD107188,CUS3299,Julie Lewis,North Nicole,Electronics,3937.03,2,Net Banking,2024-04-29,4,2.4
ORD107189,CUS4343,Lisa Chapman,Brandonview,Clothing,2800.28,3,Cash on Delivery,2024-11-18,6,3.2
ORD107190,CUS3166,Larry Spence,East Nicholas,Electronics,1428.61,5,UPI,2026-01-02,3,2.4
ORD107191,CUS8989,Sharon Gutierrez,North Juanburgh,Beauty,600.08,4,Credit Card,2025-12-12,1,1.0
ORD107192,CUS3067,Shannon Sanders,New Kimberlyhaven,Electronics,1981.96,5,Credit Card,2024-07-19,6,
ORD107193,CUS2510,Paul Collins,South Bruce,Home,4319.69,1,Credit Card,2024-12-02,4,1.9
ORD107194,CUS3647,Anne Dominguez,Fernandoview,Sports,3386.79,4,Credit Card,2025-05-30,1,2.8
ORD107195,CUS4684,Eugene Campbell,Owenport,Home,2670.48,1,Net Banking,2025-12-02,7,4.2
ORD107196,CUS4024,Heather Decker,Port Joel,Books,4767.72,2,Debit Card,2024-04-20,3,4.1
ORD107197,CUS1743,Aaron Rodriguez,Lake Donnafort,Home,226.83,2,Debit Card,2024-12-05,7,2.9
ORD107198,CUS8229,Brenda Chapman,South Nathanberg,Books,329.89,2,Credit Card,2025-05-07,4,2.1
ORD107199,CUS6192,Zachary Lewis,Port Jameston,Home,2810.41,1,Debit Card,2024-11-11,7,3.4
ORD107200,CUS4458,Jeffery Nelson,Lake Patricia,Electronics,1482.02,1,Debit Card,2025-07-03,6,2.0
ORD107201,CUS4635,Cassandra Franklin,West Gregory,Clothing,114.86,1,UPI,2024-03-26,7,4.5
ORD107202,CUS2177,Brianna Pierce,South Ashleeview,Beauty,3099.78,1,Debit Card,2024-08-04,3,4.6
ORD107203,CUS5068,Charles Greer,Martinezberg,Books,3967.35,5,Net Banking,2025-11-29,5,1.4
ORD107204,CUS4186,Scott Lopez,East Edward,Clothing,3722.61,2,UPI,2024-09-21,5,4.5
ORD107205,CUS7858,Juan Lloyd,Kellymouth,Sports,255.72,3,Net Banking,2024-09-01,4,3.8
ORD107206,CUS9323,Holly Short,East Joyce,Sports,1229.39,5,UPI,2024-06-22,5,2.8
ORD107207,CUS6221,Laura Roberts,Lake William,Clothing,1246.77,3,Credit Card,2024-12-13,1,3.2
ORD107208,CUS6626,Robert Gibson,Bondview,Books,576.2,5,Credit Card,2025-07-11,3,4.3
ORD107209,CUS9404,Paige Lawson,Lake Debra,Books,485.42,5,Net Banking,2024-04-30,6,4.6
ORD107210,CUS4115,John Warren,Lake Crystal,Beauty,4901.34,1,Debit Card,2025-04-12,6,2.6
ORD107211,CUS8679,Virginia Ayala,Robertsfort,electronics,712.08,1,Net Banking,2025-01-11,5,3.8
ORD107212,CUS4669,Justin Miller,Jenniferport,Electronics,1967.55,2,Net Banking,2024-06-16,5,2.8
ORD107213,CUS6539,Ronald Brown,Wilsonside,Books,4689.41,4,Credit Card,2025-01-26,1,4.3
ORD107214,CUS1914,Anna Patel,Heidiview,Electronics,111.15,3,UPI,2025-10-27,6,2.7
ORD107215,CUS1717,Kelly Stephens,New Williamhaven,Home,1456.94,4,Credit Card,2024-09-27,6,1.4
ORD107216,CUS1956,Pamela Hubbard,New Laura,Clothing,1458.15,2,Net Banking,2024-11-05,1,2.0
ORD107217,CUS3457,Michael Gonzalez,East Lisaville,Sports,2058.83,1,Cash on Delivery,2024-10-15,1,3.5
ORD107218,CUS7352,Margaret Campos,Nancyton,Beauty,3839.65,4,Debit Card,2024-11-22,4,3.8
ORD107219,CUS8383,,Lake Jaredton,Beauty,4030.53,4,Net Banking,2025-01-27,4,4.4
ORD107220,CUS8243,Misty Thomas,Thomasmouth,Home,531.71,1,Credit Card,2025-02-20,6,1.6
ORD107221,CUS1868,Lisa Rose,Kevinmouth,electronics,1707.7,1,Cash on Delivery,2025-01-15,4,2.4
ORD107222,CUS1660,Jonathan Le,East Mathewmouth,Electronics,3654.38,5,Debit Card,2026-02-05,5,1.9
ORD107223,CUS5902,Ashley Fletcher,Hickmanburgh,Beauty,3413.25,2,Net Banking,2024-10-12,4,2.0
ORD107224,CUS7533,Brandon Tran,South Jacqueline,Home,1132.53,4,Credit Card,2025-01-27,7,4.6
ORD107225,CUS7627,Christopher Jackson,New Sarah,Beauty,1510.93,1,Net Banking,2025-06-22,4,4.6
ORD107226,CUS4295,Antonio Mendez,Brownfurt,Clothing,3546.39,1,UPI,2025-11-10,1,3.1
ORD107227,CUS8562,James Mcintyre,Dannystad,Books,2968.6,2,UPI,2024-04-01,5,
ORD107228,CUS2031,Amy Trujillo,South Mark,Beauty,4858.93,1,UPI,2026-02-25,2,3.9
ORD107229,CUS4066,Abigail Herring,Parksshire,Clothing,783.28,5,Credit Card,2024-11-21,3,3.6
ORD107230,CUS5945,Elizabeth Jackson,North Adam,electronics,1556.82,3,Cash on Delivery,2024-12-30,6,4.8
ORD107231,CUS4366,Heidi Pena,South Brittany,Sports,735.92,3,UPI,2025-10-27,3,3.3
ORD107232,CUS2069,Vanessa Bennett,Tinabury,Books,2412.23,2,Credit Card,2024-06-07,6,1.4
ORD107233,CUS6713,Laura Barber,Conwaystad,Sports,3587.81,1,Cash on Delivery,2026-02-17,1,1.9
ORD107234,CUS7816,Michael Shields,Simonfurt,electronics,1816.96,3,Cash on Delivery,2024-06-21,3,3.1
ORD107235,CUS9046,Melissa Davis,Michaeltown,Beauty,385.4,5,UPI,2024-08-23,2,
ORD107236,CUS1347,Taylor Huff,South Shannon,Clothing,4341.26,5,Cash on Delivery,2026-01-07,1,4.0
ORD107237,CUS9953,Billy Smith,Lake Alexis,Beauty,757.18,2,Credit Card,2025-12-30,2,1.5
ORD107238,CUS6687,Barbara Williams,Oconnorfort,Books,3929.8,3,Cash on Delivery,2024-11-27,4,4.5
ORD107239,CUS2301,Edward Thompson,South Ryan,Books,2638.95,1,Credit Card,2024-04-06,7,3.7
ORD107240,CUS8892,Melissa Figueroa,Toniborough,Sports,1480.63,2,Credit Card,2025-06-17,2,4.3
ORD107241,CUS2614,,Gloriaburgh,Books,2904.74,1,Cash on Delivery,2025-06-17,6,1.2
ORD107242,CUS1792,David Martin,Rollinsville,Electronics,4615.32,5,Credit Card,2024-05-07,5,4.5
ORD107243,CUS7930,Daniel Sosa,East Rachelstad,electronics,501.85,3,Debit Card,2025-12-31,5,1.7
ORD107244,CUS6389,Stephen Myers,West Steven,Sports,4577.48,1,Debit Card,2024-12-13,2,2.8
ORD107245,CUS4624,Katie Alvarado,Johnshire,Beauty,3093.09,3,Debit Card,2025-05-09,1,
ORD107246,CUS4645,Anthony Swanson,North Thomas,Sports,452.48,5,Cash on Delivery,2025-08-16,5,2.7
ORD107247,CUS3861,Madison Roberts,Grantland,Electronics,3593.56,4,UPI,2025-02-10,2,4.3
ORD107248,CUS5306,Frederick Hunt,Travisbury,Electronics,1045.36,2,Credit Card,2024-07-04,3,
ORD107249,CUS2389,Emily Blair,New Alisontown,Beauty,3262.95,2,Debit Card,2025-05-17,3,2.3
ORD107250,CUS1771,Nancy Nelson,West Jennifermouth,Home,1614.94,3,Credit Card,2024-03-11,3,3.6
ORD107251,CUS3024,Christopher Rodriguez,West Wendymouth,Electronics,2503.47,4,Credit Card,2024-10-02,3,3.4
ORD107252,CUS7244,Timothy Martinez,Trujillobury,Sports,4767.33,1,Credit Card,2025-04-13,2,2.6
ORD107253,CUS1825,Lisa Matthews,Alexandraburgh,Books,602.29,5,Credit Card,2026-01-28,5,2.4
ORD107254,CUS7884,Michael Cox,South Jeremiahhaven,Electronics,4615.4,1,Cash on Delivery,2025-07-15,4,
ORD107255,CUS3811,Nicholas Ray,Lake Levi,Home,651.48,1,Debit Card,2024-08-15,6,3.8
ORD107256,CUS1619,,Lake Breanna,Clothing,357.84,4,UPI,2025-06-09,3,3.5
ORD107257,CUS2006,Edward Carr,Hernandezburgh,Books,4938.79,1,UPI,2025-10-13,1,4.1
ORD107258,CUS5551,Gabriela Hughes,Waltersville,Beauty,4521.6,3,Debit Card,2026-02-08,6,1.8
ORD107259,CUS1473,Robert Smith,West Richard,Books,395.57,3,Credit Card,2025-10-04,3,1.3
ORD107260,CUS8638,Summer Turner,Floydberg,Sports,3436.41,1,Credit Card,2025-06-23,1,2.5
ORD107261,CUS3495,Lisa Duffy,Reynoldsfort,Books,1700.34,3,Debit Card,2025-08-29,6,4.4
ORD107262,CUS7608,Jackie Edwards,New Taylor,Sports,1179.77,4,Credit Card,2025-10-02,5,2.2
ORD107263,CUS7880,Brenda Gilbert,Lake Jennifer,Clothing,2553.91,1,Net Banking,2025-12-08,1,4.1
ORD107264,CUS8286,,Port Todd,Sports,3198.75,4,Cash on Delivery,2025-03-11,5,2.6
ORD107265,CUS7141,Robert Curtis,Lake Dave,Beauty,4053.2,2,Debit Card,2026-02-17,6,4.6
ORD107266,CUS3843,Daniel Donovan,Brooksview,Home,2928.96,3,Cash on Delivery,2025-06-02,6,4.6
ORD107267,CUS9190,Joshua Miller,Pacefort,Books,549.77,1,Debit Card,2024-10-07,5,3.9
ORD107268,CUS8412,Christine Leach,New Cynthia,Sports,2082.76,4,Credit Card,2024-06-01,4,4.5
ORD107269,CUS3780,Elaine Mcmillan,North Kaylamouth,Electronics,702.46,3,Cash on Delivery,2024-03-14,5,5.0
ORD107270,CUS4321,Jessica Johnson,Barnettmouth,Home,594.74,5,Credit Card,2025-11-30,4,2.0
ORD107271,CUS7804,Brandon Jordan,North Leah,Electronics,230.5,2,Debit Card,2025-05-16,6,1.1
ORD107272,CUS9146,Kenneth Jackson,North Maria,Electronics,2044.98,1,Credit Card,2024-05-10,1,2.9
ORD107273,CUS9374,Lindsey Walters,East Erikaborough,Sports,4651.95,2,Cash on Delivery,2024-10-19,6,4.4
ORD107274,CUS9967,Sabrina Ewing,New Catherinefurt,Beauty,1111.4,2,Credit Card,2025-10-26,1,2.7
ORD107275,CUS9956,Jasmine Martin,South Suzanne,electronics,3403.32,2,Cash on Delivery,2026-03-02,7,2.1
ORD107276,CUS5123,Dale Lopez,Sparksfurt,Clothing,976.15,3,Credit Card,2024-12-14,4,4.4
ORD107277,CUS9879,Theresa Calhoun,Hamiltonview,Home,815.71,1,Net Banking,2025-04-17,3,4.1
ORD107278,CUS8937,David Nguyen,Michaelborough,Beauty,4425.34,2,Net Banking,2025-02-02,7,3.4
ORD107279,CUS5964,Samuel Santiago,Lake Hollytown,Sports,2154.86,5,Net Banking,2026-01-26,4,
ORD107280,CUS7907,Shannon Waters,Pachecohaven,Sports,3379.54,2,Net Banking,2025-02-23,1,3.2
ORD107281,CUS1210,Mark Jackson,East Bradley,Sports,803.47,5,Cash on Delivery,2024-07-08,3,3.7
ORD107282,CUS5866,Darren Velasquez,West Davidport,Sports,2093.72,5,Debit Card,2024-04-30,4,4.2
ORD107283,CUS6611,Barbara Simpson,Lake Jack,Electronics,2181.71,4,Debit Card,2024-11-20,1,1.2
ORD107284,CUS3606,Samantha Carlson,Beckerport,Sports,784.76,1,UPI,2024-11-04,7,2.0
ORD107285,CUS4975,Samuel Holder,Johnsonton,Books,1602.43,4,Cash on Delivery,2025-04-30,3,4.5
ORD107286,CUS9709,Amanda Carter,Aprilland,Electronics,675.58,1,Cash on Delivery,2025-04-30,5,2.4
ORD107287,CUS8105,Jenny Hernandez,East Sydneyborough,Electronics,1249.57,4,Net Banking,2025-10-01,7,2.6
ORD107288,CUS5982,Dr. Lawrence Brown DVM,Donaldsonbury,Sports,1504.34,1,Cash on Delivery,2025-03-02,3,3.8
ORD107289,CUS8293,Mark Henry,East Kevinville,Electronics,2551.76,3,Net Banking,2025-05-04,5,2.8
ORD107290,CUS2297,Rhonda Nash,Hillberg,Books,1835.05,5,Credit Card,2024-08-07,1,3.2
ORD107291,CUS2761,William Lynch,Lake Shanestad,Books,4761.74,3,Cash on Delivery,2025-03-24,5,2.4
ORD107292,CUS1182,Richard Hartman,Diazville,Sports,1830.56,2,Cash on Delivery,2025-01-08,6,4.2
ORD107293,CUS1206,Kimberly Haas,North Kimberly,Clothing,3740.45,3,Net Banking,2026-03-10,1,4.4
ORD107294,CUS2239,Kathleen Martin,Schmidtbury,Clothing,129.5,2,Cash on Delivery,2025-03-30,4,1.9
ORD107295,CUS8292,Andrew Deleon,New Tammyhaven,Home,3623.38,5,Cash on Delivery,2024-05-23,7,1.9
ORD107296,CUS3469,Ian Oliver,North Robertberg,Electronics,3416.48,5,Debit Card,2024-10-30,7,
ORD107297,CUS9943,Dr. David Galloway,South Lauren,Books,4343.48,2,Credit Card,2025-11-03,3,4.0
ORD107298,CUS1026,Gabriel Jackson,Clarkmouth,electronics,3524.43,4,Net Banking,2025-01-28,2,3.5
ORD107299,CUS3497,Breanna Hall,South Terryberg,Electronics,2083.12,4,Net Banking,2024-10-26,3,4.6
ORD107300,CUS3782,Michael Barker,Janetshire,Electronics,2035.81,5,Credit Card,2024-10-28,4,
ORD107301,CUS2533,Tiffany Bennett,Clayburgh,Sports,1465.11,3,Debit Card,2024-11-24,7,4.6
ORD107302,CUS7747,Danielle Phelps,Lake Kristinstad,Sports,1735.26,1,UPI,2024-11-01,7,3.0
ORD107303,CUS2042,Courtney Turner,East Traceyside,Home,3196.63,2,Debit Card,2024-07-26,1,1.7
ORD107304,CUS8569,Alisha Wallace,Port Taylorfort,Books,2504.71,1,UPI,2025-07-14,1,1.0
ORD107305,CUS9499,,South Laurafort,Books,4973.42,5,Credit Card,2025-07-31,1,4.1
ORD107306,CUS1627,Miranda Oneill,North Alicia,Home,3885.6,5,Net Banking,2024-10-14,5,4.7
ORD107307,CUS9487,Joshua Silva,North Michael,Electronics,3090.19,4,Credit Card,2025-07-20,4,5.0
ORD107308,CUS8276,,North Jennifer,Beauty,1912.97,2,UPI,2025-08-24,5,1.0
ORD107309,CUS7587,,Jacksonbury,Books,4248.86,5,Credit Card,2025-12-30,6,1.8
ORD107310,CUS4463,Aaron James,Jonestown,Clothing,2415.9,5,Debit Card,2024-04-25,4,2.9
ORD107311,CUS6394,Monica Wallace,East Sarah,Clothing,2780.9,3,UPI,2026-02-26,7,2.2
ORD107312,CUS7702,Robert Curtis,Myersberg,Electronics,4211.75,3,Debit Card,2024-12-24,7,1.5
ORD107313,CUS6978,John Morales Jr.,Danabury,Electronics,1148.82,2,Cash on Delivery,2024-10-05,3,1.4
ORD107314,CUS6789,Richard Wallace,Heidistad,Home,2645.84,3,Debit Card,2026-01-14,4,3.0
ORD107315,CUS3164,Isaiah Nelson,Simsmouth,Home,2098.38,5,Debit Card,2026-03-02,4,4.4
ORD107316,CUS2448,Arthur Watson,Christinatown,Clothing,762.58,1,UPI,2025-08-12,2,4.1
ORD107317,CUS6645,Jerry Johnson,East Denise,electronics,112.16,4,Credit Card,2024-06-12,5,2.6
ORD107318,CUS2215,Jennifer Cervantes,Lake Aprilfurt,Sports,4323.62,4,Net Banking,2024-07-28,7,1.8
ORD107319,CUS5988,Rebecca Nelson,Duffyton,Books,3111.48,3,UPI,2024-08-15,6,3.2
ORD107320,CUS4317,Anthony Robinson,South Amy,Clothing,3749.8,1,Debit Card,2025-10-30,6,3.2
ORD107321,CUS7982,Cheryl Lewis,Monroeview,Books,3713.73,5,Net Banking,2024-05-18,4,4.4
ORD107322,CUS1925,Jeremy Jensen,Alexishaven,Beauty,4440.74,3,Credit Card,2024-08-02,7,3.2
ORD107323,CUS9948,Kathleen Delgado,Lopezton,Clothing,2298.73,4,UPI,2025-12-04,2,2.1
ORD107324,CUS4787,Erin Lopez,Seanfurt,Home,3911.46,2,Cash on Delivery,2025-07-30,5,2.8
ORD107325,CUS7776,George Serrano,Lake Sally,Electronics,2158.17,1,Cash on Delivery,2025-09-30,2,1.0
ORD107326,CUS4656,Michelle Garcia,Lake Leslieview,Electronics,2818.58,1,UPI,2025-06-28,3,4.4
ORD107327,CUS4032,,Martinezberg,Clothing,1007.77,5,Cash on Delivery,2025-07-17,3,2.1
ORD107328,CUS6664,Jack Cannon,Dylanmouth,Home,3066.93,4,Debit Card,2025-09-08,3,3.1
ORD107329,CUS2273,Richard Clark,West Kimberly,Beauty,3293.14,4,Cash on Delivery,2024-04-15,5,1.7
ORD107330,CUS2443,Valerie Perry,Brooksberg,Home,1854.74,3,Debit Card,2026-01-08,4,3.1
ORD107331,CUS4066,Thomas Lewis,North Cassandrahaven,Beauty,2199.62,2,Credit Card,2025-07-11,3,
ORD107332,CUS9428,Mr. Richard Schmidt PhD,Schroedershire,Electronics,2198.42,4,UPI,2025-06-27,6,4.5
ORD107333,CUS3658,John Trevino,Amandafurt,Home,1686.66,5,Cash on Delivery,2024-10-13,5,3.3
ORD107334,CUS7683,Steven Newman,Garrisonburgh,Home,1050.8,2,Cash on Delivery,2025-08-05,3,2.0
ORD107335,CUS1787,Terri Wallace,Alecport,Home,175.46,1,Debit Card,2024-03-30,7,5.0
ORD107336,CUS4017,,New Kimland,Beauty,4393.52,5,Cash on Delivery,2026-02-03,2,4.9
ORD107337,CUS7790,Ashley Fitzpatrick,Travischester,Sports,1106.84,1,Cash on Delivery,2026-02-11,1,4.3
ORD107338,CUS3887,,West Mark,Home,2455.27,1,Net Banking,2025-01-10,6,4.0
ORD107339,CUS4240,Jamie Goodman,Johnstonchester,Clothing,4389.02,3,Cash on Delivery,2026-01-18,3,3.2
ORD107340,CUS8715,Brianna Rodriguez,Olsonchester,Clothing,1598.49,5,UPI,2026-01-17,3,3.1
ORD107341,CUS2948,Adam Aguilar,Lake Karlland,electronics,2222.3,4,UPI,2024-04-26,1,2.4
ORD107342,CUS1326,Jorge Anderson,North Valerie,Home,2257.19,4,Net Banking,2024-08-01,3,3.0
ORD107343,CUS9183,Ashley Clark,West Jeremy,Clothing,570.44,2,UPI,2025-08-03,1,1.8
ORD107344,CUS5410,Timothy Daniel,South Kristenhaven,electronics,4615.79,3,Debit Card,2024-12-07,3,3.1
ORD107345,CUS4721,Karen Hughes,Sancheztown,Books,3474.87,4,Net Banking,2025-07-15,1,2.0
ORD107346,CUS1171,Dr. Dawn Jordan MD,West Jesse,Beauty,4031.95,1,UPI,2024-11-01,2,3.9
ORD107347,CUS6536,Philip Lara,Greenland,Clothing,2628.88,5,Credit Card,2024-04-16,3,4.3
ORD107348,CUS3701,Tanya Bridges,East Lynnberg,Home,3398.3,3,Cash on Delivery,2025-01-27,6,3.5
ORD107349,CUS7489,Sean Fitzgerald,Port Alexander,Electronics,3822.84,1,Credit Card,2025-10-05,2,4.3
ORD107350,CUS5544,Thomas King,Jacquelinetown,Beauty,3229.69,5,UPI,2025-02-27,4,1.1
ORD107351,CUS3725,Kaitlyn Krueger,Port Kylemouth,Clothing,2475.73,4,UPI,2026-01-30,2,4.6
ORD107352,CUS3428,Stephanie Blevins,Marissafort,Books,3651.63,5,UPI,2026-01-16,6,4.2
ORD107353,CUS4296,Jorge Riddle,North Scottville,Beauty,3999.49,5,Debit Card,2025-07-15,1,5.0
ORD107354,CUS8915,Holly Ferguson,Jacksonville,Home,1144.58,4,Cash on Delivery,2025-03-26,4,3.2
ORD107355,CUS8710,,Brockfurt,Books,523.92,1,Debit Card,2025-04-29,1,2.1
ORD107356,CUS1889,Zachary Miller,New Catherineview,Electronics,2217.06,3,UPI,2025-03-08,7,2.6
ORD107357,CUS1182,Michael Jordan,South Sherri,Books,2029.39,4,Credit Card,2025-06-09,3,3.8
ORD107358,CUS8462,Melinda Morris,Jillhaven,Books,2000.57,5,Debit Card,2026-01-07,7,3.5
ORD107359,CUS8813,Christina Sosa,Robinsonmouth,Electronics,762.52,4,Net Banking,2025-08-14,1,2.1
ORD107360,CUS3415,Jessica Holt,Salinasfurt,Sports,2107.46,2,Cash on Delivery,2024-04-06,6,3.8
ORD107361,CUS1450,Nancy Garza,Thompsonburgh,Beauty,1017.41,5,Debit Card,2025-03-19,2,3.6
ORD107362,CUS3777,Catherine Johnson,Torreston,Beauty,2196.56,5,Debit Card,2024-07-25,3,2.0
ORD107363,CUS8026,David Robinson,Jeremyburgh,Clothing,981.41,5,Credit Card,2025-04-11,7,2.5
ORD107364,CUS3828,Tina Gonzalez,West Jameston,Books,262.11,5,Credit Card,2024-05-09,4,3.1
ORD107365,CUS6588,Robert Hicks,North Natashatown,Beauty,2587.79,1,Net Banking,2025-08-26,6,5.0
ORD107366,CUS7033,John Rodriguez,North Nicolefurt,Electronics,4487.15,3,Debit Card,2025-04-30,2,2.5
ORD107367,CUS7307,Kristin Warren,West Rachelstad,Books,1864.11,4,UPI,2024-06-15,7,1.1
ORD107368,CUS9636,Katelyn Patterson,East Johnny,Sports,442.07,4,Debit Card,2024-09-05,7,4.1
ORD107369,CUS8081,Benjamin Castro,North Lindatown,Home,3721.13,1,Cash on Delivery,2025-07-04,1,3.6
ORD107370,CUS4403,Derrick Williamson,South Robin,Electronics,1978.29,4,Cash on Delivery,2026-01-16,7,3.4
ORD107371,CUS9040,Melinda Fowler,Ruthbury,Clothing,577.45,3,Net Banking,2024-06-11,6,4.3
ORD107372,CUS1005,Richard Mercado,Floresmouth,Clothing,565.02,3,UPI,2025-09-29,7,1.9
ORD107373,CUS6482,Kevin Hubbard,South Randall,Books,3794.98,4,Cash on Delivery,2024-05-29,7,2.7
ORD107374,CUS3177,Kimberly Brown,Jonesmouth,Electronics,697.17,5,UPI,2024-09-07,2,3.5
ORD107375,CUS6033,Elizabeth Mendoza,North James,Beauty,1544.84,2,Credit Card,2025-07-29,2,2.5
ORD107376,CUS1430,Richard Pierce,West Justin,Electronics,2031.75,5,Net Banking,2025-10-18,1,3.5
ORD107377,CUS1179,Jill Austin,Kristenfort,Electronics,1271.9,1,Debit Card,2026-02-11,4,4.6
ORD107378,CUS7922,Maria Wilkins,North Javier,Books,2527.77,1,UPI,2024-11-03,3,3.8
ORD107379,CUS1106,Chad Bell,East Julie,Sports,309.69,1,Credit Card,2024-06-23,1,4.1
ORD107380,CUS2017,Robert Pacheco,South Carlfurt,Home,4573.77,2,UPI,2024-06-14,2,3.2
ORD107381,CUS1389,,Olsonport,Home,4827.27,1,Debit Card,2025-07-26,3,4.3
ORD107382,CUS7705,Robert Chen Jr.,South Kelly,Electronics,221.35,4,Credit Card,2025-09-03,4,4.6
ORD107383,CUS6176,Priscilla Baker,Danielbury,Home,2354.83,3,UPI,2024-06-28,1,2.5
ORD107384,CUS2566,Ian Stokes,Trujilloville,Home,3964.67,2,UPI,2026-01-03,7,2.2
ORD107385,CUS5982,Patricia Scott,New Michaelside,Sports,639.36,4,Credit Card,2024-03-14,7,
ORD107386,CUS3184,Richard Richardson MD,Staceyhaven,Electronics,250.56,3,Net Banking,2024-09-11,1,1.3
ORD107387,CUS1592,Benjamin Carney,East Justinchester,Electronics,705.9,5,Net Banking,2024-06-28,2,4.8
ORD107388,CUS7703,Erin Blair,Stonestad,Electronics,2656.99,1,Net Banking,2025-10-16,1,3.8
ORD107389,CUS5774,Adam Walls,West Ryanside,Electronics,1395.35,3,Credit Card,2025-12-11,6,4.5
ORD107390,CUS7121,John Robinson,South Amy,Home,268.78,1,Cash on Delivery,2025-09-25,2,1.9
ORD107391,CUS1935,Michelle Gibson,Lovechester,Beauty,1150.68,5,UPI,2025-06-09,7,3.6
ORD107392,CUS6493,Heather Anthony,Samanthaside,Clothing,2102.01,2,Cash on Delivery,2025-08-25,2,3.6
ORD107393,CUS2156,,New Todd,Clothing,1904.95,1,Debit Card,2025-08-30,4,4.8
ORD107394,CUS8189,Leslie Williams,Gonzalezchester,Electronics,2281.73,2,Debit Card,2024-07-03,1,2.1
ORD107395,CUS4578,Austin Rivera,Bellstad,Home,731.33,1,Debit Card,2024-09-05,1,1.9
ORD107396,CUS9866,Nancy Bailey DDS,Emilyshire,Sports,3545.62,4,Cash on Delivery,2025-04-16,4,2.5
ORD107397,CUS9531,Marie Perez,East Jacqueline,Electronics,737.69,5,UPI,2026-03-10,4,4.0
ORD107398,CUS5557,Ryan Holmes,South Reginald,Books,4144.38,2,Cash on Delivery,2024-04-19,6,4.0
ORD107399,CUS3050,Joseph Walton,Alisonburgh,Sports,766.86,5,UPI,2025-09-03,6,4.6
ORD107400,CUS5513,Mrs. Samantha Dickson,Lloydfort,Beauty,2752.96,5,Debit Card,2024-07-04,5,1.6
ORD107401,CUS7338,Kyle Lamb,West Frankside,Electronics,1938.82,5,UPI,2025-11-03,6,1.3
ORD107402,CUS6892,Melanie Martinez,Perryland,Electronics,3074.51,1,Credit Card,2024-08-12,3,4.5
ORD107403,CUS2582,Abigail Collier MD,Lamborough,Books,3767.3,2,UPI,2025-12-31,6,3.2
ORD107404,CUS4873,Andrea Meza,Debraberg,Beauty,4983.2,3,Net Banking,2025-03-01,5,3.8
ORD107405,CUS5287,Jenny Jenkins,Murrayberg,Clothing,1634.56,3,Cash on Delivery,2025-01-12,3,4.3
ORD107406,CUS2282,Brendan Patterson,Lewisville,Electronics,3114.43,2,Debit Card,2024-09-14,6,3.2
ORD107407,CUS1998,Ryan Kennedy,Port Steven,Clothing,4464.54,1,UPI,2024-12-01,1,1.3
ORD107408,CUS9533,Ernest Hickman,Hutchinsonmouth,Beauty,4466.72,4,Credit Card,2024-09-15,5,1.9
ORD107409,CUS1618,Dawn Schultz,Lake Patrick,Beauty,2065.72,5,Debit Card,2025-09-03,6,1.4
ORD107410,CUS5041,Wendy Garner,Lake Samanthaville,Electronics,4398.94,3,Cash on Delivery,2024-08-31,5,4.9
ORD107411,CUS1794,Paul Lewis,Port Kellymouth,Sports,3213.78,3,Net Banking,2026-03-07,5,2.5
ORD107412,CUS6225,Barbara Andrews,Wagnermouth,Beauty,2144.59,1,Cash on Delivery,2024-10-04,7,3.0
ORD107413,CUS9160,Anthony Woods,Annemouth,Electronics,1957.92,1,Cash on Delivery,2024-04-18,1,3.5
ORD107414,CUS3308,Susan Bartlett,Dennisland,Beauty,4444.17,3,Credit Card,2025-04-09,7,
ORD107415,CUS4060,Aaron Smith,New Briannaville,Electronics,4524.87,1,Credit Card,2025-07-09,1,4.2
ORD107416,CUS1300,,New Susanberg,Electronics,3980.59,4,Net Banking,2024-04-23,1,3.5
ORD107417,CUS8614,Anthony Castaneda,South Gary,Beauty,4619.47,1,Cash on Delivery,2025-05-13,1,1.4
ORD107418,CUS9851,Natasha Martin,Joshuastad,Electronics,490.93,2,Net Banking,2024-07-27,7,4.6
ORD107419,CUS2636,Amber Delgado,Smithport,Beauty,4203.73,3,Debit Card,2024-11-05,1,1.0
ORD107420,CUS7672,Brenda Clark,Lake Edwardstad,Books,4294.22,5,UPI,2025-09-18,3,2.2
ORD107421,CUS7860,Jasmine Griffin,Christopherport,Electronics,3733.53,2,Debit Card,2025-10-01,7,3.1
ORD107422,CUS2151,Crystal Smith,North Briannafurt,Books,1932.9,1,Net Banking,2026-02-04,1,1.1
ORD107423,CUS7161,Shelby Boyd,South Dylanfort,Electronics,4959.02,1,Credit Card,2025-12-16,5,2.8
ORD107424,CUS5802,Luke Fisher,Rodriguezshire,Sports,4669.53,1,Credit Card,2024-09-18,6,1.7
ORD107425,CUS6079,Douglas Steele,New Ethanview,Sports,1107.9,1,Credit Card,2026-02-13,2,2.1
ORD107426,CUS7612,Jonathan Stevens,Port Lisa,Electronics,4016.4,5,Cash on Delivery,2025-04-14,1,2.4
ORD107427,CUS9198,Charles Kelly,Michellefort,Electronics,3814.64,3,Credit Card,2024-10-28,7,2.8
ORD107428,CUS1320,Mr. Daniel Owens,Butlermouth,Electronics,3093.05,1,Credit Card,2024-07-10,2,4.7
ORD107429,CUS8526,Megan Watkins,Melissatown,Sports,946.46,2,Credit Card,2025-12-02,6,3.3
ORD107430,CUS2717,Madison Burgess,Port Codyton,Electronics,3614.89,5,Cash on Delivery,2025-09-17,3,2.8
ORD107431,CUS6720,Maria Carrillo,Lake Andrewburgh,Clothing,1313.23,5,Credit Card,2024-11-16,3,2.3
ORD107432,CUS1183,Amy Vega,Cooperberg,Beauty,2652.62,3,Debit Card,2024-08-31,6,4.4
ORD107433,CUS4071,Debbie Bryan DDS,Jeannechester,Books,4615.49,5,Debit Card,2024-04-28,3,2.8
ORD107434,CUS8093,,Wagnermouth,Books,3643.12,2,Cash on Delivery,2025-06-11,5,4.5
ORD107435,CUS1194,Sarah Duffy,Lake Paulahaven,Books,3006.06,2,Net Banking,2024-08-22,4,2.7
ORD107436,CUS5195,Kyle Shaffer,North Jacobfort,electronics,3422.48,4,UPI,2024-12-12,5,3.0
ORD107437,CUS2864,John Henderson,North Jennifer,Beauty,1614.91,5,Credit Card,2024-10-08,5,2.7
ORD107438,CUS2330,Todd Cochran,Ortegaton,Electronics,4707.18,1,Debit Card,2025-05-23,1,1.2
ORD107439,CUS7958,Jennifer Wright,South Cathystad,Beauty,3173.23,1,UPI,2025-10-04,7,3.4
ORD107440,CUS5032,Michelle Rogers,North Katelyn,Sports,1057.92,3,Debit Card,2024-07-24,5,
ORD107441,CUS9310,Kristin Castaneda,Jimmouth,Electronics,213.45,1,Cash on Delivery,2025-11-09,2,
ORD107442,CUS1007,Natalie Anderson,Pagefort,Books,4169.9,2,Cash on Delivery,2025-01-30,4,2.2
ORD107443,CUS2390,Lisa Alvarez,Lake Dorothy,Sports,4425.13,3,Debit Card,2026-03-01,2,4.0
ORD107444,CUS4559,Thomas Willis,Jameschester,Electronics,3330.27,3,Cash on Delivery,2024-11-29,6,2.8
ORD107445,CUS9353,Zachary Salazar,Port Rebecca,Clothing,3170.45,4,UPI,2025-01-23,2,3.2
ORD107446,CUS2471,Timothy Taylor,Lake Sarahtown,Home,1208.59,2,Cash on Delivery,2025-05-14,7,1.7
ORD107447,CUS6148,Veronica Guerra,Danielsport,Books,667.64,2,UPI,2025-11-14,3,1.7
ORD107448,CUS5540,,South Omartown,Sports,4640.35,3,Debit Card,2025-09-18,2,2.4
ORD107449,CUS4006,Brittany Ortega,Lopezstad,Electronics,3626.44,4,Cash on Delivery,2025-07-04,1,1.1
ORD107450,CUS8903,Justin Simmons,Donovanfort,Clothing,1215.37,3,Net Banking,2025-01-28,6,3.7
ORD107451,CUS5466,Joseph Williams,East Audreyberg,Electronics,3950.48,4,Cash on Delivery,2025-02-20,5,4.1
ORD107452,CUS9378,Cassandra Paul,Port Richard,Clothing,4652.63,4,Credit Card,2024-12-28,1,3.7
ORD107453,CUS5692,Mrs. Maria Perry,Kennethfort,Sports,1464.05,3,Credit Card,2025-06-11,1,3.7
ORD107454,CUS4509,Karen Sullivan,North Cindystad,Clothing,631.12,1,Debit Card,2025-03-31,7,1.5
ORD107455,CUS6381,Jeffrey Alexander,Judithport,Electronics,4264.13,3,Credit Card,2024-09-18,1,4.1
ORD107456,CUS8746,Bryan Nelson,Russellmouth,Books,4796.55,5,Debit Card,2025-08-02,5,1.5
ORD107457,CUS4574,Tonya Marks,Huffburgh,Sports,790.02,5,UPI,2025-05-09,4,3.0
ORD107458,CUS6761,,South Kimberlyhaven,Clothing,1252.47,1,Net Banking,2024-09-29,7,4.7
ORD107459,CUS5824,Peggy Davis,Jasonport,Beauty,4609.72,1,UPI,2025-12-20,6,2.3
ORD107460,CUS6150,Christy Allen,Cameronville,Sports,4007.75,3,UPI,2024-04-16,5,1.1
ORD107461,CUS6399,Kelly Randolph,South Maxwellbury,Sports,769.85,2,Debit Card,2024-03-27,6,4.8
ORD107462,CUS6052,Benjamin Moore,North Amy,Books,3408.53,4,Credit Card,2026-02-25,3,2.8
ORD107463,CUS9556,William Lee,Jennabury,Electronics,4173.99,5,Debit Card,2024-06-26,2,4.5
ORD107464,CUS8814,Rebecca Poole,Carterchester,Books,4664.19,5,Debit Card,2026-01-01,6,2.8
ORD107465,CUS2431,David Francis,Johnburgh,Books,1962.56,5,Cash on Delivery,2025-07-26,1,1.0
ORD107466,CUS6662,Jason Watkins,South Michaelfurt,Home,181.52,4,Net Banking,2024-11-10,6,3.7
ORD107467,CUS2932,Jeremy Shelton,Hubbardshire,Beauty,4269.11,1,UPI,2025-01-26,5,2.8
ORD107468,CUS1166,Rhonda Higgins,Lake Chrischester,Electronics,1719.17,1,Cash on Delivery,2025-05-11,6,4.5
ORD107469,CUS3710,David Simpson,South Linda,Beauty,1884.7,4,UPI,2025-08-26,7,4.5
ORD107470,CUS7718,Sarah Smith,Taylorport,Clothing,1678.46,2,Credit Card,2025-08-21,7,1.9
ORD107471,CUS4925,Frank Smith,South Donna,Electronics,1404.39,5,Debit Card,2024-09-04,3,3.6
ORD107472,CUS1964,Marcia Young,Michaelville,Beauty,3041.55,1,Cash on Delivery,2024-12-03,7,3.2
ORD107473,CUS1000,,Haystown,Sports,1123.8,5,Credit Card,2025-07-12,5,1.8
ORD107474,CUS5652,,Hendersonchester,Books,1863.49,1,Debit Card,2025-01-10,3,1.7
ORD107475,CUS7368,Gilbert Mathis,Evanshaven,Home,2117.81,4,Cash on Delivery,2026-01-20,2,
ORD107476,CUS3247,Madison Garcia,North Raymondfurt,Clothing,2032.04,3,UPI,2025-08-24,2,2.8
ORD107477,CUS9229,Kimberly Hurst,Moralesside,Sports,416.84,4,Debit Card,2025-02-19,2,3.3
ORD107478,CUS4072,Kylie Klein,Glennchester,Home,455.93,5,Credit Card,2024-03-21,2,2.3
ORD107479,CUS5816,Rachel Chaney,West Natalieland,Books,3143.83,4,Cash on Delivery,2025-05-03,7,4.4
ORD107480,CUS5417,Amy Collins,Lake Yolanda,Clothing,2040.55,1,UPI,2025-02-02,4,2.0
ORD107481,CUS4525,Peggy Merritt,Lisafort,Home,1820.86,2,Debit Card,2025-10-11,6,2.5
ORD107482,CUS9077,Christina Avila,Lake Desireemouth,Sports,2156.26,4,Credit Card,2026-02-03,4,
ORD107483,CUS4877,Joshua Swanson,North Markside,Clothing,1760.47,1,Net Banking,2025-03-25,4,2.3
ORD107484,CUS8731,,North Toddchester,Books,151.44,4,Cash on Delivery,2025-03-28,1,
ORD107485,CUS3274,Nicole Reyes,North Eric,Clothing,3818.28,5,Cash on Delivery,2025-03-24,7,2.9
ORD107486,CUS9560,,South Karenfort,Sports,2908.92,5,Cash on Delivery,2025-07-14,3,2.0
ORD107487,CUS3942,Samuel Morrison,East Jeffport,Clothing,1205.46,1,Debit Card,2025-11-07,2,2.1
ORD107488,CUS3157,Daniel Carroll,West Tiffanyview,Clothing,1274.07,1,Cash on Delivery,2025-06-24,6,4.2
ORD107489,CUS1769,Paul Rogers,South Ralph,Electronics,1777.23,3,Cash on Delivery,2025-08-01,5,4.8
ORD107490,CUS4529,Jennifer Brown MD,West Leahton,Electronics,4001.28,2,UPI,2025-10-21,5,4.0
ORD107491,CUS7694,Brian Morales,West Jeffmouth,Home,4363.35,2,Debit Card,2025-08-29,5,3.2
ORD107492,CUS7250,,New Maria,Sports,4786.53,4,UPI,2025-09-06,6,4.9
ORD107493,CUS2885,Kimberly Kane,New Noahhaven,Beauty,3641.72,4,Net Banking,2025-11-02,3,3.5
ORD107494,CUS6639,Tammy Kim,Lake Traciberg,Books,288.23,3,Cash on Delivery,2026-03-10,2,3.5
ORD107495,CUS7187,Matthew Medina,Salinastown,Home,1833.11,4,Debit Card,2024-10-16,5,
ORD107496,CUS4604,Michelle Cardenas,West Davidmouth,Home,3421.9,4,Credit Card,2024-08-11,4,4.5
ORD107497,CUS6996,Andrea Smith,Annettehaven,Electronics,1333.17,5,UPI,2024-08-21,2,1.6
ORD107498,CUS4105,Todd Ibarra,South Barbarachester,Books,2788.82,2,UPI,2025-08-11,1,2.0
ORD107499,CUS8450,Molly Medina,Port Jeremyhaven,Home,148.3,2,Debit Card,2025-06-09,6,3.2
ORD107500,CUS3713,Ronald Wallace,South Juliemouth,Sports,4793.84,1,Cash on Delivery,2025-10-15,1,1.5
ORD107501,CUS2301,Edward Bishop,North Rodney,Clothing,1476.58,2,UPI,2025-12-08,6,2.9
ORD107502,CUS4804,Kristen Martinez,West David,electronics,1711.67,2,Net Banking,2024-04-17,1,3.6
ORD107503,CUS5653,Paul Frost,Port Kathryn,Home,1706.35,4,Net Banking,2025-10-07,2,3.7
ORD107504,CUS7228,Benjamin Spencer,Lake Thomas,Electronics,2225.81,4,Credit Card,2025-06-06,3,2.0
ORD107505,CUS9388,Michael Haney,West Nicholasstad,Sports,325.04,2,Net Banking,2024-10-24,1,3.9
ORD107506,CUS5186,Kim Miller,North James,Electronics,3648.78,3,Credit Card,2025-03-12,2,4.5
ORD107507,CUS7516,Jeffrey Odonnell,Whitebury,Electronics,1681.9,1,Net Banking,2024-03-17,3,2.9
ORD107508,CUS2482,Brian Anderson,Carpenterbury,Beauty,1966.34,5,Credit Card,2026-01-12,5,4.5
ORD107509,CUS2952,Keith Rogers,Port Randy,Books,225.18,3,UPI,2024-08-08,1,4.5
ORD107510,CUS1761,Helen Robertson,West Christinefort,Electronics,3679.72,3,UPI,2024-04-08,3,2.9
ORD107511,CUS4390,Dr. Monica Johnson,Jamesborough,Books,4975.96,4,Cash on Delivery,2024-06-20,6,3.8
ORD107512,CUS8358,Nicole Mcdonald MD,New Michaelberg,Beauty,1731.25,3,Credit Card,2025-12-10,6,2.6
ORD107513,CUS8730,Clarence Bullock,Carlsontown,Books,1155.06,1,UPI,2024-03-11,6,4.7
ORD107514,CUS2470,Shannon Lang,West Mark,Clothing,3803.18,2,Net Banking,2025-06-10,4,2.0
ORD107515,CUS2331,David Davenport,Amystad,Sports,3679.34,3,Net Banking,2025-01-30,4,4.1
ORD107516,CUS2619,Matthew Turner,New Tonya,Books,4576.64,3,Credit Card,2025-11-16,2,2.6
ORD107517,CUS6741,Donna Mejia,East Aliciaport,Sports,2905.3,2,Cash on Delivery,2024-11-26,1,1.2
ORD107518,CUS4943,Miss Angelica Hale MD,West Jeremy,Electronics,1324.77,3,Cash on Delivery,2025-12-29,1,2.7
ORD107519,CUS8399,Emily Evans,Lake Colin,Clothing,1278.52,1,Net Banking,2025-07-12,6,2.4
ORD107520,CUS2166,,Lake Dominique,Clothing,1683.21,1,Debit Card,2025-02-22,7,4.6
ORD107521,CUS9772,Mary Stafford,Garyberg,Electronics,494.35,4,Cash on Delivery,2024-05-19,7,3.0
ORD107522,CUS5407,Anna Hardy,Port Margaretshire,Books,4780.92,4,Cash on Delivery,2024-03-27,7,1.3
ORD107523,CUS4674,Kiara Lambert,New Samanthaburgh,Clothing,624.8,5,Credit Card,2025-08-06,5,4.0
ORD107524,CUS8729,,North Bryanfurt,Home,4571.4,5,Cash on Delivery,2024-12-18,3,3.3
ORD107525,CUS4771,Kelly Hernandez,Rebeccaton,Beauty,4916.92,2,Credit Card,2026-02-25,4,3.9
ORD107526,CUS8861,Robert Jones,West Shannon,Home,1713.78,4,Net Banking,2025-02-17,3,4.4
ORD107527,CUS3287,Bradley Taylor,Lawrencemouth,Clothing,2136.56,4,Cash on Delivery,2024-06-20,1,2.3
ORD107528,CUS9539,Melissa Jackson,Casestad,Sports,4365.31,5,Debit Card,2025-05-24,6,
ORD107529,CUS2011,Bradley Brown,New John,Electronics,4655.87,1,Credit Card,2024-07-11,2,2.3
ORD107530,CUS4102,Gary Gibson,West Patrickview,Home,3847.14,1,Debit Card,2025-12-09,1,2.8
ORD107531,CUS8846,Ms. Stacey Rice,East Madisonstad,Books,2040.75,5,Cash on Delivery,2024-08-08,5,4.2
ORD107532,CUS9333,Robert Williams,Tiffanymouth,Sports,2885.01,3,Net Banking,2025-09-12,6,4.2
ORD107533,CUS4161,,Cindymouth,Home,109.23,3,Credit Card,2024-05-12,6,3.1
ORD107534,CUS1287,Charles Sutton,Shelleymouth,Clothing,1471.81,3,Credit Card,2025-07-28,3,1.1
ORD107535,CUS7807,Nathan Miller,Lake Terri,Home,3321.24,1,Debit Card,2026-02-20,6,
ORD107536,CUS9554,Debra Garrison,Michaelborough,Beauty,550.78,4,Credit Card,2024-10-12,6,3.6
ORD107537,CUS4906,Michele Goodwin,East Jeffrey,Beauty,865.48,5,UPI,2024-07-28,5,1.7
ORD107538,CUS3568,Glenn Bishop,West Sara,Beauty,1977.13,1,Debit Card,2024-09-25,3,1.2
ORD107539,CUS3453,Gregory Estrada,Morristown,Electronics,4544.56,4,Cash on Delivery,2025-03-21,5,2.2
ORD107540,CUS8828,Cynthia Ramirez,New Marcville,Sports,4468.44,3,Net Banking,2025-03-11,4,1.1
ORD107541,CUS9615,Kelly Howell,North Joelville,Sports,579.88,2,Net Banking,2025-09-19,7,2.7
ORD107542,CUS1208,Jesse Soto,West Jennystad,Books,4498.43,1,Cash on Delivery,2025-02-12,5,3.8
ORD107543,CUS4920,Andrea Johnson,Petersonborough,Beauty,3227.86,3,Net Banking,2024-06-30,4,4.3
ORD107544,CUS1620,Andrew Trevino,Georgehaven,Beauty,685.92,2,Credit Card,2026-01-23,6,1.2
ORD107545,CUS7064,William Burke,Lake Joshua,Clothing,2917.68,2,UPI,2025-10-28,1,5.0
ORD107546,CUS2404,Amy Wilkerson,Port Richardmouth,Beauty,4863.26,4,Cash on Delivery,2024-08-04,1,2.3
ORD107547,CUS4168,Lawrence Wall,Jenningshaven,Beauty,850.79,4,Debit Card,2025-05-24,2,1.2
ORD107548,CUS5662,Megan Smith,North Timothy,Clothing,1031.97,5,Net Banking,2025-01-24,3,3.7
ORD107549,CUS3603,Louis Silva,Stephenside,Clothing,3832.68,4,Cash on Delivery,2025-09-09,3,3.0
ORD107550,CUS7653,Laura Dean,Port Lisa,Beauty,102.59,4,Credit Card,2026-01-16,4,2.4
ORD107551,CUS1308,Kathryn Gonzalez,Hermanville,Electronics,797.17,3,Net Banking,2024-10-31,4,1.3
ORD107552,CUS3526,Brooke Wright,Michaelville,Beauty,3335.26,5,Credit Card,2024-09-26,4,4.7
ORD107553,CUS4156,Jason Gonzalez,West Stephanie,Home,1773.08,2,UPI,2026-02-17,7,3.7
ORD107554,CUS9414,Aaron Young,North Erinbury,Electronics,1206.19,5,Cash on Delivery,2024-12-11,1,1.9
ORD107555,CUS1600,Ms. Sheila Jarvis,Hoffmanland,Clothing,540.85,2,UPI,2024-08-17,1,4.7
ORD107556,CUS1959,Ashley Stephenson,Port Mirandaborough,Electronics,1010.27,2,Credit Card,2025-08-18,1,3.2
ORD107557,CUS7017,Matthew Brown,West Brittany,Beauty,2839.65,3,Net Banking,2024-10-23,7,4.9
ORD107558,CUS5232,Robert Thompson,Port Kenneth,Clothing,4178.39,4,Credit Card,2025-09-15,2,2.7
ORD107559,CUS9408,Cole Mitchell,North Julie,Sports,3518.01,5,UPI,2025-12-02,1,1.1
ORD107560,CUS1327,Shawn Parker,North Manuelhaven,Electronics,3735.03,1,Cash on Delivery,2024-09-01,7,2.9
ORD107561,CUS9796,,West Zachary,Clothing,401.12,4,Debit Card,2024-06-26,6,3.5
ORD107562,CUS7416,Paul Anderson,Ibarraville,Clothing,1775.14,3,Debit Card,2025-10-11,2,3.9
ORD107563,CUS9689,,Samuelshire,Sports,2797.8,3,UPI,2025-11-27,2,1.4
ORD107564,CUS5695,Dr. Joseph Thompson,Masonport,Home,1230.84,1,Net Banking,2026-01-31,3,3.6
ORD107565,CUS3131,Jill Miller,New Kelly,Books,3397.18,3,UPI,2024-06-26,2,3.7
ORD107566,CUS4089,Amanda Lucas,Stewartstad,Sports,4848.66,3,Debit Card,2025-09-16,5,2.9
ORD107567,CUS8775,Angela Stephens,Fisherport,Beauty,874.05,5,Cash on Delivery,2025-12-08,5,2.6
ORD107568,CUS4869,Phillip Frey,North Samanthabury,Clothing,251.78,4,Debit Card,2025-03-31,1,3.8
ORD107569,CUS1328,Laura Leonard,West Gary,Clothing,1923.51,3,Credit Card,2025-06-12,4,2.1
ORD107570,CUS6400,Jessica Johns,North Brittany,Books,3820.54,2,Net Banking,2025-01-28,1,2.6
ORD107571,CUS9102,Nicholas Flores,Brownville,Sports,2113.8,3,UPI,2024-05-28,2,1.4
ORD107572,CUS6880,Erika Myers,New Danielside,Home,4141.96,3,Credit Card,2025-12-14,2,3.3
ORD107573,CUS9294,Shari Blake,East Anthonyborough,Books,4605.72,5,UPI,2025-06-13,3,1.7
ORD107574,CUS4173,Ana Hall,Port Kathy,electronics,1238.5,3,Credit Card,2025-07-04,5,2.2
ORD107575,CUS6389,Scott Martinez,New Sierraview,Books,3196.38,5,UPI,2024-05-30,2,4.6
ORD107576,CUS3888,William Dillon,New Whitney,Clothing,1901.09,3,Cash on Delivery,2026-02-22,5,4.3
ORD107577,CUS6033,Cathy Bell,Nicholasstad,Sports,3797.85,2,UPI,2025-08-03,5,4.6
ORD107578,CUS7136,Robert French,South Felicia,Books,191.27,2,Credit Card,2025-10-08,4,3.5
ORD107579,CUS1664,Tim Garcia,Richardsonville,electronics,763.75,2,Credit Card,2025-08-29,1,1.7
ORD107580,CUS4531,Peter Sherman,North Jessica,Books,3571.3,5,Net Banking,2026-03-02,5,4.2
ORD107581,CUS8200,Tanner Lopez,Weaverville,Books,3859.49,2,Net Banking,2025-01-09,4,4.1
ORD107582,CUS2294,Brian Santiago,Lake Shelbyview,Books,327.49,4,Cash on Delivery,2025-04-08,7,3.0
ORD107583,CUS9638,Valerie Davis,Charlesshire,Books,3163.82,1,Debit Card,2024-06-26,7,2.5
ORD107584,CUS5958,Anthony Wilson,Lake Sethmouth,Beauty,4431.32,2,Net Banking,2024-12-26,6,
ORD107585,CUS3940,Kenneth Bowman,Owenberg,Home,3759.09,1,Credit Card,2026-03-02,2,2.9
ORD107586,CUS6276,Rachel Duncan,Port Jamesport,Books,937.16,4,Net Banking,2024-06-30,5,3.9
ORD107587,CUS1162,Kenneth Dennis,Trevorchester,Books,4778.34,4,UPI,2025-02-04,3,1.9
ORD107588,CUS3754,Kevin Santos,Campbellview,Home,962.32,1,UPI,2026-01-03,4,1.4
ORD107589,CUS5602,Joy Wilson,North Morganmouth,Books,4952.74,1,Debit Card,2024-03-10,1,3.3
ORD107590,CUS2444,April Norman,Latoyamouth,Sports,1938.85,2,Credit Card,2025-05-23,4,1.7
ORD107591,CUS4511,,Dominicmouth,Beauty,3934.62,3,Cash on Delivery,2024-06-06,2,1.6
ORD107592,CUS2548,Benjamin Cervantes,Cruzside,Clothing,3123.19,2,Debit Card,2025-04-03,3,4.0
ORD107593,CUS3001,Phillip Wright,South Kim,Home,2872.39,2,Cash on Delivery,2025-12-17,2,1.3
ORD107594,CUS9765,Brian Phillips,West Amandamouth,Home,3012.48,3,Debit Card,2025-02-11,6,4.9
ORD107595,CUS8594,Cody Schwartz,Hullborough,Books,4139.93,2,Credit Card,2024-12-24,7,4.0
ORD107596,CUS8824,Janet Le,Lake Davidchester,Electronics,4945.61,5,Credit Card,2024-10-08,7,2.1
ORD107597,CUS1410,Christine Day,Phamfurt,Electronics,668.67,1,UPI,2024-07-16,3,1.1
ORD107598,CUS6813,Douglas Cameron,Tonyastad,Sports,1289.65,3,Credit Card,2024-07-01,7,3.0
ORD107599,CUS5318,George Robertson,Waterstown,Home,2717.04,1,Debit Card,2025-07-10,7,1.6
ORD107600,CUS2722,Regina Dillon,East Amber,Beauty,3823.0,1,Debit Card,2024-04-14,4,4.7
ORD107601,CUS8712,Edwin Shaw,Johnsonborough,Sports,2635.12,2,Net Banking,2024-12-07,2,4.9
ORD107602,CUS8728,Richard Benjamin,East Nicole,Books,4881.08,2,Credit Card,2024-04-07,6,2.4
ORD107603,CUS1689,Amy Gamble,Port Amy,Beauty,2064.33,1,Credit Card,2025-06-24,2,3.9
ORD107604,CUS9781,Louis Myers,New Alyssa,Home,3842.59,2,Credit Card,2025-06-21,4,4.3
ORD107605,CUS2343,Russell Stewart,Sheppardbury,Clothing,271.08,4,Cash on Delivery,2024-03-18,6,2.2
ORD107606,CUS3186,Steven Robinson,East Jennifer,Beauty,214.67,3,UPI,2025-04-26,6,2.7
ORD107607,CUS9249,Nathan Willis,South Colleenhaven,Books,3471.49,5,Cash on Delivery,2025-06-13,3,1.0
ORD107608,CUS6989,Betty Phillips,East Jane,Beauty,945.15,5,Cash on Delivery,2024-09-16,4,2.7
ORD107609,CUS5325,Bridget Johnson,New Sheilaville,Clothing,3987.19,3,Cash on Delivery,2024-12-11,2,4.3
ORD107610,CUS6135,John Hicks,Port Natalieshire,electronics,1039.64,2,Cash on Delivery,2026-03-09,3,2.9
ORD107611,CUS1715,William Jordan,Wrightville,Beauty,2389.38,1,Net Banking,2025-04-08,7,3.3
ORD107612,CUS6102,Gabriella Mccann,New Jose,Beauty,2903.03,1,Cash on Delivery,2024-06-14,1,2.7
ORD107613,CUS6128,Carl Watson,East Adam,Beauty,4186.57,3,Net Banking,2024-05-31,5,4.8
ORD107614,CUS7204,Christopher Hayes,Port Steven,Clothing,4516.35,4,Cash on Delivery,2025-03-01,1,2.5
ORD107615,CUS6998,Erica Ferguson,East Kathy,Beauty,160.03,2,Debit Card,2024-11-11,6,2.8
ORD107616,CUS6608,Michelle Grant,Patriciaton,Beauty,2893.17,3,Net Banking,2025-06-21,4,1.4
ORD107617,CUS5830,Mr. Gary Dennis Jr.,West Jeffrey,Home,2207.69,4,UPI,2024-12-07,7,2.7
ORD107618,CUS5549,Jacqueline Gonzales,New Michaelchester,Clothing,1115.3,4,UPI,2024-12-15,3,4.1
ORD107619,CUS2811,Zachary Mcbride,Greenhaven,Clothing,1245.07,4,Credit Card,2024-10-17,5,4.3
ORD107620,CUS7262,Paul Davis,Charlesshire,Electronics,160.55,4,Net Banking,2025-10-02,1,2.9
ORD107621,CUS8046,Sandra Alexander,Crystalside,Home,832.64,3,Net Banking,2025-05-22,3,3.9
ORD107622,CUS9501,Timothy Murphy,Courtneyside,Clothing,4241.74,2,Debit Card,2025-12-10,7,1.6
ORD107623,CUS7565,Shawn Jones,Port Carla,Clothing,674.77,5,Debit Card,2025-12-18,4,4.4
ORD107624,CUS4431,Travis Andrews,North Jennifer,electronics,1172.14,1,Credit Card,2025-10-06,6,4.7
ORD107625,CUS6678,Stacey Perez,Johnton,Electronics,4542.83,1,Credit Card,2024-12-25,1,2.8
ORD107626,CUS2880,Carolyn Hernandez,Foxshire,Sports,4675.35,2,Credit Card,2024-07-22,2,2.1
ORD107627,CUS1881,Jason Woods,New Kristen,Sports,656.08,3,Debit Card,2026-03-01,3,4.6
ORD107628,CUS2580,Tracey Saunders,Amandahaven,Electronics,1804.63,1,Net Banking,2024-06-25,7,1.0
ORD107629,CUS1556,Scott Johnson,New Teresamouth,Books,4057.7,5,Debit Card,2025-02-08,6,1.4
ORD107630,CUS3530,Sarah Ellis,Lindseychester,Beauty,840.77,3,Credit Card,2024-05-04,5,2.6
ORD107631,CUS2782,Darren James,East Michelleview,Beauty,1717.32,3,Net Banking,2025-01-02,3,4.9
ORD107632,CUS1696,John Jackson,Port Veronicabury,Books,4291.98,1,Cash on Delivery,2025-03-07,1,2.2
ORD107633,CUS4434,Eugene Carrillo,Lake Joshuashire,Home,3167.23,4,Credit Card,2024-08-02,6,4.0
ORD107634,CUS1531,Tiffany Moon,Ronaldburgh,electronics,1967.87,2,Cash on Delivery,2026-02-03,7,4.4
ORD107635,CUS8688,Laura Cole,Dunnbury,Home,3039.92,2,Debit Card,2025-06-12,5,1.8
ORD107636,CUS9184,Heather Watts,Lisaville,Beauty,3419.56,4,Debit Card,2025-12-14,2,2.3
ORD107637,CUS3915,Jennifer Camacho,New Anneton,Clothing,955.35,1,Credit Card,2024-04-05,4,1.7
ORD107638,CUS1787,Tamara Scott,Davidhaven,Clothing,821.44,1,Cash on Delivery,2025-11-20,6,2.0
ORD107639,CUS5819,Ryan Hart,Cliffordbury,Beauty,4655.63,3,UPI,2024-09-13,4,
ORD107640,CUS5604,Julie Cooper,West Deborahbury,Beauty,1014.55,3,Cash on Delivery,2024-08-20,6,4.4
ORD107641,CUS6963,James Powers,West Alan,Electronics,2813.78,3,Net Banking,2025-01-05,1,4.8
ORD107642,CUS4476,Michael Jackson,Reynoldsmouth,Electronics,708.44,1,Cash on Delivery,2025-06-18,2,3.7
ORD107643,CUS8655,Christopher Powell,Port Robert,Home,4419.25,3,Debit Card,2025-05-29,5,4.1
ORD107644,CUS3525,David Sanchez,South Nathanhaven,Beauty,1518.29,5,Debit Card,2025-03-10,4,1.1
ORD107645,CUS9092,Robert Anderson,Padillahaven,Books,538.47,3,Credit Card,2025-01-29,6,3.6
ORD107646,CUS2325,Andrea Smith,South Sharon,Books,4168.33,3,Cash on Delivery,2025-12-14,4,4.2
ORD107647,CUS5139,Grant Carson,Wilsonfurt,Beauty,130.11,1,Credit Card,2025-09-18,6,4.5
ORD107648,CUS2317,Debra Ellison,West Haleyhaven,Sports,4545.84,5,Credit Card,2025-01-28,2,4.2
ORD107649,CUS8686,Jose Mcclure,East Johnshire,Beauty,1771.05,1,UPI,2025-04-09,7,2.0
ORD107650,CUS3748,Megan Chapman,Nicholastown,Beauty,475.65,1,UPI,2025-07-28,7,2.3
ORD107651,CUS6880,Jeff Johnson,Hillchester,Beauty,1441.09,2,Cash on Delivery,2025-02-24,2,2.1
ORD107652,CUS6299,Edward Williams,Lake Robertshire,Home,4443.31,3,UPI,2025-03-18,6,3.2
ORD107653,CUS2065,Carla Wiley,North Ashley,Beauty,1804.42,4,Debit Card,2025-03-23,3,
ORD107654,CUS3870,Joseph Cohen,Lake Dennis,Home,448.41,1,Cash on Delivery,2025-12-12,1,3.0
ORD107655,CUS1238,Jason Bennett,South Allenport,Electronics,1017.02,3,Credit Card,2024-04-28,2,2.0
ORD107656,CUS7307,Ashley Delacruz,Jamesberg,Clothing,2307.16,3,Net Banking,2026-02-22,6,2.8
ORD107657,CUS1907,Tracy Blackburn,North Jacqueline,Sports,3538.83,3,Cash on Delivery,2024-03-10,3,4.8
ORD107658,CUS7637,Mitchell Walker,Port Brandon,Clothing,3760.49,1,Debit Card,2026-03-10,6,2.3
ORD107659,CUS8225,Margaret Larson,New Roseberg,Electronics,4220.33,5,Credit Card,2024-03-11,6,1.0
ORD107660,CUS8561,Brandon Williams,East Stephanie,Books,4351.15,1,UPI,2025-12-04,2,1.9
ORD107661,CUS2835,Gerald Brown,East Nicholastown,Clothing,3288.12,3,Debit Card,2025-05-11,6,2.7
ORD107662,CUS5457,Adam Martinez,Kaylachester,Sports,4358.87,3,Credit Card,2025-01-05,1,3.2
ORD107663,CUS7603,Melinda Wilson,West Jayville,Beauty,2152.57,5,Debit Card,2025-12-08,3,
ORD107664,CUS3775,Danny Carey,South Meghanstad,Electronics,1106.57,4,UPI,2025-03-04,4,
ORD107665,CUS6030,,West Danielstad,Clothing,182.88,4,Debit Card,2024-05-04,3,
ORD107666,CUS1829,Stacey Pham,Salazarmouth,Electronics,4962.31,3,Debit Card,2024-09-22,5,3.3
ORD107667,CUS9292,Austin Davis,Hallville,Clothing,1915.32,2,Cash on Delivery,2025-04-20,5,1.6
ORD107668,CUS1798,Samuel Knight,Lake Royview,Beauty,3335.73,5,UPI,2024-09-07,7,2.9
ORD107669,CUS9076,Joseph Lambert,West Ryantown,Home,2097.42,3,Net Banking,2024-05-31,1,4.8
ORD107670,CUS3272,Michael Garcia,Aliville,Sports,642.38,1,Net Banking,2025-09-27,1,1.2
ORD107671,CUS8078,Patricia Sanchez,Jessicaville,Books,3733.43,4,Debit Card,2025-12-12,5,1.9
ORD107672,CUS6530,Phillip Richardson,Mccallfort,electronics,3700.04,5,Cash on Delivery,2025-04-11,1,3.2
ORD107673,CUS7568,Sharon Rivera,Jenniferberg,Sports,1432.4,5,Debit Card,2024-04-19,4,4.8
ORD107674,CUS5732,Natalie Roman,Katrinaton,Beauty,1753.59,4,Net Banking,2025-12-27,2,2.7
ORD107675,CUS2733,Karen Larson,Morenofort,Electronics,1056.29,5,UPI,2024-12-06,6,2.8
ORD107676,CUS5740,Bryan Hall,Jacquelineborough,Electronics,4326.37,1,Credit Card,2025-09-15,5,4.6
ORD107677,CUS8290,Alyssa Stephens,Lake Steven,Books,1016.37,3,Net Banking,2026-02-12,5,2.8
ORD107678,CUS6869,Kristen Barton,Andrewmouth,Beauty,2722.9,3,Debit Card,2025-04-02,7,3.8
ORD107679,CUS4706,Robin House,New Davidland,Electronics,4706.75,1,Cash on Delivery,2024-05-21,7,1.3
ORD107680,CUS8985,John Doyle,New Mario,Sports,705.89,5,Credit Card,2025-04-03,1,4.7
ORD107681,CUS5580,Danielle Weeks,Amystad,Clothing,175.92,3,Debit Card,2024-07-03,5,4.8
ORD107682,CUS9581,Adam Rogers,Antoniomouth,Sports,2317.64,3,Net Banking,2025-04-07,6,4.3
ORD107683,CUS5966,Lori Guzman,Kristastad,Books,111.41,2,Cash on Delivery,2024-03-31,1,2.7
ORD107684,CUS4035,Charlotte Warren,West Stephanie,Electronics,3749.06,3,Cash on Delivery,2026-01-17,6,4.6
ORD107685,CUS7434,Katrina Garcia,West Daniel,Sports,663.65,1,Cash on Delivery,2024-05-10,7,2.2
ORD107686,CUS7403,Daniel Kent,Marieland,electronics,433.33,2,Debit Card,2025-06-13,3,4.8
ORD107687,CUS2567,Justin Johnson,Lake Mary,Books,2350.57,1,Cash on Delivery,2025-04-24,4,2.3
ORD107688,CUS5433,Joshua Brown,South Angelachester,Sports,3597.43,2,Cash on Delivery,2025-03-09,1,4.0
ORD107689,CUS1414,Timothy Orr,North Natalie,Beauty,4603.72,2,Net Banking,2026-02-20,3,3.0
ORD107690,CUS4423,Dawn Williams,Roseland,Clothing,2744.7,2,UPI,2024-10-12,4,4.6
ORD107691,CUS8988,Kayla Mcguire,New Todd,Beauty,157.57,2,Credit Card,2025-06-05,6,1.9
ORD107692,CUS8420,Antonio Scott,South Brianna,Electronics,209.13,5,Net Banking,2024-11-04,6,2.0
ORD107693,CUS5310,Nicolas Roberts,Palmerborough,Books,3950.17,2,Net Banking,2025-03-27,2,1.8
ORD107694,CUS8717,Robert Carpenter,North Susanville,Books,1371.98,5,Net Banking,2025-09-09,5,1.9
ORD107695,CUS4304,Raymond Cruz,West Joemouth,Beauty,2943.22,3,Credit Card,2024-07-26,2,3.7
ORD107696,CUS9972,Michael Lester MD,Moyerstad,Sports,3749.8,4,UPI,2026-02-11,3,2.1
ORD107697,CUS3328,Roy Hoffman,Adamsberg,Books,2481.36,1,Credit Card,2025-02-18,2,4.9
ORD107698,CUS6196,Timothy Barajas,South Sara,Clothing,4316.92,2,Credit Card,2025-09-18,4,3.5
ORD107699,CUS8011,Amanda Guerrero,North Stephanieborough,Beauty,4327.2,4,Net Banking,2025-01-13,1,4.9
ORD107700,CUS9980,Angela Kramer,Moranmouth,Beauty,3471.56,5,Net Banking,2024-05-31,2,2.2
ORD107701,CUS3425,Andrew Jones,East Richard,Beauty,434.39,3,Cash on Delivery,2024-06-19,4,2.2
ORD107702,CUS5533,Maria Lewis,Troymouth,Beauty,2932.88,1,Debit Card,2025-07-26,7,4.4
ORD107703,CUS4308,Juan Monroe,Robinsontown,Electronics,1303.79,2,Debit Card,2025-04-14,4,1.4
ORD107704,CUS2828,Kelsey Lewis,South Jennifer,Home,1483.64,4,UPI,2025-08-18,2,3.6
ORD107705,CUS1829,Stanley Parker,New Markborough,Electronics,1161.17,2,Credit Card,2025-04-01,1,4.2
ORD107706,CUS4841,Vicki Evans,Zoechester,Clothing,2856.25,2,Cash on Delivery,2024-12-07,4,1.8
ORD107707,CUS5743,Shawn Rivera,North Ericahaven,Books,1327.11,4,UPI,2025-01-16,3,3.8
ORD107708,CUS4893,Mr. Louis Morton MD,Garciachester,Home,2310.29,3,Cash on Delivery,2024-05-28,5,3.2
ORD107709,CUS8766,Lindsey Walters,South Emmafurt,Beauty,3129.17,1,Credit Card,2025-04-02,5,4.3
ORD107710,CUS8754,,New Marissa,Home,382.07,2,Net Banking,2025-05-10,7,1.1
ORD107711,CUS2820,Angela Tapia,New Brandonside,Books,791.78,3,Credit Card,2025-08-22,3,2.1
ORD107712,CUS8390,Jeremy Callahan,Hodgestown,Home,827.6,5,Credit Card,2024-07-18,5,4.7
ORD107713,CUS5008,Elizabeth Jones,Karastad,Clothing,1565.16,1,UPI,2024-09-20,4,4.1
ORD107714,CUS9874,Adam Bradford,New Stevenberg,Sports,3150.15,1,Cash on Delivery,2025-08-16,2,3.6
ORD107715,CUS8522,Michael Rivera,North Mathew,Clothing,3528.92,3,Credit Card,2025-08-24,5,
ORD107716,CUS9442,Erin Beasley,Taylorland,Home,4233.35,2,Net Banking,2024-03-23,6,1.5
ORD107717,CUS1043,Bradley Williams,East Rebecca,Beauty,3260.03,3,Cash on Delivery,2025-06-03,3,2.8
ORD107718,CUS4664,Amy Fields,West Amy,Electronics,3082.46,5,Net Banking,2024-07-07,4,3.5
ORD107719,CUS1593,Matthew Blackwell,Alexanderport,Sports,3967.28,3,UPI,2025-10-01,1,3.0
ORD107720,CUS8401,Eric Woodward,Anthonybury,Beauty,3119.92,3,Cash on Delivery,2024-10-15,1,2.2
ORD107721,CUS7966,Edward Barrett,Port Cindyland,Sports,4364.86,4,Debit Card,2026-01-10,2,1.3
ORD107722,CUS7141,Christina Garcia,Lake Rebecca,Home,2008.2,5,Credit Card,2025-06-18,2,
ORD107723,CUS2851,Derek Sanchez Jr.,Port Angela,electronics,4156.67,1,Net Banking,2026-01-15,4,2.5
ORD107724,CUS7605,Lisa Fuentes,Troyfurt,Home,1402.8,2,Net Banking,2025-02-06,2,2.4
ORD107725,CUS1631,Nicholas Walsh,Port Karenville,Sports,1327.03,5,Credit Card,2026-02-08,1,4.6
ORD107726,CUS7187,Jessica Sharp,Melissaburgh,Electronics,4520.02,5,Cash on Delivery,2025-01-06,1,1.7
ORD107727,CUS6749,Kathleen Terrell,East Perry,Electronics,2751.99,4,Cash on Delivery,2025-05-13,1,3.5
ORD107728,CUS7143,Jason Wise,Jonathanton,Home,4641.44,4,Debit Card,2024-07-13,2,2.9
ORD107729,CUS7118,Gerald Munoz MD,Masonfort,Home,4944.74,3,Cash on Delivery,2025-02-25,6,2.5
ORD107730,CUS4418,Cheryl Jones,West Whitney,Home,4928.08,4,Credit Card,2025-06-09,4,2.0
ORD107731,CUS1308,Vicki Cortez,Kimland,Sports,2229.37,5,Net Banking,2026-01-24,4,3.7
ORD107732,CUS7976,Elizabeth Mays,Shauntown,Sports,2267.96,4,UPI,2025-07-20,1,4.7
ORD107733,CUS4234,Danielle Parsons,Lindsayport,Beauty,642.52,1,Debit Card,2024-08-01,3,4.8
ORD107734,CUS5462,Jonathan Jones,Petersbury,Clothing,2403.24,3,Net Banking,2025-06-10,3,4.4
ORD107735,CUS6542,Erin Zhang,Port Timothy,Books,4264.01,4,UPI,2025-11-07,5,
ORD107736,CUS2737,Heather Brown,West Kerriberg,Books,4363.47,2,Cash on Delivery,2024-05-10,1,1.2
ORD107737,CUS8651,Donna Miller,Brownstad,Books,656.63,4,Net Banking,2024-08-22,6,2.3
ORD107738,CUS8385,Kyle Johnson,South Joshualand,Books,2252.24,3,UPI,2025-02-15,4,3.5
ORD107739,CUS5392,Jenny Morris,Thomasview,Beauty,1667.24,2,Cash on Delivery,2025-09-12,7,
ORD107740,CUS2190,Shelia Mcbride,South Jacobborough,Electronics,2608.46,3,Credit Card,2024-10-08,3,3.5
ORD107741,CUS7131,Jeffrey Ramos,Alyssaton,Beauty,1085.58,3,Cash on Delivery,2024-05-22,4,
ORD107742,CUS1738,Angela Smith,Robertburgh,Beauty,4989.77,2,Debit Card,2025-11-10,6,4.9
ORD107743,CUS6396,Carla Rose,Sarahchester,Beauty,2006.47,3,Net Banking,2025-08-19,1,4.0
ORD107744,CUS2849,Henry Butler,Youngburgh,Home,3904.38,5,Net Banking,2026-01-13,1,3.5
ORD107745,CUS9610,Kristina Summers,West Tommy,Beauty,968.39,3,Credit Card,2025-09-01,7,1.1
ORD107746,CUS3212,Deborah Campbell,Lake Brittany,Home,4134.72,3,UPI,2024-07-06,4,3.4
ORD107747,CUS3947,William Stokes,Summersstad,Clothing,785.59,5,UPI,2024-06-01,4,1.5
ORD107748,CUS2406,Briana Booth,North Jessicaville,Beauty,4928.81,2,Net Banking,2024-11-15,5,4.4
ORD107749,CUS6498,Amanda Murray,Cookstad,Sports,1225.72,2,Debit Card,2025-03-22,3,1.1
ORD107750,CUS3974,Lindsey Allen,South Elizabeth,Electronics,1261.06,4,Cash on Delivery,2024-04-25,2,4.5
ORD107751,CUS5002,Kristen Mclaughlin,South Austinville,Electronics,2503.47,4,UPI,2024-04-11,5,3.7
ORD107752,CUS3790,Timothy Collins,East Susanborough,Electronics,3110.15,1,Cash on Delivery,2025-08-02,5,2.8
ORD107753,CUS1335,Erin Hartman,Garciashire,Beauty,3979.86,2,Debit Card,2024-07-19,7,2.3
ORD107754,CUS3811,Mrs. Susan Delacruz,Lake Jeffery,Beauty,466.08,3,Credit Card,2025-10-18,6,
ORD107755,CUS1681,Cynthia Fry,South Nancyland,Sports,4891.07,2,Debit Card,2025-10-15,2,3.0
ORD107756,CUS7469,Timothy Hall,Robinsonville,Home,4050.49,4,UPI,2025-09-03,1,1.5
ORD107757,CUS2490,Margaret Martinez,Melendezchester,Beauty,1636.01,3,Debit Card,2024-07-10,5,4.9
ORD107758,CUS5584,Andrew Sosa,Lawrencebury,Books,2167.56,5,Debit Card,2025-10-30,7,2.0
ORD107759,CUS7894,Amy Anderson,North Donaldmouth,Electronics,2654.55,5,Net Banking,2024-05-11,1,1.8
ORD107760,CUS6166,Angel Mccarty,East Brandonberg,Home,4355.34,5,Cash on Delivery,2025-09-05,3,
ORD107761,CUS1200,Leslie Richardson,Jillshire,Books,4249.94,4,Debit Card,2024-06-10,4,1.1
ORD107762,CUS8301,Laura Park,North Douglas,Clothing,3240.89,1,Credit Card,2024-08-17,4,2.7
ORD107763,CUS4060,Jennifer Fitzgerald,Griffinmouth,Sports,2533.34,4,Credit Card,2024-11-25,5,4.1
ORD107764,CUS6762,Tammy Gordon MD,East Willie,Electronics,1463.73,5,Credit Card,2026-01-11,3,3.2
ORD107765,CUS8857,John Gibson,Ricardochester,Books,2992.95,5,Debit Card,2025-11-17,6,4.8
ORD107766,CUS9148,James Trujillo,Sarahfort,Beauty,4179.22,1,Net Banking,2026-01-10,2,4.0
ORD107767,CUS4391,Peter Gonzalez,South Daniellechester,Electronics,2425.58,4,Debit Card,2024-12-11,4,
ORD107768,CUS5202,Richard Howell,Jasminebury,Home,2539.97,5,UPI,2025-05-28,3,1.5
ORD107769,CUS5617,Adam Hamilton,Johnsonview,Beauty,1149.49,2,Cash on Delivery,2025-01-17,5,4.8
ORD107770,CUS3680,Rachel Gates,South Laura,Beauty,201.05,5,Net Banking,2025-04-05,4,2.3
ORD107771,CUS6198,Crystal Norton,New Sheila,Home,2632.54,3,Net Banking,2024-09-25,3,2.4
ORD107772,CUS3415,Jason Brennan,East Amber,Clothing,292.08,2,UPI,2024-05-01,3,3.8
ORD107773,CUS3925,Paula Santos,New Travis,Clothing,2320.13,3,UPI,2024-07-06,2,4.2
ORD107774,CUS4794,David Martin,Jacksonbury,Sports,2835.53,3,Net Banking,2026-01-03,6,4.6
ORD107775,CUS5085,Tracy Griffin,South Desireeland,electronics,1543.95,1,Credit Card,2024-08-06,7,3.3
ORD107776,CUS9026,Cody Smith,Lake Angela,Sports,922.61,4,UPI,2025-03-21,1,4.8
ORD107777,CUS3445,Ian Garcia,Port Walterton,Sports,2446.59,1,Credit Card,2025-09-25,1,4.7
ORD107778,CUS7216,Elizabeth Butler,East Kellymouth,Electronics,2308.83,2,Credit Card,2026-01-18,3,2.0
ORD107779,CUS4184,Alexis Kelly,Laurenport,Clothing,2023.31,4,Net Banking,2025-07-25,7,1.3
ORD107780,CUS6075,Jesse Edwards,South Maureen,Books,4877.47,4,Cash on Delivery,2024-06-18,6,4.4
ORD107781,CUS1163,Warren Salazar,New Kimberlyton,Sports,603.75,1,Credit Card,2024-09-20,5,3.6
ORD107782,CUS1675,Kelsey Moore,North Ashleyhaven,Clothing,1841.47,1,Cash on Delivery,2025-01-18,3,3.8
ORD107783,CUS4444,Anthony Mccarty,East Cynthiastad,Books,2296.93,4,UPI,2025-02-22,7,3.5
ORD107784,CUS5546,Nathan Parker,New Rick,Clothing,4362.98,5,Net Banking,2026-02-12,2,2.5
ORD107785,CUS9575,Lisa Morse,East Tammy,Sports,3473.44,3,UPI,2025-07-25,7,1.3
ORD107786,CUS2391,Karina Randolph,Danielleport,Electronics,3979.32,3,Debit Card,2026-01-15,5,3.9
ORD107787,CUS6576,Mary Green,Delgadoville,Sports,1169.07,2,Credit Card,2024-10-06,5,4.9
ORD107788,CUS2713,Nicole Pierce,East Maryberg,Books,4990.52,3,Cash on Delivery,2025-02-01,6,4.9
ORD107789,CUS5070,Jeffrey Roberts,West Karenmouth,Electronics,3891.91,5,Net Banking,2024-04-29,5,
ORD107790,CUS1903,Albert Moore PhD,Amyfurt,Beauty,3269.1,3,Debit Card,2024-10-09,6,4.4
ORD107791,CUS3701,Mrs. Sarah Snow,Watsonfort,Clothing,3637.2,2,Net Banking,2024-12-04,2,3.3
ORD107792,CUS5228,Randall Howard,Pateltown,Home,4555.58,2,Net Banking,2026-02-18,5,4.1
ORD107793,CUS9492,,Bryanmouth,Clothing,1917.55,5,Credit Card,2025-09-26,6,1.6
ORD107794,CUS6468,Anna Watson,Barberfort,Beauty,3575.74,3,Debit Card,2026-02-06,6,4.6
ORD107795,CUS9437,Frederick Williams,Port Sarah,Books,3785.31,1,Credit Card,2025-04-06,1,2.0
ORD107796,CUS7287,David Fisher,Yvonneport,Beauty,3841.73,1,Net Banking,2026-02-08,7,3.8
ORD107797,CUS7713,Gail James,Port Donna,Electronics,3280.8,4,Debit Card,2024-07-26,7,4.2
ORD107798,CUS5436,Robin Morris,Gardnertown,Home,2237.92,5,UPI,2025-01-23,1,2.1
ORD107799,CUS1423,Jerry Hernandez,West Johnport,Electronics,3622.84,1,Cash on Delivery,2025-07-06,1,3.6
ORD107800,CUS7751,Marc Atkins,North Carolynfurt,Electronics,291.65,5,Net Banking,2025-04-20,1,3.7
ORD107801,CUS7025,William Martinez,West Adrianmouth,Electronics,3326.82,5,UPI,2024-10-10,3,2.8
ORD107802,CUS4433,Matthew Morrison,Lake Tammyport,Books,489.33,2,Debit Card,2025-04-13,7,3.8
ORD107803,CUS5762,Melissa Montgomery,Yolandaside,Electronics,1187.34,4,Cash on Delivery,2025-12-27,5,1.1
ORD107804,CUS1313,Andrea Conner,New Michaelbury,Home,265.76,1,Credit Card,2025-03-08,4,4.6
ORD107805,CUS9959,Michael Vang,Lake Davidberg,Electronics,2398.97,2,Credit Card,2025-05-19,7,2.7
ORD107806,CUS5450,Samantha Sutton,East Brianbury,Home,4732.01,2,Cash on Delivery,2025-09-06,2,4.9
ORD107807,CUS3894,Mary Brown,North Chelsea,Books,2028.52,3,Debit Card,2026-01-09,2,4.6
ORD107808,CUS7578,Christopher Cook,Port Tammybury,Beauty,1260.37,5,UPI,2024-06-21,2,1.3
ORD107809,CUS6676,Judith Wright,Perezborough,Electronics,442.34,1,Credit Card,2025-09-27,2,3.2
ORD107810,CUS6867,John Bradley,Chrisport,Clothing,1790.19,4,Cash on Delivery,2024-07-11,4,1.9
ORD107811,CUS9358,Janice Rojas,Joshualand,Books,1523.29,3,Net Banking,2025-05-01,5,2.5
ORD107812,CUS1852,Kimberly May,Lake Jennifer,Sports,3892.87,4,Net Banking,2026-01-30,7,4.7
ORD107813,CUS4965,Megan Richardson,Nicholasville,Home,1039.86,1,UPI,2024-06-29,2,3.4
ORD107814,CUS2736,Danielle Mason,West Susanside,Sports,991.24,4,Cash on Delivery,2025-11-21,7,1.0
ORD107815,CUS8293,Ms. Christina Moore,Destinyfort,Home,2647.75,5,UPI,2026-03-08,6,4.1
ORD107816,CUS6939,Craig Taylor,Lake Rebecca,Clothing,2883.48,1,Net Banking,2024-06-20,1,1.2
ORD107817,CUS1934,Stephen Garcia,West Gabrielle,Beauty,3234.5,5,Credit Card,2024-07-25,5,3.1
ORD107818,CUS8198,James Sherman DDS,Mendozamouth,Clothing,327.67,1,Cash on Delivery,2025-05-06,4,2.5
ORD107819,CUS5920,Charles Gardner,West Johntown,Sports,197.39,5,Net Banking,2026-02-12,3,2.9
ORD107820,CUS6419,Steven Dodson,Debraport,Sports,2199.96,3,Debit Card,2025-06-25,5,3.8
ORD107821,CUS1768,Brian Rivera,Matthewsland,Books,264.88,1,Credit Card,2025-04-21,1,1.3
ORD107822,CUS1847,Julie Clements,Woodfort,Home,3326.44,2,Net Banking,2024-06-20,3,2.0
ORD107823,CUS1099,Tanya Black,East Susanview,Beauty,2516.16,5,Debit Card,2025-01-11,6,2.5
ORD107824,CUS7804,,Greenshire,Books,2797.34,4,Cash on Delivery,2025-08-13,1,3.3
ORD107825,CUS5883,Austin Huffman,West Michael,Electronics,4035.69,5,Cash on Delivery,2025-09-18,1,
ORD107826,CUS6730,Miranda Hicks,Jamesside,Electronics,1809.8,4,Cash on Delivery,2024-06-07,7,2.0
ORD107827,CUS1001,Jonathan Williams,South Ryanview,Electronics,4835.13,1,UPI,2025-01-02,4,3.5
ORD107828,CUS2787,Lisa Velasquez,Brianmouth,Clothing,1429.62,2,Net Banking,2024-03-20,5,2.7
ORD107829,CUS4680,Sydney Shepard,Juliefort,Electronics,3406.57,4,Debit Card,2024-07-08,7,2.3
ORD107830,CUS4003,Vanessa Lawrence,Whiteview,Books,1785.84,5,Credit Card,2025-04-26,6,1.8
ORD107831,CUS2574,Patrick Burnett,Port Scott,Electronics,3216.44,2,Net Banking,2025-03-08,7,3.2
ORD107832,CUS4153,Brian Pena,Amberhaven,Books,3303.78,4,UPI,2026-01-08,7,3.6
ORD107833,CUS3305,Fernando Bowers,Feliciaburgh,Beauty,4681.93,3,Cash on Delivery,2024-06-26,3,3.0
ORD107834,CUS9875,Ariel Davis,Erinport,Books,3412.02,2,Credit Card,2024-10-16,6,4.3
ORD107835,CUS5277,Jeffrey Richards DDS,South Evan,Home,4493.56,5,Net Banking,2025-11-08,6,4.6
ORD107836,CUS5311,Thomas Anderson,Lake Paul,Clothing,1615.79,4,Credit Card,2026-02-22,2,4.2
ORD107837,CUS7438,Kimberly Sullivan,North Jillchester,Sports,3745.57,3,Credit Card,2026-01-06,4,2.2
ORD107838,CUS7454,Wayne Maldonado,Williamside,Beauty,2258.27,1,Net Banking,2024-05-22,1,4.9
ORD107839,CUS4069,,Pachecoborough,Home,4950.34,2,Cash on Delivery,2025-11-29,1,1.5
ORD107840,CUS7571,Heather Bolton,Johnview,electronics,2713.83,5,Cash on Delivery,2026-01-26,2,1.4
ORD107841,CUS2089,William Arias,Wardstad,electronics,2804.64,1,Cash on Delivery,2025-01-06,7,2.7
ORD107842,CUS3528,David Chandler,Joelborough,Home,4548.55,2,Debit Card,2024-10-15,4,1.9
ORD107843,CUS9426,Alexandra Harmon,Matthewborough,Books,4829.73,1,Debit Card,2026-01-20,5,2.6
ORD107844,CUS3611,Allison Robinson,Kirstenchester,Beauty,4332.04,2,Debit Card,2026-01-26,7,3.3
ORD107845,CUS1289,Nicole Rogers,Dustinchester,Home,647.12,2,Debit Card,2026-01-01,3,3.0
ORD107846,CUS3193,Rachel Jones,Port Natalieburgh,Electronics,3220.93,5,Credit Card,2024-05-10,5,4.8
ORD107847,CUS6200,,North Joshuastad,Books,4583.2,3,Debit Card,2026-03-04,3,3.6
ORD107848,CUS6482,Dr. Justin Hill,Markville,Books,3223.5,1,Debit Card,2024-06-01,7,4.4
ORD107849,CUS7567,Jason Buck,South Elizabeth,Sports,235.05,5,Cash on Delivery,2025-12-18,4,
ORD107850,CUS7236,Jay Jacobs,New Brandonchester,Beauty,346.18,4,UPI,2025-07-06,4,4.2
ORD107851,CUS2992,Lisa Riley,South Kristinatown,Sports,3964.78,3,Net Banking,2024-03-31,2,2.9
ORD107852,CUS9657,Keith Johnson,Tylerburgh,Clothing,3740.25,1,Credit Card,2025-12-08,1,4.2
ORD107853,CUS2391,Nathan Lopez,Chasestad,Electronics,3650.61,4,Cash on Delivery,2024-10-13,1,3.1
ORD107854,CUS1639,Anna Gates,Lake Christian,Electronics,4350.51,1,Credit Card,2025-04-03,2,2.2
ORD107855,CUS2575,Stephen Moore,Jensenview,Home,2058.28,1,Credit Card,2024-03-11,5,1.2
ORD107856,CUS7865,Sarah Walter,South Taylor,Home,4889.45,5,UPI,2025-08-04,3,3.1
ORD107857,CUS6116,Anthony Hensley,New Alexander,Sports,4864.07,3,UPI,2024-12-15,7,1.2
ORD107858,CUS6874,Stephanie Bailey,Castrostad,Books,2456.66,3,Debit Card,2025-09-26,2,2.5
ORD107859,CUS3883,Grant Hernandez,South Richardport,Books,3817.0,5,Cash on Delivery,2026-01-24,1,3.2
ORD107860,CUS5847,Hannah Myers,Lake Tina,Beauty,4367.65,2,Net Banking,2025-04-17,2,1.2
ORD107861,CUS4253,Vanessa Kim,East Leslie,Clothing,613.52,2,Cash on Delivery,2026-02-27,1,1.3
ORD107862,CUS4809,Dr. Donna Davis,Alexandraton,Clothing,3374.62,5,Net Banking,2024-12-09,7,2.6
ORD107863,CUS3084,Jose Rodriguez,Williamsmouth,Books,1863.05,1,UPI,2025-02-24,1,
ORD107864,CUS9151,Diana Palmer,South Loriborough,Home,1301.24,1,Debit Card,2025-04-12,7,1.8
ORD107865,CUS5861,Lonnie Pierce,New Douglashaven,Home,3377.23,2,Credit Card,2025-09-27,4,4.6
ORD107866,CUS9818,Cameron Johnson,Port Marcport,Electronics,4665.9,3,UPI,2025-12-30,2,1.0
ORD107867,CUS5440,,Sarahtown,Electronics,3008.49,2,Debit Card,2025-06-07,2,4.4
ORD107868,CUS1569,Pedro Jones,West Michellefurt,Electronics,362.07,4,Credit Card,2024-10-07,1,2.6
ORD107869,CUS8728,Jane Mendez,Markstad,Home,2665.83,2,UPI,2025-08-10,4,2.2
ORD107870,CUS1728,Andrea Green,South Joseph,Sports,2164.58,3,Credit Card,2024-05-18,7,3.4
ORD107871,CUS6974,George Carpenter,Evansside,Sports,4640.5,2,Cash on Delivery,2025-09-01,3,2.6
ORD107872,CUS1037,Jacob Hamilton,Christopherberg,Clothing,1722.12,3,Net Banking,2024-10-23,7,2.2
ORD107873,CUS3126,Michelle Randall,East Tina,Home,219.83,2,Credit Card,2024-05-20,5,2.7
ORD107874,CUS5047,,Lake Samuelton,Beauty,1950.4,4,Credit Card,2025-08-20,6,2.9
ORD107875,CUS8630,Kelly Kirk,Bushburgh,Beauty,1283.02,5,Cash on Delivery,2024-12-29,4,1.7
ORD107876,CUS1957,Lisa Gray,Ortizton,Beauty,4366.43,3,Net Banking,2025-06-20,6,1.3
ORD107877,CUS8503,Gabrielle Lloyd,Yolandaville,Sports,477.38,2,Cash on Delivery,2024-10-02,6,4.7
ORD107878,CUS3069,Scott Nash PhD,Lake Josemouth,Beauty,664.11,1,Credit Card,2024-03-26,3,4.5
ORD107879,CUS9296,Linda Smith PhD,Elizabethstad,Beauty,4962.59,4,Debit Card,2025-10-21,2,4.0
ORD107880,CUS5049,Max Macias,Jamieview,Beauty,2709.56,3,UPI,2025-01-21,1,3.9
ORD107881,CUS7174,,Port David,Books,1036.57,4,Net Banking,2025-08-01,7,3.2
ORD107882,CUS6212,Janet Rose,Michaelview,Electronics,3807.99,3,Credit Card,2025-10-25,1,1.7
ORD107883,CUS6335,Timothy Henry,Cynthiahaven,Clothing,3031.58,1,Debit Card,2024-12-10,1,2.1
ORD107884,CUS2383,Derrick Williams,Lake Christina,Clothing,1996.02,1,Net Banking,2024-07-21,2,3.0
ORD107885,CUS4065,,Ianfort,Clothing,1775.55,1,Net Banking,2026-01-24,3,2.9
ORD107886,CUS3506,Corey Stevenson,Claytonchester,Sports,462.55,4,Net Banking,2026-02-18,5,1.2
ORD107887,CUS9322,Julie Hodge,Brockmouth,Electronics,3586.17,2,Credit Card,2025-12-02,7,1.1
ORD107888,CUS6360,Dennis Nixon,Lake Christy,Sports,2578.99,1,Credit Card,2025-03-27,1,2.7
ORD107889,CUS3156,Alexis Bauer,Hallborough,Books,296.03,5,Cash on Delivery,2024-10-30,6,3.2
ORD107890,CUS3390,Kristina Valdez,Joneshaven,Electronics,1209.14,4,Credit Card,2025-10-27,7,2.3
ORD107891,CUS5521,Brandy Valdez,Woodsmouth,Clothing,1362.65,2,UPI,2024-03-28,7,4.2
ORD107892,CUS5322,Kayla Campos,Lake Kevinview,Books,3122.19,1,Net Banking,2024-05-09,6,3.5
ORD107893,CUS5084,Mrs. Victoria Graham MD,North William,Beauty,3603.3,3,Cash on Delivery,2026-01-27,1,1.3
ORD107894,CUS5949,Emily Alexander,West Scottmouth,Beauty,2395.64,4,Credit Card,2025-11-02,6,3.9
ORD107895,CUS9158,Norma Washington,Carriebury,Clothing,312.21,3,UPI,2025-01-06,2,2.4
ORD107896,CUS8349,Ashley Harvey,Gregoryside,Sports,2955.86,4,Debit Card,2025-07-26,5,2.0
ORD107897,CUS2636,John Williams,Richardshire,Clothing,3476.51,1,Net Banking,2024-09-28,5,2.0
ORD107898,CUS7836,Arthur Richards,Lake Heidi,Books,3909.56,1,UPI,2025-01-24,3,2.7
ORD107899,CUS3981,James Estes,East Cody,Sports,885.96,4,Debit Card,2025-08-08,1,4.7
ORD107900,CUS5238,Thomas Anderson,Nicoleport,Clothing,1597.66,1,Cash on Delivery,2025-01-23,5,1.9
ORD107901,CUS8702,David Turner,North Catherineberg,Clothing,2609.67,1,Debit Card,2026-01-30,6,
ORD107902,CUS4788,Allison Harrison,Murphyside,Books,2749.71,4,Debit Card,2024-07-08,5,1.2
ORD107903,CUS9183,Lawrence Huang,South James,Sports,1177.6,1,Credit Card,2026-02-13,3,2.4
ORD107904,CUS4867,,Scottberg,Books,2486.17,3,Cash on Delivery,2025-12-26,6,3.7
ORD107905,CUS5263,Carl Andrews,Andersonfort,Home,3240.64,2,Net Banking,2025-04-26,6,4.1
ORD107906,CUS9984,Patrick Spencer,Port Feliciaton,Clothing,3096.66,3,Net Banking,2024-08-26,6,4.9
ORD107907,CUS9089,Kyle Weeks,Michaelberg,Beauty,2803.1,5,UPI,2025-10-22,7,3.6
ORD107908,CUS3890,Adam Newman,New Charlesmouth,Home,4715.3,5,Cash on Delivery,2024-06-21,6,5.0
ORD107909,CUS3034,Adam Robinson,Port Ambermouth,electronics,2329.64,3,Debit Card,2024-06-08,3,
ORD107910,CUS9598,Mr. Michael Martin,Riceborough,Clothing,3054.92,3,Debit Card,2025-11-05,4,2.9
ORD107911,CUS5956,Heidi Weber,East Adrian,Electronics,2621.64,5,UPI,2025-08-28,4,5.0
ORD107912,CUS6699,Brad Nguyen MD,East Johnny,Home,924.67,5,Debit Card,2025-12-07,5,3.6
ORD107913,CUS4804,Kenneth Charles,Port Juanmouth,Electronics,3889.72,1,UPI,2025-01-01,6,1.1
ORD107914,CUS5905,Pamela Garcia,Lanebury,Beauty,4801.32,2,Cash on Delivery,2024-11-06,3,3.7
ORD107915,CUS1884,Samantha Dunlap,Hannahmouth,Beauty,2215.72,5,Net Banking,2024-10-12,7,4.4
ORD107916,CUS1445,Connie Gallegos,Johnsonton,Home,3381.95,2,Cash on Delivery,2024-10-04,4,3.9
ORD107917,CUS4419,,New Heather,Sports,1792.69,4,Net Banking,2024-05-24,7,1.8
ORD107918,CUS5752,Bradley Castro,Port Richard,Books,2882.27,2,UPI,2026-01-21,3,4.4
ORD107919,CUS3724,Sarah Mack,South Jeffery,Electronics,3256.43,4,Credit Card,2025-01-07,2,3.8
ORD107920,CUS6761,Tammy Johnston,Montgomeryview,Sports,2606.75,3,Debit Card,2025-10-24,7,3.3
ORD107921,CUS5576,Ronald Boyle Jr.,Smithburgh,Books,3531.49,1,Net Banking,2025-12-04,2,2.2
ORD107922,CUS3192,Steven Nolan,Perryberg,Beauty,4699.67,1,Credit Card,2024-05-16,2,4.8
ORD107923,CUS3264,Aaron Hartman,Sloanview,Electronics,171.04,4,UPI,2025-08-06,1,1.3
ORD107924,CUS7255,Pamela Kent,Lake Shawna,Electronics,1791.69,4,Debit Card,2026-03-10,5,1.6
ORD107925,CUS4909,Philip Orozco,Port Laurenville,Electronics,3958.14,2,Debit Card,2024-08-14,2,2.5
ORD107926,CUS9253,Valerie Zuniga,Pearsonburgh,Beauty,3214.33,3,Credit Card,2024-10-06,7,2.0
ORD107927,CUS5426,Alex Robinson,Tranborough,Beauty,4937.43,5,Debit Card,2025-05-08,3,3.0
ORD107928,CUS8052,Mary Gray,New Cynthia,Home,2582.03,2,Credit Card,2024-10-11,2,4.2
ORD107929,CUS5049,Lisa Lewis DDS,Danielfort,Sports,1692.57,1,Credit Card,2025-11-12,5,2.0
ORD107930,CUS9458,,New Michael,Electronics,3287.86,1,Cash on Delivery,2024-07-27,5,2.5
ORD107931,CUS7728,Linda Smith,Brandonberg,Beauty,4718.1,3,Debit Card,2025-02-28,7,2.5
ORD107932,CUS1735,Ms. Andrea Mitchell DVM,East Thomaston,Electronics,3192.82,5,UPI,2025-12-12,2,1.2
ORD107933,CUS8836,Cassandra Cook,Edwardstown,Sports,3127.41,1,Net Banking,2025-11-29,6,1.1
ORD107934,CUS9766,Bradley Robinson,Ramirezberg,Sports,2404.1,2,Debit Card,2025-05-15,3,2.3
ORD107935,CUS7335,Kristin Lopez,New Rickyview,Sports,923.29,5,Net Banking,2025-05-02,1,3.6
ORD107936,CUS1243,Hunter Alvarez,Jonesborough,Sports,3532.08,5,Credit Card,2025-01-11,1,3.5
ORD107937,CUS9160,Peter Roberson,Hannahtown,Home,3813.86,4,Net Banking,2026-03-07,5,3.6
ORD107938,CUS3352,Tracy Moss,East Teresatown,Clothing,1255.04,1,Credit Card,2025-10-14,1,2.8
ORD107939,CUS4073,,West Rachelport,Sports,1456.12,1,Credit Card,2025-08-11,3,2.4
ORD107940,CUS3780,Christina Parsons,Kellistad,Clothing,1406.19,3,UPI,2024-08-02,2,3.0
ORD107941,CUS6206,Anna Carson,Jacksonmouth,Books,2316.47,4,UPI,2025-03-07,7,1.9
ORD107942,CUS5834,Lawrence Weber,Elizabethport,Electronics,4121.68,3,UPI,2024-06-22,6,1.8
ORD107943,CUS5663,David Ward,North Ralph,Sports,344.53,4,Debit Card,2024-04-01,4,1.4
ORD107944,CUS1607,Walter Morrison,Tylertown,Electronics,1294.94,5,Credit Card,2026-01-06,5,1.7
ORD107945,CUS4876,Christopher King,East Michaelfort,Books,4065.04,1,Debit Card,2026-01-13,2,1.8
ORD107946,CUS9130,Jessica Miller,Tanyafort,Clothing,2067.18,5,Net Banking,2024-08-18,1,3.5
ORD107947,CUS3443,Roberta Patterson,Michaelhaven,Sports,1392.61,5,UPI,2025-12-04,7,1.1
ORD107948,CUS2374,Michael Marquez,North Keithmouth,electronics,3551.13,4,UPI,2025-07-01,4,2.9
ORD107949,CUS7735,,Davidland,Sports,4601.54,4,UPI,2025-02-01,5,3.5
ORD107950,CUS9598,Oscar Francis,South Stevenburgh,Books,725.76,5,Net Banking,2026-01-17,5,1.3
ORD107951,CUS9553,Janet Calhoun,Jasonville,Beauty,4664.15,1,Cash on Delivery,2026-03-02,2,3.7
ORD107952,CUS8583,Randall Fitzpatrick,Zamorastad,Books,4845.88,1,Cash on Delivery,2024-05-19,3,
ORD107953,CUS9118,Elizabeth Noble,North Patrick,Sports,4213.68,5,Cash on Delivery,2024-11-07,4,2.2
ORD107954,CUS9287,Peter Riley,Frederickshire,Electronics,1258.68,1,Net Banking,2024-11-12,7,1.7
ORD107955,CUS1861,Angela Torres,West Whitney,Beauty,310.78,2,Cash on Delivery,2025-07-23,3,1.4
ORD107956,CUS4828,Michael Mann,Kelleyview,Electronics,3808.59,2,Cash on Delivery,2024-11-08,1,3.7
ORD107957,CUS3200,Erica Logan,Pamelamouth,Home,405.22,5,Credit Card,2024-10-17,4,2.0
ORD107958,CUS1832,Angela Kelley,Howardshire,electronics,2854.47,4,Cash on Delivery,2024-08-09,1,2.2
ORD107959,CUS5270,Brianna Taylor,Monteschester,Clothing,4572.22,2,Debit Card,2025-11-11,7,3.3
ORD107960,CUS4334,Justin Brown,Port Alan,Electronics,4493.91,4,Debit Card,2024-10-12,7,4.8
ORD107961,CUS1754,Jessica Campbell,West Jennifer,Books,2414.33,2,Debit Card,2024-06-06,2,
ORD107962,CUS1186,Andrew Blackwell,South Austin,Beauty,2691.57,4,Net Banking,2024-03-18,6,2.9
ORD107963,CUS5749,James Rivera,East Howardport,Books,686.01,5,Debit Card,2025-09-06,5,1.6
ORD107964,CUS6294,John Hayes,Katherineville,Home,204.92,5,Debit Card,2024-10-29,3,4.9
ORD107965,CUS3921,Sherry Martin,Carolmouth,Clothing,3345.62,4,Cash on Delivery,2025-12-21,2,2.2
ORD107966,CUS3489,Michael Hampton,West Lawrence,Clothing,2550.65,5,Cash on Delivery,2025-03-06,6,2.9
ORD107967,CUS3290,Wendy Richard,Christianstad,Sports,1307.49,1,Net Banking,2024-10-07,6,1.5
ORD107968,CUS4620,Daniel Delgado,South Steven,Electronics,2841.71,2,Cash on Delivery,2024-03-26,6,4.3
ORD107969,CUS7033,Connie Peck,Lake Chloe,Clothing,3445.0,4,UPI,2025-07-06,1,3.1
ORD107970,CUS3846,Kathleen Gardner,New Richard,Beauty,3203.46,5,Debit Card,2025-08-14,7,1.7
ORD107971,CUS5176,Steven Kramer,Sanderston,Beauty,1066.51,1,Credit Card,2024-12-11,4,4.9
ORD107972,CUS1254,Christy Jackson,Evelynchester,Sports,3335.32,4,UPI,2026-01-21,3,1.2
ORD107973,CUS6851,Eric Lopez,Lake Robertahaven,Clothing,1569.98,2,Cash on Delivery,2024-04-23,7,1.2
ORD107974,CUS3574,Dana Ferguson,Simsmouth,Sports,4294.18,3,Debit Card,2024-05-30,4,
ORD107975,CUS2318,Trevor Torres,West Brendaville,Home,2427.25,3,Cash on Delivery,2024-10-24,6,1.2
ORD107976,CUS9865,Christopher Hunt,West Ashley,Clothing,4002.95,5,Debit Card,2026-02-09,4,3.4
ORD107977,CUS2557,Edward Roy,West Joshua,Beauty,989.42,4,UPI,2025-11-25,2,2.3
ORD107978,CUS4641,Jay Estes,Port Nicole,electronics,1403.49,5,Credit Card,2025-12-15,2,2.6
ORD107979,CUS3509,Amanda Cooley,New Lauren,Sports,2477.89,4,Debit Card,2025-06-13,1,3.7
ORD107980,CUS6384,John Martinez,North Julieshire,Sports,4401.9,5,UPI,2024-06-22,2,3.6
ORD107981,CUS4170,Felicia Romero,Port Coryshire,Clothing,3237.39,3,UPI,2024-12-31,2,
ORD107982,CUS2864,Michael Williams,South Kevinstad,Electronics,3700.1,2,UPI,2025-04-04,1,3.0
ORD107983,CUS8964,Jessica Jones,Vegafurt,Clothing,2689.32,5,UPI,2024-04-20,4,1.8
ORD107984,CUS9753,,Powellburgh,Electronics,1400.49,1,Net Banking,2026-01-14,6,4.6
ORD107985,CUS4988,Tara Wright,Andrewsside,Electronics,1860.87,2,Net Banking,2025-07-28,3,4.0
ORD107986,CUS6029,Benjamin Watts,Lake Nathanport,Electronics,4465.65,2,Cash on Delivery,2024-11-05,2,1.7
ORD107987,CUS9631,Travis Davies,North Tracytown,Books,167.87,4,Credit Card,2024-05-06,3,3.4
ORD107988,CUS4348,Margaret Diaz,East Deanmouth,Clothing,258.73,4,Credit Card,2025-11-22,5,2.6
ORD107989,CUS2691,John Ryan,Port Sherry,Beauty,618.82,4,Debit Card,2024-07-01,2,1.2
ORD107990,CUS8943,Greg Williams,North Kristy,Sports,1605.08,1,Cash on Delivery,2025-05-14,3,4.1
ORD107991,CUS9433,George Phelps,Port Darren,Electronics,4761.21,4,Cash on Delivery,2024-05-24,1,1.3
ORD107992,CUS7237,Sharon Phillips,Courtneyland,Electronics,4204.49,4,Credit Card,2025-01-06,7,2.7
ORD107993,CUS5789,Diane Hurst,Campbellville,Books,1765.57,3,UPI,2024-07-01,7,3.2
ORD107994,CUS5742,Joseph Thomas DVM,Mcclainmouth,Home,3941.02,5,UPI,2026-03-05,5,1.3
ORD107995,CUS7254,Wesley Byrd,Port Ericaville,Home,1862.2,4,Credit Card,2025-04-17,5,3.2
ORD107996,CUS7928,Jennifer Bowman,Evansfurt,Electronics,3229.65,3,Debit Card,2026-02-21,1,2.5
ORD107997,CUS8427,Andrea Robinson,Kevinville,Home,2901.37,2,Net Banking,2024-03-20,5,4.8
ORD107998,CUS5888,Alice Peterson,Myersmouth,Home,2753.43,3,Cash on Delivery,2025-09-23,1,1.6
ORD107999,CUS2867,,Port Andreahaven,Clothing,2279.62,4,Debit Card,2025-12-25,1,2.2
ORD108000,CUS5705,Thomas Espinoza,Jacksonhaven,Home,4106.57,2,Net Banking,2025-05-04,4,1.7
ORD108001,CUS2543,Michelle Simpson,West Seanfort,Clothing,465.62,5,Net Banking,2025-04-14,6,2.2
ORD108002,CUS3359,Michelle Hoover,Port Michael,Books,4706.72,3,Debit Card,2025-08-16,6,2.1
ORD108003,CUS8175,Chelsea Freeman,West Amy,Home,3355.0,4,Debit Card,2025-07-17,6,1.9
ORD108004,CUS4154,Justin Sims,Powersfurt,Clothing,1200.79,4,Credit Card,2026-01-22,7,4.0
ORD108005,CUS6695,Holly Daniel,Cindyview,Home,3322.1,3,Cash on Delivery,2024-05-30,7,2.8
ORD108006,CUS6156,Danny Gross,Hernandezmouth,Books,2375.17,5,Debit Card,2024-08-14,6,2.8
ORD108007,CUS1504,April Figueroa,East Christinamouth,Home,582.24,4,Credit Card,2025-06-14,2,2.7
ORD108008,CUS9402,Natalie Rodriguez,Chenchester,Clothing,3118.11,1,Cash on Delivery,2025-06-01,7,3.7
ORD108009,CUS1447,Maria Gibson,Angelburgh,Sports,2041.7,4,Net Banking,2024-05-07,3,2.8
ORD108010,CUS8583,Jim Curry,Harristown,Beauty,436.74,1,UPI,2025-08-08,3,1.4
ORD108011,CUS2235,Danny White,Rogersmouth,Books,1973.05,2,Cash on Delivery,2024-08-14,4,2.3
ORD108012,CUS5656,Howard Carroll,West Lisa,Clothing,3917.0,2,Net Banking,2025-03-16,5,1.3
ORD108013,CUS7578,David Arnold,North Robertburgh,Sports,4946.23,4,UPI,2025-08-30,6,1.6
ORD108014,CUS7856,Amy Simon,Ortizport,Books,185.35,1,Credit Card,2025-03-05,2,3.7
ORD108015,CUS1968,Jesse Singleton,Nathanielbury,Sports,1793.28,3,Net Banking,2026-03-10,4,1.5
ORD108016,CUS7506,Thomas Hall,East Theresahaven,Home,4062.82,1,Credit Card,2024-11-25,7,1.0
ORD108017,CUS1772,James Jackson,Port Kenneth,Clothing,2501.66,5,Debit Card,2025-03-02,4,3.3
ORD108018,CUS9568,Christopher Gomez,Sheilamouth,electronics,2664.01,4,Debit Card,2024-10-31,3,5.0
ORD108019,CUS1559,Madeline Chapman,Lake Jeremy,Sports,484.84,3,Debit Card,2024-12-15,7,4.1
ORD108020,CUS4311,Mary Bryant,South Sheila,Beauty,2592.57,5,Debit Card,2025-09-13,5,1.6
ORD108021,CUS1457,Mariah Holt,Danielchester,Sports,160.04,1,Credit Card,2024-11-13,1,3.3
ORD108022,CUS1438,Brian Reynolds,North Cheryl,Clothing,3411.98,2,Cash on Delivery,2025-01-24,3,4.8
ORD108023,CUS4845,Vincent Harris,West Richardfurt,Books,318.35,2,Debit Card,2025-09-03,2,4.0
ORD108024,CUS3703,Ashley Phillips,North Christine,Sports,4452.58,1,Debit Card,2025-01-25,5,2.7
ORD108025,CUS9862,Nicole Estrada,New Ashleyborough,Beauty,3726.31,5,Credit Card,2024-11-11,5,
ORD108026,CUS1523,Sarah Callahan,New Brittanyburgh,Clothing,908.16,4,Debit Card,2026-01-16,2,2.8
ORD108027,CUS8007,,Schneiderview,Home,4258.26,5,Net Banking,2025-07-02,3,1.1
ORD108028,CUS8693,Julie Wright,North Joshuaberg,electronics,4831.39,2,Debit Card,2025-07-19,1,4.4
ORD108029,CUS9593,Susan Bradley,New Kimberly,Books,559.48,3,UPI,2025-12-09,2,3.3
ORD108030,CUS5489,,Reedhaven,Sports,695.07,1,Credit Card,2024-05-30,4,3.1
ORD108031,CUS3956,Michael Cross,Angelamouth,Clothing,2025.44,5,Credit Card,2024-08-26,7,5.0
ORD108032,CUS3107,Lauren Munoz,Jessicafurt,Beauty,4263.48,3,UPI,2024-11-10,4,4.0
ORD108033,CUS4584,Pamela Marshall,South Erica,Books,2330.68,1,Net Banking,2025-07-23,1,4.4
ORD108034,CUS1489,Paul Roberts,New Sherylshire,Books,1478.21,3,Cash on Delivery,2024-07-10,3,2.9
ORD108035,CUS8361,Shane Jordan,Walkerfurt,Electronics,2605.02,2,Net Banking,2026-01-15,7,3.8
ORD108036,CUS9498,George Reid,Howellfort,Clothing,1368.04,3,UPI,2024-09-21,5,3.6
ORD108037,CUS2400,Christopher Salazar,West Matthew,Home,4653.43,4,UPI,2024-03-15,4,3.6
ORD108038,CUS9989,Roy Morris,North Alexander,Books,3818.64,2,Debit Card,2026-01-02,6,5.0
ORD108039,CUS2630,Robert Lara,Villanuevaside,Electronics,3233.53,1,Credit Card,2024-07-21,5,4.2
ORD108040,CUS5224,Keith Robbins,East Jasmine,Books,593.98,2,UPI,2024-12-21,6,
ORD108041,CUS4240,Leah Shaw,North Keith,Books,485.16,5,UPI,2024-07-08,6,1.4
ORD108042,CUS1868,Mark Stout,Lake Zacharyville,Sports,4848.93,3,Cash on Delivery,2025-03-15,1,
ORD108043,CUS8142,Valerie Ortega,Maddoxfurt,Clothing,2252.03,1,UPI,2025-01-09,2,1.1
ORD108044,CUS7345,Isaiah French,Lake Tracyhaven,Electronics,4236.9,3,Net Banking,2024-09-05,4,1.9
ORD108045,CUS8024,Kevin Maldonado,East Marymouth,Electronics,2924.86,3,UPI,2025-04-11,5,2.3
ORD108046,CUS4324,Daniel Woods,Lawrenceview,Clothing,3497.02,3,Net Banking,2024-11-02,4,2.2
ORD108047,CUS4282,Robert Cross,Cortezbury,Electronics,2659.22,3,Credit Card,2024-05-05,6,1.2
ORD108048,CUS9441,Maria George,East Wanda,Beauty,3141.02,2,Net Banking,2024-04-19,5,2.6
ORD108049,CUS8999,Sheryl Lynch,Butlerbury,Books,3891.28,4,Credit Card,2024-10-17,3,4.4
ORD108050,CUS2817,Marcus Nguyen,Roseville,Beauty,1158.46,2,UPI,2024-05-30,4,2.6
ORD108051,CUS5672,Daniel Crawford,North Madison,Home,3241.94,2,UPI,2024-06-27,4,1.7
ORD108052,CUS2387,Nicole Barnes,Janicefurt,Sports,3825.83,4,UPI,2024-07-07,6,2.1
ORD108053,CUS4145,Olivia Nichols,South Cynthiaport,Clothing,2477.14,4,Cash on Delivery,2024-08-01,7,3.9
ORD108054,CUS9865,Bryan Wood MD,Alvarezchester,Clothing,2958.55,3,Net Banking,2025-06-22,1,3.5
ORD108055,CUS9296,David Doyle,Port Leonard,Home,582.92,1,Net Banking,2025-03-24,2,2.8
ORD108056,CUS3359,Scott Patterson,Dyerburgh,Beauty,4634.74,5,Debit Card,2024-12-30,6,4.2
ORD108057,CUS3096,Laura Snyder,Bryantfurt,Electronics,1356.76,2,Cash on Delivery,2024-10-15,6,4.5
ORD108058,CUS1861,Tracey Mills,Millsside,Books,2636.11,1,Credit Card,2025-09-10,5,1.9
ORD108059,CUS5049,Jonathan Pitts,Yolandabury,Electronics,2762.96,4,Credit Card,2024-11-14,3,1.9
ORD108060,CUS5729,Gabrielle Schroeder,East Randy,Clothing,4003.07,2,Credit Card,2024-03-18,4,3.4
ORD108061,CUS5408,,New Kristen,Electronics,757.59,5,Cash on Delivery,2025-05-19,2,1.9
ORD108062,CUS8327,Kelly Wilkerson,West Cheryl,Clothing,156.93,4,Credit Card,2024-08-20,5,
ORD108063,CUS8441,Christina Miller,Port Marissa,Electronics,495.62,5,Credit Card,2024-09-14,2,2.4
ORD108064,CUS1273,Robin Lewis,Torresmouth,Clothing,1802.46,2,Credit Card,2024-09-02,1,4.8
ORD108065,CUS5724,Kim Howard,Hallberg,Clothing,2112.38,3,UPI,2025-07-02,6,1.9
ORD108066,CUS4656,Matthew Lawrence,North Phillip,Home,3680.2,5,Cash on Delivery,2024-04-28,6,2.1
ORD108067,CUS1767,Ryan Hale,Jamieberg,Books,1724.36,2,Net Banking,2024-10-25,6,2.4
ORD108068,CUS1672,Michael Mejia,West Kelseyville,Books,890.07,2,Debit Card,2024-11-24,3,1.6
ORD108069,CUS1361,Ryan Martin,Christietown,Books,4903.73,1,Debit Card,2025-09-15,2,5.0
ORD108070,CUS9024,Nathan Conway,Montesside,Electronics,563.22,1,Credit Card,2024-08-07,7,2.2
ORD108071,CUS8674,Jesse Holloway,Morganfort,Sports,1585.65,5,UPI,2025-06-28,5,2.7
ORD108072,CUS4533,William Booth,Charleschester,Sports,4027.35,2,Cash on Delivery,2024-05-02,5,2.9
ORD108073,CUS7356,Rachael Underwood,Jeffersonhaven,Clothing,2356.13,3,Debit Card,2025-02-11,3,4.9
ORD108074,CUS3617,Jennifer Wells,Lake Rickyport,Clothing,2657.32,3,Net Banking,2024-05-03,4,1.8
ORD108075,CUS6850,Lori Larson,Taylorport,Clothing,1474.64,3,Net Banking,2024-11-05,4,3.5
ORD108076,CUS8984,Natasha Johnson,East Nicholasberg,Electronics,209.08,5,UPI,2025-03-16,3,2.5
ORD108077,CUS4646,Bradley Rosario,Martinezborough,Clothing,1776.81,5,Debit Card,2025-07-04,1,1.2
ORD108078,CUS5255,Phillip Smith,Johnsonstad,Home,4473.14,3,Cash on Delivery,2024-12-24,7,4.9
ORD108079,CUS5606,Tara Martinez,New Davidfort,Electronics,721.81,1,Cash on Delivery,2024-12-11,3,4.5
ORD108080,CUS4346,Kimberly Mendoza,South Timothy,Home,283.87,2,Credit Card,2024-09-14,4,1.2
ORD108081,CUS2821,,South Thomasshire,Clothing,500.01,3,Debit Card,2024-05-25,6,3.5
ORD108082,CUS5354,Brandon Lara,Danielmouth,Home,798.06,3,Debit Card,2025-05-25,5,2.2
ORD108083,CUS1181,Elizabeth Brown,South Ashleyburgh,Beauty,3703.85,4,Debit Card,2025-08-21,3,
ORD108084,CUS8222,Tracey White,West Brittanymouth,Clothing,2060.18,1,Credit Card,2024-04-11,6,3.8
ORD108085,CUS7128,Dennis Davis,West Alexanderland,Beauty,2518.26,5,Net Banking,2025-07-08,6,3.6
ORD108086,CUS3082,Mrs. Barbara Nguyen,Port Maryside,Sports,982.87,5,UPI,2025-01-25,6,2.9
ORD108087,CUS7065,Lisa Miller,Weberbury,Beauty,3889.64,5,Debit Card,2025-07-26,7,1.2
ORD108088,CUS2769,Mrs. Alexis Jones,Farrellmouth,Beauty,1435.39,5,Debit Card,2024-07-01,5,4.8
ORD108089,CUS3309,David Russell,Christinemouth,Sports,3638.69,3,Cash on Delivery,2025-09-24,6,1.6
ORD108090,CUS7263,Benjamin Watkins,East Ashley,Electronics,3457.05,2,Net Banking,2025-07-07,4,1.8
ORD108091,CUS6663,,Ericaport,Home,4931.21,4,UPI,2025-12-26,1,4.8
ORD108092,CUS4928,Kelly Stafford,Simmonstown,Books,1129.48,4,Cash on Delivery,2024-11-19,7,1.4
ORD108093,CUS9624,Debra Rice,Juliebury,Clothing,3355.35,5,Net Banking,2025-07-15,4,2.4
ORD108094,CUS6165,George Lucas,Port Megan,Beauty,2223.27,3,Cash on Delivery,2025-01-14,5,1.3
ORD108095,CUS2048,Melissa Tucker,Eddieburgh,Clothing,4411.36,3,Net Banking,2025-07-30,4,1.3
ORD108096,CUS2602,Joseph Hood,Kristamouth,Beauty,3961.83,3,Net Banking,2024-05-10,3,4.8
ORD108097,CUS3605,Arthur Morris,Huntertown,Electronics,3334.74,2,Debit Card,2025-10-02,3,3.2
ORD108098,CUS5165,Kelli Sims,Michaelbury,Books,4325.22,3,UPI,2024-11-14,3,3.3
ORD108099,CUS6755,Linda Long,New Kathyport,Home,1094.12,1,UPI,2025-09-08,1,
ORD108100,CUS3865,Beth Krause,Rossport,Books,3471.83,5,Net Banking,2025-07-08,1,1.7
ORD108101,CUS8457,Donna Thomas,Brianhaven,Sports,2954.76,5,UPI,2025-11-27,4,
ORD108102,CUS8879,Anna Pierce,North Kyle,Electronics,4254.62,1,Credit Card,2024-07-16,7,
ORD108103,CUS6121,Julie Simon,West David,Clothing,3148.73,5,UPI,2024-04-22,6,
ORD108104,CUS7460,Douglas Montgomery,Lake Heathertown,Books,4056.71,2,UPI,2024-10-24,1,3.2
ORD108105,CUS6470,Samantha Barton,Lopezmouth,Clothing,2793.41,1,Credit Card,2025-02-21,7,1.9
ORD108106,CUS1649,Jamie Chung,Port Mark,Home,1079.7,5,Debit Card,2025-04-30,2,3.5
ORD108107,CUS6591,Anthony Garner,Sanchezport,Electronics,2999.55,4,Cash on Delivery,2025-10-03,4,4.6
ORD108108,CUS2426,Michael Ortiz,Holmesberg,Clothing,3147.91,1,Cash on Delivery,2025-01-31,7,4.8
ORD108109,CUS2501,Ryan Clarke,New Amanda,Books,1194.31,3,Debit Card,2024-05-16,5,3.5
ORD108110,CUS6791,Jennifer Hogan,Barrychester,Books,1204.96,2,Net Banking,2024-05-07,4,2.6
ORD108111,CUS9326,Karen Stevens,West Jenniferstad,Beauty,1518.2,5,Cash on Delivery,2025-02-20,4,2.5
ORD108112,CUS1650,Brian Arellano,South Samanthaville,Electronics,2834.01,2,Debit Card,2025-06-14,7,3.3
ORD108113,CUS4482,Scott Thomas,Port Richard,Clothing,3099.18,4,Net Banking,2026-02-12,1,3.0
ORD108114,CUS3046,Kimberly Jensen,North Jason,Beauty,1737.1,4,Cash on Delivery,2025-03-03,6,3.7
ORD108115,CUS8212,Bryan Blair,Catherineborough,Electronics,1974.3,1,Net Banking,2024-06-15,6,5.0
ORD108116,CUS1898,Jillian Butler,Kingville,Books,1293.67,4,UPI,2025-04-23,1,4.0
ORD108117,CUS8677,Tiffany Peterson,Roberttown,Books,2062.8,4,Debit Card,2024-03-26,3,3.1
ORD108118,CUS8959,Anthony Bird,Graveshaven,Books,376.19,3,Credit Card,2025-08-29,6,1.6
ORD108119,CUS3940,Deborah Ray,Jamesfort,Sports,456.65,2,Debit Card,2024-12-14,6,2.0
ORD108120,CUS1195,Michael Lee,Melissaview,Beauty,720.6,1,Debit Card,2024-06-21,7,2.8
ORD108121,CUS4204,Michelle Thomas,Christineville,Clothing,982.48,1,UPI,2025-07-18,6,4.0
ORD108122,CUS6998,Phillip Edwards,New Seanmouth,Books,2828.79,3,Net Banking,2024-07-14,2,1.1
ORD108123,CUS5982,Brian Cobb,Port Elaine,Sports,354.73,1,UPI,2025-07-19,4,1.5
ORD108124,CUS7377,Kurt Thompson,South James,Beauty,980.58,5,Net Banking,2024-05-12,1,4.9
ORD108125,CUS2231,Taylor Larson,Brownmouth,Electronics,1500.52,4,Debit Card,2025-12-24,7,2.7
ORD108126,CUS7719,Gina Pollard,West Robertborough,Clothing,1058.76,3,Debit Card,2025-01-01,7,2.7
ORD108127,CUS6968,Gregory Wong,East Erinbury,Home,325.11,4,Debit Card,2025-03-01,3,3.3
ORD108128,CUS1926,Michelle Holder,East Emilyview,Beauty,2071.73,2,Credit Card,2025-04-23,3,4.0
ORD108129,CUS9850,Grace Frederick,Port Angelaside,Clothing,1483.99,4,Credit Card,2024-10-09,5,4.4
ORD108130,CUS5672,Jason Perez,Jameshaven,Home,1286.16,4,Cash on Delivery,2026-01-25,1,4.7
ORD108131,CUS7666,Elizabeth Espinoza,Aliciaton,Clothing,4408.04,2,Net Banking,2024-08-02,7,1.9
ORD108132,CUS2263,Destiny Harris,South Joshuafort,Electronics,265.34,2,Debit Card,2024-12-11,5,1.8
ORD108133,CUS8454,Stephanie Sims,Port Sara,Beauty,1959.82,4,Credit Card,2025-09-10,3,2.0
ORD108134,CUS2010,Jesse Curtis,Port Kristinview,Books,2738.97,2,Net Banking,2025-04-23,4,4.8
ORD108135,CUS5033,Michael Quinn,Rogersview,Beauty,1568.14,1,UPI,2024-10-23,7,4.7
ORD108136,CUS5778,Tara Gibbs,New James,Electronics,1663.69,2,Debit Card,2025-01-07,5,2.5
ORD108137,CUS3159,Stacey Davis,Williammouth,Clothing,4793.66,1,Cash on Delivery,2025-09-01,6,3.0
ORD108138,CUS6551,Sherry Frazier,East Joshua,Home,2013.71,2,Credit Card,2025-02-09,2,4.7
ORD108139,CUS2716,Alison House,Thomashaven,Sports,4749.15,4,Debit Card,2026-02-08,1,2.3
ORD108140,CUS2187,Dr. Jessica Cook,East Wesleyburgh,Books,4045.98,1,UPI,2025-08-18,2,2.8
ORD108141,CUS9596,Timothy Burnett,North Nathanielport,Beauty,4660.28,4,UPI,2025-02-09,3,3.3
ORD108142,CUS9790,Richard Johnson,East Calebfurt,Sports,281.96,2,Net Banking,2025-04-12,4,2.9
ORD108143,CUS1137,Kelli Odom,Kingfurt,Electronics,4589.23,1,Credit Card,2024-05-14,2,1.5
ORD108144,CUS7716,Justin Velez Jr.,Lake Jessica,Home,2668.4,3,Cash on Delivery,2026-01-09,6,2.1
ORD108145,CUS1883,Mary Taylor,Lake Anthonybury,Books,4999.98,1,Debit Card,2025-03-19,1,4.6
ORD108146,CUS2685,Molly Baker,New Christophershire,Beauty,3048.61,1,Credit Card,2025-12-28,3,3.5
ORD108147,CUS8854,Benjamin Hughes,Georgemouth,Beauty,3452.44,5,Cash on Delivery,2025-05-26,2,4.6
ORD108148,CUS3666,Jason Martinez,East Sharon,Beauty,994.31,4,Net Banking,2025-12-08,4,4.3
ORD108149,CUS6348,Anthony Dudley,Fisherstad,Beauty,1018.72,1,UPI,2024-12-25,2,4.0
ORD108150,CUS3338,Christine Vang,Jodimouth,Beauty,723.29,2,Debit Card,2024-07-21,3,2.4
ORD108151,CUS1131,Matthew Lewis,Simonberg,Home,1411.37,2,Net Banking,2025-01-30,2,1.4
ORD108152,CUS5107,Robert Madden,Leslieland,Home,4127.41,5,Net Banking,2025-08-23,1,4.1
ORD108153,CUS1713,Mark Cooper,Lake Justinchester,Home,4883.37,3,Credit Card,2026-01-18,6,5.0
ORD108154,CUS8780,Denise Ryan,Hallstad,Sports,2759.51,1,UPI,2025-09-19,4,1.4
ORD108155,CUS9553,Tracey Washington,Port Michelleside,electronics,2380.57,2,Cash on Delivery,2024-08-15,4,3.9
ORD108156,CUS3560,Bradley Dawson,Johnsshire,Books,2705.89,2,Net Banking,2025-05-22,3,1.6
ORD108157,CUS2742,Christina Smith,East Christophertown,Clothing,3896.32,3,Cash on Delivery,2025-08-14,6,1.2
ORD108158,CUS9406,Stefanie Gonzalez,Collinsview,Books,1261.13,3,Cash on Delivery,2026-01-16,4,
ORD108159,CUS5172,Douglas Riddle,Lake Joshua,Home,1871.39,5,Cash on Delivery,2026-01-12,4,2.5
ORD108160,CUS5024,Daniel Marshall,Lake Anthony,Home,371.64,1,Net Banking,2025-04-22,4,1.4
ORD108161,CUS2364,Carlos Calderon,North Rachel,Sports,4883.3,1,Credit Card,2026-02-13,7,1.3
ORD108162,CUS3976,Paul Ward,Joshuaberg,Home,404.65,3,Debit Card,2024-04-08,1,3.7
ORD108163,CUS5476,John Jordan,Port Brooke,Sports,4973.17,5,UPI,2024-06-29,7,2.1
ORD108164,CUS3389,Timothy Davis,Jacksontown,Sports,3200.24,4,Net Banking,2025-07-14,5,1.5
ORD108165,CUS4863,Tanner Welch,Port Russell,Sports,1303.1,2,UPI,2024-10-06,7,5.0
ORD108166,CUS4493,Wendy Reynolds,North Alicia,Beauty,1563.57,2,UPI,2025-07-17,6,2.5
ORD108167,CUS7404,Keith Daniels,West Shannonport,Electronics,3369.62,5,Cash on Delivery,2024-11-06,3,3.7
ORD108168,CUS6601,Elizabeth Sanders,Hilltown,Books,4726.11,4,Cash on Delivery,2026-02-07,2,5.0
ORD108169,CUS9784,,West David,Sports,3467.59,4,Credit Card,2025-10-14,3,1.3
ORD108170,CUS6143,Jose Smith,Lake Teresaton,Beauty,1736.57,2,Credit Card,2024-06-08,1,
ORD108171,CUS1640,Mr. Christopher Henson,Lindashire,Home,2638.8,1,Cash on Delivery,2024-06-28,2,
ORD108172,CUS2458,Gabrielle Johnson,South Anthonyberg,Home,3240.11,1,Net Banking,2025-12-27,3,2.7
ORD108173,CUS5931,Heather Hernandez,Lopezville,Clothing,3638.16,4,Net Banking,2025-06-20,3,3.3
ORD108174,CUS3632,Glenn Melton,Lake Jenniferside,Sports,2174.33,2,Debit Card,2024-08-09,2,3.7
ORD108175,CUS7913,Nicole Mcdonald,East Tonya,Sports,2866.62,2,Net Banking,2025-07-14,4,1.9
ORD108176,CUS2713,James Johnson,Kevinhaven,Sports,444.75,5,Cash on Delivery,2025-08-22,2,4.8
ORD108177,CUS2167,Paul Tyler,Gordonberg,Beauty,776.13,5,Cash on Delivery,2026-01-31,5,3.1
ORD108178,CUS8537,,Angelaview,Clothing,356.94,2,Cash on Delivery,2024-06-03,4,2.0
ORD108179,CUS9692,Dr. Michael James,Port Mary,Electronics,4125.04,1,Debit Card,2025-12-25,6,3.1
ORD108180,CUS1364,Anna White,Patrickville,Home,916.86,1,UPI,2024-06-11,5,3.2
ORD108181,CUS1417,Anthony Davis,Staffordhaven,Beauty,4093.58,1,Net Banking,2024-09-07,4,1.7
ORD108182,CUS7178,,Port Vanessamouth,Books,2514.7,1,Credit Card,2024-12-10,2,1.2
ORD108183,CUS2471,Laura Riddle,Michaelborough,Electronics,284.46,1,Cash on Delivery,2024-06-16,3,2.2
ORD108184,CUS2907,Courtney Nguyen,West Kristen,Home,3127.85,1,UPI,2024-05-21,7,3.7
ORD108185,CUS4086,Sherry Lopez,Nancymouth,Beauty,1991.01,1,Debit Card,2025-04-26,3,1.9
ORD108186,CUS1602,Randy Underwood,New Emilyfort,Beauty,2980.13,4,Net Banking,2024-06-18,3,4.6
ORD108187,CUS9323,John Gutierrez,Tamaraville,Electronics,3121.14,1,Cash on Delivery,2025-09-19,5,3.1
ORD108188,CUS6846,Jeremiah Martin,South Jennifer,Home,4586.01,4,Debit Card,2025-01-01,5,1.9
ORD108189,CUS2089,Nicole Ray,Rosaleston,Beauty,1296.96,5,Credit Card,2025-12-22,2,1.6
ORD108190,CUS4179,Joseph Lawrence,Haysfurt,Home,1060.48,1,Debit Card,2025-04-03,6,4.7
ORD108191,CUS9238,Ryan Guzman,East Meghan,Electronics,2900.69,4,Credit Card,2025-09-04,3,1.4
ORD108192,CUS2511,Debra Pham,Kristinton,Clothing,4012.29,2,Debit Card,2025-01-02,5,2.2
ORD108193,CUS1436,Jacqueline Adkins,North Craig,Clothing,2603.16,3,Net Banking,2025-08-03,7,3.9
ORD108194,CUS8595,Gloria Calhoun,South Dawnport,Beauty,4711.61,4,Credit Card,2025-04-08,7,2.3
ORD108195,CUS9320,Teresa Shaw,East Patriciaburgh,Books,1852.87,4,Net Banking,2025-03-15,6,2.8
ORD108196,CUS2924,Jason Pollard,North Reneeberg,Electronics,2150.03,1,Debit Card,2024-10-09,3,2.3
ORD108197,CUS2241,Wayne Wilkerson,Banksport,Books,4045.39,5,Credit Card,2026-01-03,2,1.9
ORD108198,CUS2398,Timothy Gibson,South Wesleyview,Electronics,421.43,3,UPI,2024-06-10,6,2.6
ORD108199,CUS2040,Jose Smith,New Michael,Home,1587.96,4,Credit Card,2025-06-08,3,4.2
ORD108200,CUS7567,Alicia Miller,New Meganmouth,Sports,3401.87,3,Credit Card,2024-12-09,2,4.8
ORD108201,CUS3542,Ian Kelley,Rothview,Home,4702.46,4,Net Banking,2025-01-06,4,2.3
ORD108202,CUS7128,Troy Hardin,Timothyview,Home,228.61,1,UPI,2024-06-09,2,3.6
ORD108203,CUS5411,Angela Hughes,Saraborough,Sports,3157.97,5,UPI,2024-05-02,3,4.8
ORD108204,CUS8585,Jason Velez,New Ericville,Clothing,1692.4,3,Debit Card,2025-04-26,5,4.7
ORD108205,CUS1617,Kayla Wells,South Summer,Books,4416.37,5,Credit Card,2024-11-13,7,1.8
ORD108206,CUS9303,Tom Williams,North Emilyton,Books,1786.98,3,Debit Card,2026-03-07,4,4.1
ORD108207,CUS3812,Ms. Monique Nunez,Taylorhaven,Home,4175.38,3,Net Banking,2024-05-15,6,2.9
ORD108208,CUS5838,Kristen Hodges,East Mariabury,Books,139.53,1,Credit Card,2025-11-08,2,5.0
ORD108209,CUS8864,Nicholas Martin,South Emma,Home,4889.11,5,UPI,2025-12-27,7,3.1
ORD108210,CUS4503,Mary Harper,New Austinbury,Home,1891.67,1,Cash on Delivery,2025-01-14,6,3.9
ORD108211,CUS5089,Daniel Bradley,Beckermouth,Beauty,3958.89,2,Credit Card,2025-04-17,5,4.5
ORD108212,CUS1367,Lauren House,Port Abigailberg,Beauty,2512.18,3,Net Banking,2025-04-22,3,2.9
ORD108213,CUS6707,Douglas Gomez,Cameronton,Clothing,2861.13,2,UPI,2024-04-11,4,3.4
ORD108214,CUS6162,Joseph Whitaker,North Christina,Books,1378.05,4,UPI,2024-04-09,1,2.6
ORD108215,CUS2445,Nicole Johnson,Barbaraborough,Clothing,249.58,5,Cash on Delivery,2024-03-14,5,2.9
ORD108216,CUS5713,Jessica Burton,Amandaville,Electronics,3377.3,1,Credit Card,2025-06-03,3,1.6
ORD108217,CUS2590,Thomas Moran,West Timothy,Clothing,3965.92,3,Net Banking,2025-01-04,4,1.6
ORD108218,CUS4020,Matthew Garrison,North Williestad,Beauty,4940.59,3,Cash on Delivery,2025-10-06,4,4.1
ORD108219,CUS2272,Lauren Shields,East Brentview,Books,2664.66,5,Credit Card,2025-02-14,4,2.3
ORD108220,CUS7669,James Doyle,Jamesland,Sports,2956.26,3,Credit Card,2025-11-08,3,1.5
ORD108221,CUS2313,Elizabeth Taylor DDS,Port Ryan,Books,3979.65,1,Net Banking,2025-01-15,7,4.3
ORD108222,CUS1680,Todd Gonzalez,Jessicaside,Electronics,2825.84,5,Net Banking,2025-01-16,4,4.1
ORD108223,CUS5678,Rodney Taylor,Adamsport,Sports,4564.63,4,Credit Card,2024-10-30,6,2.9
ORD108224,CUS1923,Austin English,New Brandonmouth,Books,3700.29,3,Net Banking,2026-02-13,4,1.1
ORD108225,CUS2836,Tracy Brock,Cowanberg,Sports,2902.43,2,Net Banking,2025-01-25,7,3.7
ORD108226,CUS1260,Mark Oliver,Webbland,Sports,3479.56,3,Cash on Delivery,2024-03-17,5,1.7
ORD108227,CUS7402,Brett Hernandez,Cynthiamouth,Beauty,1315.56,5,Net Banking,2024-05-06,3,1.2
ORD108228,CUS4133,Debbie Baxter,Jackchester,Beauty,1915.02,5,Debit Card,2024-07-28,2,2.5
ORD108229,CUS5339,Bobby Warren,Mathisstad,Electronics,4235.44,2,Cash on Delivery,2025-11-07,1,2.8
ORD108230,CUS6146,Christopher Greene,Rebeccaport,electronics,3823.47,5,UPI,2025-12-07,2,3.4
ORD108231,CUS5718,Connie Welch,North Haleytown,Electronics,4881.61,5,UPI,2026-01-12,1,4.3
ORD108232,CUS8263,Christian Jimenez,Cheyennetown,Books,646.22,4,Cash on Delivery,2024-10-07,5,4.8
ORD108233,CUS5960,Tara Parker,New Elizabethburgh,Beauty,947.4,3,Cash on Delivery,2024-08-18,2,2.1
ORD108234,CUS5742,April Rivera,North Peggyland,Clothing,582.02,4,Cash on Delivery,2026-02-13,5,4.2
ORD108235,CUS3693,Tyler Jones MD,Martinezborough,Electronics,1908.3,4,Debit Card,2025-03-22,1,4.4
ORD108236,CUS3843,Henry Padilla,East Tinaport,Electronics,228.58,3,Net Banking,2025-06-14,2,2.9
ORD108237,CUS9944,Jenny Carrillo,Wilsontown,Sports,260.81,4,UPI,2024-09-19,7,4.0
ORD108238,CUS2547,Laura Hahn,East Brandon,Clothing,4270.55,1,Credit Card,2025-10-21,5,4.7
ORD108239,CUS5380,Jesse Nunez,Port Catherineborough,Clothing,1460.34,3,Cash on Delivery,2025-07-19,5,3.4
ORD108240,CUS5075,Desiree Watkins,Robinsonton,Sports,4737.58,4,Credit Card,2025-11-23,5,3.9
ORD108241,CUS5456,Sean Smith,Gillespieport,Clothing,2425.24,5,Debit Card,2025-08-13,5,2.3
ORD108242,CUS1468,Alan Adams,East Emily,Sports,1511.12,3,Cash on Delivery,2025-06-06,7,3.0
ORD108243,CUS4063,Caitlin Sanchez,Johnsonshire,Sports,3594.93,4,Credit Card,2024-04-14,2,1.5
ORD108244,CUS9601,Michael Patel,West Josephbury,Electronics,779.72,5,Cash on Delivery,2024-12-31,7,1.2
ORD108245,CUS2641,Martha Murray,North Tammy,Sports,1725.06,3,Credit Card,2025-03-15,4,2.3
ORD108246,CUS3292,Jeffrey Ramirez,East David,Home,640.56,5,Net Banking,2025-09-28,2,3.8
ORD108247,CUS2262,Emily Nixon,West Frank,Beauty,3822.61,3,Credit Card,2024-05-02,7,3.1
ORD108248,CUS6810,Sheri Mcbride,Johnburgh,Beauty,1474.21,5,Debit Card,2025-10-26,6,3.6
ORD108249,CUS4688,John Henderson,Carterview,Home,500.08,4,Cash on Delivery,2026-01-09,1,4.9
ORD108250,CUS5533,April Stephens,Ashleystad,Electronics,3364.17,1,Debit Card,2024-07-27,6,4.4
ORD108251,CUS2568,Lonnie Gilmore,Fergusonbury,Books,2037.57,1,Credit Card,2024-03-12,7,4.9
ORD108252,CUS9454,Sydney Mendez,Sylviafort,Home,4226.62,1,Debit Card,2024-07-14,7,3.1
ORD108253,CUS8208,Timothy Jordan,Wademouth,Books,4807.38,5,Credit Card,2025-02-05,4,1.6
ORD108254,CUS4350,Joseph Anderson,East Gregory,Beauty,3606.28,5,Cash on Delivery,2026-01-26,4,4.5
ORD108255,CUS7855,Christopher Lewis,Jeremyburgh,electronics,2552.74,2,Net Banking,2025-08-07,6,4.7
ORD108256,CUS6663,William Chavez,West Savannah,electronics,4618.2,4,Credit Card,2024-09-17,6,2.2
ORD108257,CUS2233,Stephanie Martin MD,Walkerville,Sports,2667.16,1,Credit Card,2024-03-23,7,3.3
ORD108258,CUS5462,Melinda Peck,Derekport,Books,4549.66,2,Net Banking,2025-07-31,3,2.9
ORD108259,CUS9291,Nancy Robinson,Brettberg,Beauty,231.68,4,Credit Card,2025-05-16,7,
ORD108260,CUS1733,Alexandria Bass,East Tiffanybury,Home,3564.07,2,UPI,2025-02-21,4,4.7
ORD108261,CUS1210,Leslie Sanchez,Mariaport,Home,2923.27,3,UPI,2025-07-02,3,1.9
ORD108262,CUS2689,Richard Dodson,Thompsonberg,Sports,3799.59,1,UPI,2026-02-07,6,3.3
ORD108263,CUS8659,Mr. Brett Foley II,Austinside,Beauty,4446.95,5,Credit Card,2026-01-30,3,3.7
ORD108264,CUS1180,Suzanne Morales,Pierceside,Home,4835.95,3,UPI,2025-04-24,3,4.6
ORD108265,CUS7348,April Martin,New Bruce,Electronics,3355.86,5,Net Banking,2025-02-20,3,2.2
ORD108266,CUS8507,Nathan Rogers,New Stephanieshire,Beauty,1765.59,1,Cash on Delivery,2024-10-27,5,3.0
ORD108267,CUS2013,Jeremy Rogers,Carterburgh,Electronics,4892.95,4,Credit Card,2025-05-19,7,1.0
ORD108268,CUS5115,Erin Knight,Lake Michelleport,Sports,4203.7,1,UPI,2025-05-22,1,2.6
ORD108269,CUS4758,Scott Duke,New Robin,Books,2787.73,2,Credit Card,2024-09-28,7,3.6
ORD108270,CUS1222,Ms. Rachel Bartlett MD,Port John,Beauty,1144.64,4,Credit Card,2024-05-17,4,1.7
ORD108271,CUS4277,Daniel Mullins,Tracyland,Home,2116.68,2,Net Banking,2025-08-31,1,1.7
ORD108272,CUS8919,Bryan Williams,New Janettown,Clothing,1970.25,2,UPI,2025-06-12,2,3.9
ORD108273,CUS3179,Jason Sanchez,West Jonathanfurt,Clothing,3727.24,3,UPI,2025-03-05,3,
ORD108274,CUS1199,James Warner,East Amber,Home,2162.67,5,Credit Card,2026-03-03,4,2.5
ORD108275,CUS9316,,Port Tracy,Sports,753.39,3,Credit Card,2024-07-08,6,1.4
ORD108276,CUS5808,David Sanchez,Barryborough,Sports,954.72,3,Credit Card,2024-10-02,7,2.8
ORD108277,CUS3930,Randy Stevens,Ellisburgh,Clothing,2256.8,4,Credit Card,2024-08-01,5,1.9
ORD108278,CUS2511,Jodi Bennett,Brandonburgh,Clothing,3765.24,1,Cash on Delivery,2025-08-07,5,3.1
ORD108279,CUS5215,John Owen,West Jessicaland,Beauty,3545.68,2,Cash on Delivery,2024-03-20,6,3.1
ORD108280,CUS4386,Elizabeth Dunn,Swansonfort,Home,4523.93,2,Net Banking,2024-09-18,7,3.0
ORD108281,CUS3652,Mandy Reed,Jacksonville,Electronics,1265.43,3,Cash on Delivery,2024-08-24,4,2.9
ORD108282,CUS3736,Jessica Floyd,Stevenbury,Sports,1081.26,4,UPI,2024-12-20,7,3.7
ORD108283,CUS5036,Deborah Wright,Port Sean,Clothing,4856.72,2,UPI,2026-03-01,3,4.4
ORD108284,CUS8310,Mark Thomas,Martinezton,Books,3146.28,1,Debit Card,2025-10-01,7,2.8
ORD108285,CUS1191,Matthew Ortega,Bakerfurt,Electronics,365.33,5,Credit Card,2024-09-17,4,4.2
ORD108286,CUS9188,Lisa Anderson,Weeksfurt,Beauty,334.38,4,Debit Card,2024-08-08,7,3.6
ORD108287,CUS7894,Jason Lewis,Lake Alice,Electronics,3199.57,1,Cash on Delivery,2024-11-15,3,4.4
ORD108288,CUS1531,Rebecca Robinson,New Benjaminshire,electronics,4813.75,1,Net Banking,2025-05-09,3,3.3
ORD108289,CUS4771,Stacy Lewis,Vanessamouth,Sports,1668.82,1,Cash on Delivery,2025-05-12,7,2.4
ORD108290,CUS7872,Melinda Roach,Melissaborough,Books,677.54,4,UPI,2025-08-15,5,3.8
ORD108291,CUS7481,Natasha Green,Smithborough,Clothing,1559.84,3,Credit Card,2025-01-11,6,4.7
ORD108292,CUS3985,Kimberly Parrish,Careymouth,Books,2025.74,4,Debit Card,2025-02-06,5,
ORD108293,CUS4417,Michael Miller,Meyerland,Beauty,1056.53,4,Net Banking,2025-01-05,3,3.3
ORD108294,CUS1593,Christine Johnson,Jarvismouth,Books,1122.99,1,Debit Card,2025-08-06,6,3.2
ORD108295,CUS5040,Larry Palmer,Brandtmouth,Sports,4770.79,1,UPI,2024-06-24,4,4.4
ORD108296,CUS4600,Danny Whitaker,New Nancy,Sports,1470.81,1,Net Banking,2024-10-06,3,
ORD108297,CUS3937,Justin Baker,Lopezmouth,Home,3120.9,3,Credit Card,2024-04-24,6,1.9
ORD108298,CUS3816,Larry West,West Emily,Sports,2142.23,4,UPI,2025-11-29,2,2.6
ORD108299,CUS4961,Jennifer Mcmillan,West Randyborough,Electronics,408.86,4,UPI,2025-04-13,2,3.6
ORD108300,CUS7147,Ryan Jackson,Angelaville,Home,4829.27,3,Cash on Delivery,2024-12-30,2,3.2
ORD108301,CUS5315,Steven Sheppard,Lisachester,Beauty,1004.45,3,Credit Card,2025-07-17,5,1.5
ORD108302,CUS7639,Sandra Marshall,West Alice,Beauty,2873.42,4,Cash on Delivery,2024-11-18,7,3.4
ORD108303,CUS6465,Anthony Oliver,Faulknerchester,Electronics,1463.88,5,Net Banking,2024-04-25,5,1.1
ORD108304,CUS5369,Brianna Smith,Wrightmouth,Beauty,1850.08,3,Cash on Delivery,2025-11-26,5,2.8
ORD108305,CUS5018,Lisa Newton,Hullberg,Clothing,596.35,4,UPI,2025-12-24,3,4.9
ORD108306,CUS5852,Hannah Allen,Michaelside,Sports,4447.64,1,Cash on Delivery,2025-10-12,7,1.6
ORD108307,CUS1267,Brittany Taylor,Toddton,Sports,4444.23,1,Credit Card,2025-01-01,3,3.1
ORD108308,CUS6361,Kristen Johnson,Julianfurt,Beauty,1265.06,2,Credit Card,2024-08-17,7,4.9
ORD108309,CUS1895,Mrs. Elizabeth Mendoza,South Bobby,Electronics,1250.51,5,Debit Card,2024-05-07,2,1.8
ORD108310,CUS9001,Tyler Ward,South Jasonhaven,Electronics,3530.86,2,Net Banking,2025-01-08,5,1.1
ORD108311,CUS7423,Dr. Dennis Nguyen,Valeriechester,Beauty,2953.02,5,UPI,2024-09-26,2,1.7
ORD108312,CUS9757,Steven Harris,Jonesbury,electronics,2512.5,1,Cash on Delivery,2024-07-01,4,3.3
ORD108313,CUS2673,Pamela Wheeler,West Stephen,Electronics,4217.82,1,Debit Card,2026-02-20,4,2.2
ORD108314,CUS5092,Jared Lester,Mcmillanstad,Clothing,1691.57,1,Cash on Delivery,2025-08-20,5,3.5
ORD108315,CUS5758,Christopher Brown,Acostaside,Books,478.21,1,Debit Card,2025-02-19,2,3.4
ORD108316,CUS7701,Leah Cooper,Maryville,Clothing,3800.74,1,UPI,2025-07-27,4,4.2
ORD108317,CUS5612,Erica Perkins,Lake Anthonyside,Home,4846.93,4,Debit Card,2024-05-03,1,2.9
ORD108318,CUS8673,Teresa Washington,Darlenefort,Electronics,4574.23,3,Cash on Delivery,2024-11-02,5,
ORD108319,CUS9418,David Lopez,Brownberg,Beauty,4743.16,3,Debit Card,2025-04-20,1,2.7
ORD108320,CUS2859,Cathy Lara,North Kevinport,Clothing,130.19,5,Net Banking,2024-07-12,6,4.4
ORD108321,CUS6443,Joe Perez,Port Kennethmouth,Beauty,3875.34,5,Cash on Delivery,2024-10-09,1,2.2
ORD108322,CUS5598,Paula Coffey,Morganmouth,Home,4884.08,5,UPI,2025-02-05,4,2.1
ORD108323,CUS1031,Tammy Adams,Lake Stephanie,Books,3342.21,2,UPI,2025-09-06,5,2.1
ORD108324,CUS8012,Jeremy Guerrero,Port Nancy,Clothing,1997.5,1,Net Banking,2026-02-26,7,
ORD108325,CUS5770,Meagan Richardson,Jenniferhaven,Electronics,4411.65,5,Net Banking,2024-07-19,5,4.1
ORD108326,CUS3739,Andrea Moore,Cameronbury,Beauty,2046.46,1,Cash on Delivery,2025-12-23,4,
ORD108327,CUS6365,Jeffrey Smith,Lake Scottmouth,Sports,2278.05,2,Net Banking,2025-09-22,5,1.5
ORD108328,CUS5371,Kelly Hooper,Michaelfort,Home,2860.98,3,Net Banking,2025-05-19,5,3.5
ORD108329,CUS7206,Adam Mccoy,South Leonard,Beauty,572.04,4,Net Banking,2025-11-27,4,4.2
ORD108330,CUS7899,Kim Valdez,Joshuastad,Books,1373.11,3,Net Banking,2026-03-01,1,4.1
ORD108331,CUS8308,Cody Morgan,Jacobton,Home,2243.63,3,Credit Card,2024-04-20,1,4.7
ORD108332,CUS5391,Johnny Hawkins,Port Markstad,Home,3943.75,1,Debit Card,2025-08-29,2,1.3
ORD108333,CUS3785,Pamela Dean,North Robert,Sports,1042.33,5,Cash on Delivery,2024-05-14,5,
ORD108334,CUS9716,Kimberly Lewis,Lauraborough,Beauty,3727.52,2,Net Banking,2025-12-08,4,3.4
ORD108335,CUS6525,Diana Farmer,North Sierrastad,Electronics,2695.35,5,Credit Card,2024-06-23,5,3.3
ORD108336,CUS9938,Evan Mendoza,New Dawn,Books,3941.78,5,Debit Card,2024-04-10,4,2.2
ORD108337,CUS1854,Cynthia Mayo,Clinebury,Electronics,4393.34,1,Cash on Delivery,2024-08-10,3,2.6
ORD108338,CUS8661,Erik Phillips,Valdeztown,Electronics,3987.76,3,UPI,2025-08-13,7,2.7
ORD108339,CUS6084,Carrie Ford,Lake Darren,Beauty,4991.72,4,Credit Card,2025-10-28,2,2.6
ORD108340,CUS6319,Jonathan Edwards,Johnville,Home,2774.35,4,Cash on Delivery,2025-09-20,5,5.0
ORD108341,CUS7447,Bruce Dennis,West Jenniferport,Beauty,1427.64,4,Net Banking,2025-12-22,5,4.7
ORD108342,CUS7015,Sabrina Johnson,East Douglasbury,Beauty,1883.09,3,Net Banking,2024-07-28,1,3.5
ORD108343,CUS5760,Jeremy Baker,Ryanborough,Books,448.86,4,Cash on Delivery,2024-05-31,2,3.4
ORD108344,CUS3850,Kathy Rivera,New April,Home,1742.32,1,Credit Card,2024-06-11,6,3.1
ORD108345,CUS8330,Matthew White,East Scottville,Books,3383.05,4,Credit Card,2026-02-23,4,1.9
ORD108346,CUS1998,Molly Cameron,Port Danielleton,Home,2860.37,3,Net Banking,2025-03-19,5,2.7
ORD108347,CUS7486,John Arroyo,West Tracy,Home,1384.09,5,Debit Card,2025-04-15,5,2.9
ORD108348,CUS4883,Peter Mullen,South Chad,Clothing,358.2,2,Debit Card,2025-08-01,3,1.9
ORD108349,CUS3318,Brian Rhodes,Coleborough,Sports,2292.32,3,UPI,2025-05-05,5,
ORD108350,CUS6791,Nicholas Anderson,Angelberg,Clothing,3266.08,1,UPI,2024-07-10,7,3.1
ORD108351,CUS3691,Kurt Mckee,New Katherineton,Beauty,258.1,5,Net Banking,2024-11-27,7,3.0
ORD108352,CUS9310,Jason Baxter,Jordanborough,Books,1710.74,3,UPI,2025-07-27,3,3.8
ORD108353,CUS7140,Rebecca Bush,East Jennifer,Sports,1955.77,3,Credit Card,2024-08-09,7,5.0
ORD108354,CUS5666,Joyce Hernandez,Singhtown,Sports,2282.3,1,Cash on Delivery,2025-04-16,5,3.3
ORD108355,CUS3829,Barbara Medina,Mirandaborough,Home,2303.24,3,Net Banking,2024-08-04,6,2.8
ORD108356,CUS8902,Juan Allen,South Brianfurt,Books,4655.15,4,Debit Card,2025-05-29,7,1.9
ORD108357,CUS7722,Ronnie Morrison,Spencerville,Books,3856.82,2,Credit Card,2025-04-20,1,1.4
ORD108358,CUS7768,Sabrina Owen,Riverabury,Electronics,2442.18,5,Cash on Delivery,2025-07-08,1,4.3
ORD108359,CUS2900,Jessica Warren,Christinaside,Home,2588.5,2,Debit Card,2025-12-14,4,2.0
ORD108360,CUS5466,Eric Meyer,Port Marychester,Books,3374.87,2,Credit Card,2025-11-16,2,4.3
ORD108361,CUS7960,Danielle Thomas,Amyport,Electronics,1657.99,3,Net Banking,2025-12-01,7,1.7
ORD108362,CUS9013,Mrs. Lisa White,Janiceview,Home,3622.03,5,Net Banking,2024-10-08,6,4.5
ORD108363,CUS5320,Gary Hernandez,Kimberlytown,Home,1545.0,1,Debit Card,2025-05-18,2,5.0
ORD108364,CUS5260,Carrie Briggs,New Katherineberg,Electronics,4836.48,3,Net Banking,2024-03-15,7,4.7
ORD108365,CUS9096,Derrick Palmer,Greenburgh,Sports,2429.91,3,Cash on Delivery,2024-07-27,4,1.7
ORD108366,CUS2017,Tammy Young,Floydhaven,Clothing,4748.04,4,Cash on Delivery,2024-04-13,3,4.6
ORD108367,CUS7998,Robert Thomas,Grayland,Sports,2553.34,5,Cash on Delivery,2024-10-08,4,1.5
ORD108368,CUS1667,Christopher Martinez,North Joseph,Clothing,2589.94,5,Debit Card,2024-12-24,6,1.3
ORD108369,CUS5985,Maria Herrera,Parkerstad,Beauty,1316.53,5,UPI,2025-11-30,1,1.1
ORD108370,CUS2959,Scott Campos,Monroestad,Books,234.05,3,Cash on Delivery,2025-08-02,7,2.8
ORD108371,CUS7664,Jeremy Holloway,Clementsview,Books,1643.83,5,Credit Card,2025-01-07,1,3.4
ORD108372,CUS8126,Bridget Flores,North Anna,Electronics,1545.44,3,Net Banking,2025-10-07,6,
ORD108373,CUS8158,,Lake Tony,Electronics,3039.17,2,UPI,2024-12-15,7,4.7
ORD108374,CUS5564,Justin Allen,Coreymouth,Electronics,2147.59,2,UPI,2025-04-04,2,
ORD108375,CUS2955,Michael Hood,Ashleyton,Sports,4533.36,3,Credit Card,2025-05-15,6,3.2
ORD108376,CUS8958,Mrs. Christy Osborne,Shaunview,Sports,4663.28,4,Cash on Delivery,2024-05-11,7,2.1
ORD108377,CUS2142,David Brown,Lake Heidi,Electronics,1707.56,1,Cash on Delivery,2025-08-31,5,2.2
ORD108378,CUS9477,Angelica Forbes,Danielfort,Electronics,896.86,5,Credit Card,2025-08-21,5,2.2
ORD108379,CUS8538,Zachary Hicks,Harrisborough,Home,1015.05,3,Debit Card,2024-06-13,2,3.8
ORD108380,CUS3428,Dalton Brown,Port Natalie,Beauty,3125.74,2,Net Banking,2025-02-01,1,2.5
ORD108381,CUS1023,Eric Scott,Halltown,Books,4310.14,1,Cash on Delivery,2024-09-22,5,1.9
ORD108382,CUS7087,Michael Chambers,Aliciamouth,Home,4119.78,3,Net Banking,2025-01-22,1,2.4
ORD108383,CUS5962,Shawn Jones,Myersmouth,Beauty,2865.2,5,Net Banking,2024-06-23,7,3.9
ORD108384,CUS1418,Monica Smith,East Lisa,Clothing,1858.45,3,Debit Card,2024-09-10,3,4.7
ORD108385,CUS2970,Cynthia Patterson,West Aaron,Electronics,1109.58,3,UPI,2025-01-02,1,2.7
ORD108386,CUS3694,Melissa Henry,Humphreyshire,Home,2652.13,5,Debit Card,2024-07-19,4,3.4
ORD108387,CUS4169,Lisa Tucker,Joneshaven,Clothing,1196.04,2,UPI,2025-12-25,2,3.0
ORD108388,CUS9317,Daniel Lewis,West Tonyahaven,Books,1167.12,5,Credit Card,2024-04-11,5,3.6
ORD108389,CUS7175,Melinda Craig,New Josefort,Home,2401.6,3,Cash on Delivery,2025-05-08,3,2.5
ORD108390,CUS7830,Mr. Wesley Smith,Longbury,Books,2707.91,4,UPI,2025-05-09,4,3.5
ORD108391,CUS7344,Madison Warner,Gonzalezton,Home,1037.89,1,Credit Card,2024-04-09,4,3.5
ORD108392,CUS3250,William Rodriguez,North Christopherchester,Books,1522.28,4,Cash on Delivery,2024-07-05,4,5.0
ORD108393,CUS2974,Richard Maxwell,East Charlesfort,Clothing,1771.11,1,UPI,2024-06-16,6,4.7
ORD108394,CUS8554,Ashley Lee,Lopezland,Electronics,4413.91,2,Credit Card,2024-12-03,2,2.0
ORD108395,CUS8362,Alexander Robertson,Port Kellyshire,Books,3131.15,3,UPI,2025-06-12,7,2.4
ORD108396,CUS6955,Joy Parker,Lake Tracy,electronics,380.55,4,Net Banking,2024-05-10,6,3.3
ORD108397,CUS3461,Jennifer Mitchell,North Kristinaburgh,Electronics,742.5,5,Cash on Delivery,2025-11-24,7,2.2
ORD108398,CUS7038,David Garcia,North Codymouth,Home,1180.71,5,Credit Card,2024-05-15,7,1.0
ORD108399,CUS3231,John Simon,Robinsonberg,Clothing,3498.2,3,Debit Card,2025-08-26,6,1.6
ORD108400,CUS5090,Joseph Cooper,Tanyaborough,Books,1063.34,5,Net Banking,2025-05-21,1,2.3
ORD108401,CUS7032,Kim Johnson,South Courtney,Beauty,552.5,5,UPI,2025-09-01,3,4.7
ORD108402,CUS2390,Jeffrey Whitaker,Ramosland,Beauty,438.83,3,Net Banking,2025-05-29,4,2.5
ORD108403,CUS9393,Jennifer Valenzuela,Erinberg,Electronics,3972.28,3,Net Banking,2024-08-01,6,4.8
ORD108404,CUS7233,Sheila Webster,New Andre,Clothing,1627.03,4,Cash on Delivery,2024-12-20,7,1.8
ORD108405,CUS4200,,West Joshuaport,Sports,3239.59,3,UPI,2025-10-16,1,1.3
ORD108406,CUS7698,Debra Mcdaniel,Kimberlybury,Sports,4628.91,1,Cash on Delivery,2025-04-07,5,4.0
ORD108407,CUS7140,Christina Coleman,Hernandezmouth,Electronics,2941.01,1,UPI,2025-10-25,4,1.5
ORD108408,CUS3474,Mercedes Bradley,South Justinberg,Home,2954.15,5,Credit Card,2024-04-04,2,4.7
ORD108409,CUS5659,Candace Salazar,Randallside,Clothing,4910.36,2,Cash on Delivery,2025-01-18,1,4.2
ORD108410,CUS7607,,Livingstonside,Sports,4079.24,1,Credit Card,2024-07-07,5,1.1
ORD108411,CUS5180,Billy Underwood,East Melissamouth,Books,2428.66,5,UPI,2024-04-01,2,1.4
ORD108412,CUS6218,Andrew Hill,Meyerschester,Electronics,877.18,4,Net Banking,2025-04-06,4,5.0
ORD108413,CUS1184,Rebecca Wilcox,Amandabury,Home,4882.25,2,Credit Card,2025-03-19,6,
ORD108414,CUS7566,Paul Nelson,Fullerhaven,Beauty,3375.33,4,Credit Card,2025-01-17,5,2.0
ORD108415,CUS9611,Spencer Green,Port Robertville,Books,3412.45,2,UPI,2024-11-02,2,4.1
ORD108416,CUS1671,Brittney Taylor,East Nicholas,Electronics,4240.53,3,Cash on Delivery,2025-11-16,2,1.7
ORD108417,CUS8739,Jessica Ramirez,Kevinfort,Books,3845.54,5,Debit Card,2025-06-28,2,
ORD108418,CUS7037,Nicholas Griffith,Loriburgh,Books,1859.19,1,UPI,2024-04-08,3,2.9
ORD108419,CUS5393,Douglas Lopez,New Johnview,Home,2274.0,2,UPI,2024-08-21,1,1.2
ORD108420,CUS3718,Kenneth Yates,Port Meghan,Electronics,3912.08,2,Net Banking,2024-12-15,3,1.6
ORD108421,CUS3614,Kyle Brown,Michaelport,Electronics,1002.35,5,Debit Card,2025-11-17,6,3.6
ORD108422,CUS8823,Donna Woodward,Danielleville,Electronics,3695.42,4,Cash on Delivery,2025-02-08,4,3.6
ORD108423,CUS6849,James Rodriguez,South Josephview,Home,4668.18,2,Debit Card,2024-03-26,4,2.0
ORD108424,CUS9918,Alejandro Macdonald,Andrewbury,Home,2234.35,4,Credit Card,2024-07-10,7,3.2
ORD108425,CUS4026,Brenda Sanders,Mitchellside,Clothing,2452.33,5,UPI,2024-10-28,1,4.8
ORD108426,CUS7376,Kathleen Olsen,East Biancastad,Sports,4640.69,2,Debit Card,2025-05-25,5,2.1
ORD108427,CUS5235,Jennifer Bush,North Kimberly,Home,4038.32,4,Net Banking,2025-05-06,1,2.7
ORD108428,CUS9320,Melinda Floyd,East Eugeneshire,Clothing,4587.55,1,Net Banking,2025-04-04,3,4.5
ORD108429,CUS4180,Holly Herrera,Port Todd,Books,4736.7,4,Cash on Delivery,2024-09-07,2,1.3
ORD108430,CUS1260,Stephanie Cox,Lake Timothy,Beauty,1212.14,4,UPI,2025-09-27,5,1.4
ORD108431,CUS7097,Matthew Young,Wandamouth,Electronics,1350.85,4,Cash on Delivery,2025-01-05,1,2.3
ORD108432,CUS1120,Ralph Cowan,Emilytown,Electronics,3057.75,4,Cash on Delivery,2024-06-28,2,4.2
ORD108433,CUS7733,Kevin Davis,Tracyside,Electronics,2540.09,3,Debit Card,2024-04-23,6,3.2
ORD108434,CUS7686,James Fry,Jacksonstad,Beauty,1024.82,1,Credit Card,2024-04-15,3,2.0
ORD108435,CUS6728,Michelle Reeves,Rubiofurt,Beauty,1442.46,4,Debit Card,2025-07-18,3,4.4
ORD108436,CUS2892,Shawn Crawford,Marcusland,Electronics,4526.58,1,Cash on Delivery,2026-01-10,4,4.0
ORD108437,CUS2408,,North Ericberg,Electronics,4759.88,1,Net Banking,2026-01-23,7,2.3
ORD108438,CUS3834,Charles Woods,East Tylerside,Electronics,228.11,1,Net Banking,2024-12-08,4,2.9
ORD108439,CUS4735,Vanessa Morrow,North Noahton,Books,4044.32,5,UPI,2024-04-02,5,2.6
ORD108440,CUS8161,Benjamin Figueroa,Carterfurt,Books,1168.41,2,Cash on Delivery,2025-04-24,3,3.5
ORD108441,CUS2472,Jennifer Ellis,Hallshire,Sports,1235.87,2,Cash on Delivery,2025-07-18,2,1.3
ORD108442,CUS9453,Jeffrey Wheeler,North Christian,Sports,230.33,3,Credit Card,2025-12-21,3,2.1
ORD108443,CUS3349,Mrs. Sara Cisneros,West Amanda,Clothing,4192.93,1,Net Banking,2024-12-13,2,2.7
ORD108444,CUS3506,Anthony Stewart,Gardnerburgh,Clothing,2269.21,3,Credit Card,2025-04-20,3,5.0
ORD108445,CUS3286,Brett West,North Jeanette,Electronics,1118.95,2,Credit Card,2024-07-07,3,3.8
ORD108446,CUS7628,Elizabeth Kelley,South Christopher,Books,3329.79,1,Credit Card,2024-11-02,1,4.4
ORD108447,CUS6464,Abigail Murphy,Dustinville,Sports,3394.48,1,Credit Card,2024-04-09,2,1.0
ORD108448,CUS8847,Kimberly Wells,Michelleside,Home,2992.7,5,Debit Card,2025-06-15,7,1.0
ORD108449,CUS8087,Shawn Flowers,Andreatown,Sports,3948.73,5,Net Banking,2024-05-26,4,4.7
ORD108450,CUS1527,Kristen Winters,Rodriguezborough,Beauty,1320.03,5,Cash on Delivery,2024-05-19,3,1.3
ORD108451,CUS4118,Blake Soto,New Zachary,Books,4116.38,5,Credit Card,2025-03-01,5,3.5
ORD108452,CUS3280,Dean Kim,Danielchester,Electronics,4461.59,4,UPI,2026-01-20,1,4.3
ORD108453,CUS6537,Laura Bell,Jeromemouth,Sports,1326.01,4,Debit Card,2024-09-16,7,4.8
ORD108454,CUS2627,Kevin Smith,South Christopher,electronics,1898.76,4,Cash on Delivery,2024-11-16,2,3.1
ORD108455,CUS1715,Sheri Hall,Dennismouth,Beauty,4636.13,3,Debit Card,2024-11-01,3,3.6
ORD108456,CUS1100,Lauren Rollins,North Teresashire,Home,4896.86,4,Debit Card,2024-04-30,4,3.3
ORD108457,CUS7039,Sharon Roberts,Howardshire,Books,4467.38,1,UPI,2026-02-17,2,3.6
ORD108458,CUS7076,Douglas Morse,Port Traceyside,Home,3011.36,1,Debit Card,2026-01-08,6,2.1
ORD108459,CUS4935,Amanda Villegas,Port Bradley,Beauty,4923.99,1,Cash on Delivery,2025-04-25,3,4.5
ORD108460,CUS1997,Timothy Roberts,Christopherview,Beauty,1557.81,1,Cash on Delivery,2024-09-10,1,1.2
ORD108461,CUS9789,Sheila Knight,South Kevinbury,Home,1204.96,5,Cash on Delivery,2025-06-03,5,2.6
ORD108462,CUS4452,Jessica Wise,Perezborough,Electronics,994.59,1,Credit Card,2024-12-28,4,1.5
ORD108463,CUS6645,Michael Martin,Gregchester,Sports,2546.7,4,UPI,2025-09-18,4,1.2
ORD108464,CUS4920,Holly Schroeder,Tammyton,Electronics,561.4,4,Net Banking,2024-09-30,4,2.2
ORD108465,CUS1360,Jeffrey Smith,South Jeremiahmouth,Beauty,4439.71,2,Credit Card,2025-11-01,2,2.5
ORD108466,CUS7837,William Torres,Marcusburgh,electronics,3847.95,4,Net Banking,2025-07-13,7,1.2
ORD108467,CUS3800,William Myers,East Jacobstad,Home,2975.48,3,Credit Card,2025-08-22,1,3.7
ORD108468,CUS4465,Janet Holland,Kimville,Home,1734.57,1,Net Banking,2025-11-08,2,2.0
ORD108469,CUS8900,Michael Martinez,New Paulashire,Home,4688.41,3,Debit Card,2024-11-27,5,3.4
ORD108470,CUS8334,James Cisneros,East Kaitlyntown,Clothing,4112.48,3,Debit Card,2025-08-25,3,1.1
ORD108471,CUS2884,Caroline Wells,Weissmouth,Beauty,812.38,4,Cash on Delivery,2024-11-15,4,4.5
ORD108472,CUS5381,Joshua Moore,Port Kim,Electronics,4229.02,5,Net Banking,2024-04-13,3,3.2
ORD108473,CUS6514,John Smith,New Jessicamouth,Sports,1341.3,4,Net Banking,2025-12-04,2,4.5
ORD108474,CUS9534,Antonio Moore,Perezborough,electronics,997.86,5,Net Banking,2024-04-30,6,
ORD108475,CUS1750,Mary Mcgrath,Port Cassandraport,electronics,252.82,3,Debit Card,2025-03-23,6,4.7
ORD108476,CUS1402,Michael Velasquez,Saraport,Books,3700.4,5,Credit Card,2025-07-14,5,3.0
ORD108477,CUS1672,Allison Sosa,Mejiaborough,Sports,3280.1,2,Credit Card,2024-09-30,3,3.1
ORD108478,CUS1422,Thomas Moore,Taylorstad,Books,1443.99,5,Cash on Delivery,2024-03-13,7,3.0
ORD108479,CUS4485,Scott Aguirre,Lake Edward,Books,3364.25,5,UPI,2025-03-19,6,4.2
ORD108480,CUS4293,Brianna Gonzalez,New Matthew,Beauty,4459.3,1,Debit Card,2024-10-24,2,3.6
ORD108481,CUS2598,Alexis Willis,Lake John,Beauty,1758.09,2,UPI,2025-06-18,1,4.8
ORD108482,CUS4880,Michael Heath,Brennanfort,Electronics,2440.5,5,Credit Card,2025-01-07,5,2.6
ORD108483,CUS4876,Melissa Stafford,Wrightberg,Books,1937.82,4,Cash on Delivery,2025-12-17,3,4.2
ORD108484,CUS5358,Anthony Berry,Lake Jamesstad,Sports,299.27,2,Net Banking,2024-09-14,6,
ORD108485,CUS8931,Gina Holder,Port Jessica,Clothing,4926.34,3,Net Banking,2025-06-03,1,1.2
ORD108486,CUS8295,,East Rachelview,Electronics,2924.4,1,Net Banking,2024-10-11,3,1.5
ORD108487,CUS2384,Vanessa Reed,Sharonville,Home,2515.25,5,UPI,2025-08-13,3,1.8
ORD108488,CUS8811,Elizabeth Sanchez,Kennethstad,Electronics,1020.39,3,Net Banking,2024-04-21,1,1.8
ORD108489,CUS5269,Alexander Williams,West Denise,Beauty,2006.79,5,Net Banking,2026-02-10,2,4.2
ORD108490,CUS8306,Daniel Dunn,New Ashleychester,Books,848.41,1,Net Banking,2025-07-19,4,1.9
ORD108491,CUS7194,Melissa Bauer,Port Darrellburgh,Books,4195.01,2,UPI,2025-12-30,3,4.6
ORD108492,CUS5103,Christopher Wilson,Bethville,Beauty,418.28,5,UPI,2025-11-23,1,4.4
ORD108493,CUS4728,,Harrisonshire,Sports,800.82,5,Credit Card,2024-09-15,3,2.7
ORD108494,CUS5347,Jessica Nolan,Lake Kimberly,Clothing,432.2,4,Debit Card,2025-06-16,2,4.6
ORD108495,CUS1776,Tracy Calderon,Nathanmouth,Electronics,3894.08,4,Credit Card,2024-05-01,4,3.4
ORD108496,CUS8294,Michael Sullivan,Lake Brittanytown,Electronics,3110.71,2,Cash on Delivery,2024-12-21,4,4.6
ORD108497,CUS3209,Anna Evans,Kristinville,Beauty,986.38,3,Credit Card,2025-09-09,4,3.2
ORD108498,CUS2904,Eric Farley,Markside,Home,2543.1,3,Net Banking,2024-06-18,7,3.2
ORD108499,CUS9428,Charlotte Carpenter,Mosesville,Sports,2689.18,3,Credit Card,2025-03-31,6,2.8
ORD108500,CUS3264,Jordan Juarez,North Toddstad,Sports,117.77,3,UPI,2025-01-01,4,2.9
ORD108501,CUS5536,Cole Cline III,East Jamesport,Home,447.28,1,Credit Card,2025-10-19,1,2.6
ORD108502,CUS6485,Diane Crosby,Lambertfurt,Sports,3330.67,1,Credit Card,2026-02-12,3,1.3
ORD108503,CUS6037,Johnny Burke,Smithside,Beauty,595.41,2,Debit Card,2025-02-05,7,1.6
ORD108504,CUS7738,Nancy Williams,Lake Jessica,Clothing,1058.18,3,Credit Card,2025-09-28,6,2.1
ORD108505,CUS3269,Caleb Jones,New David,Beauty,915.53,1,Credit Card,2024-12-28,5,3.8
ORD108506,CUS2777,Justin Patterson,East Alishabury,Sports,1641.85,4,Debit Card,2024-08-01,2,1.8
ORD108507,CUS1123,Ana Luna,Peterfurt,Clothing,2422.3,3,Credit Card,2026-01-17,2,2.7
ORD108508,CUS5912,Alec Webb,Gilbertview,Sports,1408.94,3,UPI,2025-10-23,4,3.0
ORD108509,CUS5271,Jessica Rivera,Krystalville,Sports,4254.07,5,Debit Card,2024-10-09,3,4.0
ORD108510,CUS8842,Jeffrey Roman,Judithberg,Sports,2452.61,2,Debit Card,2025-08-30,1,1.8
ORD108511,CUS4330,Benjamin Diaz,Cantrellberg,Home,2813.26,4,Credit Card,2024-08-01,4,4.2
ORD108512,CUS7356,Stephanie Caldwell,Townsendchester,electronics,4808.88,3,Cash on Delivery,2026-01-15,6,1.9
ORD108513,CUS8983,Sheryl Mitchell,South April,Electronics,648.23,4,Credit Card,2025-07-10,7,4.0
ORD108514,CUS4288,James Lam,Hamiltonville,Sports,4404.36,5,Credit Card,2024-03-16,2,1.5
ORD108515,CUS9403,Thomas Rogers DDS,Kevinland,Clothing,3913.07,2,UPI,2025-11-22,4,3.3
ORD108516,CUS2384,Tina Cunningham,Brandymouth,Beauty,800.61,2,Credit Card,2025-06-17,3,1.2
ORD108517,CUS8105,Kristin Barker,Lake Benjamin,Home,3967.23,1,Credit Card,2025-06-26,2,2.7
ORD108518,CUS5380,Timothy Kim,West Jeffery,Sports,3392.94,1,Net Banking,2025-02-07,1,2.7
ORD108519,CUS4417,,Devinmouth,Clothing,2599.69,1,UPI,2026-02-26,5,1.4
ORD108520,CUS6214,Kurt Arnold,Robinberg,Sports,3126.85,4,UPI,2025-06-13,2,4.2
ORD108521,CUS1493,William Rodriguez,Tylerton,Books,429.12,4,Credit Card,2024-05-22,4,2.6
ORD108522,CUS2229,Colleen Taylor,Brownborough,Home,2890.29,1,Debit Card,2025-07-22,5,4.4
ORD108523,CUS1266,Kathy Wood,East Micheal,Electronics,1131.54,2,UPI,2025-07-23,6,4.6
ORD108524,CUS7527,Matthew Gross,Lake Kristopher,Home,3586.44,2,Net Banking,2024-05-01,4,
ORD108525,CUS3835,Amber Horton,Port Jessica,Beauty,1958.83,3,Cash on Delivery,2024-10-20,6,2.1
ORD108526,CUS5806,Adrian Phillips,Goodwinborough,Sports,4552.39,5,Debit Card,2025-10-04,3,2.3
ORD108527,CUS4265,Todd Wells,Ambertown,Electronics,856.89,3,Net Banking,2025-01-08,4,1.6
ORD108528,CUS6189,,North Andrew,Home,4492.36,3,Cash on Delivery,2026-02-15,2,2.1
ORD108529,CUS6776,Christopher Castillo,Gregorytown,Beauty,3372.58,3,Net Banking,2025-09-29,7,3.2
ORD108530,CUS5005,Kevin Roberts,Connieville,Clothing,636.07,3,Debit Card,2025-06-21,3,1.4
ORD108531,CUS9620,Maria Sanchez,South Nicholasburgh,Books,2062.7,5,Debit Card,2024-06-01,2,4.7
ORD108532,CUS8551,Jeffrey Jackson,West Mark,Home,3795.11,1,Credit Card,2025-07-20,1,2.2
ORD108533,CUS6401,Alicia Stewart,Rodriguezview,Sports,2856.07,1,Credit Card,2025-09-01,1,3.5
ORD108534,CUS4585,Amanda Duncan,South Julian,Beauty,2835.31,1,Debit Card,2024-10-16,1,2.7
ORD108535,CUS4925,Joel Williams,North Jonathanview,Sports,3514.25,2,UPI,2024-06-06,1,1.0
ORD108536,CUS3718,Mr. John Williams Jr.,Nicoleburgh,Sports,2937.35,2,Credit Card,2025-04-18,7,3.8
ORD108537,CUS1133,Mr. Andrew Aguirre,New Miguel,Sports,3138.57,3,Cash on Delivery,2025-12-10,7,4.5
ORD108538,CUS1235,Jennifer Moore,Jenniferton,Books,3627.25,1,UPI,2026-02-04,1,4.8
ORD108539,CUS7978,Andrew Spence,West Andrewport,Sports,3418.99,2,Net Banking,2025-04-28,5,1.3
ORD108540,CUS1977,Ivan Michael,Travisshire,Beauty,3847.06,3,Cash on Delivery,2024-12-25,1,2.5
ORD108541,CUS7340,Gary Rodriguez,Lake Barryville,Electronics,3247.68,1,Credit Card,2025-04-01,4,1.3
ORD108542,CUS1398,,Lake Danielview,Books,2430.33,3,Debit Card,2026-02-14,2,3.1
ORD108543,CUS6530,Madeline Barnett,Lauraland,Sports,4446.41,2,Net Banking,2025-10-14,6,1.4
ORD108544,CUS7059,Nancy Miller,Diazmouth,Home,3098.21,3,Net Banking,2024-04-19,2,1.9
ORD108545,CUS2197,David Hunter MD,South Kathyfort,Home,1515.29,4,Net Banking,2025-07-23,1,1.7
ORD108546,CUS8250,Angela Lamb,Port Jacob,Clothing,1617.86,5,Net Banking,2024-08-18,3,4.7
ORD108547,CUS8687,Bethany Garrison,Anthonymouth,Beauty,1200.34,2,Cash on Delivery,2024-08-01,3,1.9
ORD108548,CUS9029,Eugene Bell,Boyerchester,Books,897.31,1,Net Banking,2024-04-01,4,
ORD108549,CUS7205,Tyler Spencer,Port Wesley,Home,1742.65,3,Credit Card,2025-01-11,7,4.6
ORD108550,CUS3519,Melinda Simpson,Port Robertton,Home,2685.63,5,Net Banking,2024-04-07,6,1.2
ORD108551,CUS5472,Michael Reyes,Tracyshire,Clothing,1257.05,2,Cash on Delivery,2025-04-18,3,2.7
ORD108552,CUS9278,Tony Smith,Cherylhaven,Books,2696.12,3,Debit Card,2025-12-18,5,3.2
ORD108553,CUS7072,Taylor Andrade,Ritashire,Clothing,4406.8,4,Credit Card,2025-12-26,2,2.6
ORD108554,CUS6596,Richard Wagner,New Jacqueline,Clothing,1163.6,3,Net Banking,2024-09-04,6,2.9
ORD108555,CUS1182,Micheal Lee,Michaelhaven,Books,3425.03,3,UPI,2026-02-12,6,2.6
ORD108556,CUS9900,Shawna Moore,Michaelfurt,Beauty,1981.3,3,Cash on Delivery,2026-01-10,2,1.2
ORD108557,CUS8798,Ashley Young,South Ronnie,Clothing,3736.39,1,Cash on Delivery,2025-05-19,6,
ORD108558,CUS2182,Victoria Wallace,Lake Michaelmouth,Home,4548.56,3,Debit Card,2025-03-30,6,3.8
ORD108559,CUS7667,Stacy Ochoa,Port Oliviaview,Beauty,2504.04,5,Credit Card,2024-03-26,6,3.4
ORD108560,CUS1690,Troy Jensen,Birdburgh,Clothing,2704.81,1,Cash on Delivery,2024-04-30,5,4.0
ORD108561,CUS3570,Anita Johnson,South Denise,Clothing,3244.2,3,Credit Card,2024-04-25,7,1.7
ORD108562,CUS4791,Corey Carson,New Ericstad,Electronics,4525.54,4,UPI,2024-10-19,6,4.1
ORD108563,CUS9455,Juan Castro,Hansenhaven,Home,229.82,3,Credit Card,2025-07-26,5,4.6
ORD108564,CUS4112,Andrea Ramsey,Dillonton,Books,809.22,1,Cash on Delivery,2024-04-04,5,3.9
ORD108565,CUS6042,Christine Rice,Kellyhaven,Beauty,931.74,2,Cash on Delivery,2024-08-10,7,1.4
ORD108566,CUS9645,Stephanie Vaughn,North Francisco,Books,3814.21,4,Debit Card,2024-06-03,1,3.1
ORD108567,CUS4505,Lisa Hunter,Adamsview,Electronics,2564.58,4,Credit Card,2026-01-06,1,4.3
ORD108568,CUS7603,,West Elizabeth,Clothing,1802.27,1,Credit Card,2025-11-20,4,2.8
ORD108569,CUS1985,Diane Smith,Amandaton,Books,1113.36,5,Credit Card,2026-01-18,4,4.1
ORD108570,CUS9391,Jessica Gonzalez,Russellfurt,Home,3082.45,2,Credit Card,2025-02-18,1,1.5
ORD108571,CUS8231,Melanie Hamilton,Jasonborough,Beauty,3087.37,5,Cash on Delivery,2024-06-17,7,1.8
ORD108572,CUS6512,Valerie Williams,Stacyport,Beauty,1828.2,5,Net Banking,2024-05-14,1,2.8
ORD108573,CUS4901,Samantha Perry,East Evanbury,Electronics,2963.79,3,Net Banking,2025-04-05,7,2.6
ORD108574,CUS8646,Brittany Rose,Loriville,Clothing,2951.3,2,Debit Card,2025-02-14,4,2.4
ORD108575,CUS7472,Mackenzie Marquez,South Amanda,Home,4949.21,3,Credit Card,2026-01-23,2,4.6
ORD108576,CUS9952,Kristina Fields DDS,Port Spencer,Home,154.97,1,Credit Card,2024-09-17,7,2.4
ORD108577,CUS3559,Jason Walker,South Carrieborough,electronics,2768.05,5,Debit Card,2025-12-02,3,1.4
ORD108578,CUS7148,Katelyn Mendez,South Eric,Sports,2512.48,4,Debit Card,2024-05-15,5,3.0
ORD108579,CUS3602,Kathryn Hayes,South Chad,Beauty,1653.03,5,Net Banking,2025-11-28,4,2.7
ORD108580,CUS3040,Roberto Bowman,Norrisshire,electronics,3879.45,5,Debit Card,2024-10-20,2,3.9
ORD108581,CUS7135,Robert Nelson,Deanberg,Home,2497.6,5,UPI,2024-07-25,3,4.1
ORD108582,CUS7654,Brenda White,Cameronstad,Electronics,4704.87,4,Net Banking,2025-05-20,4,1.5
ORD108583,CUS6570,Mary Daniels,North Kenneth,Beauty,1578.47,5,UPI,2025-08-08,4,1.9
ORD108584,CUS9362,Edwin Johnson,North Grant,Beauty,1702.17,1,Debit Card,2025-08-08,4,1.9
ORD108585,CUS9477,Timothy Harris,Lake Brittneystad,Clothing,230.27,1,Cash on Delivery,2026-02-02,4,4.8
ORD108586,CUS4917,,Leahfurt,Electronics,478.38,5,Credit Card,2025-03-30,6,2.6
ORD108587,CUS5973,Aaron Thompson,Arthurton,Books,759.8,3,Credit Card,2025-08-15,7,2.1
ORD108588,CUS3755,Mark Hahn,South James,Sports,2824.38,5,Cash on Delivery,2024-08-19,7,3.6
ORD108589,CUS1000,Matthew Davidson,Wrighttown,electronics,2063.28,4,Cash on Delivery,2025-01-07,7,4.7
ORD108590,CUS9221,Eric Reynolds,Blanchardside,Books,272.88,5,UPI,2025-07-17,2,1.1
ORD108591,CUS2613,Taylor Moore,Elizabethtown,Electronics,272.8,1,UPI,2025-01-20,4,
ORD108592,CUS6587,Lauren Velazquez,Port Carmen,Sports,3990.53,2,UPI,2025-09-29,3,4.6
ORD108593,CUS7879,Cheryl Lang,Gouldport,Clothing,4036.85,5,Credit Card,2024-12-10,2,2.4
ORD108594,CUS7970,Ronald Torres,Lake Ryanside,Clothing,2164.06,2,UPI,2025-04-01,3,2.2
ORD108595,CUS1723,Katie Carey,Davidberg,Clothing,2151.83,3,UPI,2026-01-16,5,1.6
ORD108596,CUS4167,Alexandra Garza,Perryton,Home,1525.37,3,Credit Card,2025-07-21,6,2.3
ORD108597,CUS1039,Ronald Brewer,Jennifermouth,Clothing,4198.65,5,Debit Card,2024-06-08,2,3.8
ORD108598,CUS9491,Nicole Davis,South David,Clothing,3261.8,5,Credit Card,2024-07-02,4,4.6
ORD108599,CUS7579,Jill Owen,South Robert,Books,1378.13,5,Credit Card,2025-08-16,3,1.4
ORD108600,CUS4980,Latoya Baker,Joshuaborough,Electronics,4768.62,1,Debit Card,2025-06-25,3,1.8
ORD108601,CUS6681,Jenna Berger,Charleschester,Sports,4460.35,4,Net Banking,2025-07-21,6,2.8
ORD108602,CUS5059,Justin Martin,Williamsview,Home,493.65,5,Credit Card,2025-10-17,3,1.9
ORD108603,CUS7767,Kayla Smith,Aprilmouth,Beauty,3979.45,3,Credit Card,2025-01-19,4,3.7
ORD108604,CUS2582,Mark Valdez,North Aliciamouth,Clothing,4579.19,1,UPI,2025-02-15,7,3.5
ORD108605,CUS9394,Lisa Gibson,South Allisonburgh,Clothing,4858.18,4,Net Banking,2025-06-02,4,2.4
ORD108606,CUS4426,Dr. Lori Walker,Jonesberg,Clothing,338.05,2,Net Banking,2025-08-19,1,3.3
ORD108607,CUS4781,Crystal Morales,Scottstad,Beauty,943.09,2,Credit Card,2025-08-03,4,3.9
ORD108608,CUS4874,Renee Patrick,Taylormouth,Electronics,2540.3,4,Debit Card,2024-08-18,6,4.2
ORD108609,CUS1678,Robert Gonzalez,North Seantown,Books,2297.8,5,Cash on Delivery,2024-05-19,5,4.7
ORD108610,CUS1507,Elaine Lutz,Port Brian,Books,984.73,1,Net Banking,2025-03-14,7,1.1
ORD108611,CUS6369,Robert Jackson,Jillianside,Home,3234.42,1,Debit Card,2024-12-28,4,4.7
ORD108612,CUS4749,Joseph Weeks,North Adam,Books,1486.9,3,UPI,2025-10-28,6,1.3
ORD108613,CUS3270,Thomas Peters,Thompsonmouth,Home,2862.3,2,Credit Card,2026-01-19,2,3.6
ORD108614,CUS8846,Sharon Duncan,Port Rebeccatown,Clothing,707.21,1,Cash on Delivery,2025-02-01,3,1.5
ORD108615,CUS6398,Derrick Barnes,North Kathleenport,Beauty,2614.69,4,Cash on Delivery,2025-09-27,7,4.5
ORD108616,CUS6160,Todd Watts,South Christopherfort,Sports,4792.34,5,UPI,2025-12-08,7,4.2
ORD108617,CUS8113,Pamela Garrison,Philipport,Clothing,938.96,1,Credit Card,2026-01-15,6,4.5
ORD108618,CUS4515,James Miller,Port Megan,Clothing,959.1,1,Credit Card,2024-03-29,4,4.7
ORD108619,CUS4033,Robert Sanders,Mossport,Clothing,1981.53,5,Net Banking,2025-01-22,3,3.6
ORD108620,CUS2753,James Robles,Burgessside,Clothing,1548.78,3,UPI,2026-01-01,5,4.0
ORD108621,CUS1152,Melissa Brown,Saraland,Beauty,115.04,2,Credit Card,2025-06-28,1,2.5
ORD108622,CUS2683,Frank Frank,Port Kathleen,Clothing,2727.35,3,Net Banking,2025-12-15,5,2.2
ORD108623,CUS7085,David Flores,West Sharonshire,Books,3110.2,5,UPI,2025-05-30,7,1.1
ORD108624,CUS8195,Jasmine Murphy,New Timothymouth,Beauty,2769.43,5,UPI,2024-10-30,2,2.8
ORD108625,CUS5313,Steven Short,South Caroline,Books,1163.74,3,Net Banking,2024-11-20,3,1.4
ORD108626,CUS4524,Lisa Crawford,Aguilarmouth,Home,1200.12,3,Cash on Delivery,2025-10-20,4,2.6
ORD108627,CUS1173,Juan Allen,Websterchester,Books,3108.93,5,Net Banking,2024-11-07,1,3.1
ORD108628,CUS2749,Lauren Howe,Melissaberg,Electronics,2913.97,1,Cash on Delivery,2024-07-06,2,3.6
ORD108629,CUS2895,Michael Campbell,Cervanteshaven,Electronics,3375.3,5,Debit Card,2025-11-26,1,1.0
ORD108630,CUS4122,Lisa Stokes,New Anneborough,Clothing,4017.42,4,Debit Card,2024-05-21,2,1.4
ORD108631,CUS2786,Connie Scott,Stacyborough,Electronics,4247.13,5,Cash on Delivery,2024-08-31,7,1.8
ORD108632,CUS8197,Christopher Ray,West Kevin,Books,1975.57,1,UPI,2025-12-11,6,1.9
ORD108633,CUS5753,Susan Flores,Reesebury,Electronics,3887.55,5,Debit Card,2025-05-29,1,2.1
ORD108634,CUS3608,Hannah May,North Matthew,Electronics,4185.0,4,Debit Card,2025-02-07,6,4.6
ORD108635,CUS2329,Stacey Murphy,Jonathanmouth,Books,2297.95,2,Credit Card,2024-08-19,1,4.0
ORD108636,CUS1204,Kimberly Williams,Boltonside,Books,4383.65,2,Debit Card,2025-01-25,3,2.8
ORD108637,CUS1436,Tiffany Esparza,South Brendamouth,Home,4125.75,1,UPI,2024-07-26,1,3.2
ORD108638,CUS1719,Jason Heath,Chaneyville,Clothing,1240.74,5,Credit Card,2025-11-20,5,4.4
ORD108639,CUS6720,Jared Anderson,Kevinville,Beauty,245.6,1,Debit Card,2024-05-21,3,2.9
ORD108640,CUS7743,Ruben Martinez,Millsville,Home,3650.44,4,Cash on Delivery,2025-05-03,3,3.8
ORD108641,CUS2629,Edward Jones,South Adam,Beauty,4395.94,2,Cash on Delivery,2024-11-11,4,2.8
ORD108642,CUS6750,Stacey Newton,Bryanstad,Sports,463.56,4,Net Banking,2024-03-17,3,3.9
ORD108643,CUS7648,John Ross,Port Diane,Clothing,863.44,1,Cash on Delivery,2024-09-22,3,2.2
ORD108644,CUS3182,John Torres,North Molly,Sports,2673.41,4,Debit Card,2024-04-05,3,4.8
ORD108645,CUS5221,Michael Palmer,East Davidchester,Home,2587.23,4,Credit Card,2025-05-28,1,3.9
ORD108646,CUS5479,,Port Shellyton,Sports,4971.89,2,Debit Card,2025-12-19,6,4.7
ORD108647,CUS7977,Jonathan Strong,West Marcmouth,Home,2562.95,4,Net Banking,2024-09-19,1,1.4
ORD108648,CUS5834,Jimmy Clark,Evanside,Sports,2094.8,5,Net Banking,2025-11-15,4,1.1
ORD108649,CUS5578,Caroline Davis,New Cynthia,Electronics,1214.98,4,UPI,2024-10-28,5,2.2
ORD108650,CUS3489,Jillian Johnson,Lake Gregoryport,Beauty,1159.46,2,Cash on Delivery,2024-07-15,7,4.8
ORD108651,CUS8380,Jennifer Savage,West Christopher,Clothing,3774.64,3,UPI,2025-12-15,1,3.9
ORD108652,CUS3039,Heather Moore,Port Andres,Sports,3078.32,4,Net Banking,2026-01-20,3,3.1
ORD108653,CUS5771,Kathleen Ortiz,Lake Kennethside,Books,1727.83,2,Cash on Delivery,2025-11-11,3,1.7
ORD108654,CUS1044,James Wilson,New Amy,electronics,2547.64,2,Net Banking,2024-06-03,7,4.0
ORD108655,CUS4681,Stephanie Barry,Longview,Clothing,973.38,1,Debit Card,2026-02-14,7,3.2
ORD108656,CUS7295,Tamara Richardson,North Alextown,Books,3837.65,4,Debit Card,2025-10-24,7,
ORD108657,CUS7613,Donald Stevenson,Lake Megan,Books,1406.83,3,Net Banking,2024-06-22,7,2.8
ORD108658,CUS6901,Bryan Walker,Port Michelleside,Books,4636.65,5,UPI,2024-06-13,3,4.6
ORD108659,CUS2265,Kim Hudson,Theresamouth,Clothing,2312.1,1,Cash on Delivery,2026-02-02,3,2.9
ORD108660,CUS6458,Timothy Salinas,Wallaceville,Beauty,2118.06,1,UPI,2025-05-28,1,4.6
ORD108661,CUS6741,Jillian Gomez,North Douglasburgh,Sports,1762.7,2,Debit Card,2026-01-14,6,3.4
ORD108662,CUS2548,Joshua Hunter,Christiebury,Home,1706.74,5,Credit Card,2025-05-22,6,4.1
ORD108663,CUS9116,Michelle White,Aliciaview,Books,1392.44,3,Cash on Delivery,2025-09-08,2,3.3
ORD108664,CUS9880,Michael Padilla,Justinville,Electronics,3499.45,5,Cash on Delivery,2025-12-18,3,2.6
ORD108665,CUS8943,,Gonzalezberg,Books,4836.43,4,Cash on Delivery,2024-03-22,6,4.6
ORD108666,CUS1950,Jeffrey Campbell,Johnmouth,Beauty,3527.19,5,Credit Card,2024-11-09,4,1.9
ORD108667,CUS7576,Robert Sanders,East Susanborough,Books,4420.98,4,Debit Card,2025-07-10,3,4.9
ORD108668,CUS9538,Shannon Chen,Samanthaside,Home,4367.62,5,UPI,2025-09-12,5,4.8
ORD108669,CUS7880,Erica Holland,Coxmouth,Beauty,333.43,2,Net Banking,2025-08-24,5,4.6
ORD108670,CUS1175,,Jennaberg,Sports,989.0,3,UPI,2025-12-08,4,2.4
ORD108671,CUS7994,Brian Hunt,Watsontown,Home,4014.34,5,Credit Card,2024-06-15,2,4.2
ORD108672,CUS3209,Joseph Roberts,East Frankchester,Books,2052.43,1,Credit Card,2024-08-11,3,1.6
ORD108673,CUS3554,Matthew Moore,Dawnchester,Books,3669.14,3,Debit Card,2024-05-21,4,2.6
ORD108674,CUS2726,Joyce Jones,Deborahport,Beauty,3957.3,1,Debit Card,2025-03-09,2,2.7
ORD108675,CUS1320,Matthew Robinson,Port Nancyborough,Sports,2784.03,5,Net Banking,2025-02-07,6,2.3
ORD108676,CUS4840,Ryan Acosta,South Kathryn,Books,1690.79,3,UPI,2024-12-07,4,1.6
ORD108677,CUS3869,Tammy Brewer,Katiemouth,Clothing,3527.34,1,UPI,2024-10-13,7,1.6
ORD108678,CUS5776,Morgan Beck,North Amandafort,Clothing,2974.42,5,Net Banking,2025-11-30,1,3.0
ORD108679,CUS1948,Susan Scott,Bryanfort,Beauty,4738.68,1,UPI,2025-09-23,2,1.0
ORD108680,CUS3958,Margaret Davis,Susanberg,Books,1142.83,2,Cash on Delivery,2025-02-28,3,1.3
ORD108681,CUS8343,Nicole Butler,Gordonchester,Clothing,3992.19,5,Debit Card,2024-05-30,6,1.5
ORD108682,CUS8866,Susan Marks,New Shaunmouth,electronics,4859.06,5,Net Banking,2025-03-07,4,4.1
ORD108683,CUS5280,Regina Griffin,North John,Electronics,4663.69,5,Net Banking,2024-10-03,2,2.6
ORD108684,CUS6615,Sharon Boyle,Dennisport,Beauty,3782.33,5,Debit Card,2025-06-19,3,2.6
ORD108685,CUS4252,Samantha Maxwell,South Lori,Home,3364.99,3,Cash on Delivery,2024-09-28,1,2.2
ORD108686,CUS3634,Michelle Schultz,Ericshire,Beauty,1279.71,5,Credit Card,2025-10-30,3,
ORD108687,CUS6988,Scott Smith,Johnmouth,Books,1203.46,3,Credit Card,2025-10-29,2,4.5
ORD108688,CUS3554,Bonnie Allen,Lake Tyler,Home,4153.47,5,UPI,2024-07-05,2,
ORD108689,CUS9947,Jessica Diaz,Wardbury,Home,810.76,3,Credit Card,2025-06-03,6,1.5
ORD108690,CUS3362,Nichole Jennings,Ashleyview,Books,2313.83,1,Credit Card,2024-07-24,4,3.4
ORD108691,CUS9028,Melissa Lopez,South Tammy,Clothing,4563.04,5,Cash on Delivery,2025-01-22,2,3.3
ORD108692,CUS6771,Michael Miller,Lake Connie,Books,4095.78,4,Net Banking,2025-04-18,2,3.0
ORD108693,CUS9569,Joseph Lee,Lorettatown,Books,1176.19,2,Cash on Delivery,2025-07-29,7,2.0
ORD108694,CUS2821,Brenda Martin,Cynthiaside,Beauty,4859.8,4,Debit Card,2025-05-26,6,4.2
ORD108695,CUS8323,Jason Donovan,Lake Teresaside,Beauty,3521.82,2,Cash on Delivery,2025-09-16,1,2.4
ORD108696,CUS4928,Brandon Watkins,Perryview,Beauty,4900.73,3,Credit Card,2025-04-05,3,3.5
ORD108697,CUS9033,Monica Villa,New Michaelland,Electronics,3085.32,1,Debit Card,2024-11-01,4,1.6
ORD108698,CUS5250,Marie Young,Floydland,Sports,2919.58,1,UPI,2026-01-06,7,3.2
ORD108699,CUS9077,Brian Hanson,North Kristen,Home,4806.49,5,Cash on Delivery,2024-10-13,7,4.9
ORD108700,CUS2182,Jeffrey Davis,Lake Johnchester,Electronics,3550.39,4,Cash on Delivery,2025-06-27,7,2.1
ORD108701,CUS5592,Kenneth Butler,Port Brandon,Sports,1003.23,1,UPI,2024-08-15,5,4.5
ORD108702,CUS2656,Alicia Smith,Port Brianmouth,Electronics,1673.28,2,Net Banking,2025-01-18,5,1.5
ORD108703,CUS7722,Leonard Villarreal,Tammyton,Home,4139.27,3,Credit Card,2025-01-16,3,3.2
ORD108704,CUS2838,Kimberly Leach,Hinesbury,Sports,1445.51,5,Cash on Delivery,2024-06-06,2,2.6
ORD108705,CUS6799,Heather Brown,Blackshire,Home,3669.74,1,UPI,2025-08-21,2,4.9
ORD108706,CUS1501,Leslie Foster,North Patricialand,Books,2045.7,3,Net Banking,2024-08-19,6,
ORD108707,CUS6470,John Garcia,Alyssafort,Home,3499.45,4,Debit Card,2025-10-16,3,1.0
ORD108708,CUS4855,Michael Johnson,West Matthew,Sports,2658.14,5,Debit Card,2024-05-20,7,3.4
ORD108709,CUS3199,Brian Sharp,Andrewburgh,Home,3275.48,4,Net Banking,2024-04-11,3,1.5
ORD108710,CUS5337,Anthony Barrett,Welchhaven,Sports,4225.81,3,Cash on Delivery,2024-08-11,3,1.5
ORD108711,CUS6866,Richard Powers,South Andrea,Clothing,2160.51,3,UPI,2025-11-15,7,1.3
ORD108712,CUS9815,Randall Winters,Amandaton,Sports,908.25,2,UPI,2024-09-01,2,4.0
ORD108713,CUS4142,Sydney Duarte,Edwardfort,Sports,3792.62,2,Cash on Delivery,2024-11-10,4,2.6
ORD108714,CUS3220,Daniel Wilson,East Carrie,Clothing,1890.82,5,UPI,2025-04-21,2,1.2
ORD108715,CUS8251,Daniel Gutierrez,Lake Rachelville,Sports,1599.34,4,Cash on Delivery,2024-03-14,1,1.2
ORD108716,CUS2791,Stephanie Gray,Andrewport,Beauty,1090.26,5,UPI,2024-09-11,6,1.6
ORD108717,CUS8565,Robert Martin,Heatherburgh,Home,982.45,1,Debit Card,2025-06-06,5,2.4
ORD108718,CUS8180,Brenda Chen,New Debra,Electronics,548.4,1,Cash on Delivery,2024-12-30,3,3.4
ORD108719,CUS9171,,Jonesport,Books,762.53,5,Credit Card,2025-10-07,4,1.5
ORD108720,CUS6963,Taylor Howard,West Michelle,Sports,2655.78,5,Debit Card,2024-04-17,2,2.8
ORD108721,CUS2586,Bobby Williams,Port Sabrina,Sports,2630.44,3,Cash on Delivery,2025-05-26,1,4.7
ORD108722,CUS8955,David Jones,Justinport,Home,245.45,1,Cash on Delivery,2024-12-29,7,3.3
ORD108723,CUS4960,,New Kelly,Beauty,2121.57,4,Net Banking,2025-03-08,6,1.7
ORD108724,CUS5095,Nicholas Garcia,Richland,Electronics,769.9,4,Credit Card,2026-01-24,6,1.5
ORD108725,CUS7600,Mrs. Erin Miller MD,Everetttown,Books,2718.15,4,Credit Card,2025-02-17,7,3.1
ORD108726,CUS8703,Mrs. Deborah Wallace MD,Port Robertton,Clothing,1653.61,5,Credit Card,2025-05-23,5,1.6
ORD108727,CUS2472,Kevin Martin,North Andrew,Electronics,463.5,1,Credit Card,2025-02-22,2,3.6
ORD108728,CUS4005,Brian Baldwin,East Kristenport,Sports,2864.81,3,UPI,2024-09-28,4,3.1
ORD108729,CUS5231,Robert Sanchez,Lake Tracey,Electronics,4724.26,1,Debit Card,2026-03-06,3,1.2
ORD108730,CUS8668,Shannon Parker,Jamesview,Books,1895.08,1,Cash on Delivery,2025-10-14,4,1.9
ORD108731,CUS2786,Barbara Rodriguez,Farmershire,Books,3273.26,5,UPI,2025-04-21,2,1.7
ORD108732,CUS6446,Jennifer Brooks,South Rachel,Beauty,304.56,3,Credit Card,2025-07-24,5,1.8
ORD108733,CUS5354,Jennifer Simmons,Zacharyfort,Sports,2945.22,2,Debit Card,2024-07-27,5,1.4
ORD108734,CUS6138,Christine Reese,North Nancy,Books,4996.43,1,UPI,2024-11-17,6,4.9
ORD108735,CUS6857,Keith Davis,Whiteborough,Clothing,4633.03,1,Credit Card,2024-11-07,3,3.6
ORD108736,CUS2424,Kristin Rios,Guerreroberg,Clothing,1311.7,2,Credit Card,2025-10-31,3,
ORD108737,CUS8795,Robert Gonzales,South Ambermouth,Beauty,4569.37,2,Credit Card,2024-07-22,5,1.5
ORD108738,CUS2096,Jennifer Gomez,Hughesmouth,Home,3989.59,4,Net Banking,2024-04-03,5,3.5
ORD108739,CUS2807,Melissa Jackson,Shieldsshire,Home,2264.47,4,Credit Card,2026-02-16,3,4.7
ORD108740,CUS2650,Kathleen Hernandez,West Gabrielville,Electronics,2192.03,4,UPI,2024-04-06,7,2.9
ORD108741,CUS1666,Brian Brown,East Morgan,Beauty,4105.91,3,Credit Card,2024-06-06,5,2.9
ORD108742,CUS6431,,Fergusonberg,Electronics,2429.96,2,Net Banking,2024-05-18,3,4.7
ORD108743,CUS5284,Kyle Lewis,West Zachary,Beauty,3262.91,5,Debit Card,2024-11-15,4,2.1
ORD108744,CUS3304,Evan Mejia,Ruthmouth,Clothing,1232.1,3,Debit Card,2025-11-07,5,3.1
ORD108745,CUS9132,Brent Parker,South Rebeccachester,Electronics,4098.62,5,Debit Card,2025-02-25,1,1.9
ORD108746,CUS4618,Nicole Harrell,Millerchester,Beauty,258.71,4,Credit Card,2025-09-30,4,2.7
ORD108747,CUS6811,,Cathymouth,Books,4904.4,1,Cash on Delivery,2024-08-21,4,3.1
ORD108748,CUS8897,Gregory Price,Kathrynbury,Clothing,2077.9,2,Credit Card,2025-06-05,5,1.2
ORD108749,CUS3245,Mr. Jose Powell,Port Vanessabury,Home,4668.45,3,UPI,2024-12-01,2,2.4
ORD108750,CUS7912,Alexander Aguirre,Lake Nicoleborough,Beauty,1833.71,3,UPI,2025-02-09,1,3.0
ORD108751,CUS6623,David Brown,Andrewshire,Home,3805.75,3,UPI,2024-08-24,2,1.2
ORD108752,CUS7879,Dr. Katelyn Davis,Dominiqueburgh,Sports,4864.56,5,Debit Card,2026-01-29,4,1.2
ORD108753,CUS9039,Sara Bates,Port Linda,Books,2883.95,3,Debit Card,2025-03-31,6,4.3
ORD108754,CUS3503,Kenneth Gonzalez,Danielchester,Sports,403.37,4,UPI,2024-06-06,2,3.4
ORD108755,CUS4932,Jennifer Cooke,Lake Sharihaven,Home,1901.95,1,Net Banking,2024-06-11,3,4.5
ORD108756,CUS7665,Sarah Gonzales,Andrewport,Beauty,2088.68,4,Cash on Delivery,2024-05-29,5,3.6
ORD108757,CUS6382,Jonathan Baker,South Deborahmouth,Sports,591.96,4,Debit Card,2024-05-16,3,2.3
ORD108758,CUS7333,Jennifer Klein,Frazierburgh,Books,3151.44,3,Credit Card,2024-10-18,2,4.8
ORD108759,CUS2493,Deborah Barton,New John,Home,4776.09,4,UPI,2025-08-23,1,4.9
ORD108760,CUS8557,Anthony Miller,Nicoleshire,Home,2916.51,3,UPI,2025-11-14,5,2.3
ORD108761,CUS6922,Ashley Washington,South Joeltown,Beauty,2213.47,3,Debit Card,2025-01-10,2,1.7
ORD108762,CUS4133,David Bennett,West Kellybury,Clothing,1014.76,2,Net Banking,2025-05-05,6,3.3
ORD108763,CUS3995,,Kimberlyborough,Beauty,3184.74,4,Debit Card,2024-08-12,2,3.5
ORD108764,CUS4186,Joshua Hill,Nelsonview,Beauty,2721.94,5,Debit Card,2026-02-16,7,3.8
ORD108765,CUS1739,Kristen Sawyer,West Brandi,Books,4431.86,2,Credit Card,2025-03-24,1,3.5
ORD108766,CUS3012,Angela Johnson,West Kristina,Clothing,3327.75,4,UPI,2025-11-20,7,4.5
ORD108767,CUS2733,Terry Steele,Sotoport,Sports,4775.52,1,Debit Card,2025-09-08,1,3.6
ORD108768,CUS1397,Karen Newman,Smallville,Clothing,3940.39,5,Net Banking,2025-09-22,1,4.2
ORD108769,CUS7136,Bryan Woods,East James,Clothing,2382.62,4,Cash on Delivery,2026-03-04,7,2.9
ORD108770,CUS2802,John Duffy,South Theresaborough,Sports,2510.3,4,UPI,2025-02-05,5,5.0
ORD108771,CUS5160,Elizabeth Hobbs,East Gabriel,Books,4405.36,1,UPI,2025-12-02,3,2.2
ORD108772,CUS8799,Johnny Church,Feliciahaven,Books,1049.35,3,Debit Card,2026-03-04,2,4.4
ORD108773,CUS2011,Steven Miller,West Matthewborough,Clothing,1414.61,2,UPI,2024-09-02,7,3.3
ORD108774,CUS8173,Heather Baker,West Rita,Clothing,4090.67,1,UPI,2026-03-06,5,3.6
ORD108775,CUS5540,,Tanyaview,Books,4737.99,3,UPI,2025-03-13,1,2.8
ORD108776,CUS5182,Dr. Jose Walker PhD,Lake Charlotteview,Beauty,2799.3,2,Cash on Delivery,2024-10-28,7,4.9
ORD108777,CUS6759,Amy Franklin,Port Stacystad,Electronics,4987.8,1,Debit Card,2025-10-12,6,4.8
ORD108778,CUS5273,James Casey,Murphyhaven,Electronics,516.56,2,Debit Card,2025-03-23,4,
ORD108779,CUS5064,Stephen Foley,East Jamesstad,Clothing,1963.42,1,Credit Card,2025-01-05,2,1.7
ORD108780,CUS7072,Elizabeth Brewer,Archerview,Books,2214.57,5,Net Banking,2025-09-28,2,4.7
ORD108781,CUS9142,Brian Bradshaw,Johnsontown,Sports,441.86,4,Debit Card,2024-12-11,1,3.2
ORD108782,CUS7795,Alicia Lewis,North Johnberg,Beauty,3434.02,4,Net Banking,2024-03-30,7,4.5
ORD108783,CUS1068,Robert Hudson,North Nicole,Home,3874.94,4,Debit Card,2025-02-13,5,1.9
ORD108784,CUS6721,Theresa Hughes,North Katrina,Home,3981.8,2,Credit Card,2024-10-21,6,1.7
ORD108785,CUS4433,Christopher Schultz,Lisaside,Books,998.02,4,UPI,2025-06-26,1,3.7
ORD108786,CUS9856,Raymond Perez,Johnsonborough,Home,2463.42,1,UPI,2025-03-17,6,1.6
ORD108787,CUS7487,Christopher Lucas,Beardtown,Clothing,978.3,2,Cash on Delivery,2024-10-22,2,3.1
ORD108788,CUS7843,Matthew Sweeney,Barrettfort,Clothing,2608.84,4,Credit Card,2025-06-30,6,
ORD108789,CUS8702,Ronald Garcia,Garciaberg,Beauty,1192.77,4,Cash on Delivery,2024-05-18,5,1.2
ORD108790,CUS3061,Bruce Alvarez,Port Zachary,Sports,4543.77,3,Net Banking,2025-08-06,6,1.3
ORD108791,CUS9794,Heather Green,North Jesse,Books,1665.34,2,Credit Card,2026-02-09,7,3.5
ORD108792,CUS7051,Donna Eaton,Waltermouth,Sports,3845.32,1,Credit Card,2025-07-30,2,2.1
ORD108793,CUS6244,Christopher Hill,Paulbury,Sports,330.95,2,Credit Card,2024-10-25,3,3.1
ORD108794,CUS6733,Nicholas Myers,Emilyfurt,Beauty,1424.24,3,Net Banking,2024-05-08,4,4.6
ORD108795,CUS3899,John Scott,Kennethland,Sports,1117.78,4,Debit Card,2025-04-20,2,4.9
ORD108796,CUS8356,Margaret Hurley,Johnton,Clothing,2174.25,2,UPI,2025-09-09,6,2.7
ORD108797,CUS3497,Susan Cortez,Port Kristyhaven,Sports,2890.14,3,Cash on Delivery,2024-07-04,2,3.6
ORD108798,CUS3431,Bridget Pitts,New Meganborough,Home,690.79,5,Credit Card,2024-06-15,3,4.4
ORD108799,CUS4721,Wesley Hunt,Michellestad,Books,2713.83,2,Debit Card,2024-04-28,3,3.3
ORD108800,CUS7347,Mr. Rodney White,East Emily,Beauty,2356.46,5,UPI,2024-07-21,7,4.7
ORD108801,CUS9336,William Bryan,East Victoriastad,Sports,2690.39,4,Debit Card,2024-05-13,5,2.0
ORD108802,CUS7592,Jamie Watts,East Davidmouth,Beauty,1386.51,1,Net Banking,2024-05-19,7,2.5
ORD108803,CUS6148,Adam Huff,Campbellland,Sports,123.5,5,Cash on Delivery,2025-07-30,4,
ORD108804,CUS3472,Jennifer Olson,Hunterton,Books,2773.62,3,Net Banking,2024-08-27,6,3.0
ORD108805,CUS5917,Theresa Proctor,East Angela,Electronics,2388.65,5,Net Banking,2025-04-23,3,4.2
ORD108806,CUS9557,Linda Smith,West Josephton,Home,402.72,4,UPI,2025-04-06,3,1.8
ORD108807,CUS1908,Jesse Peters,Lake Erika,Beauty,3466.56,1,Net Banking,2024-05-25,7,4.5
ORD108808,CUS2315,Raymond Lee,Gordonberg,Clothing,2025.72,3,UPI,2026-02-27,1,3.2
ORD108809,CUS1770,Lydia Atkins,East Adrian,Home,1653.68,3,UPI,2025-11-12,7,3.8
ORD108810,CUS4184,Teresa Ruiz,South Anna,Clothing,2312.25,4,Credit Card,2025-02-21,1,1.4
ORD108811,CUS9934,Christopher Hester,Port Daniel,Home,130.84,4,UPI,2025-06-29,2,4.5
ORD108812,CUS7317,Sharon Johnson,Lake Brett,Beauty,3147.06,2,Debit Card,2024-10-13,4,4.6
ORD108813,CUS5627,Christine Mcdonald,Lake Alisha,Home,1058.14,5,Credit Card,2025-03-03,1,4.5
ORD108814,CUS4507,Kathleen Knight,East Joshualand,Electronics,3289.95,3,Credit Card,2025-11-17,6,4.8
ORD108815,CUS3426,Roy Stone,North Antonio,Clothing,2467.61,4,Net Banking,2026-01-06,2,2.2
ORD108816,CUS1518,Jason Atkins,Port Kendra,Books,2262.07,3,Debit Card,2024-09-04,1,4.0
ORD108817,CUS1861,Brian Wells,Kathytown,Home,3413.01,3,Credit Card,2025-09-05,3,1.4
ORD108818,CUS5057,Brent Martin,Marquezville,Home,4279.06,3,Net Banking,2025-02-22,5,3.8
ORD108819,CUS2807,Jason Johnson,South Nicole,Beauty,1153.5,5,Credit Card,2025-08-03,7,1.5
ORD108820,CUS1516,Debra Olson,Anthonyland,Clothing,2374.34,3,UPI,2024-08-27,4,
ORD108821,CUS2593,Gary Boyd,Carterland,Electronics,1815.8,2,Net Banking,2024-08-25,7,1.0
ORD108822,CUS7171,Lauren Brock,Christinafort,Sports,149.45,3,Cash on Delivery,2024-03-22,1,1.1
ORD108823,CUS1488,Robert Hoffman,Williamstown,Electronics,4401.85,1,Credit Card,2025-03-27,1,3.0
ORD108824,CUS6130,Angela Wyatt,Kevinland,Electronics,1804.03,2,Credit Card,2025-10-28,6,1.2
ORD108825,CUS4017,Amanda Bryant,Brianview,Beauty,4577.55,1,Net Banking,2024-09-12,2,1.8
ORD108826,CUS1972,Bob Hill,Mccarthymouth,Books,2980.78,1,Cash on Delivery,2025-02-24,7,1.3
ORD108827,CUS6689,Michelle Jensen,North Darrellton,Clothing,1437.82,2,Net Banking,2024-04-10,4,4.5
ORD108828,CUS9886,Amy Hamilton,East Brucebury,Beauty,2127.99,2,Credit Card,2025-08-08,3,2.0
ORD108829,CUS9358,Sandra Jordan DDS,Marshallchester,Books,1831.87,3,Credit Card,2024-08-06,4,1.6
ORD108830,CUS4405,Andrew Olsen,Doyleside,Sports,445.85,3,Debit Card,2025-10-16,3,3.8
ORD108831,CUS1136,Arthur Robles,Williamsborough,Beauty,1852.62,5,Credit Card,2025-09-21,6,3.8
ORD108832,CUS9765,Veronica Chavez,Port Stephanie,Electronics,2260.56,5,Net Banking,2025-08-20,5,2.5
ORD108833,CUS3893,Elizabeth Kennedy,Kyleshire,Books,584.99,1,Cash on Delivery,2026-02-23,3,1.1
ORD108834,CUS2463,Paul Martinez,New Douglasport,Books,3040.88,3,Debit Card,2024-07-12,3,2.7
ORD108835,CUS4696,Stephanie Martinez,West Paulabury,Beauty,4002.06,5,UPI,2024-07-24,7,4.5
ORD108836,CUS3663,Melissa Matthews,Bettyfurt,Sports,2179.82,5,Credit Card,2025-11-08,2,2.5
ORD108837,CUS2366,Corey Smith,Cartertown,Beauty,4365.33,4,Net Banking,2025-06-01,7,1.6
ORD108838,CUS5119,Carrie Francis,Wiseside,Books,4499.31,5,Debit Card,2025-01-17,1,4.6
ORD108839,CUS5175,Sara Johnson,North Zachary,Electronics,2369.7,5,Credit Card,2026-01-29,2,2.7
ORD108840,CUS8400,Leslie Ellis,Johnsonmouth,Books,344.11,3,Debit Card,2025-11-30,7,3.0
ORD108841,CUS3430,Ricardo Wilkerson,Rubenport,Home,4598.73,2,Credit Card,2024-10-30,1,1.3
ORD108842,CUS5938,Veronica Mcmillan,Sandraburgh,Home,1635.59,2,Debit Card,2024-09-05,3,2.7
ORD108843,CUS7597,Jill Fitzgerald,New Robert,Electronics,2168.53,1,UPI,2024-08-01,1,2.4
ORD108844,CUS1593,Matthew Hunter,North Samuelshire,Home,760.32,1,Debit Card,2024-05-31,2,4.9
ORD108845,CUS2140,Misty Williams,West David,Beauty,337.87,3,Credit Card,2025-09-09,3,1.1
ORD108846,CUS1306,Vicki Wood,Port Jay,Clothing,1880.33,2,Net Banking,2024-04-26,7,3.7
ORD108847,CUS6070,Todd Peterson,Annchester,Electronics,1375.91,4,UPI,2024-05-18,1,3.4
ORD108848,CUS6925,Jeffrey Martin,Haysport,Beauty,1391.91,1,Debit Card,2024-05-21,2,3.3
ORD108849,CUS1843,Sophia Page,West Bradmouth,Sports,1119.95,4,UPI,2025-02-07,2,3.0
ORD108850,CUS5610,Tammy Francis,North Phyllis,Clothing,3857.68,5,Debit Card,2024-03-15,4,1.3
ORD108851,CUS4167,Brett Chavez,West Devin,Beauty,3436.34,1,Net Banking,2026-02-02,3,1.2
ORD108852,CUS5656,Jose Castro,Gonzalezview,Electronics,500.74,1,Debit Card,2025-03-03,3,1.8
ORD108853,CUS4979,Edward Khan,North Robert,Electronics,858.81,3,Cash on Delivery,2025-05-05,5,3.1
ORD108854,CUS7430,Luis Harrison,South Anthonyborough,Home,1907.64,4,Debit Card,2026-01-05,7,3.6
ORD108855,CUS6713,Krystal Sutton,Taylorburgh,Home,2484.27,2,Cash on Delivery,2025-06-30,4,2.1
ORD108856,CUS9617,Henry Ruiz,Jeffreychester,Home,1607.0,5,Debit Card,2026-01-09,5,1.3
ORD108857,CUS5372,Shawn Benton,Jasonstad,Books,789.84,4,UPI,2024-12-07,7,4.7
ORD108858,CUS8802,Sandy Ellison,Schwartzfurt,Home,1494.52,5,Cash on Delivery,2025-10-30,3,3.9
ORD108859,CUS5964,Monica Fowler,West Cassidybury,Clothing,561.93,2,Net Banking,2025-02-05,4,1.1
ORD108860,CUS5013,Amy Huffman,West Jessica,Clothing,2768.92,1,Credit Card,2026-01-06,3,4.6
ORD108861,CUS6338,Kenneth Herrera,Chadchester,Electronics,3233.64,3,Credit Card,2025-08-09,6,2.8
ORD108862,CUS4981,Sheila Wilson,Johnsonburgh,electronics,3477.89,3,Net Banking,2025-03-16,6,4.9
ORD108863,CUS5241,Matthew Sawyer,New Zachary,Electronics,2451.08,2,Credit Card,2024-03-28,3,2.5
ORD108864,CUS3400,Bethany Stone,Christopherfort,Books,1961.81,2,Cash on Delivery,2025-03-09,5,1.0
ORD108865,CUS9835,Mrs. Julia Stewart,Barrettburgh,Sports,1705.22,3,Net Banking,2024-03-29,7,4.1
ORD108866,CUS9553,Amanda Levine,North Erik,Books,2760.11,1,Debit Card,2024-11-28,7,4.2
ORD108867,CUS5969,Bryan Stone,Richardside,Books,1816.17,5,Credit Card,2025-11-15,1,3.5
ORD108868,CUS3571,Brett Robles,Port Jackmouth,Books,3169.82,5,Credit Card,2026-01-15,1,4.8
ORD108869,CUS6826,Robin Taylor,Torresport,Clothing,360.53,3,UPI,2026-01-18,1,3.7
ORD108870,CUS6837,Amanda Zuniga,Brandonfort,Home,3570.48,3,Cash on Delivery,2025-04-12,4,2.0
ORD108871,CUS5123,Sandra Kelly,Rickyburgh,Electronics,3323.24,3,Debit Card,2025-03-10,6,3.5
ORD108872,CUS5862,Joshua Heath,Haasberg,Home,2785.16,1,Debit Card,2025-05-13,1,2.7
ORD108873,CUS4844,Cynthia Duran,Waynemouth,Books,1215.88,4,Credit Card,2025-06-04,1,1.7
ORD108874,CUS7071,Ashley Ray,South Heather,Books,3746.07,5,UPI,2024-12-02,7,2.3
ORD108875,CUS4687,Jonathan Adams,New Jessicafurt,Books,1119.34,2,Credit Card,2025-09-02,1,4.0
ORD108876,CUS4796,Zachary Hines,Joseburgh,Electronics,1318.96,4,Net Banking,2025-08-20,2,1.8
ORD108877,CUS9114,Antonio Andrade,Samanthaland,Sports,4157.52,4,UPI,2024-10-27,6,3.4
ORD108878,CUS6083,Kevin Davis,South Davidstad,Clothing,4639.57,4,Credit Card,2024-11-13,3,2.9
ORD108879,CUS6856,Lisa Richards,Woodwardtown,Home,1304.45,1,Cash on Delivery,2024-12-14,4,3.7
ORD108880,CUS1585,Wayne Turner,Patrickstad,Home,1013.14,4,Net Banking,2025-02-03,5,4.2
ORD108881,CUS9167,Michael Singh,Jeremyhaven,electronics,2485.72,4,Debit Card,2025-08-12,1,2.9
ORD108882,CUS2515,Jerome Jordan,Jakeland,Clothing,873.4,4,Net Banking,2025-05-15,2,4.1
ORD108883,CUS4661,Cheryl Mitchell,North Heather,Sports,447.47,4,Net Banking,2024-09-06,1,4.8
ORD108884,CUS1356,Karen Weber,Chapmantown,Books,1470.5,2,Cash on Delivery,2025-08-17,5,2.0
ORD108885,CUS9776,Dennis Haynes,Erinburgh,Books,143.33,2,Net Banking,2026-03-10,1,1.3
ORD108886,CUS6846,Cassandra Hartman,Wheelershire,Books,2226.49,1,Net Banking,2024-08-29,6,
ORD108887,CUS2087,Beth Davidson,North Bradleyburgh,Books,390.79,3,Credit Card,2024-06-04,4,1.5
ORD108888,CUS4215,Melody Carter,North Ryan,Sports,2061.7,2,UPI,2025-10-03,5,4.3
ORD108889,CUS3113,Tiffany Griffin,Port Lance,Sports,4219.82,3,UPI,2024-08-25,2,1.8
ORD108890,CUS9194,Nancy Hill,North Williamberg,Books,2310.78,2,UPI,2025-02-10,4,
ORD108891,CUS4528,Shawn Baker,North Carlland,Beauty,4043.28,2,Net Banking,2024-05-17,2,4.6
ORD108892,CUS7515,David Garcia,Samuelstad,Home,2800.88,3,Net Banking,2025-08-25,2,1.4
ORD108893,CUS1018,Christie Mason,West Deborahhaven,Clothing,3670.78,4,UPI,2024-06-08,6,
ORD108894,CUS4337,Kenneth Zamora,Chenfurt,Books,1762.28,1,UPI,2024-07-09,5,3.2
ORD108895,CUS8871,Scott Mora,Cynthiaview,Books,2444.51,1,Cash on Delivery,2026-02-21,7,1.7
ORD108896,CUS6399,Travis Medina,West Garytown,electronics,3627.28,2,UPI,2025-08-26,3,2.9
ORD108897,CUS6340,Donna Duran,North Ryanhaven,Beauty,1138.53,4,Net Banking,2026-02-25,6,3.9
ORD108898,CUS4330,Amy Johnson,Shellyhaven,Books,379.62,4,Cash on Delivery,2025-05-05,4,4.0
ORD108899,CUS2864,Sean Rodriguez,Port Kyle,Home,4411.12,4,Debit Card,2024-09-29,4,2.0
ORD108900,CUS1881,Victoria Henry,New Kimberly,electronics,3686.52,1,Debit Card,2024-04-16,7,4.2
ORD108901,CUS1060,,Shawhaven,Electronics,1046.81,1,Credit Card,2026-02-21,6,3.8
ORD108902,CUS2623,Jillian Stone,North Robertbury,Beauty,2864.37,2,UPI,2025-06-25,7,2.0
ORD108903,CUS4510,,Lake Amandamouth,Clothing,1384.74,4,UPI,2025-09-13,6,4.9
ORD108904,CUS6311,Darrell Mcguire,Johnsonberg,electronics,4689.41,4,UPI,2025-12-05,4,1.1
ORD108905,CUS9395,Kimberly Jones,Rickytown,electronics,530.56,4,UPI,2025-02-21,2,1.5
ORD108906,CUS4620,Jennifer Campbell,North Suzannechester,Books,1499.93,2,UPI,2026-01-16,1,
ORD108907,CUS7618,Brian Simpson,East Darrellport,Books,4150.68,2,Credit Card,2025-01-21,7,1.6
ORD108908,CUS1457,Patricia Craig,Sandovalville,Books,4656.96,3,Debit Card,2025-02-22,2,1.9
ORD108909,CUS6706,David Myers,New Andrew,Electronics,3200.37,1,Cash on Delivery,2025-05-28,2,1.1
ORD108910,CUS3132,James Mccoy,Martintown,Home,1938.49,1,Cash on Delivery,2025-08-18,4,5.0
ORD108911,CUS8382,,Kimfort,Home,1787.52,5,UPI,2024-08-05,1,2.4
ORD108912,CUS4353,Jessica Lewis,Toddport,Electronics,4351.91,2,Net Banking,2024-10-22,4,4.7
ORD108913,CUS1041,Janet Harper,North Bretthaven,Clothing,2325.95,3,Credit Card,2025-06-30,4,1.9
ORD108914,CUS6978,Stacey Gray,Lake Brianland,Sports,2274.64,1,Credit Card,2026-01-13,7,4.9
ORD108915,CUS9050,Candice Bryant,Dixonborough,Sports,2333.39,2,Credit Card,2024-12-18,1,2.8
ORD108916,CUS9564,Kelly Delgado,South Laurashire,Electronics,1072.46,1,Credit Card,2026-02-11,1,2.7
ORD108917,CUS3248,Erin Wagner,Howardfort,Sports,1574.56,1,Cash on Delivery,2024-05-29,1,4.7
ORD108918,CUS4190,Michael Allen,West Jessica,Beauty,3216.54,4,Debit Card,2025-02-03,5,1.6
ORD108919,CUS1797,Zachary Thomas,Sarahton,Books,2299.15,2,Credit Card,2025-02-07,2,2.3
ORD108920,CUS7057,Kirk Reynolds,North Douglas,Sports,1856.35,1,Debit Card,2024-03-19,5,3.1
ORD108921,CUS2764,Stuart Clark DDS,Sarahbury,Clothing,3031.07,4,Net Banking,2025-09-17,6,4.0
ORD108922,CUS5023,Taylor Marks,Danielburgh,electronics,2082.92,3,Credit Card,2025-08-17,1,4.6
ORD108923,CUS6111,Robert Patrick,South Christopherhaven,Home,707.72,4,Cash on Delivery,2025-09-12,7,4.6
ORD108924,CUS1778,Laurie Meadows,Port Kevin,Beauty,1849.12,5,Cash on Delivery,2024-09-02,1,1.3
ORD108925,CUS1397,John Mcpherson,West Lisa,Books,1636.83,1,Debit Card,2025-07-08,5,3.7
ORD108926,CUS4141,Kimberly Gardner,South Jessicafurt,Home,2322.06,2,Debit Card,2024-10-23,3,2.9
ORD108927,CUS3553,Eugene Yates,Lake Michael,Clothing,3704.34,1,Debit Card,2024-10-07,3,2.4
ORD108928,CUS8136,Nicole Taylor,North Samuel,Beauty,387.69,5,Net Banking,2025-06-29,2,4.7
ORD108929,CUS5127,Charles Hudson,Alexanderton,Electronics,4427.79,4,Cash on Delivery,2024-03-12,3,2.3
ORD108930,CUS2056,Evan Miles,Davisside,Home,4621.47,1,Net Banking,2024-08-12,7,4.0
ORD108931,CUS5803,Mary Wilkins,Port Christineport,Books,2490.94,5,Cash on Delivery,2025-05-21,7,3.8
ORD108932,CUS9576,Gregory Jenkins,Jessicaberg,Home,1372.61,1,Net Banking,2024-06-07,3,1.5
ORD108933,CUS3844,John Moore,West Edwardville,Beauty,237.41,2,Net Banking,2024-12-07,3,2.5
ORD108934,CUS8750,Cameron Long,New Heidibury,Home,2683.81,2,Cash on Delivery,2025-09-07,6,2.2
ORD108935,CUS9574,Shawn Benson,Tiffanybury,Home,905.25,2,Net Banking,2025-12-05,6,2.4
ORD108936,CUS7595,Tara Smith,East Austinbury,Clothing,3696.16,4,Cash on Delivery,2024-04-02,7,3.0
ORD108937,CUS6021,Stephanie Ortiz,Martinezchester,Books,2894.09,5,UPI,2026-02-12,3,4.9
ORD108938,CUS4835,Matthew Banks,West Daniellebury,Books,4449.23,2,Net Banking,2024-04-21,4,1.6
ORD108939,CUS4726,Tina Mendoza,Lake Garybury,Clothing,2671.73,2,Credit Card,2025-07-30,6,4.7
ORD108940,CUS3521,,West Patricia,Sports,797.32,1,Credit Card,2025-03-28,7,3.0
ORD108941,CUS3044,Anthony Moss,Taylorhaven,Clothing,419.05,5,Net Banking,2025-02-04,6,2.9
ORD108942,CUS1788,David Parker,North Shannonfort,Clothing,3663.44,2,Debit Card,2025-09-02,3,2.9
ORD108943,CUS9870,Brent Thomas,West Marthafort,Home,221.78,3,UPI,2025-05-14,4,3.5
ORD108944,CUS6465,Elizabeth Miller,Sabrinaburgh,Books,1832.58,1,Net Banking,2024-10-21,2,4.3
ORD108945,CUS1299,Michael Cooper,Lake Christopher,Home,935.22,2,UPI,2024-09-12,4,1.6
ORD108946,CUS1105,Anthony Flowers,Shawnfurt,Books,4583.98,5,Cash on Delivery,2026-01-23,1,3.5
ORD108947,CUS6467,Angela Welch,North Patricia,Clothing,3327.23,2,Cash on Delivery,2026-01-29,7,2.2
ORD108948,CUS1707,Christopher Grant,Riverstown,Sports,4741.51,1,Debit Card,2025-03-03,4,2.9
ORD108949,CUS9971,,Lake Lisaland,electronics,238.17,4,Credit Card,2024-12-25,2,1.4
ORD108950,CUS1491,Kelly Carroll,Hardinville,Electronics,4215.98,1,Net Banking,2025-03-07,1,3.8
ORD108951,CUS7616,,Robinsonhaven,Beauty,3910.58,1,Net Banking,2024-05-26,4,4.9
ORD108952,CUS8197,William Mcmahon,Teresachester,Clothing,554.07,5,Net Banking,2025-01-20,3,2.0
ORD108953,CUS1780,Julie Glover,Dianastad,Beauty,2707.71,3,Net Banking,2025-10-03,4,2.8
ORD108954,CUS5295,Michael Malone,South Joel,Home,2839.37,5,Cash on Delivery,2025-04-01,7,1.7
ORD108955,CUS9623,Dustin Harris,Sanchezberg,Sports,1384.89,3,Credit Card,2025-06-17,7,4.3
ORD108956,CUS9894,Christy Galvan,Barrtown,Sports,4443.57,5,Debit Card,2025-06-17,5,3.2
ORD108957,CUS4393,Sara Hopkins,Thomasview,Beauty,1115.88,4,Net Banking,2025-09-26,1,4.3
ORD108958,CUS5562,Nicole Harris,North Andrewfurt,Sports,180.14,3,Net Banking,2025-04-12,7,1.9
ORD108959,CUS7145,Jade Brown,Isaacchester,Beauty,3832.74,3,Net Banking,2025-11-09,4,1.1
ORD108960,CUS2533,Michael Hopkins,East Susanmouth,electronics,4056.2,4,Debit Card,2026-02-17,5,1.2
ORD108961,CUS2397,Alexandria Welch,Martinville,Sports,590.93,4,Net Banking,2024-11-13,3,4.2
ORD108962,CUS2875,Paula Wolf,West Bradleyland,Books,3961.52,2,UPI,2024-10-11,3,4.2
ORD108963,CUS9799,Jennifer Davis,Port Matthewmouth,Books,2297.63,5,Debit Card,2024-04-05,3,4.5
ORD108964,CUS7382,Elizabeth Shaw,Alexanderstad,Clothing,3459.3,5,Credit Card,2024-10-06,7,3.5
ORD108965,CUS9845,Anthony Wall,Knightside,Books,3894.7,3,Credit Card,2025-09-27,4,4.0
ORD108966,CUS8102,Dustin Forbes,Suarezshire,Books,527.55,4,Debit Card,2025-09-02,3,1.5
ORD108967,CUS7874,Kelly Ayala,Donaldhaven,Home,531.71,5,Cash on Delivery,2025-04-24,6,3.1
ORD108968,CUS6077,Jonathan Wright,New Alyssaside,Books,3641.72,3,UPI,2024-07-23,5,3.4
ORD108969,CUS3272,Terry Poole,Harveyburgh,Home,4860.51,4,Net Banking,2024-09-05,3,4.1
ORD108970,CUS2040,Aaron Torres,Phillipsmouth,Beauty,785.75,3,UPI,2025-08-03,6,4.5
ORD108971,CUS7722,Brittany Castillo,Clarkburgh,Beauty,4890.75,4,Net Banking,2024-12-09,7,3.6
ORD108972,CUS2167,Christopher Gonzales,Port Christopher,Sports,413.05,2,Net Banking,2024-09-29,3,3.6
ORD108973,CUS3972,Kevin Perez,North Brianside,Clothing,4604.33,2,Debit Card,2025-09-13,1,5.0
ORD108974,CUS6410,Monique Williams,Youngport,Electronics,1695.02,1,Cash on Delivery,2025-12-20,2,3.5
ORD108975,CUS6091,Darren Robinson,West Martin,Books,1492.81,3,Debit Card,2025-10-21,3,3.5
ORD108976,CUS9861,Latoya Lam,Ricardoberg,Sports,2489.69,2,UPI,2024-06-09,5,1.2
ORD108977,CUS7143,Christina Chapman,Hensleymouth,Electronics,1291.36,2,Net Banking,2024-04-05,3,2.6
ORD108978,CUS4981,Kim Richardson,New Carolineland,Beauty,3496.0,5,Cash on Delivery,2025-04-09,2,1.9
ORD108979,CUS7088,Michael Smith,West Christianborough,Sports,563.77,4,UPI,2025-10-01,1,2.5
ORD108980,CUS4139,Shawn Walker,East Victorland,Electronics,3755.37,3,Cash on Delivery,2024-06-09,6,1.8
ORD108981,CUS9021,Billy Wilcox,East Maryfort,electronics,3806.67,3,Net Banking,2024-12-22,3,3.2
ORD108982,CUS6209,Pamela Barton,Katherinetown,Books,2117.91,3,Cash on Delivery,2025-07-16,1,1.6
ORD108983,CUS2998,Carla Burgess,Stephenfort,Books,2394.75,1,UPI,2024-03-27,4,3.6
ORD108984,CUS2363,Barry Edwards,New Jason,Electronics,3617.48,5,Debit Card,2024-06-07,2,4.7
ORD108985,CUS8423,Sonya Chen,Lake Aaronton,Beauty,810.33,1,Net Banking,2025-06-29,1,2.2
ORD108986,CUS5463,Lisa Rodriguez,West Johnmouth,Electronics,4531.19,1,Cash on Delivery,2024-09-13,6,4.4
ORD108987,CUS5460,Brittany Walker,Onealhaven,Sports,2694.64,5,Credit Card,2025-06-30,1,1.6
ORD108988,CUS7959,Misty Tucker,Justinbury,Electronics,944.39,1,Credit Card,2024-07-06,5,4.8
ORD108989,CUS7131,Jonathan Edwards,Brittanystad,Sports,333.59,1,Credit Card,2026-01-17,6,3.7
ORD108990,CUS5203,Andrew Hancock,West Jasonfort,Books,1014.97,4,Cash on Delivery,2024-03-25,2,
ORD108991,CUS7577,Patrick Michael,Jonesview,Electronics,1391.79,5,UPI,2025-02-24,7,2.5
ORD108992,CUS7329,,New Philipberg,Clothing,1969.92,2,Net Banking,2025-07-29,5,3.5
ORD108993,CUS4674,Samantha Jackson,Shannonburgh,Clothing,968.37,5,Net Banking,2024-05-21,1,4.0
ORD108994,CUS8990,Lindsey Velazquez,Port Alexanderside,Electronics,2966.93,1,Net Banking,2025-04-20,6,1.7
ORD108995,CUS1546,Juan Rios,North Johntown,Clothing,1154.34,3,Debit Card,2025-06-05,2,1.3
ORD108996,CUS5370,Jenna Harper,East Alexandrabury,Books,1357.78,5,UPI,2025-02-25,5,4.2
ORD108997,CUS7878,Dawn Hernandez,East Chad,Clothing,2779.7,2,Net Banking,2024-09-17,7,4.7
ORD108998,CUS7448,Rhonda Nelson,Port Helenmouth,Home,2206.27,2,Credit Card,2024-07-18,1,4.4
ORD108999,CUS9486,Katherine Potter,Bakermouth,Books,3467.09,1,Net Banking,2025-03-10,5,4.7
ORD109000,CUS1171,Adam Drake,Freemanberg,Clothing,2623.16,4,UPI,2025-11-09,4,1.1
ORD109001,CUS1259,Natalie Smith,Samuelhaven,Clothing,3785.97,5,Credit Card,2025-03-05,2,2.2
ORD109002,CUS2962,Rhonda Khan PhD,Williamsbury,Sports,3490.22,4,Credit Card,2025-07-27,4,2.7
ORD109003,CUS6851,Heather Moore,Lake Calebstad,Electronics,287.01,2,Credit Card,2024-11-28,2,2.0
ORD109004,CUS9261,Lori Gordon,Davidmouth,Sports,3147.38,3,Cash on Delivery,2025-05-25,3,1.3
ORD109005,CUS6841,Charles Bishop,Lake Debra,Books,1157.6,4,UPI,2025-12-09,4,3.4
ORD109006,CUS4826,William Chang,Braunview,Books,727.71,5,Cash on Delivery,2025-10-04,3,
ORD109007,CUS9370,Hannah Torres,Tylertown,Beauty,2453.34,2,Net Banking,2025-12-15,2,3.3
ORD109008,CUS2399,Antonio Richards,Christinemouth,Electronics,2539.18,2,Cash on Delivery,2024-07-28,7,2.5
ORD109009,CUS9811,Dana Schmidt,Pattersonside,Beauty,2075.63,4,Cash on Delivery,2024-10-21,5,1.8
ORD109010,CUS3961,Phillip Anderson,Port Zachary,Sports,3707.73,3,Net Banking,2024-09-29,1,2.8
ORD109011,CUS4373,Herbert Wu,Kristinshire,Books,204.06,4,Debit Card,2024-08-09,2,4.1
ORD109012,CUS1520,,North Mariah,Sports,748.96,1,Debit Card,2025-12-15,3,2.5
ORD109013,CUS6763,Joshua Gomez,Matthewchester,Home,3254.82,2,Cash on Delivery,2024-12-24,2,2.5
ORD109014,CUS5637,Brenda Wiley,New Natasha,Beauty,4724.5,3,Credit Card,2024-06-01,4,3.3
ORD109015,CUS9026,Allison Schmidt,East Seanmouth,Clothing,586.89,4,Cash on Delivery,2025-12-24,6,5.0
ORD109016,CUS1193,Gregory Lopez,North Kristenside,Home,3640.39,4,Credit Card,2024-03-18,2,4.1
ORD109017,CUS1661,Courtney Curry,Murphyport,Home,2913.97,4,Net Banking,2026-01-16,5,4.9
ORD109018,CUS9368,George Reed,Victoriaton,Beauty,3150.69,3,UPI,2025-05-12,5,3.9
ORD109019,CUS2645,Emily Durham,Christineport,Electronics,3292.65,2,Credit Card,2025-07-16,5,4.9
ORD109020,CUS1513,Eric Conner,Port Micheleland,Clothing,2818.13,5,Cash on Delivery,2025-06-14,3,2.8
ORD109021,CUS2331,Thomas Hill,Cherylchester,Home,2441.42,3,UPI,2025-01-23,7,2.5
ORD109022,CUS7406,Danielle Pham,West Christian,Clothing,2636.44,5,Cash on Delivery,2025-05-08,6,1.3
ORD109023,CUS2942,Kyle Walker,Andrewmouth,Electronics,2676.57,1,Net Banking,2024-10-10,7,3.1
ORD109024,CUS5986,Teresa Ortiz,Port Morganton,Books,1959.6,3,UPI,2026-01-31,7,1.8
ORD109025,CUS8443,Tammy Norris,Brennanport,Electronics,2494.43,4,Credit Card,2025-02-14,2,4.2
ORD109026,CUS2888,Andrew Rogers,Camposshire,Home,1808.86,5,UPI,2024-06-05,1,4.8
ORD109027,CUS5279,Susan Davis,Davischester,Clothing,4092.29,4,Credit Card,2024-12-28,1,2.4
ORD109028,CUS9801,John Schneider,Colemanbury,Sports,559.34,2,Cash on Delivery,2024-12-20,2,1.8
ORD109029,CUS3928,Mallory Gonzales,Port Kelly,Sports,362.4,1,Net Banking,2024-07-09,4,2.8
ORD109030,CUS9054,Manuel Burgess,Orozcofurt,Clothing,3303.23,4,Cash on Delivery,2024-12-18,6,2.6
ORD109031,CUS9568,Steven Lee,New Scott,Electronics,4885.26,4,Cash on Delivery,2026-02-12,6,3.8
ORD109032,CUS5747,Candace Roberts,Hartview,Sports,2540.95,3,Cash on Delivery,2024-09-05,5,2.9
ORD109033,CUS4878,James Donovan,Johnsonberg,Books,454.26,1,Cash on Delivery,2024-06-23,1,4.5
ORD109034,CUS1749,Rebecca Howell,Shannonborough,Books,3156.24,1,Net Banking,2024-10-11,1,4.2
ORD109035,CUS8492,April Hill,Port Stacyshire,Sports,3704.58,5,Debit Card,2026-03-08,3,3.0
ORD109036,CUS8559,Tyler Suarez,South Sheila,Sports,750.33,4,Credit Card,2026-03-09,6,1.7
ORD109037,CUS2101,Barbara Ellis,Lake Sherriport,Electronics,4543.07,3,Cash on Delivery,2025-10-13,1,1.6
ORD109038,CUS1639,Christopher Townsend,West Jennifer,Sports,2691.02,5,UPI,2026-02-01,1,3.4
ORD109039,CUS7878,Angela Reyes,Petersonburgh,Clothing,4872.46,5,UPI,2026-01-13,5,3.2
ORD109040,CUS4867,Terry Hinton,North Josephberg,Beauty,411.17,1,Net Banking,2024-12-23,6,1.6
ORD109041,CUS6617,Troy Alexander,Kevinside,Clothing,1054.39,1,Credit Card,2025-08-01,7,4.7
ORD109042,CUS2910,Brad Mitchell,Fergusonberg,Clothing,580.53,5,Net Banking,2024-12-17,5,1.6
ORD109043,CUS5868,Joe Bender,Margarettown,Electronics,1645.88,3,Cash on Delivery,2025-04-28,3,3.2
ORD109044,CUS9454,Katelyn Smith,Port Lisa,Clothing,2345.42,3,Credit Card,2025-06-20,6,2.5
ORD109045,CUS5593,Leslie Perry,Danielland,Home,4404.84,2,Net Banking,2025-12-17,3,1.6
ORD109046,CUS3374,Katherine Nichols,Campbellton,Electronics,2376.94,1,UPI,2024-08-06,4,3.5
ORD109047,CUS3838,Patrick Hobbs,New Tracyfort,Home,2878.38,4,Net Banking,2025-02-10,2,1.5
ORD109048,CUS9523,Melinda Graham,Lake Carlosland,Sports,1858.51,3,Debit Card,2026-02-14,7,4.9
ORD109049,CUS4422,Joseph Velez,Smithport,Clothing,4409.06,4,UPI,2024-12-24,5,1.9
ORD109050,CUS1492,Heather Conley,Lake Tristanhaven,Books,1462.43,2,UPI,2025-02-21,2,2.1
ORD109051,CUS1530,Lori Martin,New Larry,Electronics,3878.27,2,Credit Card,2024-04-21,4,1.2
ORD109052,CUS5081,David Gonzalez,Lake Sharonstad,Clothing,385.86,2,Cash on Delivery,2024-05-08,7,4.3
ORD109053,CUS5498,Joseph Velasquez,South Lindahaven,Clothing,1398.83,2,Cash on Delivery,2025-03-18,4,3.7
ORD109054,CUS7636,Karen Pierce,Elliottchester,Clothing,1424.05,2,UPI,2024-12-11,6,2.4
ORD109055,CUS2759,Cory Lewis,Shermanberg,Beauty,696.91,2,Debit Card,2025-08-10,1,3.7
ORD109056,CUS2530,Stephanie Herring,West Sergioburgh,Beauty,3139.77,5,Credit Card,2024-07-18,2,2.1
ORD109057,CUS6525,Melissa Martinez,Lake Margaret,Home,2119.89,3,Net Banking,2024-04-09,4,2.9
ORD109058,CUS8618,Kyle Blackburn PhD,Travisside,Clothing,220.01,1,Debit Card,2025-07-27,3,1.7
ORD109059,CUS1917,Omar Cantu,Callahantown,Clothing,2814.57,2,Credit Card,2025-04-17,4,1.8
ORD109060,CUS7689,Sheila Leach,East Hannah,Sports,1279.5,1,UPI,2024-04-17,4,2.2
ORD109061,CUS3301,Fred Freeman,Jenniferburgh,Sports,4346.28,2,Net Banking,2024-08-02,7,4.2
ORD109062,CUS5571,David Wade,South Maryshire,Sports,4433.81,4,UPI,2024-05-18,2,1.5
ORD109063,CUS9268,Michael Avery,West Richard,Sports,3593.69,1,UPI,2025-09-30,4,3.6
ORD109064,CUS8079,April Miller,Thomasborough,Sports,4495.01,3,UPI,2025-01-21,1,4.0
ORD109065,CUS9362,Donald Gentry,Collinschester,Electronics,1647.56,1,Credit Card,2024-05-06,3,1.6
ORD109066,CUS6377,Mark Ford,North Tinafort,Beauty,4355.21,2,Debit Card,2024-04-07,7,1.3
ORD109067,CUS3855,,East Timothymouth,Electronics,692.6,3,Net Banking,2025-05-20,4,4.3
ORD109068,CUS3400,Hayley Warren,Hectorberg,Beauty,3833.14,1,Debit Card,2025-04-23,6,3.5
ORD109069,CUS6000,Kristina Beck,Patriciastad,Beauty,507.17,3,Credit Card,2025-12-11,2,1.3
ORD109070,CUS9183,Tracey Cox,Mejiaside,Beauty,3720.18,2,Net Banking,2024-11-05,5,1.7
ORD109071,CUS3451,Karen Spencer,Reneebury,Beauty,2217.7,2,Net Banking,2025-05-09,1,2.8
ORD109072,CUS7536,,Williamsville,Beauty,1253.77,2,Debit Card,2025-04-30,3,1.6
ORD109073,CUS5619,Matthew Peters,Peggyville,Clothing,1778.83,1,UPI,2024-05-16,5,1.9
ORD109074,CUS1177,David Hernandez,Lake Mary,Clothing,337.64,5,Debit Card,2024-06-11,3,2.6
ORD109075,CUS7152,Courtney Clements,Hillburgh,Electronics,2395.12,2,Credit Card,2024-10-12,1,4.5
ORD109076,CUS6948,Kristin Thompson,New Scott,Beauty,1477.1,5,Net Banking,2024-07-06,3,3.8
ORD109077,CUS9713,James Gonzalez,Hernandeztown,Home,3318.59,3,UPI,2025-03-17,5,1.2
ORD109078,CUS5776,Heather Ray,Port Erinmouth,Sports,3729.49,3,UPI,2024-04-12,2,3.9
ORD109079,CUS7371,Christina Decker,Lake Jimmy,electronics,4371.96,4,UPI,2025-02-17,3,4.1
ORD109080,CUS5130,Aaron Silva,Durhamport,Clothing,1253.03,4,Cash on Delivery,2025-10-11,7,2.9
ORD109081,CUS4336,Yvette Harrison,West Matthewside,Electronics,2447.54,4,Debit Card,2025-03-26,3,2.6
ORD109082,CUS4363,Ricky Johnson,New Jamesport,Clothing,1877.35,5,Credit Card,2026-01-21,5,3.4
ORD109083,CUS9366,Julie Baker,Port Laurenport,Beauty,2516.24,5,Credit Card,2024-03-14,7,1.7
ORD109084,CUS6545,Catherine Leonard,Georgeside,Clothing,3622.53,5,Cash on Delivery,2024-07-31,6,5.0
ORD109085,CUS9802,Christy Mccormick,New Michaelbury,Electronics,3950.9,3,UPI,2025-01-24,2,
ORD109086,CUS6456,Michael Rivera,North Brianstad,Clothing,951.01,1,Credit Card,2026-01-05,7,3.5
ORD109087,CUS8778,Jonathan Ramirez,New Gregory,Electronics,4833.43,3,UPI,2025-01-19,3,4.9
ORD109088,CUS3114,Cheryl Snow,Kevinport,Clothing,2540.69,1,Credit Card,2024-05-07,6,4.8
ORD109089,CUS9663,Vincent Obrien,Sellersberg,Sports,1018.94,1,Debit Card,2026-01-17,6,1.2
ORD109090,CUS1204,Connie Johnson,Barrettchester,Books,3546.72,1,Cash on Delivery,2024-05-03,6,2.7
ORD109091,CUS2542,Robert Anderson,East Stacy,Sports,3744.58,3,Debit Card,2025-10-24,3,2.9
ORD109092,CUS4507,Linda Harvey,Lake Donald,Sports,1892.4,5,Credit Card,2024-04-30,2,3.2
ORD109093,CUS2724,Kenneth Lawson,Tiffanychester,Clothing,1572.23,5,Credit Card,2025-05-05,5,3.2
ORD109094,CUS4866,Phyllis Brooks,Port Jason,Home,1445.63,3,Cash on Delivery,2024-11-17,5,3.7
ORD109095,CUS6007,Mary Garrison,Maryland,Books,991.72,1,UPI,2024-04-04,7,2.2
ORD109096,CUS8036,Ricky Olson,South Codyview,Electronics,4160.79,2,UPI,2025-10-09,3,2.7
ORD109097,CUS2824,Mark Hernandez,Olsonfort,Electronics,4620.76,2,Credit Card,2025-02-03,3,1.1
ORD109098,CUS3028,Jamie Day,New Kenneth,Sports,806.4,1,Net Banking,2025-04-23,4,2.7
ORD109099,CUS8556,Dr. Heather Delgado,Mcdanielhaven,Books,4857.98,3,Cash on Delivery,2026-02-13,4,4.5
ORD109100,CUS2233,Shelley Parker,Brianborough,Books,3949.83,5,Credit Card,2026-02-03,1,3.1
ORD109101,CUS2206,Kelli Rowland,Fowlerhaven,Clothing,975.31,1,Debit Card,2025-11-05,5,4.1
ORD109102,CUS1524,Hannah Weber,Brendabury,electronics,3928.04,3,Debit Card,2024-05-27,7,1.1
ORD109103,CUS5354,Nicholas Mercado,New Jamie,Books,2592.53,1,Credit Card,2024-10-27,7,3.9
ORD109104,CUS1907,Jeremy Brown,East Natasha,Clothing,372.39,5,UPI,2025-06-06,6,3.5
ORD109105,CUS2076,Matthew Ramirez,Pattersonmouth,Clothing,4264.35,4,UPI,2025-12-24,1,1.1
ORD109106,CUS4863,Katelyn Mcgee,South Teresa,Home,1096.43,4,Debit Card,2024-12-04,4,1.7
ORD109107,CUS7550,Eric Collins,Port William,Electronics,4404.21,4,UPI,2024-07-17,6,3.8
ORD109108,CUS7742,Jennifer Davis,Quinnton,Clothing,3370.59,4,Debit Card,2025-03-31,1,4.3
ORD109109,CUS9072,Brandon White,Washingtonchester,Sports,3578.91,5,Cash on Delivery,2025-04-27,4,4.5
ORD109110,CUS6768,Phyllis Washington,West Laura,Electronics,4269.84,4,Net Banking,2024-09-30,6,4.2
ORD109111,CUS6655,Belinda Patterson,New Alexandraborough,Home,3298.08,5,Cash on Delivery,2024-05-15,7,3.7
ORD109112,CUS3451,Angelica Collins,Elizabethton,Home,1661.02,1,Debit Card,2025-11-10,7,3.6
ORD109113,CUS4312,Amy Huang,Ericborough,Clothing,3081.71,5,UPI,2025-02-02,3,5.0
ORD109114,CUS9092,Randy Turner,Lindaville,Clothing,1499.54,4,Debit Card,2025-04-06,2,3.7
ORD109115,CUS6399,Brittany Scott,Lake Matthew,Electronics,4231.47,3,Net Banking,2025-08-22,7,4.2
ORD109116,CUS5496,Sarah Romero,South Codytown,Clothing,492.95,1,Cash on Delivery,2024-05-08,1,1.5
ORD109117,CUS3333,Lisa Parker,Mitchellport,Clothing,3818.69,4,Cash on Delivery,2025-04-16,5,3.8
ORD109118,CUS4493,Aaron Stewart,Lake Theresa,Electronics,1718.08,2,Debit Card,2025-07-23,4,1.3
ORD109119,CUS8793,Patricia Morgan,Alexview,Home,1628.36,5,Net Banking,2025-08-01,3,1.5
ORD109120,CUS7066,Kelly Rodriguez,Gomezfurt,Home,2591.58,2,Net Banking,2025-12-10,1,3.9
ORD109121,CUS8037,Justin Peters,Port Jeffery,Home,4927.05,3,Net Banking,2025-01-13,2,4.4
ORD109122,CUS8249,Joyce Jones,Amandaport,Beauty,3591.26,3,Cash on Delivery,2025-03-18,1,3.1
ORD109123,CUS4960,,West Scottbury,Books,1764.32,2,Cash on Delivery,2024-12-06,4,1.9
ORD109124,CUS7011,,Port Cindy,Sports,492.26,4,Net Banking,2024-09-20,5,4.5
ORD109125,CUS5545,Joshua Craig,North Timothyshire,Beauty,1381.73,4,Cash on Delivery,2026-02-01,3,3.6
ORD109126,CUS1121,Jordan Young,Lake Monique,Sports,843.92,4,Net Banking,2025-09-11,3,2.9
ORD109127,CUS3325,Mary Vega,Vegastad,Beauty,689.96,1,Net Banking,2026-03-02,3,1.6
ORD109128,CUS1265,Michael Miller,Davidberg,Clothing,4256.88,3,Credit Card,2025-11-13,6,3.2
ORD109129,CUS4944,Kyle Tyler,Adkinsburgh,Sports,2990.69,3,Credit Card,2024-06-22,6,2.6
ORD109130,CUS6847,,Howardport,Home,676.81,5,Credit Card,2025-09-04,4,4.3
ORD109131,CUS6613,Mary Carey,Wilsonshire,Home,916.38,3,Credit Card,2025-06-12,3,3.1
ORD109132,CUS7008,Christina Castaneda,Dodsonborough,Home,4850.64,4,Cash on Delivery,2024-12-15,5,1.2
ORD109133,CUS4132,Anna Rodgers,New Marioburgh,Beauty,1646.2,3,Net Banking,2025-10-01,1,1.0
ORD109134,CUS9571,Thomas Melendez,Noahstad,Home,1054.56,4,UPI,2024-09-18,3,3.5
ORD109135,CUS9841,Keith Pierce,Nicholasbury,Books,2084.51,3,UPI,2025-03-13,6,3.5
ORD109136,CUS1211,Sheila Hunter,Lake Markburgh,Clothing,1553.7,2,UPI,2025-05-25,4,2.5
ORD109137,CUS6525,Alan Jimenez,Nicholasshire,Books,4331.41,4,Debit Card,2025-06-18,7,1.7
ORD109138,CUS3814,Casey Villegas,Lake Richardland,Clothing,3701.84,2,Credit Card,2025-06-14,3,
ORD109139,CUS4711,Timothy Carpenter,Wallaceside,Sports,480.51,1,Net Banking,2025-04-08,4,2.8
ORD109140,CUS5207,Savannah Mitchell,Suttonbury,Clothing,2575.52,3,Debit Card,2024-07-27,2,3.9
ORD109141,CUS6775,Linda Baker,Walkerton,Home,1381.41,4,Cash on Delivery,2024-11-07,7,4.8
ORD109142,CUS8606,Carol Martinez,South Jillianborough,Home,4592.66,3,UPI,2024-09-28,3,3.3
ORD109143,CUS1268,Samantha Wright,Port Davidchester,Home,2983.25,2,UPI,2025-05-13,1,4.9
ORD109144,CUS9235,Pamela Carter,Michelleport,Clothing,3701.44,5,UPI,2025-03-06,4,1.5
ORD109145,CUS5232,Melissa Morgan,East Timothyport,Home,2252.61,3,Debit Card,2025-07-03,6,2.0
ORD109146,CUS4089,Rachel Gonzalez,South David,Beauty,1761.2,2,Net Banking,2025-03-27,1,4.7
ORD109147,CUS8419,Robert Estrada,Lake Russell,Beauty,4866.91,2,UPI,2025-09-23,6,2.5
ORD109148,CUS3974,Bryan Mata,Lake Jamie,Electronics,452.7,3,Debit Card,2024-08-03,2,1.2
ORD109149,CUS6951,Alexis Schmidt,Guerrerohaven,Beauty,3171.42,1,UPI,2025-04-30,7,3.4
ORD109150,CUS2106,Jason Eaton,Kevinstad,Sports,2026.04,5,UPI,2025-12-11,6,3.4
ORD109151,CUS5980,Brian Cooper,Port Donna,Clothing,1025.81,4,Debit Card,2026-02-17,4,3.0
ORD109152,CUS6508,Peter Jenkins,New Samanthamouth,Home,1139.71,5,Net Banking,2024-04-05,1,1.5
ORD109153,CUS2739,Jason Stanton,East Johnfort,Electronics,4190.23,3,Debit Card,2024-11-12,7,3.2
ORD109154,CUS3888,Briana Richardson,South Ashleyview,Beauty,1963.62,2,UPI,2026-01-23,3,
ORD109155,CUS2746,Kimberly Wright,Gouldton,Electronics,1293.56,2,Cash on Delivery,2025-04-08,1,4.3
ORD109156,CUS4205,Shawn Hill,Trujilloborough,Home,4691.09,1,Debit Card,2024-06-11,3,3.9
ORD109157,CUS2266,Theresa Smith,Lake Heather,Clothing,4933.93,3,Cash on Delivery,2025-02-28,5,1.6
ORD109158,CUS8570,Lisa Richards,Pamelaborough,Home,2278.71,5,Net Banking,2024-10-31,5,2.5
ORD109159,CUS2746,Jeffrey Garcia,Port Shane,Electronics,1072.21,3,Net Banking,2024-07-08,7,3.4
ORD109160,CUS8036,,Knightchester,Sports,4330.05,5,Debit Card,2025-10-29,1,1.4
ORD109161,CUS3831,Evan Avila,Carrollbury,Home,3920.63,2,Credit Card,2024-03-10,2,3.2
ORD109162,CUS9704,Jo Dillon,West Jorge,Home,661.75,2,Cash on Delivery,2024-11-12,2,3.8
ORD109163,CUS2688,Tina Miller,Nelsonview,Clothing,802.53,4,Cash on Delivery,2024-12-13,7,2.3
ORD109164,CUS9313,Walter Thomas,Port Nathaniel,Sports,4880.79,5,Cash on Delivery,2024-12-22,1,4.9
ORD109165,CUS8644,Matthew Mcclain,Manningside,Electronics,239.1,4,Cash on Delivery,2025-07-31,7,2.9
ORD109166,CUS5019,Lee Farmer,Riceberg,Electronics,2837.81,3,Debit Card,2025-10-03,4,2.3
ORD109167,CUS3053,Lindsey Henderson,East Kellyshire,Electronics,2742.62,5,Cash on Delivery,2025-03-11,5,4.4
ORD109168,CUS2200,Peggy Marshall,East Russell,Sports,1656.13,1,Cash on Delivery,2025-04-05,5,2.6
ORD109169,CUS7748,Stephanie Parker,Ronaldton,Clothing,4111.35,4,Net Banking,2025-02-09,7,3.2
ORD109170,CUS9910,Ronald Jordan,New Phillipburgh,Electronics,1823.22,4,Debit Card,2025-01-19,7,4.0
ORD109171,CUS2355,Katherine Weaver,East Donnafurt,Clothing,1560.17,5,UPI,2025-02-09,4,4.8
ORD109172,CUS1762,Theresa Nelson,North Thomas,Beauty,3836.36,1,Cash on Delivery,2026-02-08,6,3.1
ORD109173,CUS6172,Justin Proctor,Kimberlychester,Home,2894.33,3,Debit Card,2025-10-11,6,2.6
ORD109174,CUS7160,Renee Lara,West Patrick,Electronics,3003.97,4,Credit Card,2025-02-03,6,2.6
ORD109175,CUS9204,Frank Lucas,Crystalhaven,Clothing,3498.57,1,Credit Card,2025-07-20,3,2.7
ORD109176,CUS5882,Michael Simon,New Lindsey,Electronics,565.31,3,Credit Card,2024-12-14,4,3.4
ORD109177,CUS1007,Ryan Montes,West Johnmouth,Electronics,2321.44,4,UPI,2026-02-06,4,2.8
ORD109178,CUS2523,Laura Smith,North Patrickberg,Sports,3652.75,5,Debit Card,2024-06-14,2,4.1
ORD109179,CUS7012,Connie Fischer,Port Gregoryfort,Clothing,4220.12,1,Cash on Delivery,2025-01-03,1,2.4
ORD109180,CUS8007,Pam Koch,Janetport,Electronics,2946.89,2,Credit Card,2024-08-08,4,2.7
ORD109181,CUS2686,Bradley Summers,Mitchellburgh,Clothing,2683.4,3,Debit Card,2025-11-21,2,4.7
ORD109182,CUS5337,Adrian White,South David,Books,1565.82,5,UPI,2025-05-14,7,2.2
ORD109183,CUS1865,Mary Montgomery,North Yvonne,Sports,2679.43,3,Cash on Delivery,2024-03-18,2,1.8
ORD109184,CUS2015,Sharon Jackson,Kyliefurt,Home,4804.23,4,Cash on Delivery,2025-06-10,5,3.9
ORD109185,CUS8118,Anthony Vaughn,Hansenfort,Sports,2981.76,3,Debit Card,2026-01-11,5,2.9
ORD109186,CUS7928,,Taylorfort,Beauty,3577.91,3,UPI,2024-10-08,4,3.3
ORD109187,CUS4054,Susan Smith,East Curtisshire,Sports,3184.26,1,Net Banking,2025-08-01,5,2.5
ORD109188,CUS9783,Curtis Moore Jr.,West Richardport,Books,3516.39,4,Cash on Delivery,2024-09-25,1,1.8
ORD109189,CUS4633,Elizabeth Thomas,Navarrostad,Books,2657.59,1,Debit Card,2025-02-26,2,1.5
ORD109190,CUS2025,Sarah Cardenas,Hansenport,Sports,1386.5,4,Cash on Delivery,2024-07-03,3,2.8
ORD109191,CUS4576,Andrea Atkinson,South Stacyberg,Sports,4357.79,2,Net Banking,2024-04-28,4,3.6
ORD109192,CUS7608,David Gray,North Michael,Clothing,803.4,5,Credit Card,2025-01-15,1,1.5
ORD109193,CUS7231,Jennifer Randall,North Melissaburgh,Books,2171.76,4,UPI,2026-01-14,4,2.8
ORD109194,CUS2369,,Floresmouth,Books,1233.21,1,Net Banking,2025-05-21,7,4.7
ORD109195,CUS8428,Roger Vance,East Michellebury,Books,3785.53,1,UPI,2025-03-06,1,4.6
ORD109196,CUS5933,Samuel Wright,Martinstad,Home,3298.2,5,UPI,2025-01-13,2,2.6
ORD109197,CUS5940,Jason Wolfe,North Shirley,Clothing,1899.82,1,Debit Card,2025-12-31,3,
ORD109198,CUS3474,Christopher Erickson,Palmerhaven,Home,4766.02,4,Cash on Delivery,2024-06-12,4,3.5
ORD109199,CUS8760,Brent Dougherty,West Andrea,Clothing,2155.33,4,UPI,2024-11-21,6,
ORD109200,CUS9033,Marcus Sandoval,Lake Marthatown,Clothing,3271.6,5,Credit Card,2024-09-05,5,1.4
ORD109201,CUS9969,Robert Hardin,Taylorville,Sports,2757.99,1,UPI,2025-02-27,2,2.9
ORD109202,CUS7935,Debbie Perez,Thompsonbury,Sports,3836.36,1,UPI,2024-05-15,6,5.0
ORD109203,CUS1614,Jonathan Brown,Goodmanport,electronics,3101.15,1,Net Banking,2025-06-21,3,3.0
ORD109204,CUS4599,,North Courtneyfurt,Electronics,1296.57,3,Credit Card,2025-12-31,6,4.2
ORD109205,CUS5022,Eddie Martinez,Michaelshire,Home,3574.21,4,Net Banking,2024-03-17,6,4.2
ORD109206,CUS2631,Kyle Francis,Port Shellyville,Clothing,3591.94,3,UPI,2025-12-25,1,2.3
ORD109207,CUS8985,Lisa Mooney,Port Caleb,Electronics,1963.41,5,UPI,2025-03-01,1,4.6
ORD109208,CUS1657,Devin Jones,West Georgeland,Clothing,1601.06,3,Cash on Delivery,2024-10-23,7,3.7
ORD109209,CUS7060,,Deckerfort,Beauty,122.65,5,Net Banking,2024-04-25,3,
ORD109210,CUS8572,Amanda Hall,Edwardsville,Books,2824.23,1,Cash on Delivery,2025-10-11,3,3.5
ORD109211,CUS9897,Daniel Duncan,Amandabury,Electronics,1885.7,5,Debit Card,2025-01-13,3,2.7
ORD109212,CUS4244,Mark Russell,Davidborough,Books,1844.82,4,Credit Card,2025-07-07,2,2.9
ORD109213,CUS5053,Sherry Bernard,Lake Thomas,Clothing,3769.77,2,UPI,2024-05-11,3,4.2
ORD109214,CUS1465,Veronica Martin,Lake Kayla,Sports,3591.02,4,Net Banking,2025-07-25,6,4.7
ORD109215,CUS2910,Sandra Hansen,Rebeccaborough,Sports,2719.72,2,Cash on Delivery,2024-11-08,7,4.9
ORD109216,CUS6289,Katrina Brown,Sparksbury,Home,1977.91,1,Net Banking,2025-01-23,4,2.0
ORD109217,CUS1408,Jerry Hughes,Lake John,Books,2710.01,1,Net Banking,2025-02-07,2,3.3
ORD109218,CUS1492,Jennifer Glover,Lake Olivia,Clothing,4441.86,3,Cash on Delivery,2025-04-18,7,2.3
ORD109219,CUS5892,Alan Hernandez,East David,Electronics,2128.06,2,Debit Card,2024-03-19,2,2.5
ORD109220,CUS4608,Jessica Moore DDS,East Samanthaview,Electronics,442.42,5,UPI,2024-10-23,4,2.0
ORD109221,CUS8325,Larry Bass,Michaelside,Sports,1204.06,1,Net Banking,2025-12-12,6,1.3
ORD109222,CUS5522,Mrs. Cynthia Thomas,Dakotaton,Books,1106.57,2,Cash on Delivery,2025-01-06,1,4.3
ORD109223,CUS8852,Mary Jenkins,Chasefort,Home,901.9,1,Cash on Delivery,2024-07-24,3,4.3
ORD109224,CUS2965,Thomas Galvan,Laurenmouth,Home,2666.53,3,Net Banking,2025-03-18,4,2.9
ORD109225,CUS2035,Kelly Shaw DDS,Ryanside,Books,1561.39,3,UPI,2025-07-12,3,4.9
ORD109226,CUS5164,Kristi Jones,Thomasside,Books,4288.96,2,Debit Card,2025-05-10,1,3.5
ORD109227,CUS5508,Robert Briggs,Daisyhaven,Books,1231.35,5,Cash on Delivery,2025-01-20,1,1.3
ORD109228,CUS4802,Christine Murphy,Carterburgh,Sports,804.15,2,Debit Card,2025-08-08,2,4.3
ORD109229,CUS7507,Natasha Carrillo,Andrewmouth,Clothing,3555.88,2,UPI,2025-01-06,4,4.6
ORD109230,CUS6997,Sarah Webb,Turnerborough,Clothing,2478.17,1,Cash on Delivery,2025-08-21,5,4.5
ORD109231,CUS5483,Traci Myers,Gregport,Books,2964.85,2,UPI,2024-04-17,4,1.3
ORD109232,CUS4477,John Miller,Lake Kurt,Sports,2579.27,1,Credit Card,2025-07-10,3,1.2
ORD109233,CUS5386,Leslie Ortega,Hudsonton,Beauty,4425.55,2,Credit Card,2025-02-18,4,3.9
ORD109234,CUS9160,Dawn Hicks,North Susan,Clothing,1806.85,1,Cash on Delivery,2024-11-13,1,2.5
ORD109235,CUS2034,Tabitha Rodriguez,Brownfurt,Electronics,4150.79,3,UPI,2025-12-14,5,1.7
ORD109236,CUS1974,Kayla Gomez,Meganberg,Home,600.5,2,Cash on Delivery,2025-05-02,3,1.0
ORD109237,CUS2868,Angel Tyler,Myersshire,Clothing,3456.78,5,Cash on Delivery,2024-06-25,3,
ORD109238,CUS5772,Mr. Raymond Brown,Port Raymond,Clothing,4470.33,4,Cash on Delivery,2025-11-28,3,3.0
ORD109239,CUS2632,George Chavez,Wendymouth,Sports,4190.13,4,Cash on Delivery,2025-11-02,6,2.1
ORD109240,CUS5239,Terry Harris,Nicolefort,Books,2244.0,1,Net Banking,2025-09-26,3,3.7
ORD109241,CUS2929,Mark Hansen,Michaelburgh,Sports,4434.48,1,UPI,2025-07-24,4,3.8
ORD109242,CUS6895,John Wright,Ryanfort,Electronics,221.23,4,Debit Card,2025-12-11,6,2.2
ORD109243,CUS2046,Scott Murphy,Taylormouth,Home,1322.95,4,Credit Card,2024-05-04,1,4.3
ORD109244,CUS3122,Cynthia Porter,East Jordanhaven,Beauty,1082.39,2,Debit Card,2024-07-30,2,2.2
ORD109245,CUS4017,Jared Gonzalez,North Nicole,Clothing,3620.93,3,UPI,2024-03-17,4,4.0
ORD109246,CUS1982,Chad Lewis,New Jessica,Beauty,2780.63,4,Cash on Delivery,2025-12-28,3,2.5
ORD109247,CUS9215,Andrew Smith,Rhodesland,Electronics,1744.5,5,Net Banking,2025-07-26,4,4.8
ORD109248,CUS3938,,Lake Nicolebury,Beauty,4119.03,4,Debit Card,2025-08-12,5,4.1
ORD109249,CUS1776,Amanda Stanley,Birdhaven,Books,1080.67,3,Credit Card,2025-02-17,3,3.5
ORD109250,CUS6173,Elizabeth Lopez,West Sarahborough,Books,931.17,5,UPI,2025-12-28,5,1.3
ORD109251,CUS7484,Janet Lewis,Leontown,Sports,4426.86,1,Net Banking,2025-06-13,2,1.4
ORD109252,CUS4437,Victoria Whitehead,Robertville,Electronics,4223.84,4,Cash on Delivery,2025-08-17,3,3.6
ORD109253,CUS3381,Steven Mathis,Port Billyhaven,Electronics,4061.87,3,Net Banking,2025-07-07,7,2.1
ORD109254,CUS5898,Kyle Santana,East Chad,Sports,1196.9,4,Cash on Delivery,2025-05-03,2,3.1
ORD109255,CUS5852,Jennifer Bennett,Fowlerfurt,Electronics,500.25,5,Debit Card,2025-12-04,3,
ORD109256,CUS3752,Sarah Davis,New Karenchester,Electronics,1985.05,1,UPI,2025-11-16,5,3.6
ORD109257,CUS5169,Andrew Francis,Lake Robertville,Beauty,1910.18,4,Credit Card,2024-06-30,4,2.2
ORD109258,CUS7893,Christopher Craig,South Joseph,Electronics,1055.72,1,UPI,2024-05-11,6,2.7
ORD109259,CUS3937,Jillian Lopez,East Donald,Home,4302.23,1,Cash on Delivery,2024-12-21,5,2.2
ORD109260,CUS8451,James Simmons,New Sara,Sports,723.08,5,Cash on Delivery,2024-07-13,3,1.7
ORD109261,CUS4308,Nancy Fisher,East Anthonyview,Books,1034.84,3,UPI,2024-10-07,3,3.3
ORD109262,CUS7961,Isaac Gray,Jenningsport,Home,3681.23,3,Debit Card,2025-06-11,4,3.5
ORD109263,CUS4976,Sabrina Frazier,South Stephanie,Sports,668.65,3,Net Banking,2025-09-26,7,2.0
ORD109264,CUS8213,Craig Weeks,Brendaland,Sports,1297.86,1,UPI,2024-07-25,2,1.7
ORD109265,CUS6037,Cynthia Warren,South Robert,Sports,1570.65,1,Net Banking,2024-05-27,5,2.2
ORD109266,CUS1671,Megan Jenkins,Quinnmouth,Home,1662.69,5,UPI,2025-01-27,1,2.2
ORD109267,CUS7612,Stacy Cortez,Amandafurt,Clothing,4658.48,1,Net Banking,2024-11-08,7,2.2
ORD109268,CUS9540,Diane Bradshaw,West Karen,Beauty,1141.56,2,Credit Card,2025-04-15,4,1.4
ORD109269,CUS5107,Tamara Sherman,East Jennifermouth,Beauty,3639.28,1,UPI,2024-09-21,7,1.9
ORD109270,CUS8202,Scott Davenport,North Roberthaven,Books,3013.44,5,Cash on Delivery,2024-08-25,6,4.9
ORD109271,CUS4876,Alyssa Nelson,Timothystad,Books,3140.88,4,UPI,2024-08-15,1,1.4
ORD109272,CUS2456,Victoria Mitchell,Williambury,Beauty,3042.59,5,Net Banking,2025-08-29,1,4.9
ORD109273,CUS1687,Michael Hernandez,Avilastad,Beauty,2659.5,1,Credit Card,2025-12-03,2,5.0
ORD109274,CUS2458,Sarah Romero,North Melissa,Electronics,327.45,4,Net Banking,2025-09-15,4,3.0
ORD109275,CUS1681,Juan Joseph,Port Gavin,Sports,1142.48,1,UPI,2025-09-05,5,4.5
ORD109276,CUS9846,William Hodges,Bethborough,Electronics,111.72,3,Debit Card,2024-03-25,1,2.3
ORD109277,CUS5138,Jennifer Mueller,Johnburgh,Books,2529.16,1,Debit Card,2025-04-18,5,1.4
ORD109278,CUS8478,Michael Hansen,West Amanda,Home,1822.96,5,UPI,2025-09-14,2,3.9
ORD109279,CUS2148,,Steveburgh,Electronics,4327.67,2,Cash on Delivery,2025-11-29,1,1.7
ORD109280,CUS9657,Tony Bell,Port Leslieville,Electronics,4467.73,4,Net Banking,2025-01-30,6,3.5
ORD109281,CUS5170,Margaret Jones MD,Nguyenhaven,Sports,1593.27,1,UPI,2025-04-28,5,3.6
ORD109282,CUS3006,Susan Giles,West Samanthaburgh,Beauty,4647.12,2,Credit Card,2026-02-19,6,2.1
ORD109283,CUS8025,Tabitha Sanders,South Franktown,Home,4448.89,1,Debit Card,2024-07-06,3,2.6
ORD109284,CUS6775,David Rodriguez,Amyside,Home,1111.68,2,Credit Card,2024-05-26,6,1.8
ORD109285,CUS6023,Joshua Lane,North Karenland,Home,1236.06,4,Debit Card,2025-05-23,6,3.9
ORD109286,CUS3770,Brian Hebert,Morganburgh,Beauty,3892.51,2,UPI,2024-04-24,1,
ORD109287,CUS6102,Katie Rodriguez,West Frances,electronics,3786.61,1,Net Banking,2024-06-16,2,4.6
ORD109288,CUS7140,Amanda Davis,Lake Stacey,Home,4718.63,1,Net Banking,2025-11-11,1,4.6
ORD109289,CUS4868,Eddie Vasquez,Diazside,Sports,772.81,1,UPI,2026-02-05,5,2.1
ORD109290,CUS2265,Alyssa Rice,East Daniel,Sports,1041.62,3,Debit Card,2025-07-12,3,4.1
ORD109291,CUS8273,Jennifer Schroeder,Davidshire,Sports,3541.38,3,UPI,2024-04-06,6,1.7
ORD109292,CUS1742,Charles Harris,West Samuelland,Beauty,3266.85,5,Net Banking,2024-07-04,4,2.0
ORD109293,CUS8480,Christopher Avila,Andersonton,Beauty,1196.31,1,UPI,2025-01-27,5,4.9
ORD109294,CUS1534,Alex Diaz,Port Jamesmouth,Home,4215.07,3,Credit Card,2025-04-26,2,4.0
ORD109295,CUS4895,Thomas Gates,East Thomas,Books,4671.41,4,Credit Card,2024-11-08,5,3.2
ORD109296,CUS1443,Carla Smith,Port Laura,Clothing,1263.03,4,Credit Card,2024-10-13,2,4.0
ORD109297,CUS6439,Lisa Miller,East Holly,Clothing,2487.61,2,UPI,2024-08-26,7,1.1
ORD109298,CUS3483,Dillon Walker,Reneemouth,Home,1436.67,2,Debit Card,2026-03-03,4,4.8
ORD109299,CUS8665,Levi Lewis,Jameschester,Clothing,4917.55,3,Credit Card,2025-06-20,5,2.4
ORD109300,CUS6710,Jesse Carlson,New Fernando,Clothing,3380.8,2,Credit Card,2024-08-22,7,3.0
ORD109301,CUS4027,Brianna Hale,Halemouth,Beauty,4712.25,1,Cash on Delivery,2024-05-09,6,3.8
ORD109302,CUS3261,Sean Black,Karenshire,Sports,3107.56,3,Cash on Delivery,2025-06-26,3,2.9
ORD109303,CUS6619,Amanda Houston,Jacobsonshire,Beauty,862.7,2,Debit Card,2024-08-09,6,4.1
ORD109304,CUS6343,Adam Brown,Jessicashire,Home,3745.53,5,Credit Card,2026-01-30,5,2.3
ORD109305,CUS9457,,Jessicamouth,Beauty,4679.55,1,Cash on Delivery,2025-07-18,5,2.4
ORD109306,CUS4428,Mark Randolph,Port Davidberg,Beauty,4577.04,2,Cash on Delivery,2025-07-22,7,4.6
ORD109307,CUS9088,Shannon Johnson,Lucashaven,Sports,191.91,1,Cash on Delivery,2026-03-08,1,
ORD109308,CUS5082,Nathaniel George,Port Traciestad,Electronics,1271.14,1,Debit Card,2024-08-31,6,1.7
ORD109309,CUS7618,Chris Thompson,South Williamshire,Home,604.24,5,UPI,2025-05-16,4,3.0
ORD109310,CUS7729,Sally Smith,North Elizabeth,Beauty,1403.0,1,UPI,2025-05-19,5,4.9
ORD109311,CUS4746,Gloria Clark,Laurenview,Beauty,2045.53,2,Debit Card,2025-04-19,5,2.9
ORD109312,CUS6353,Brendan Moss,West Gregoryland,Clothing,1751.09,4,Debit Card,2025-03-21,6,3.1
ORD109313,CUS4703,Misty Duarte,Adkinsshire,Sports,2988.21,1,UPI,2024-05-11,2,3.6
ORD109314,CUS8586,Katie Wallace,Johnsonborough,Home,1043.75,5,Cash on Delivery,2024-12-08,6,2.5
ORD109315,CUS2408,Cynthia Lin,New Sarah,Sports,2290.44,1,Cash on Delivery,2024-03-15,2,
ORD109316,CUS4590,John Clark,New Mark,Clothing,2199.64,1,Net Banking,2025-04-28,3,3.9
ORD109317,CUS3020,Jessica Nichols,Amybury,Beauty,2990.17,2,Credit Card,2025-10-12,3,3.2
ORD109318,CUS7031,Derek Fields,North Joseph,Clothing,276.18,3,Cash on Delivery,2026-02-07,3,1.6
ORD109319,CUS6246,Jill Lopez,South Toni,Home,4838.5,2,Debit Card,2025-06-23,5,2.4
ORD109320,CUS4176,Natalie Myers,Juantown,Clothing,1857.59,4,Cash on Delivery,2024-09-25,2,
ORD109321,CUS6719,Justin Garza,Reyeston,Electronics,726.32,4,Credit Card,2024-03-27,5,4.7
ORD109322,CUS3683,Mrs. Melissa Hamilton,Jonesfort,Home,4409.52,2,UPI,2025-05-24,7,4.4
ORD109323,CUS8079,William Rice,North Nathaniel,Clothing,3256.88,1,UPI,2024-05-03,1,4.5
ORD109324,CUS7412,Edward Hart,North Kathrynberg,Beauty,3728.84,4,Net Banking,2025-05-24,3,1.7
ORD109325,CUS4485,Justin Butler,East Tonyahaven,Beauty,2316.98,2,Credit Card,2025-01-17,3,1.1
ORD109326,CUS8519,Philip Thompson,Olsonton,Beauty,4188.52,3,Credit Card,2024-11-13,7,1.2
ORD109327,CUS9297,Jennifer Tate,New Joshua,Clothing,4364.7,2,Debit Card,2025-04-11,6,2.2
ORD109328,CUS9436,Kayla Welch,Lake Stevenfurt,Sports,4917.77,4,Credit Card,2025-09-30,2,3.2
ORD109329,CUS1820,Charles Simon,Colemanport,Home,2112.62,4,Net Banking,2025-07-08,2,4.0
ORD109330,CUS9550,Christopher Diaz,Lake Robert,Sports,1647.4,4,Net Banking,2024-10-07,2,4.0
ORD109331,CUS9549,Lisa White,Port Kristopher,Books,3100.8,2,Credit Card,2024-05-25,3,4.2
ORD109332,CUS9543,Karen Shepherd,Keithmouth,Beauty,1880.87,3,Debit Card,2024-09-10,4,
ORD109333,CUS5812,Roy Davis,Beckberg,Books,987.04,3,Credit Card,2026-01-10,4,1.9
ORD109334,CUS3221,Calvin Mcdaniel,Anthonyland,Sports,3562.28,3,Cash on Delivery,2025-09-05,4,2.3
ORD109335,CUS9991,Edwin Anderson,North Eric,Beauty,1573.75,5,Credit Card,2025-08-22,3,2.5
ORD109336,CUS3066,Mr. James Cole MD,Bradberg,Electronics,480.85,3,Debit Card,2025-10-27,7,4.9
ORD109337,CUS3566,Alexis Werner,Wolfebury,Home,2823.56,3,UPI,2026-03-06,4,1.6
ORD109338,CUS8057,,Lake Mason,Books,4659.91,1,Cash on Delivery,2025-12-29,2,4.0
ORD109339,CUS8859,Steven Turner,Gutierrezfort,Beauty,4058.37,3,Credit Card,2024-09-02,6,3.8
ORD109340,CUS5850,David Miller,Millshaven,Books,3976.85,2,Debit Card,2025-06-24,5,5.0
ORD109341,CUS5652,Jacqueline Chambers,Port Shirleystad,Clothing,3866.81,5,Credit Card,2025-07-30,5,5.0
ORD109342,CUS9337,Christopher Williams,Gutierrezhaven,Clothing,1945.39,3,Credit Card,2025-07-27,2,2.4
ORD109343,CUS4617,John Anderson,East Sandra,Books,1411.37,4,Debit Card,2025-08-21,7,3.7
ORD109344,CUS5520,,Gregoryport,Clothing,446.02,5,Cash on Delivery,2025-02-25,1,4.4
ORD109345,CUS7472,Alyssa Andrews,Johnburgh,Sports,4959.57,1,Net Banking,2024-06-10,2,2.5
ORD109346,CUS8040,Kyle Sosa,Clarkbury,Clothing,3195.27,1,Net Banking,2025-03-11,1,1.6
ORD109347,CUS3949,Colleen Diaz,Wilkersonborough,Beauty,2703.81,4,Net Banking,2025-09-11,1,1.5
ORD109348,CUS3402,Susan Potts,Adamsborough,Clothing,2939.21,3,Cash on Delivery,2026-02-02,1,1.1
ORD109349,CUS7939,Beverly Murphy,South Dawnport,Electronics,4530.14,2,UPI,2025-08-19,3,3.0
ORD109350,CUS8659,,Lake Timothychester,Sports,4742.32,3,Credit Card,2025-05-10,2,3.0
ORD109351,CUS6625,Christopher Rangel,Lake Michaelchester,Sports,700.91,5,Net Banking,2025-09-11,7,1.4
ORD109352,CUS9679,Stephen Barajas,Staceychester,Clothing,4302.17,1,UPI,2025-10-23,3,4.3
ORD109353,CUS7210,Kimberly Lozano,New Pamelamouth,Sports,4542.91,5,Credit Card,2024-11-01,6,1.9
ORD109354,CUS7139,Barbara King,Gilbertton,Electronics,1240.06,2,Cash on Delivery,2025-10-18,4,2.5
ORD109355,CUS1158,Laura Mccoy,Port Matthew,Clothing,1744.83,2,Debit Card,2024-03-30,4,2.6
ORD109356,CUS8490,Gina Fisher,West Amanda,Books,2108.56,5,Debit Card,2025-03-08,4,2.2
ORD109357,CUS7000,Adrian Brown,Jenniferville,Electronics,2233.91,2,Debit Card,2026-01-01,6,3.0
ORD109358,CUS6796,Christopher Rodriguez,Jamesshire,Books,2164.48,3,Cash on Delivery,2024-12-15,5,1.5
ORD109359,CUS9053,Joel Heath,North Krista,Home,4930.39,3,Debit Card,2026-01-11,1,1.8
ORD109360,CUS4093,Karla Butler,Brownton,Sports,333.73,2,Credit Card,2024-07-17,5,4.8
ORD109361,CUS7235,Clinton Jones,Larryshire,Books,1137.88,3,Net Banking,2024-07-29,5,3.2
ORD109362,CUS1457,Mr. James Washington,Lake Jonathan,Sports,4614.07,3,Cash on Delivery,2024-08-09,1,3.3
ORD109363,CUS8679,Lisa Smith,North Rebeccamouth,Beauty,1689.37,4,Credit Card,2024-10-18,5,3.7
ORD109364,CUS1780,Kara Cervantes,Griffithmouth,Sports,3038.01,5,UPI,2025-03-07,7,1.9
ORD109365,CUS4143,Carol Herring,East Vanessa,Beauty,1875.95,4,Cash on Delivery,2024-05-06,4,4.9
ORD109366,CUS7716,,Hillport,Clothing,4341.07,5,Debit Card,2024-10-04,5,4.2
ORD109367,CUS8041,Jonathan Yang,Port Emilytown,Electronics,393.83,1,UPI,2024-11-21,3,
ORD109368,CUS2396,Vincent Morales,Matthewborough,Sports,2136.89,4,UPI,2025-10-06,7,3.4
ORD109369,CUS7381,Jessica Davis,Lake Randy,Clothing,1962.68,3,UPI,2024-12-02,6,4.0
ORD109370,CUS9225,Jennifer Bridges,North Sandraberg,Sports,365.5,5,Net Banking,2024-08-30,3,2.5
ORD109371,CUS8581,Laura Santana,Jameston,Clothing,3634.57,1,UPI,2024-03-23,3,3.2
ORD109372,CUS2584,Lynn Terrell,East Heatherhaven,Electronics,2983.87,4,UPI,2025-12-07,5,2.7
ORD109373,CUS7879,Bridget Fuentes,North Davidchester,Beauty,1072.42,3,Debit Card,2025-10-25,5,2.1
ORD109374,CUS5391,Nicole Hernandez,East Katrina,Sports,1540.64,1,Net Banking,2024-09-01,4,3.7
ORD109375,CUS3634,Jennifer Brown,Lisamouth,Home,2880.02,5,UPI,2025-08-21,6,2.5
ORD109376,CUS4684,Scott Harrington,East Jamieburgh,Home,2302.48,4,Cash on Delivery,2024-09-03,4,1.3
ORD109377,CUS2019,Charles Terry,Stevensmouth,Clothing,2924.0,3,Debit Card,2025-11-23,7,3.9
ORD109378,CUS3203,Maxwell Hodge,Leemouth,Beauty,3045.33,2,Cash on Delivery,2024-08-11,3,
ORD109379,CUS8481,Michael Anthony,Ashleyberg,Books,3732.19,5,Debit Card,2025-05-15,2,2.5
ORD109380,CUS8848,Marie Holmes,South William,Sports,537.4,3,Cash on Delivery,2025-02-17,1,1.6
ORD109381,CUS2452,Amanda Hill,Meganberg,Home,4067.73,5,Credit Card,2025-03-15,4,4.9
ORD109382,CUS4464,David Osborne,South Marcus,Beauty,4899.76,5,Cash on Delivery,2025-02-13,7,3.0
ORD109383,CUS3934,Jamie Martinez,Port Frankton,Electronics,1799.13,2,Net Banking,2025-07-02,4,4.8
ORD109384,CUS2635,Hannah Brown,North Danielfort,Sports,3227.07,3,Net Banking,2025-09-08,6,4.4
ORD109385,CUS3275,Michael Thornton,West James,Electronics,186.85,1,Credit Card,2024-10-08,6,2.2
ORD109386,CUS8646,Jackson Camacho,Melissachester,Beauty,4764.07,2,Net Banking,2025-06-15,3,2.6
ORD109387,CUS2659,Dr. Jay Pierce MD,Butlerville,Clothing,3522.82,4,Debit Card,2025-05-21,7,
ORD109388,CUS7723,Jacob Frederick,West Michaelborough,Beauty,4875.89,3,Debit Card,2025-05-13,7,1.7
ORD109389,CUS5390,Thomas Cain,West Jamesbury,Electronics,2326.16,1,Net Banking,2025-01-29,7,3.7
ORD109390,CUS5276,Andrew Kirk,Port Amandabury,Sports,2693.53,2,UPI,2025-07-22,2,4.8
ORD109391,CUS1587,Melanie Bennett,Port Williamburgh,Home,3042.59,4,Debit Card,2025-05-05,5,3.5
ORD109392,CUS7258,Noah Gentry,Ayalaberg,Clothing,3007.35,4,Credit Card,2024-09-27,3,4.9
ORD109393,CUS8474,David Austin,North Danielle,Sports,2925.5,2,Debit Card,2026-03-05,6,1.8
ORD109394,CUS7085,Kelly Morris,Johnsonville,Home,3964.06,2,UPI,2025-06-28,3,3.1
ORD109395,CUS7612,Katherine King,Robertstad,Beauty,3955.58,2,Credit Card,2025-06-18,1,2.0
ORD109396,CUS1968,Sara Acosta,West Dean,Beauty,2813.57,1,Debit Card,2024-12-08,7,2.6
ORD109397,CUS4343,Valerie Snyder PhD,West Kevinmouth,Beauty,4619.8,3,Credit Card,2026-02-22,1,1.7
ORD109398,CUS1885,Jason Alvarado,West Gregoryburgh,Home,3125.84,5,UPI,2025-05-28,1,2.6
ORD109399,CUS1263,Pamela Mendez,Port Jeremyborough,Clothing,1787.83,2,Debit Card,2025-01-09,6,2.0
ORD109400,CUS1825,Evelyn Ramirez,Bethstad,Home,500.02,3,Debit Card,2024-11-26,5,1.4
ORD109401,CUS9682,James Anderson,Kathrynburgh,Beauty,4096.81,1,Net Banking,2024-08-22,7,1.4
ORD109402,CUS4307,Stephanie Davis,Lake Preston,Electronics,737.83,1,Debit Card,2024-06-26,4,1.3
ORD109403,CUS3501,Yvette Ramirez,West Rebeccastad,Sports,915.92,5,UPI,2024-07-23,2,2.4
ORD109404,CUS6508,Heather Luna,New Jasmine,Electronics,740.69,1,Credit Card,2025-05-13,6,1.9
ORD109405,CUS2044,Johnny Hughes,Daviston,Clothing,505.95,2,Net Banking,2024-12-15,4,2.2
ORD109406,CUS2031,Brian Martinez,Westbury,Sports,2539.7,5,Debit Card,2026-03-07,3,4.5
ORD109407,CUS7268,Kayla Johnson,North Michelle,electronics,2329.23,1,UPI,2026-01-16,4,4.5
ORD109408,CUS4909,Joseph Gonzalez,North Kelly,Home,4083.74,1,UPI,2025-08-15,6,4.8
ORD109409,CUS6593,Christopher Gross,Amandachester,Books,1212.2,2,Net Banking,2025-01-28,6,1.3
ORD109410,CUS1892,Sarah Smith,Stephenland,Electronics,4747.02,2,Debit Card,2026-03-09,6,2.2
ORD109411,CUS2962,Rodney Ford,Thomasburgh,Sports,2981.7,5,Cash on Delivery,2025-10-29,7,2.9
ORD109412,CUS1179,Anthony Shaw,Lake Samantha,Books,482.75,1,Net Banking,2024-03-22,3,4.3
ORD109413,CUS6368,Pam Garcia,Lake Johnmouth,Beauty,4836.15,2,Credit Card,2024-07-02,7,1.5
ORD109414,CUS4100,,East Taraburgh,Electronics,2789.33,1,Credit Card,2024-04-17,7,4.4
ORD109415,CUS4701,David Cervantes,Melissachester,Clothing,4988.0,1,Credit Card,2024-09-10,4,2.2
ORD109416,CUS1633,Mason Garza,Cynthiamouth,Sports,1501.63,2,UPI,2025-03-17,7,
ORD109417,CUS2373,Dean Bennett,Justinport,Sports,1979.68,1,Net Banking,2025-07-13,6,1.8
ORD109418,CUS2348,Joshua Carter,East Michael,Sports,4747.78,1,Debit Card,2025-10-02,1,3.0
ORD109419,CUS8704,Melinda Hays,Mccarthyfort,Home,4209.68,3,UPI,2025-11-10,5,2.5
ORD109420,CUS5418,Christopher Diaz,Rachaelmouth,Beauty,2923.86,2,Cash on Delivery,2024-11-08,7,4.4
ORD109421,CUS9509,Amanda Shannon,South Deborahtown,Home,2384.31,4,Debit Card,2025-04-18,6,2.1
ORD109422,CUS4787,David Lee PhD,Lake Sabrina,Sports,3958.34,2,Cash on Delivery,2025-03-12,3,3.1
ORD109423,CUS4817,Phillip King,Samanthashire,Books,492.8,3,Cash on Delivery,2026-02-26,2,2.4
ORD109424,CUS3867,,South Janiceport,Beauty,326.31,3,Credit Card,2024-11-03,3,4.2
ORD109425,CUS9508,Kevin Strickland,Cassandrabury,Beauty,3156.09,5,Cash on Delivery,2024-03-12,2,
ORD109426,CUS1966,Steven Lee,North Rebeccaland,Books,3617.32,4,Credit Card,2025-04-28,5,2.5
ORD109427,CUS2933,Craig Daniel,New Vincent,Beauty,383.27,5,UPI,2024-05-03,7,1.6
ORD109428,CUS7928,Kristina Estrada,West Jeffland,Clothing,3087.78,5,Debit Card,2025-09-18,5,4.9
ORD109429,CUS8160,,Lewisport,Books,4372.95,2,Cash on Delivery,2024-11-10,6,2.9
ORD109430,CUS7664,Vanessa Nelson,South Lindachester,Books,3971.32,4,Net Banking,2025-06-14,1,2.0
ORD109431,CUS3784,Jessica Collins,Kimberlyville,Home,3247.19,1,Credit Card,2026-02-28,3,1.6
ORD109432,CUS4244,Mary Porter,Lake Shariport,Electronics,1587.04,3,UPI,2025-09-18,6,1.3
ORD109433,CUS3956,Gloria Ellison,Cervantesborough,Home,4938.29,4,Credit Card,2025-04-15,5,4.2
ORD109434,CUS8813,Christopher Dickson,Jasonland,Home,773.92,3,Net Banking,2024-07-25,4,3.9
ORD109435,CUS2387,Emily Alvarado,East Jonathanstad,Books,3257.11,1,Debit Card,2024-08-10,1,1.9
ORD109436,CUS9391,Tracy Bishop,Buckleyland,Sports,1998.87,4,Cash on Delivery,2024-03-19,3,4.5
ORD109437,CUS5193,Amanda Bonilla,Lake Cathy,Beauty,332.65,1,Cash on Delivery,2025-01-20,5,4.9
ORD109438,CUS4571,Kelly Arias,West Michaelmouth,Home,3348.2,4,Cash on Delivery,2024-10-01,5,2.8
ORD109439,CUS9831,Catherine Schneider,West Patricialand,Beauty,1470.81,3,Credit Card,2025-08-31,2,1.9
ORD109440,CUS2925,Rebecca Rivers,Davidton,Sports,3071.68,3,Cash on Delivery,2024-10-06,3,3.8
ORD109441,CUS7694,Stacey Page,New Jenna,Clothing,2837.01,2,Debit Card,2025-03-02,4,4.0
ORD109442,CUS9867,Ronald Green,East Stephaniechester,Clothing,1572.52,1,Net Banking,2026-02-08,5,3.2
ORD109443,CUS4135,Aaron Ingram,West Deborah,Home,2371.13,5,UPI,2025-11-14,5,2.4
ORD109444,CUS9924,Jeffrey Everett,West Stevenside,Books,933.26,5,Debit Card,2024-09-07,4,1.7
ORD109445,CUS5365,Chad Miller,Meganbury,Sports,473.2,3,UPI,2025-10-28,4,
ORD109446,CUS1767,Wendy Lester,Mendozamouth,Books,4475.54,4,Cash on Delivery,2024-12-06,2,3.7
ORD109447,CUS9827,Justin Gonzalez,Mckenzieport,Home,4195.31,1,Net Banking,2025-02-04,5,3.3
ORD109448,CUS4850,Barbara Lewis,West Kennethchester,Sports,2712.99,5,Net Banking,2025-06-27,5,3.0
ORD109449,CUS5999,Michelle Massey,Lake Wendyburgh,Books,1787.65,1,Debit Card,2024-03-25,6,1.3
ORD109450,CUS4619,Hector Cox,East Aaronland,Sports,2083.29,1,Net Banking,2024-12-05,4,4.8
ORD109451,CUS6144,Andrew Owens,North Sarahchester,electronics,1632.44,3,UPI,2025-01-29,4,2.5
ORD109452,CUS7442,Eric Mclean,Jerryshire,Beauty,3247.49,1,Net Banking,2025-02-06,2,4.8
ORD109453,CUS3801,Jonathan White,Rodneymouth,Books,3898.2,5,Credit Card,2024-08-28,2,
ORD109454,CUS9824,Dawn Howard,Lake Michelemouth,Beauty,2983.47,1,Debit Card,2025-02-04,2,3.6
ORD109455,CUS9570,Matthew Patterson,Millerhaven,Home,1194.15,4,Cash on Delivery,2025-03-30,3,1.0
ORD109456,CUS2600,Michael Hall,Port Karenview,Electronics,2599.07,2,Credit Card,2024-07-21,3,2.2
ORD109457,CUS2452,Timothy Rodriguez,Simmonshaven,Clothing,103.42,4,Cash on Delivery,2025-01-29,2,1.6
ORD109458,CUS5442,Alexandra Morgan,New Jamesberg,Beauty,1627.15,4,Cash on Delivery,2024-05-12,7,3.5
ORD109459,CUS5535,Michael Parks,Rodriguezport,Beauty,4184.97,2,Net Banking,2025-02-11,7,3.0
ORD109460,CUS8027,Emily Lopez,Coryberg,Home,1164.3,2,UPI,2025-11-18,1,2.0
ORD109461,CUS4034,Linda Bryant,Bradleyburgh,Beauty,4466.14,4,Cash on Delivery,2024-05-20,4,3.6
ORD109462,CUS8870,Kevin Cooper,New Deanna,Sports,2335.06,2,Debit Card,2024-03-12,5,4.8
ORD109463,CUS7180,Kristin Neal,West Christopher,Books,2778.64,4,Cash on Delivery,2024-11-22,5,2.7
ORD109464,CUS4339,Brian Jones,Shannonfurt,Home,4846.25,5,UPI,2025-09-08,7,3.3
ORD109465,CUS5211,Eddie Hernandez,Cindybury,Home,1033.25,4,Cash on Delivery,2024-03-11,4,1.5
ORD109466,CUS7475,,East Angelaport,Beauty,2597.1,5,UPI,2025-03-02,4,2.8
ORD109467,CUS7666,Taylor Bean,Georgemouth,Beauty,3785.37,3,Debit Card,2024-03-27,4,1.5
ORD109468,CUS6975,Christopher Hunter,Bryanview,Beauty,400.85,2,Net Banking,2024-11-09,5,1.4
ORD109469,CUS7672,Bradley Bradley,Gillshire,Electronics,4290.58,1,Debit Card,2024-08-02,3,2.0
ORD109470,CUS1042,Rhonda Chandler,Ashleymouth,Home,3421.22,1,UPI,2026-02-17,7,2.9
ORD109471,CUS8809,Christopher Wilson,Robinsonmouth,Electronics,1166.18,5,Net Banking,2025-11-02,4,4.1
ORD109472,CUS3503,Brian White,Allenfurt,Electronics,2783.71,5,Debit Card,2025-05-17,7,3.0
ORD109473,CUS4495,Linda James,Garrettville,Clothing,1822.26,4,Net Banking,2025-12-17,5,3.2
ORD109474,CUS5847,Theresa Cook,Lake Donald,Sports,3365.62,3,Cash on Delivery,2025-10-14,3,1.2
ORD109475,CUS1977,Casey Hunt,Lake Sharonhaven,electronics,3091.89,5,UPI,2024-09-19,2,2.5
ORD109476,CUS8970,Mr. Phillip Diaz,Port Kelseymouth,Electronics,1815.49,4,Credit Card,2024-10-02,1,4.4
ORD109477,CUS9662,Jason Copeland,South Michael,Beauty,4114.17,5,Cash on Delivery,2025-10-13,4,3.9
ORD109478,CUS5044,,Nelsonfurt,Electronics,3356.03,2,Net Banking,2024-03-20,7,2.0
ORD109479,CUS6481,Ashley Smith,Lake Cathy,Clothing,4545.7,5,Credit Card,2026-01-28,5,2.9
ORD109480,CUS4849,Kristina Mercer,Munozfurt,electronics,2700.91,1,Debit Card,2025-02-14,6,1.1
ORD109481,CUS3910,Jacob Sampson,East Daniellechester,Home,603.33,1,Cash on Delivery,2025-05-08,7,1.5
ORD109482,CUS8682,Andrew Donaldson,Petersberg,Clothing,3871.8,3,Net Banking,2024-05-23,6,3.5
ORD109483,CUS4700,Gina Fletcher,East Christine,Home,1268.56,5,Debit Card,2026-03-09,2,2.7
ORD109484,CUS2931,Courtney Castillo,Lake Nicole,Home,4699.25,1,Cash on Delivery,2025-02-11,1,3.6
ORD109485,CUS2870,Nancy Wright,Jasonstad,Clothing,1211.36,4,UPI,2025-12-23,6,2.0
ORD109486,CUS8665,Ethan Smith,North Ryan,electronics,3873.88,1,Credit Card,2024-10-19,5,2.0
ORD109487,CUS1492,John Moreno,Hunterton,Sports,1720.56,1,Debit Card,2026-02-10,4,4.1
ORD109488,CUS4230,Christopher Perez,Raymondbury,Home,4792.13,2,Debit Card,2025-09-03,7,3.2
ORD109489,CUS6686,Jennifer Reyes,Christopherville,Clothing,1992.67,1,Credit Card,2026-03-03,4,1.8
ORD109490,CUS2048,Candice Davis,Port Chadchester,Clothing,1298.39,1,Debit Card,2024-11-15,2,2.6
ORD109491,CUS3118,Mary Walker,Fisherburgh,Clothing,1662.64,4,Credit Card,2024-09-03,2,3.1
ORD109492,CUS3088,James Hudson,North Angela,Books,199.88,5,Cash on Delivery,2024-12-20,3,1.8
ORD109493,CUS4483,Jill Sims,East Matthewland,Books,764.0,1,Net Banking,2025-10-20,6,4.2
ORD109494,CUS4754,Erin Davis,Hodgeschester,Books,2489.22,4,UPI,2025-04-24,6,2.7
ORD109495,CUS8440,Kenneth Lopez,East Davidshire,Home,326.18,5,Credit Card,2025-10-07,7,4.9
ORD109496,CUS1666,Brian Hooper,Taylorside,Home,926.02,4,Debit Card,2026-02-13,6,
ORD109497,CUS4095,Casey Escobar,Tatemouth,Books,4635.44,2,Credit Card,2024-08-24,2,4.4
ORD109498,CUS7658,James Mendez,West Brittany,Clothing,514.89,3,Credit Card,2025-10-10,6,1.4
ORD109499,CUS5703,Beth Mcconnell,Port Jeffrey,Clothing,4214.68,4,Debit Card,2024-04-02,2,2.9
ORD109500,CUS5516,Nicole Lewis,East Lisa,Home,2064.08,5,Credit Card,2026-01-20,2,4.3
ORD109501,CUS5807,David Wood,North Bobbyside,Beauty,3390.45,2,Cash on Delivery,2025-07-27,2,4.2
ORD109502,CUS5548,Elizabeth Washington,New Melissachester,Sports,1126.58,1,Net Banking,2025-03-23,3,1.9
ORD109503,CUS5337,Mr. Brian Watson Jr.,Conleyshire,Electronics,3132.09,5,Debit Card,2024-08-07,3,4.9
ORD109504,CUS8347,Joseph Miller,New Scottfurt,Home,3439.83,3,Net Banking,2025-03-26,5,4.7
ORD109505,CUS3071,Marcus Smith,North Debra,Books,2714.36,4,Cash on Delivery,2024-12-25,3,1.3
ORD109506,CUS2090,Jerry Alvarez,Alexisberg,Electronics,915.23,3,Cash on Delivery,2025-08-22,3,4.2
ORD109507,CUS8775,Lori Stewart,Jeremyhaven,Beauty,1219.28,3,Net Banking,2025-11-10,1,3.8
ORD109508,CUS3557,Richard Moore,Danielhaven,Clothing,2264.02,5,Cash on Delivery,2025-10-27,2,4.9
ORD109509,CUS3667,Michael Floyd,Port Christopherberg,Home,758.45,5,Net Banking,2025-03-19,6,
ORD109510,CUS4195,Brian Casey,West Matthewberg,Books,1457.85,5,Net Banking,2025-04-02,3,4.5
ORD109511,CUS5548,Adam Diaz,Charleneburgh,Clothing,276.96,4,Debit Card,2025-06-28,3,4.3
ORD109512,CUS7226,Billy Hayes,Port Theresamouth,Sports,4427.97,5,Credit Card,2024-12-04,2,3.1
ORD109513,CUS9429,Jaime Knapp,Wrightmouth,Home,1046.9,4,Debit Card,2024-05-09,2,4.2
ORD109514,CUS2486,,Ruizborough,Home,1493.93,2,Cash on Delivery,2024-06-15,2,2.7
ORD109515,CUS7096,Bonnie Jones,South Brandon,Sports,1141.92,1,UPI,2024-09-30,7,3.5
ORD109516,CUS1683,Allison Meyer,Reynoldsshire,Clothing,4757.48,2,Net Banking,2024-11-15,3,4.1
ORD109517,CUS9162,Oscar Carroll,Youngview,Books,4055.33,5,Net Banking,2024-05-04,5,1.2
ORD109518,CUS4043,Candice Singleton,Mikeborough,Electronics,2741.4,2,Debit Card,2024-12-06,5,
ORD109519,CUS2008,Becky Rosario,Goodwinfort,Clothing,4292.01,2,UPI,2024-06-15,6,
ORD109520,CUS6799,Robert Bates,Rhondaview,Books,3767.89,3,Cash on Delivery,2024-05-26,1,2.7
ORD109521,CUS1584,Michelle Butler,Baileyland,Home,2169.64,1,Cash on Delivery,2025-10-24,2,2.4
ORD109522,CUS2596,Joseph Lopez,West Matthewton,Electronics,686.66,3,Debit Card,2025-07-31,3,3.0
ORD109523,CUS2467,Patricia Norton,Muellerberg,Books,1395.54,4,UPI,2024-05-16,4,4.6
ORD109524,CUS3646,Jorge Clark,West Amanda,Home,4733.02,3,Debit Card,2025-05-08,3,4.9
ORD109525,CUS6529,Heidi Cook,Yoderland,Sports,1318.42,3,Cash on Delivery,2025-01-16,1,
ORD109526,CUS7678,Matthew Washington,Brownburgh,Sports,3534.55,5,Cash on Delivery,2024-10-20,4,4.0
ORD109527,CUS8689,Anthony White,Morseport,Sports,2586.21,4,UPI,2026-02-16,5,1.9
ORD109528,CUS8023,Donald Francis,Acostaport,Beauty,767.73,5,Credit Card,2024-10-29,2,2.1
ORD109529,CUS2059,Luis Odonnell,Lake Jeffrey,Sports,364.3,4,UPI,2024-10-17,4,1.0
ORD109530,CUS3101,Megan Miller,West Wendyview,Beauty,1468.58,1,Debit Card,2025-09-14,1,4.8
ORD109531,CUS4938,Mark Page,Port Kathryn,Sports,1792.85,1,Net Banking,2025-08-13,6,4.1
ORD109532,CUS4397,Teresa Wood,East Lisaberg,Sports,4182.06,2,Cash on Delivery,2024-04-22,1,4.6
ORD109533,CUS8407,Denise Castillo,Lake Carl,Electronics,1502.48,4,Net Banking,2026-02-11,7,1.6
ORD109534,CUS2098,Lisa Cooley,Anthonytown,Books,3684.57,3,Debit Card,2025-08-21,7,1.9
ORD109535,CUS3901,Bradley Lynch,Harrisonfurt,Beauty,4235.64,2,Debit Card,2025-01-20,4,1.7
ORD109536,CUS3167,Andrew Robbins,Robertside,Electronics,2761.04,2,Net Banking,2025-05-16,3,1.7
ORD109537,CUS5382,Joseph Williams,Chavezview,Home,1013.25,5,Credit Card,2024-05-14,5,1.2
ORD109538,CUS5676,Elizabeth Bruce,Lake Todd,Clothing,258.05,4,UPI,2025-11-09,1,2.4
ORD109539,CUS8680,Jay Thompson,New Lukemouth,Books,1737.57,3,Debit Card,2025-08-01,3,4.2
ORD109540,CUS9589,Tiffany Hernandez,Watsonfurt,Books,3518.6,5,Debit Card,2024-03-21,6,2.5
ORD109541,CUS9025,Jennifer Wallace,West Courtneyport,Clothing,4614.44,2,Net Banking,2024-07-28,7,3.4
ORD109542,CUS2110,April Schmidt,South Jamieport,Electronics,407.03,4,Debit Card,2025-03-09,4,2.9
ORD109543,CUS2790,,Debraview,Clothing,1125.17,3,Credit Card,2024-03-29,3,3.5
ORD109544,CUS7740,Anna Richardson,New Williammouth,Beauty,2458.24,5,Debit Card,2024-07-07,5,2.1
ORD109545,CUS2121,,Port Timothymouth,Books,4711.3,5,Cash on Delivery,2025-09-14,4,3.1
ORD109546,CUS4058,Jared Arnold,North Bradley,Clothing,1982.77,4,Debit Card,2026-01-20,4,1.0
ORD109547,CUS7297,Joseph Rush,Kyleport,Beauty,1463.89,2,Net Banking,2025-11-16,4,4.4
ORD109548,CUS5279,Brian Bates,New Elizabeth,Home,1930.53,1,Cash on Delivery,2025-08-05,5,2.5
ORD109549,CUS4007,Matthew Combs,Port Joshua,Books,1668.5,5,Cash on Delivery,2024-07-10,2,4.7
ORD109550,CUS1402,Timothy Smith,Stewartshire,Beauty,4849.2,5,Net Banking,2024-10-13,4,1.3
ORD109551,CUS4358,Kelly Matthews,New Alyssa,Home,4409.59,5,Cash on Delivery,2024-04-09,5,3.9
ORD109552,CUS5335,Jonathan Meyer,Myersfurt,Home,2863.12,4,Debit Card,2024-07-16,5,4.2
ORD109553,CUS6678,,Cameronside,Electronics,2279.15,1,Debit Card,2024-08-10,4,3.6
ORD109554,CUS2315,Robin Harrison,Burkestad,Clothing,3648.71,1,UPI,2025-02-04,1,2.6
ORD109555,CUS3837,Jennifer Lee,Dwaynemouth,Electronics,290.76,1,Debit Card,2025-12-20,5,2.4
ORD109556,CUS4069,Michael Warren,Rogerville,Clothing,1359.67,5,UPI,2026-02-19,5,3.5
ORD109557,CUS5349,Richard Ramirez,New Matthew,Clothing,4468.4,1,Debit Card,2024-11-30,2,3.9
ORD109558,CUS8925,Daniel Ibarra,Port Ericburgh,Sports,4094.96,5,Debit Card,2025-10-25,6,
ORD109559,CUS5385,Mary Hudson,Cameronfurt,Home,2505.24,1,Net Banking,2025-04-24,5,3.2
ORD109560,CUS6094,Christine Taylor,Victoriaton,Beauty,3305.95,5,Debit Card,2025-03-22,4,4.8
ORD109561,CUS1104,Angela Roberts,South Jamesburgh,Sports,871.14,2,Credit Card,2024-03-23,2,2.7
ORD109562,CUS2845,Natasha Fleming,Port Trevor,Beauty,3210.56,4,Credit Card,2025-07-16,7,3.6
ORD109563,CUS4278,Sandra Hernandez,New Garymouth,Electronics,4358.38,1,Credit Card,2024-07-19,7,1.6
ORD109564,CUS8524,Charles Clay,Mooreville,Electronics,4411.36,2,UPI,2025-05-13,5,1.9
ORD109565,CUS9904,Matthew Espinoza,Marissaberg,electronics,614.35,1,Cash on Delivery,2024-04-20,3,4.5
ORD109566,CUS7979,Anne James,North William,Clothing,3880.33,5,Net Banking,2024-09-22,3,4.3
ORD109567,CUS6395,Lauren Reid,North Calvin,Beauty,4062.4,3,Debit Card,2024-03-24,2,1.7
ORD109568,CUS5688,Larry Francis,Stephaniefort,Electronics,4218.87,1,UPI,2024-06-06,7,2.0
ORD109569,CUS6758,Kimberly Marsh,Kelseyburgh,Books,811.99,3,Cash on Delivery,2024-09-14,1,2.9
ORD109570,CUS6283,Teresa Walters,Jenniferberg,Books,1142.14,5,Net Banking,2025-11-16,3,4.3
ORD109571,CUS2684,Mrs. Erika Miller PhD,West Haileytown,Beauty,1573.14,5,Net Banking,2025-12-07,5,2.5
ORD109572,CUS5711,Christopher Campos,New Scottshire,Home,4375.41,5,Debit Card,2025-07-09,3,4.5
ORD109573,CUS5610,Elijah Young,Veronicaton,Home,2442.26,1,Credit Card,2025-08-14,1,1.1
ORD109574,CUS7183,Melanie Carter,Davisberg,Beauty,3466.76,3,Cash on Delivery,2025-04-29,5,3.4
ORD109575,CUS9804,Melanie Hicks,Rogerton,Electronics,4809.84,4,Credit Card,2025-10-12,7,4.0
ORD109576,CUS3461,Bradley Taylor,Port Emily,Beauty,3513.92,4,Debit Card,2026-01-27,3,
ORD109577,CUS7357,Nicole Rice,Kylemouth,Clothing,4530.08,4,UPI,2025-04-01,6,2.0
ORD109578,CUS3248,Andrew Newman MD,West Michelleside,Electronics,3349.39,1,Credit Card,2025-10-30,7,4.2
ORD109579,CUS3000,Rebekah Wallace,Michealhaven,Clothing,860.93,2,Credit Card,2024-05-21,1,2.5
ORD109580,CUS2283,,Smithtown,Books,211.97,3,Net Banking,2025-01-27,4,4.2
ORD109581,CUS9032,John Hall,Lopezborough,Clothing,3926.29,5,UPI,2025-11-09,4,3.0
ORD109582,CUS4649,Zachary Martinez,Port James,Home,541.47,3,Credit Card,2025-03-18,5,3.1
ORD109583,CUS4539,Frank Holt,Sandraton,electronics,3029.91,2,UPI,2024-11-13,1,1.6
ORD109584,CUS5612,Terry Johnson,Johnport,Books,2097.38,1,Net Banking,2025-08-22,4,4.1
ORD109585,CUS6172,,North Donaldstad,Clothing,2735.4,4,UPI,2025-06-12,6,4.4
ORD109586,CUS1050,Kathleen Brown,Davidtown,Home,3412.11,5,UPI,2025-06-14,2,2.9
ORD109587,CUS3767,Emily Holder,Bensonburgh,Clothing,3482.2,3,UPI,2025-08-08,3,2.9
ORD109588,CUS5064,Troy Gibbs,South Carlaport,Clothing,4627.88,2,Credit Card,2025-11-02,3,4.4
ORD109589,CUS8134,Barbara Hernandez,Goldenfurt,Sports,1105.52,4,UPI,2024-12-24,5,2.9
ORD109590,CUS3946,Jenna Norman,Port Robertshire,Beauty,1872.63,3,Debit Card,2024-10-29,1,
ORD109591,CUS1451,Ryan Alvarez,New Ashley,Sports,2303.97,1,UPI,2024-06-30,4,4.2
ORD109592,CUS2178,Sara Nelson,Smithville,Electronics,837.69,5,Debit Card,2024-06-06,2,
ORD109593,CUS2084,Daniel Brown,Aaronshire,Beauty,1501.74,1,UPI,2025-07-31,1,3.2
ORD109594,CUS2400,Benjamin Thompson,Brownfort,Beauty,552.27,1,UPI,2026-02-11,1,5.0
ORD109595,CUS4849,Angela Singleton,West Wesley,Beauty,1400.63,5,Cash on Delivery,2025-11-08,6,1.3
ORD109596,CUS9119,Gregory Carney,Tammytown,Sports,1482.23,5,Net Banking,2024-04-09,2,3.4
ORD109597,CUS4540,Sheryl Sutton,South Codymouth,Electronics,1410.46,2,Cash on Delivery,2026-02-16,5,1.4
ORD109598,CUS7960,James Holmes,Port Samantha,Books,3326.34,1,Debit Card,2025-02-05,2,3.2
ORD109599,CUS5731,Sandra Sweeney,Rachelside,Clothing,2467.78,2,Net Banking,2025-10-10,6,3.3
ORD109600,CUS4093,Kenneth Barnes,Allisonport,Books,711.96,2,Net Banking,2025-01-21,4,1.6
ORD109601,CUS8599,Ronald Miller,Port Lauraland,Books,1044.18,5,Debit Card,2025-10-22,1,2.7
ORD109602,CUS6923,Phillip Rodriguez,Matthewsville,Home,394.62,1,Cash on Delivery,2025-01-22,5,1.5
ORD109603,CUS4453,Robert Sandoval,South Melissa,Sports,425.75,4,Cash on Delivery,2025-02-15,1,2.7
ORD109604,CUS5377,Christopher Sanchez,Prattbury,Electronics,3187.11,4,Net Banking,2025-10-25,5,3.3
ORD109605,CUS4126,James Hansen PhD,Martinshire,Beauty,721.72,1,Cash on Delivery,2025-09-19,6,4.8
ORD109606,CUS2528,Kim Byrd,Williamshire,Beauty,394.8,5,Credit Card,2024-12-24,3,
ORD109607,CUS7397,Kristie Gordon,Gonzalesbury,Books,402.01,5,Credit Card,2025-05-07,4,3.3
ORD109608,CUS7089,Randy Rowe,Whiteview,Books,1784.99,2,Debit Card,2025-05-04,2,3.9
ORD109609,CUS1778,Shari Washington,North Valerie,Books,4397.72,5,Debit Card,2025-12-24,6,3.5
ORD109610,CUS7494,Mrs. Brittany Carter,Lake Steven,Books,3368.32,3,Net Banking,2024-08-02,5,1.2
ORD109611,CUS7748,Hannah Johnson,Moralesborough,Electronics,2392.2,3,Net Banking,2025-01-26,7,1.0
ORD109612,CUS7432,Steven Mccarty,Garciashire,Home,4342.4,3,Credit Card,2025-05-01,7,3.3
ORD109613,CUS7712,Caleb Gallegos,West Hannahmouth,Sports,4642.32,1,Debit Card,2024-10-24,2,1.2
ORD109614,CUS6891,Gregory Dennis,Bryantstad,Beauty,4538.21,2,Cash on Delivery,2024-05-23,7,4.2
ORD109615,CUS1494,Joseph Arroyo,Michellemouth,electronics,3717.0,1,UPI,2025-10-04,6,2.7
ORD109616,CUS9913,Melissa Martinez,North Traciefort,Clothing,3282.14,4,Cash on Delivery,2026-01-05,7,1.8
ORD109617,CUS8300,Laurie Jennings,North Levihaven,Books,3217.73,2,Credit Card,2024-03-23,7,4.1
ORD109618,CUS7682,Jeffrey Fernandez,New Nicole,Beauty,4192.84,1,Credit Card,2024-03-17,3,4.4
ORD109619,CUS4608,Jeremy Pineda,Port Kennethstad,Clothing,2380.58,5,Credit Card,2024-10-31,3,2.2
ORD109620,CUS2860,Elizabeth Fisher,Watsonberg,Beauty,1236.8,2,Net Banking,2026-01-18,4,1.2
ORD109621,CUS8573,Jeremy Haley,Gilbertside,Clothing,3430.08,3,Credit Card,2025-02-17,6,1.4
ORD109622,CUS1157,Mike Harris,Simmonsfort,Clothing,345.12,1,Credit Card,2025-11-18,2,3.5
ORD109623,CUS5056,Casey Chang,Morrowberg,Electronics,3449.78,3,Cash on Delivery,2024-10-16,1,4.1
ORD109624,CUS2310,Kaitlin Delacruz,Anthonymouth,Beauty,1751.32,4,Credit Card,2025-03-24,1,3.8
ORD109625,CUS3188,David Franco,West Deborah,Home,1950.39,3,Debit Card,2024-07-03,1,4.9
ORD109626,CUS7694,Nicholas Martinez,Paceville,Beauty,3536.13,1,Debit Card,2025-08-16,7,2.0
ORD109627,CUS3057,Mark Ramirez,Lake Lisashire,Clothing,3627.62,2,Net Banking,2024-05-15,1,1.7
ORD109628,CUS6860,Nicole Moore,Markshire,Electronics,3507.46,2,Credit Card,2024-12-30,2,3.3
ORD109629,CUS1266,Sheryl Andersen,Brendaview,Sports,4323.59,3,Debit Card,2025-02-27,7,3.0
ORD109630,CUS1368,Alisha Strong,Janetburgh,Home,2978.67,2,Credit Card,2024-07-01,2,2.6
ORD109631,CUS2829,Jesse Benton,Lake Anthonytown,Sports,105.6,2,Debit Card,2025-12-20,2,1.4
ORD109632,CUS4028,Thomas Mccarty,West Isaiah,Books,4908.57,1,UPI,2025-08-07,5,2.3
ORD109633,CUS7062,Corey Gonzalez,New Michelle,Sports,1268.7,2,Credit Card,2025-12-17,7,3.2
ORD109634,CUS7618,Misty Rodriguez,Janetville,Clothing,4436.89,1,Net Banking,2025-05-05,6,4.3
ORD109635,CUS3319,James Moore,West Patricia,Clothing,210.07,3,UPI,2025-12-12,1,3.2
ORD109636,CUS3017,Sydney Thomas,East Kevin,Clothing,2999.11,4,Credit Card,2025-10-14,1,4.1
ORD109637,CUS6973,,East Georgeland,Sports,2117.79,3,UPI,2025-02-28,1,
ORD109638,CUS4612,John Jones,South Mark,Books,4354.82,5,Debit Card,2025-12-25,7,4.1
ORD109639,CUS3714,Karen Padilla,New Jill,Home,1417.12,4,Credit Card,2025-02-24,4,4.6
ORD109640,CUS4558,Mary Nelson,Port Kimberly,Sports,2035.78,1,Cash on Delivery,2024-07-25,1,
ORD109641,CUS1621,Timothy House,South Joyce,Home,4816.85,5,Net Banking,2025-12-29,4,1.2
ORD109642,CUS2996,Patrick Smith,West Brett,Sports,2143.72,3,UPI,2025-06-23,7,4.0
ORD109643,CUS1764,Neil Mcclain,Andrewtown,Sports,1586.27,5,Debit Card,2024-11-01,1,2.6
ORD109644,CUS1374,Tyler Davenport,Hartmanborough,Books,4602.95,2,Debit Card,2025-02-08,1,1.5
ORD109645,CUS3630,Jared King,Bushfort,Sports,1807.19,5,Credit Card,2025-11-05,5,
ORD109646,CUS4067,,Toddside,Books,4472.98,4,Net Banking,2026-02-17,6,4.0
ORD109647,CUS9910,Dr. William Jones,North Rachelchester,Home,4190.49,2,Cash on Delivery,2025-09-20,5,1.0
ORD109648,CUS9911,Charles Ellis,Williamsmouth,Home,4407.31,2,UPI,2026-01-09,4,1.1
ORD109649,CUS4606,Sara Johnson,New Marystad,Books,1773.55,1,Net Banking,2024-05-08,5,3.3
ORD109650,CUS6313,Angela Perry,Lake Michelleshire,Sports,4306.9,2,Net Banking,2024-10-04,2,2.0
ORD109651,CUS2670,Timothy Roberts,Elliottshire,Clothing,1855.6,5,Debit Card,2025-07-28,2,3.0
ORD109652,CUS7750,Sherry Riggs,West Stephaniemouth,Home,640.82,5,Cash on Delivery,2024-09-07,6,3.4
ORD109653,CUS8067,Sean Martinez,New Ericshire,Sports,1725.65,3,Net Banking,2025-07-31,6,1.3
ORD109654,CUS6522,Sergio Lee,South Lauraborough,Electronics,4017.41,1,Cash on Delivery,2025-07-26,2,4.0
ORD109655,CUS8416,Nicole Rios,Ashleyland,Electronics,3765.81,4,Credit Card,2025-09-26,4,1.7
ORD109656,CUS9708,,South Kimberlyside,Home,3441.24,4,Credit Card,2025-11-03,4,1.9
ORD109657,CUS5930,Melissa Carter,West Michelleside,Sports,4621.27,2,Cash on Delivery,2025-04-11,1,1.4
ORD109658,CUS1888,Chad Navarro,Jonathantown,Home,2123.78,5,Net Banking,2024-08-12,5,
ORD109659,CUS2729,Blake Tucker,East Dorothymouth,Books,762.69,1,Cash on Delivery,2026-02-23,7,3.0
ORD109660,CUS2645,Tricia Burke,Chenmouth,Clothing,1648.39,4,UPI,2024-11-14,2,1.6
ORD109661,CUS4858,Elizabeth Mercer,New Dominic,Books,1944.7,4,Credit Card,2024-11-26,5,1.9
ORD109662,CUS6723,Michael Frazier,East Allison,Books,4524.06,2,Debit Card,2025-11-23,7,3.9
ORD109663,CUS4121,Mark Thompson,East Ashleeville,Home,3522.1,3,Net Banking,2024-08-31,6,4.8
ORD109664,CUS3456,Robert Sanders,Smithport,Electronics,1722.37,5,Cash on Delivery,2025-01-11,1,3.8
ORD109665,CUS8473,Joshua Walters,Stephenbury,Clothing,4681.0,4,Credit Card,2024-08-05,2,3.5
ORD109666,CUS9677,Terry Vasquez,East Tammyshire,Beauty,1533.5,3,UPI,2024-08-15,5,4.8
ORD109667,CUS4633,Jacob Miller,Boonemouth,electronics,176.61,2,Credit Card,2024-04-30,1,2.2
ORD109668,CUS7597,Felicia Rodgers,North Williamstad,electronics,671.79,4,Debit Card,2025-07-23,6,1.8
ORD109669,CUS6224,Kara Meyer,Lake Jillian,Clothing,3636.99,3,Net Banking,2025-11-26,4,3.3
ORD109670,CUS2043,,West Ashley,Sports,4225.94,2,Net Banking,2024-10-29,7,3.7
ORD109671,CUS4666,Taylor Wilson,Richardsonview,Books,3953.99,1,Debit Card,2025-10-20,2,3.7
ORD109672,CUS7461,Shelby Arnold,Randallland,Books,1189.04,1,Credit Card,2024-11-14,7,1.2
ORD109673,CUS1345,Nicholas Clark,North Rebeccabury,Beauty,3413.06,5,Cash on Delivery,2025-08-14,2,4.0
ORD109674,CUS9396,Michael Golden,North Zacharyview,Sports,3478.85,2,Net Banking,2024-10-06,3,1.3
ORD109675,CUS1815,Christopher Chen,Lake Daniel,Electronics,3393.27,2,Net Banking,2025-11-04,1,3.0
ORD109676,CUS3615,Michelle Ross,Leonardville,Electronics,3763.86,2,Cash on Delivery,2025-01-31,5,2.1
ORD109677,CUS4475,Angela Walsh,Billview,Sports,547.01,1,Debit Card,2025-12-29,7,4.6
ORD109678,CUS1122,Lori Mccann,Manuelberg,Sports,3169.69,3,Debit Card,2024-07-13,1,1.7
ORD109679,CUS1987,Mark Thompson,Robinsonton,Books,1737.81,5,UPI,2024-09-03,7,3.5
ORD109680,CUS3411,Kelsey Barrett,Mckenziefurt,Clothing,915.19,3,Credit Card,2026-03-07,1,1.7
ORD109681,CUS1312,Kristin Ortiz,Lopezton,Electronics,1229.91,4,Credit Card,2025-12-13,4,3.3
ORD109682,CUS3487,Ryan Sanford,Lake Danielle,Home,4061.41,2,Debit Card,2025-04-27,2,4.7
ORD109683,CUS7365,Zachary Cummings,Thomasview,Sports,671.49,4,Debit Card,2025-03-11,4,4.4
ORD109684,CUS1891,Molly Miller,West James,Beauty,3442.55,3,Cash on Delivery,2025-01-21,1,1.3
ORD109685,CUS5863,,West Lynn,Sports,4562.02,2,Cash on Delivery,2025-03-03,4,3.0
ORD109686,CUS1966,John Reynolds,Rachelland,Electronics,2258.62,2,UPI,2026-02-22,3,4.1
ORD109687,CUS3760,Richard Miller,Port Erika,Clothing,2648.07,5,Credit Card,2025-07-06,6,1.2
ORD109688,CUS5343,,Huberton,Beauty,4070.67,2,Cash on Delivery,2024-10-24,1,3.2
ORD109689,CUS8033,Debra Maddox,Port Lisafurt,Books,831.8,2,Credit Card,2025-11-03,1,3.2
ORD109690,CUS2455,Kevin Neal,North Wesleybury,Beauty,3608.83,2,UPI,2026-01-20,7,2.8
ORD109691,CUS4560,Ashley Blake,Port Dariusbury,Clothing,1810.12,1,Debit Card,2025-12-25,4,1.9
ORD109692,CUS8039,Allison King,Lake Stephanieborough,Sports,3449.81,5,UPI,2025-12-12,5,3.0
ORD109693,CUS8893,Jo Colon,South Austinstad,Electronics,528.21,1,Cash on Delivery,2025-07-07,3,4.7
ORD109694,CUS6323,Elizabeth James,Summersshire,Beauty,1428.05,4,UPI,2025-09-09,4,1.4
ORD109695,CUS8530,Carlos King,North Matthewstad,Clothing,3383.11,5,Credit Card,2026-03-10,6,2.4
ORD109696,CUS1373,Daniel Crawford,New Leslieland,Sports,928.07,5,Cash on Delivery,2025-11-09,2,2.6
ORD109697,CUS4645,Rebecca Oliver,Valentinestad,Sports,4207.41,5,Debit Card,2025-06-08,2,2.6
ORD109698,CUS2369,William Silva,Lake Arielview,Clothing,1089.46,3,Debit Card,2025-01-09,5,2.4
ORD109699,CUS4034,Michael Barnes,Port Gavin,Sports,3684.84,3,Credit Card,2024-04-23,1,1.1
ORD109700,CUS4924,Emily Medina,Lake Lawrence,Electronics,3222.9,2,Debit Card,2025-02-15,3,3.0
ORD109701,CUS7179,Virginia Flowers,East Tom,Home,868.97,5,UPI,2024-05-03,4,4.2
ORD109702,CUS3153,Cynthia Mann,Stephanieton,Books,4235.3,4,Net Banking,2025-06-22,7,2.5
ORD109703,CUS3802,Matthew Porter,Johnchester,Sports,3907.77,2,Debit Card,2026-02-27,3,1.8
ORD109704,CUS4513,Dennis Cunningham,Duaneberg,Books,2919.08,3,Net Banking,2025-06-19,5,4.9
ORD109705,CUS6472,Michele Murray,Kellerton,Electronics,2087.87,3,Credit Card,2024-05-01,5,4.8
ORD109706,CUS5249,Jon Nichols,New Cynthiaport,Electronics,657.42,2,Net Banking,2025-06-03,4,4.4
ORD109707,CUS7045,Brent Macias,South Richardport,Beauty,2574.99,1,Net Banking,2025-08-15,4,4.5
ORD109708,CUS9368,Kathy Martinez,Lake Margarethaven,Beauty,1214.51,4,Debit Card,2025-10-30,2,4.6
ORD109709,CUS7671,Cheryl Ferrell,Nunezstad,Sports,397.18,3,UPI,2026-01-01,6,4.9
ORD109710,CUS3738,Edward Richards,South Andrea,Clothing,3267.88,2,Credit Card,2025-12-27,2,1.8
ORD109711,CUS8253,Nicholas Mitchell,Myersborough,Beauty,3648.67,1,Net Banking,2024-05-20,2,3.2
ORD109712,CUS8291,David Moore,New Joshuafort,Books,1176.56,4,Net Banking,2024-09-16,3,2.5
ORD109713,CUS1879,Ryan Johnson,East Jamieside,Home,2458.54,3,Debit Card,2024-08-21,5,3.0
ORD109714,CUS1976,David Martin,North Teresa,Beauty,3388.3,2,Cash on Delivery,2025-11-04,6,1.3
ORD109715,CUS3208,Thomas Raymond,Brianville,Books,3346.07,2,UPI,2025-11-28,6,4.7
ORD109716,CUS7400,Sydney Stephens,Port Christine,Books,2088.82,3,Debit Card,2024-05-13,4,2.9
ORD109717,CUS9987,Sarah Miller,West Jessica,Books,3920.75,4,Credit Card,2024-12-25,2,1.9
ORD109718,CUS4900,Anthony Castillo,Lake Marie,Home,4187.45,5,Net Banking,2024-05-25,2,1.4
ORD109719,CUS4934,Steven Wyatt,Warnerburgh,Sports,2696.27,5,Net Banking,2025-08-21,7,4.6
ORD109720,CUS9195,Victor Gray,Jameston,Electronics,4990.48,5,Net Banking,2025-02-28,2,3.9
ORD109721,CUS8850,Destiny Jacobson,New Matthew,Electronics,188.06,3,UPI,2024-10-06,3,1.9
ORD109722,CUS8328,Charles Wagner,New Lisamouth,Sports,610.97,4,Credit Card,2025-04-21,2,4.9
ORD109723,CUS2690,Caitlin Hopkins,East Barryton,Beauty,1799.17,1,Net Banking,2024-08-13,1,4.5
ORD109724,CUS5313,Ashley Roberts,North Thomaschester,Clothing,3460.99,2,Net Banking,2025-10-16,1,1.4
ORD109725,CUS5748,Jerry Wells,Pricefurt,Clothing,2577.11,2,Net Banking,2025-12-27,6,3.1
ORD109726,CUS9779,,Lake Elizabeth,electronics,3562.86,5,UPI,2024-07-22,1,2.8
ORD109727,CUS7367,John Pratt,Colonburgh,Clothing,4080.9,3,Credit Card,2024-12-06,7,2.5
ORD109728,CUS9771,Anthony Peters,Austinmouth,Clothing,2404.53,4,Debit Card,2025-10-05,7,3.4
ORD109729,CUS6390,Joel Keller,North Sandra,Beauty,2509.4,1,Debit Card,2024-07-05,4,4.4
ORD109730,CUS2322,Lee Mcgrath,Allenville,Clothing,3948.83,1,Credit Card,2026-03-01,5,2.9
ORD109731,CUS4122,Patricia Williams,South Kaylaside,Clothing,4981.98,3,Cash on Delivery,2026-03-10,6,3.9
ORD109732,CUS8476,Beverly Kelly,Port Lisaside,Electronics,111.3,3,Cash on Delivery,2024-04-26,5,2.0
ORD109733,CUS1617,Julie Moore,Allisonchester,Home,1243.47,3,Cash on Delivery,2025-03-01,1,4.6
ORD109734,CUS6061,Mrs. Heather Donovan,North Gabrielberg,Books,3005.77,2,Credit Card,2025-09-19,3,1.8
ORD109735,CUS4036,Kim Alvarado,Lake Brett,Beauty,4269.52,2,Debit Card,2024-03-22,7,2.2
ORD109736,CUS8651,Lori Burgess DVM,Jacquelineport,Books,3617.29,4,Cash on Delivery,2026-02-03,5,4.7
ORD109737,CUS8716,Abigail Thompson,Josephtown,Books,2204.72,3,Cash on Delivery,2024-04-26,2,4.0
ORD109738,CUS4418,Jose Vasquez,Hartport,Sports,3764.62,4,UPI,2025-10-06,5,1.3
ORD109739,CUS9729,,Anthonyfort,Home,578.16,2,UPI,2024-08-09,1,4.7
ORD109740,CUS7282,Stacey Everett,East Mistyberg,Electronics,720.61,1,Debit Card,2025-07-13,7,2.0
ORD109741,CUS1713,Eugene Fisher,Lisatown,Home,2342.18,2,UPI,2024-05-18,7,2.2
ORD109742,CUS5044,Jennifer Ross,North Marissamouth,Electronics,4080.56,2,Net Banking,2025-08-30,1,1.1
ORD109743,CUS6041,Amber Campbell,Orrchester,Books,4005.46,2,Credit Card,2025-12-03,7,2.6
ORD109744,CUS5829,Randy Aguilar,Luishaven,Clothing,4810.97,5,UPI,2026-03-02,3,4.3
ORD109745,CUS8976,Bryan Bowers,Stephanieberg,Home,2884.2,5,Cash on Delivery,2024-12-27,7,4.6
ORD109746,CUS7878,Antonio Mills,Leetown,Home,3667.51,5,Net Banking,2025-08-24,5,1.6
ORD109747,CUS9507,Tyler Tran,New Richard,Books,2632.15,5,Credit Card,2025-04-10,1,3.4
ORD109748,CUS6623,Dennis Reid,North Michael,Sports,2400.06,4,Cash on Delivery,2024-08-01,7,2.2
ORD109749,CUS9567,George Cook,West Michaelhaven,Books,1162.58,1,UPI,2025-01-08,2,3.5
ORD109750,CUS2957,Sara Alvarez,Bradshawside,Electronics,4765.54,5,Credit Card,2025-08-01,3,2.8
ORD109751,CUS4546,Sandra Garcia,Port Timothyview,Books,3961.79,2,Cash on Delivery,2025-01-31,1,1.8
ORD109752,CUS2229,Brandon Anderson,East Melissa,Books,2695.8,4,Debit Card,2024-08-11,6,1.2
ORD109753,CUS6004,Andre Orr,West Danabury,Home,3885.65,3,UPI,2025-11-03,1,2.2
ORD109754,CUS1902,Amber Everett,East Jessefurt,Sports,3075.47,2,Debit Card,2026-02-02,2,3.2
ORD109755,CUS9431,Joshua Alvarez,Davisview,Sports,3641.09,3,Debit Card,2024-07-04,3,4.4
ORD109756,CUS4702,Jason Woodard,Monroeberg,Books,3423.53,1,Debit Card,2024-10-22,2,4.5
ORD109757,CUS6965,William Jones,Huffside,electronics,3001.17,3,Cash on Delivery,2024-04-30,7,4.6
ORD109758,CUS7222,David Wise,East Robertfurt,Electronics,1444.54,2,Credit Card,2024-06-17,3,4.8
ORD109759,CUS4423,Luke Sweeney,South Traceyport,Clothing,1889.24,1,Net Banking,2025-01-18,4,
ORD109760,CUS5855,Jesse Park,Erinburgh,Beauty,4256.41,1,Net Banking,2025-05-26,3,
ORD109761,CUS8640,Alex Martinez,North Nicholasfurt,Clothing,2154.33,4,Credit Card,2025-10-17,5,4.4
ORD109762,CUS1865,William Williams,North Cynthia,Books,374.43,2,Credit Card,2026-02-06,3,3.8
ORD109763,CUS6756,Allison Zuniga,Cookborough,Books,4286.59,3,Cash on Delivery,2024-05-19,4,
ORD109764,CUS3608,Daniel Carr,Morrismouth,Electronics,1375.87,1,Debit Card,2025-06-29,7,4.0
ORD109765,CUS4789,Troy Gonzalez,North Tracybury,Electronics,2317.4,2,Net Banking,2024-11-03,1,1.7
ORD109766,CUS1238,Alexis Martin,Spencerbury,Home,1905.95,5,Debit Card,2026-03-04,1,1.8
ORD109767,CUS4052,Bonnie Rosario,Grimesland,Beauty,4038.38,1,Credit Card,2025-06-03,5,1.4
ORD109768,CUS3998,Donna Caldwell,New Daniel,Books,3290.62,4,Credit Card,2025-12-05,2,
ORD109769,CUS2181,Mark Tucker,New Jessicaburgh,Books,4447.39,4,UPI,2025-10-13,6,2.7
ORD109770,CUS6187,,New Shannonburgh,Home,4488.6,3,Debit Card,2024-03-16,2,3.9
ORD109771,CUS3403,Gregory Patterson,Paulburgh,Clothing,3015.2,2,Credit Card,2025-07-01,3,1.7
ORD109772,CUS2765,Lisa Atkins,Lake Martin,Clothing,1464.64,5,Net Banking,2025-10-13,5,
ORD109773,CUS4837,Erik Jones,Mooreberg,Clothing,100.21,4,Cash on Delivery,2024-08-01,4,4.8
ORD109774,CUS8111,,Emilyville,Electronics,4261.15,3,UPI,2025-04-20,4,3.8
ORD109775,CUS5662,Jason Stafford,East Bradleybury,Sports,2872.47,5,Cash on Delivery,2024-08-15,3,3.1
ORD109776,CUS3179,Nicole Stephens,Marcmouth,Sports,529.78,3,Credit Card,2025-07-24,4,4.7
ORD109777,CUS2013,Jesse Brown,New Kaylachester,electronics,860.5,3,Credit Card,2025-02-20,1,4.3
ORD109778,CUS9565,David Huynh,Jonesmouth,Beauty,995.59,4,Credit Card,2025-10-05,4,
ORD109779,CUS8584,Harold Wilson,East Morgan,Books,683.82,1,Debit Card,2025-07-19,3,4.2
ORD109780,CUS1936,Lisa Crosby,Richardborough,Sports,1834.51,4,Credit Card,2025-01-14,5,3.5
ORD109781,CUS9125,Jamie Bell,Lake Nicolemouth,Books,997.49,4,Net Banking,2025-08-15,4,1.8
ORD109782,CUS1282,Christine Barker,New Jenniferbury,Clothing,2451.93,4,Net Banking,2024-03-12,1,1.7
ORD109783,CUS4701,Anthony Graves,Lake Steven,Beauty,2943.86,4,Net Banking,2025-04-26,2,2.4
ORD109784,CUS8739,Carlos Moore,Joneschester,electronics,560.66,3,Cash on Delivery,2025-09-21,6,4.7
ORD109785,CUS7638,Stephanie Bennett,Sherryhaven,Beauty,3410.53,5,Cash on Delivery,2025-09-02,4,2.9
ORD109786,CUS1040,Linda Ramsey,Castillotown,Clothing,469.96,3,Credit Card,2024-08-09,6,3.9
ORD109787,CUS9773,Jennifer Bennett,East Kelly,Clothing,1567.71,3,Credit Card,2024-09-05,2,3.8
ORD109788,CUS6871,Rodney Moyer,Webbchester,Sports,4284.08,2,Cash on Delivery,2025-02-11,4,1.8
ORD109789,CUS2435,Laura Mcdaniel,East Tinaborough,Electronics,411.22,1,Net Banking,2024-10-09,3,4.5
ORD109790,CUS5673,Christina Fisher,New Tammy,Sports,3870.15,2,Net Banking,2025-11-10,3,1.6
ORD109791,CUS2426,Dana Harper,West Rebeccaville,Beauty,682.51,3,Credit Card,2025-01-06,3,
ORD109792,CUS2911,Jacqueline Spencer,Lake Betty,Electronics,4406.18,3,Net Banking,2025-12-03,1,4.6
ORD109793,CUS9728,Mr. Ryan Wallace,Fryland,Clothing,2325.28,4,Debit Card,2025-10-18,2,3.1
ORD109794,CUS4534,Edward Hodge,Thompsonport,Books,3730.28,3,Cash on Delivery,2024-07-21,5,2.3
ORD109795,CUS4787,Michael Flores,Port Carolyn,Home,1106.25,3,Net Banking,2024-11-25,7,1.5
ORD109796,CUS1949,Brian Ward,Lake Daniel,Books,4691.98,5,UPI,2025-11-28,6,2.7
ORD109797,CUS6457,David Cox,Johnsonchester,Books,2008.02,2,Debit Card,2024-04-05,2,4.8
ORD109798,CUS8420,Wesley Gilbert,Lambertville,Clothing,1925.47,2,Debit Card,2024-11-04,5,3.2
ORD109799,CUS4154,Christopher Montgomery,Lewisfort,Beauty,2066.69,5,Credit Card,2024-12-13,3,3.0
ORD109800,CUS8816,Stephanie Hodge,Christensenside,Books,381.36,2,Cash on Delivery,2024-07-20,1,4.5
ORD109801,CUS1594,Luke Perkins,Jefferyfurt,Home,4432.07,5,Debit Card,2025-10-13,2,3.6
ORD109802,CUS4450,,Allenstad,electronics,2509.39,4,Credit Card,2025-04-21,6,4.1
ORD109803,CUS7496,Martin Bell,Port Craig,Electronics,4746.05,2,UPI,2024-04-09,2,1.8
ORD109804,CUS2895,Patricia Greer,Dylanville,Home,1462.05,4,UPI,2025-11-22,4,4.4
ORD109805,CUS2732,Jamie Brown,Rodriguezland,Beauty,325.06,4,Net Banking,2025-05-01,7,4.0
ORD109806,CUS3064,William Robles,Allenfort,Beauty,1244.9,5,Net Banking,2025-12-24,6,1.8
ORD109807,CUS6315,Edward Byrd,Aliciastad,Electronics,2438.54,1,Cash on Delivery,2025-11-19,3,3.0
ORD109808,CUS2669,Jose Dennis,Lake Kevinshire,Books,2756.68,1,Cash on Delivery,2024-09-04,2,5.0
ORD109809,CUS7989,Dennis Smith,East Josephmouth,Clothing,913.72,3,Credit Card,2025-09-05,6,4.8
ORD109810,CUS2093,Jeremy Fox,New Michaelton,Sports,2441.95,5,Debit Card,2025-10-06,3,4.5
ORD109811,CUS7554,Kelsey Johnson,West Virginia,Beauty,2063.3,1,Credit Card,2026-01-29,4,2.7
ORD109812,CUS2766,Jason Ramos III,Johnsonstad,Books,722.6,1,UPI,2025-12-27,5,2.6
ORD109813,CUS4973,Anthony Tran,South Cassandra,Sports,435.39,5,Cash on Delivery,2025-08-08,5,2.5
ORD109814,CUS7403,Tyler Cross,Conradshire,Clothing,4094.56,5,UPI,2025-05-28,4,1.3
ORD109815,CUS2141,Erica Navarro,South Susan,Home,1533.59,5,Cash on Delivery,2025-07-16,5,2.0
ORD109816,CUS9086,Alicia Palmer,New Stevenland,Home,296.01,2,Cash on Delivery,2025-03-28,1,4.3
ORD109817,CUS4077,Tiffany Allen,Phelpsborough,Books,2615.79,3,UPI,2024-09-12,5,3.2
ORD109818,CUS2687,Eric Snow,South Natasha,Clothing,1831.87,5,Credit Card,2026-02-24,7,2.7
ORD109819,CUS8164,Daniel Underwood,Nicoleberg,Electronics,3463.37,1,Net Banking,2025-02-10,7,1.9
ORD109820,CUS2845,Sarah Conner,Martinezfurt,Clothing,4824.66,4,UPI,2025-03-02,7,4.7
ORD109821,CUS8482,Mr. Michael White Jr.,East Jodi,Beauty,2258.91,3,Net Banking,2025-05-12,2,1.7
ORD109822,CUS3162,Julie Wood,South Kent,Books,491.03,1,Cash on Delivery,2024-10-26,6,3.0
ORD109823,CUS5112,Joshua Lewis,New Lindsay,Clothing,2917.83,4,Net Banking,2025-04-16,7,4.7
ORD109824,CUS3955,Ashley Jackson,New Alyssatown,Books,2002.8,3,Credit Card,2025-11-19,4,5.0
ORD109825,CUS2022,Keith Cardenas,Duranchester,Sports,2669.76,5,Debit Card,2024-05-16,5,3.3
ORD109826,CUS3999,Matthew Martin,North Lukemouth,Clothing,4623.15,1,Credit Card,2024-10-01,4,3.3
ORD109827,CUS2087,Kristin Jimenez,Butlerberg,Electronics,4942.54,2,UPI,2024-04-15,7,4.2
ORD109828,CUS6978,Sandra Snyder,West Lauren,Sports,1638.82,5,Cash on Delivery,2024-06-18,6,
ORD109829,CUS3674,Steven Rhodes,Lake Laurenburgh,Clothing,775.94,1,Net Banking,2024-04-04,3,2.0
ORD109830,CUS5833,Lisa Ayala,South Phillipburgh,Books,1292.62,4,UPI,2026-02-15,6,4.9
ORD109831,CUS5976,Donald Hernandez,New Spencertown,Electronics,3660.47,4,Credit Card,2024-09-14,7,4.5
ORD109832,CUS2669,Anna Banks,North Amandaborough,Books,639.72,4,UPI,2024-10-07,7,5.0
ORD109833,CUS8838,Steven Green,Acostaton,Electronics,3270.47,3,Net Banking,2025-10-24,4,1.7
ORD109834,CUS5039,Katherine Simpson,East John,Beauty,4567.26,5,Net Banking,2025-09-02,7,2.2
ORD109835,CUS2149,Peter White,Tuckermouth,Home,540.28,5,Net Banking,2024-10-23,4,2.3
ORD109836,CUS3045,Brian Erickson,West Robyn,Sports,2337.74,1,Cash on Delivery,2025-09-02,3,
ORD109837,CUS2083,Jason Velasquez,Micheleburgh,Home,2640.36,2,Net Banking,2025-04-30,5,1.8
ORD109838,CUS1843,Victoria Campbell,South Christopher,Beauty,3623.28,3,Credit Card,2026-01-18,1,
ORD109839,CUS1069,Stephanie Skinner,Michaelfort,Electronics,2004.31,4,Net Banking,2024-05-24,1,3.2
ORD109840,CUS8533,Ryan English,South Kathrynberg,Electronics,3365.55,2,Credit Card,2025-02-25,3,4.1
ORD109841,CUS4189,Michael Meza,North Gina,Clothing,2502.15,3,UPI,2024-08-27,7,4.8
ORD109842,CUS6092,Richard Martinez,Clairefurt,Electronics,476.49,1,Debit Card,2024-12-16,4,3.5
ORD109843,CUS8991,Ruth Miller,Kellyland,Beauty,1785.03,5,Net Banking,2025-01-10,7,4.8
ORD109844,CUS7682,Terri Evans,Lake Donaldmouth,Beauty,3144.67,5,Credit Card,2025-10-17,3,4.2
ORD109845,CUS7410,Jeremy Mcbride,South Carlshire,Beauty,3194.34,3,Net Banking,2026-01-29,2,2.7
ORD109846,CUS1579,James Lee,North Robert,Clothing,381.32,1,Credit Card,2025-11-27,1,4.6
ORD109847,CUS4881,Sean Warren,New Jerryport,Books,2245.31,1,Cash on Delivery,2025-10-20,7,4.7
ORD109848,CUS9994,Holly Smith,West Kaitlyn,Home,2243.95,4,Net Banking,2024-04-12,3,3.7
ORD109849,CUS6379,Cassandra Alexander,Vasquezview,Home,1256.19,5,UPI,2024-04-12,1,4.2
ORD109850,CUS2747,Craig Foster PhD,West Christy,Electronics,4955.4,3,Credit Card,2025-03-26,4,4.6
ORD109851,CUS1184,Tiffany Houston,North Heidi,Clothing,3767.73,3,Net Banking,2024-09-13,6,
ORD109852,CUS5829,Laura Osborne,Stephenmouth,Electronics,408.99,3,Cash on Delivery,2026-01-14,3,3.1
ORD109853,CUS6482,Dylan Reed,New Tyler,Electronics,3212.57,1,Cash on Delivery,2024-09-04,2,3.0
ORD109854,CUS3819,Johnny Suarez,Port James,Books,1257.27,2,Net Banking,2025-07-22,1,4.1
ORD109855,CUS2895,Brandon Martinez,New Dustinchester,Books,3489.52,1,Credit Card,2024-12-22,2,3.1
ORD109856,CUS4020,Benjamin Marsh,New Karen,Electronics,1826.64,1,UPI,2025-09-11,7,3.0
ORD109857,CUS2108,Matthew Carter,Johnshire,Electronics,2180.6,3,Credit Card,2025-03-03,4,3.4
ORD109858,CUS8909,William Mclaughlin,Coreyfort,Electronics,491.82,3,Credit Card,2025-02-08,7,4.4
ORD109859,CUS3972,Christine Harris,Walshmouth,Clothing,2272.57,1,UPI,2024-07-25,2,1.1
ORD109860,CUS4907,Ana Pacheco,Kaitlinberg,Sports,3138.03,1,Credit Card,2025-09-19,3,3.6
ORD109861,CUS4439,Henry Sloan PhD,Scottport,Home,2419.22,2,Cash on Delivery,2024-05-12,4,1.2
ORD109862,CUS9559,James Daugherty,Marquezborough,Electronics,663.54,2,Cash on Delivery,2025-02-04,2,1.7
ORD109863,CUS8629,Cole Anderson,Andrewport,Electronics,3715.04,2,Credit Card,2024-09-09,4,3.1
ORD109864,CUS3040,Hector Hardin,Scottfort,Electronics,2594.51,1,Cash on Delivery,2024-09-12,5,1.8
ORD109865,CUS5344,Patricia Watkins,Lake Wendyfort,Books,3438.6,4,Net Banking,2024-04-30,3,4.1
ORD109866,CUS2973,Alexander Taylor,Underwoodburgh,Electronics,2132.41,2,Net Banking,2024-08-22,2,2.3
ORD109867,CUS8079,Joseph Luna,Lonnieshire,Electronics,3524.57,4,UPI,2024-05-03,1,2.8
ORD109868,CUS2324,Roger Mercer,North Julieberg,Home,271.09,4,Debit Card,2025-01-05,2,2.1
ORD109869,CUS1967,,Caroltown,Beauty,4080.67,4,UPI,2025-11-14,1,4.4
ORD109870,CUS8935,Brandon Rodriguez,Eduardofort,Sports,4604.9,2,Credit Card,2025-08-14,5,4.6
ORD109871,CUS6558,Kathryn Rodriguez,South Alishamouth,Sports,3168.71,3,Cash on Delivery,2024-07-01,3,3.3
ORD109872,CUS7276,Sharon Sanchez,Thomastown,Beauty,2791.37,1,Credit Card,2024-09-16,4,5.0
ORD109873,CUS4405,Douglas Roach,Davismouth,Electronics,4488.97,4,Net Banking,2024-11-22,6,2.8
ORD109874,CUS5995,Kristina Lawson,Lake Georgetown,Clothing,2448.47,1,UPI,2024-04-13,3,3.1
ORD109875,CUS4516,,West Johnville,Beauty,1437.69,4,Cash on Delivery,2025-09-27,1,4.4
ORD109876,CUS6545,Cody Hernandez,Butlerfurt,Sports,3908.56,4,Cash on Delivery,2026-01-26,3,3.9
ORD109877,CUS8013,Stacy Holmes,Briggsshire,Books,4803.11,3,Credit Card,2024-11-17,3,2.6
ORD109878,CUS3487,Michelle Huerta,North Megan,Home,1601.4,3,Cash on Delivery,2025-01-03,3,1.5
ORD109879,CUS8060,,South Deborahville,Home,4933.61,5,UPI,2025-12-16,3,4.4
ORD109880,CUS8650,Matthew Thomas,Alexanderborough,Sports,2872.0,3,Credit Card,2026-01-31,6,3.1
ORD109881,CUS8057,Michael Mclaughlin,New Samantha,Sports,1237.58,3,Credit Card,2024-05-13,2,2.9
ORD109882,CUS8885,Mrs. Tamara Liu,Bonillafurt,Electronics,3306.26,3,Net Banking,2025-08-02,7,2.2
ORD109883,CUS8564,Cody Hardy,Ronaldberg,Sports,4904.02,4,UPI,2025-07-26,3,1.3
ORD109884,CUS7146,Nicole Peterson,West Shannon,Clothing,4057.44,5,Credit Card,2026-01-30,5,1.4
ORD109885,CUS6434,Connor Boyd,Port Paulmouth,Books,1654.9,2,UPI,2026-01-11,2,3.3
ORD109886,CUS3475,Mallory Stewart,Lake Barbara,Home,3918.33,1,UPI,2024-07-24,4,1.3
ORD109887,CUS3011,Ryan Jackson,East Tarachester,electronics,3905.65,3,UPI,2025-11-22,7,4.0
ORD109888,CUS3362,Rachel Watkins,Marvinmouth,Beauty,1790.46,2,UPI,2024-09-30,7,2.4
ORD109889,CUS9518,Savannah Gillespie,West Bonnie,Electronics,823.44,2,Net Banking,2024-10-04,7,1.3
ORD109890,CUS7005,Kyle Lopez,Lake Travisside,Electronics,783.97,3,Net Banking,2025-03-28,2,
ORD109891,CUS9922,Kaitlin Hicks,Ericshire,Sports,1688.59,1,Debit Card,2025-07-02,1,1.3
ORD109892,CUS2033,Dawn Brennan,Port Adam,Clothing,4055.92,2,UPI,2025-04-26,7,3.9
ORD109893,CUS6793,Cassandra Petersen,Keithland,Electronics,1906.27,1,UPI,2024-10-29,1,1.8
ORD109894,CUS7338,April Carey,Julietown,Beauty,2612.4,5,UPI,2025-09-03,2,4.7
ORD109895,CUS9384,,Michaelhaven,Home,3848.88,3,Credit Card,2024-06-30,2,2.4
ORD109896,CUS4654,Mary Rodriguez,Teresastad,Books,1726.49,1,Credit Card,2025-04-04,2,1.6
ORD109897,CUS7018,Samuel Price,West Jay,Beauty,2088.22,2,Net Banking,2025-11-09,1,4.8
ORD109898,CUS4402,Nicholas Byrd,Port Manuelton,Clothing,4128.95,2,Net Banking,2025-06-10,4,2.6
ORD109899,CUS5089,,Piercetown,Electronics,1819.84,3,Cash on Delivery,2026-02-15,2,
ORD109900,CUS7174,,Bowmanmouth,Clothing,4415.75,5,Net Banking,2025-05-26,6,2.5
ORD109901,CUS9719,Dustin Thomas,West Alexandraborough,Clothing,3497.28,2,UPI,2025-07-31,4,1.5
ORD109902,CUS9364,David Cantrell,Johnchester,Clothing,3573.31,4,UPI,2025-01-12,7,4.7
ORD109903,CUS9288,Andrew Campbell,Waltontown,Electronics,2394.16,3,Cash on Delivery,2026-03-03,3,1.1
ORD109904,CUS9871,Cameron Grant,Lake Lori,Beauty,1060.75,5,UPI,2025-05-09,7,3.3
ORD109905,CUS9434,Jacqueline Valenzuela,Jonesberg,Sports,2654.85,2,Debit Card,2024-08-20,7,4.6
ORD109906,CUS8123,John Edwards,Port Bryanville,Books,151.56,4,UPI,2024-10-21,5,2.0
ORD109907,CUS4535,Samantha Manning,Brianbury,Sports,2805.88,3,UPI,2025-11-17,1,
ORD109908,CUS1159,Crystal Hernandez,Austinland,Books,1818.47,5,Credit Card,2025-08-12,5,3.3
ORD109909,CUS5418,,Carlosport,Sports,4276.04,3,UPI,2024-09-04,7,1.7
ORD109910,CUS4552,Christopher Kramer,East Tammy,Electronics,1500.32,2,UPI,2025-05-26,2,2.6
ORD109911,CUS8654,Scott Velez,East Loganton,Sports,1216.56,3,Credit Card,2025-12-24,7,2.0
ORD109912,CUS4847,Greg Glenn,East Johnny,Books,3073.24,4,Net Banking,2024-11-15,2,4.0
ORD109913,CUS5762,Brandon Bartlett,Anthonyside,Sports,854.6,3,UPI,2024-11-13,2,4.9
ORD109914,CUS8402,Robert Woods MD,Wilsonmouth,electronics,3111.25,1,UPI,2024-09-24,3,4.5
ORD109915,CUS1448,Carl Clark,Lake Michaeltown,Clothing,977.55,1,Credit Card,2026-02-22,3,2.2
ORD109916,CUS1983,John Rodriguez,West Abigail,Books,3323.26,4,Credit Card,2025-03-17,6,1.9
ORD109917,CUS7485,Ryan Watson,Alisonstad,Electronics,1593.77,4,Credit Card,2025-03-02,6,3.0
ORD109918,CUS8495,Kimberly Evans,Port Tinachester,Electronics,4282.8,2,Cash on Delivery,2025-05-19,3,1.9
ORD109919,CUS2186,William Mcclure,Port Brenthaven,Sports,3615.46,5,Cash on Delivery,2025-04-26,7,4.3
ORD109920,CUS5903,Angela Odonnell,Jonesmouth,Sports,877.97,2,UPI,2024-07-24,5,2.2
ORD109921,CUS2455,Rebecca Alexander,Lake Jennifer,Books,2060.68,5,Net Banking,2024-12-20,7,4.7
ORD109922,CUS9226,Maria Meyers,South Logan,Electronics,4547.29,1,Cash on Delivery,2025-01-27,6,4.9
ORD109923,CUS3446,Veronica Dillon,Michaelton,Home,3832.3,2,Net Banking,2024-08-15,1,3.8
ORD109924,CUS5210,Hailey Young,Kimberlychester,Sports,4355.74,2,Cash on Delivery,2025-10-18,6,4.4
ORD109925,CUS9104,Mr. Garrett Rivera,West Sheila,Books,688.47,5,Net Banking,2024-11-07,2,4.1
ORD109926,CUS2794,Joshua Morgan,Franklinside,Electronics,2257.08,3,Credit Card,2025-09-18,6,3.3
ORD109927,CUS5843,Diana Young,Lake Jamesport,Beauty,3988.63,3,Debit Card,2024-07-04,2,2.7
ORD109928,CUS3853,Barbara Myers,North James,Home,3652.74,2,Net Banking,2025-04-07,4,2.0
ORD109929,CUS5368,Connie Lyons,Mendozaside,Electronics,1943.49,1,Debit Card,2026-01-19,2,2.3
ORD109930,CUS9699,John Williams,East Janice,Sports,1813.4,2,Debit Card,2025-02-02,1,3.5
ORD109931,CUS6428,Dr. Christina Johnson,Davismouth,Sports,3644.54,2,UPI,2024-07-21,5,2.9
ORD109932,CUS9942,Jessica Boyle,Port Sarahberg,Sports,1161.07,3,Cash on Delivery,2025-05-24,3,2.3
ORD109933,CUS3712,Michelle Johnson,North Lynnberg,Clothing,127.0,4,Debit Card,2024-11-12,3,4.2
ORD109934,CUS6351,Walter Wells,Lake Brandiview,Books,3251.67,5,UPI,2025-06-14,2,4.6
ORD109935,CUS4128,Lisa Dickson,Swansonhaven,Clothing,4223.54,2,Cash on Delivery,2024-04-26,4,3.2
ORD109936,CUS2880,Derrick Mckee,North Matthewhaven,Clothing,2503.12,5,Cash on Delivery,2025-12-03,2,1.9
ORD109937,CUS6194,Philip Carlson,West Michaelbury,Books,1634.99,5,Net Banking,2024-08-30,4,1.8
ORD109938,CUS7398,Angela Fitzgerald,Stacyport,Clothing,457.31,4,Debit Card,2025-04-10,6,1.7
ORD109939,CUS8746,Susan Harris,New Lindseyberg,Clothing,320.33,3,Cash on Delivery,2026-01-01,3,3.9
ORD109940,CUS7038,Carla Davis,Davidville,Clothing,2460.46,4,Credit Card,2024-03-19,2,2.0
ORD109941,CUS3709,Larry Watson,West Jessica,Beauty,1661.21,1,UPI,2026-01-04,2,2.2
ORD109942,CUS1449,Kristie Sims,New Patriciahaven,Books,2664.55,5,Debit Card,2025-08-24,2,3.3
ORD109943,CUS6936,Ryan Parker,Port Alicia,Home,223.25,2,Cash on Delivery,2025-04-09,4,1.0
ORD109944,CUS9653,Lindsey Aguilar,Gibbston,electronics,2630.58,5,Cash on Delivery,2024-06-04,5,2.4
ORD109945,CUS7100,Cynthia Green,Collinsfort,Home,2292.53,5,UPI,2024-08-22,7,4.4
ORD109946,CUS1826,Krista Little,New James,Home,1535.65,5,Cash on Delivery,2024-11-03,1,2.5
ORD109947,CUS2591,Gregory Arroyo,East Kevinton,Electronics,1121.82,2,UPI,2024-11-17,3,2.3
ORD109948,CUS3710,Vickie Hall,South Jessica,Electronics,2854.06,5,UPI,2024-04-13,4,4.4
ORD109949,CUS3251,Charles Williams,Davidbury,Electronics,3843.32,2,Credit Card,2025-12-13,6,3.9
ORD109950,CUS3206,Gary Harper,West Hollyton,Books,897.27,2,Debit Card,2025-12-05,5,4.9
ORD109951,CUS8888,,Josephhaven,Clothing,2788.41,2,Net Banking,2026-01-16,4,3.2
ORD109952,CUS8050,Susan Powell,North Becky,Clothing,3225.34,2,Cash on Delivery,2025-03-15,7,3.0
ORD109953,CUS2730,Savannah Powell,Hillport,Beauty,1526.2,3,Credit Card,2025-02-23,6,4.2
ORD109954,CUS1682,Donna Payne,Vincenttown,Books,4683.22,2,UPI,2025-07-15,6,4.9
ORD109955,CUS1553,Andrew Smith,Michaelmouth,Clothing,1003.36,3,Credit Card,2025-01-28,5,3.6
ORD109956,CUS2271,Miguel Hendrix,North Angela,Beauty,564.16,2,Debit Card,2025-05-12,4,2.1
ORD109957,CUS3311,Julia Martinez,Andersonhaven,Books,3026.55,4,Credit Card,2025-02-12,1,4.8
ORD109958,CUS3046,Todd Sexton,North Grant,electronics,1624.13,4,Net Banking,2025-06-07,4,2.6
ORD109959,CUS6185,Michael Sanchez,Pageville,Books,4416.2,3,Credit Card,2025-07-24,4,4.1
ORD109960,CUS2010,,Christophermouth,Books,2118.59,5,Debit Card,2025-04-08,3,4.5
ORD109961,CUS6322,Wanda David,Port Dianaland,Books,266.54,3,UPI,2025-01-20,7,1.7
ORD109962,CUS9459,Troy Soto,Mooreland,Sports,1186.23,4,Credit Card,2025-11-05,5,4.7
ORD109963,CUS5724,Katherine Perez,Rowemouth,Electronics,4175.99,1,UPI,2024-07-27,6,4.0
ORD109964,CUS1224,Kaitlyn Byrd,Kennethfort,Beauty,3594.15,3,UPI,2024-10-11,2,4.9
ORD109965,CUS8482,Kristin Bush,Debraberg,Electronics,2789.25,5,Debit Card,2025-12-26,6,3.0
ORD109966,CUS4718,Shannon Ewing,West Nicholas,Books,469.16,3,Credit Card,2025-03-16,1,3.2
ORD109967,CUS3008,Ashley Berger,Marieshire,Sports,1874.75,3,Debit Card,2025-09-19,5,3.3
ORD109968,CUS8606,Paul Robinson,Port Rebeccabury,Home,3898.76,2,Net Banking,2025-12-19,1,5.0
ORD109969,CUS8524,Edward Sanchez,New Saraburgh,Home,2019.89,1,Credit Card,2024-12-11,1,2.2
ORD109970,CUS1704,Michelle Harris,West Carolmouth,Electronics,811.47,3,Cash on Delivery,2025-10-27,3,1.6
ORD109971,CUS5908,Erica Pope,Chloeville,Home,3196.56,2,Debit Card,2026-02-26,6,4.0
ORD109972,CUS8113,Caroline Fitzgerald,Rebeccabury,Electronics,1995.41,3,Debit Card,2025-12-05,2,4.8
ORD109973,CUS7561,Michael Le,East Michael,Beauty,3276.71,3,Credit Card,2025-03-17,1,1.8
ORD109974,CUS4060,Theresa Dudley,Christopherport,Clothing,4872.36,4,Credit Card,2024-12-27,5,2.5
ORD109975,CUS1832,David Robertson,Lake Melissaburgh,Electronics,1132.07,2,UPI,2025-10-04,3,3.9
ORD109976,CUS4228,Michael James,Mercedesview,Home,516.3,5,Debit Card,2024-11-19,1,1.9
ORD109977,CUS4303,Lisa Berg,Destinytown,Clothing,4915.1,2,Debit Card,2024-09-26,1,1.8
ORD109978,CUS1059,Dr. Jennifer Valentine,East Robertton,Electronics,3414.93,2,UPI,2024-05-03,3,3.2
ORD109979,CUS2980,Vincent Johnson,South Alexander,Books,4341.61,5,Cash on Delivery,2025-08-05,1,2.8
ORD109980,CUS8200,Benjamin Foster,Phyllisport,Beauty,4794.37,1,Credit Card,2024-12-11,3,3.0
ORD109981,CUS1825,Tara Chan,Conniemouth,Home,1458.34,1,UPI,2025-06-22,7,1.3
ORD109982,CUS3628,Sabrina Stone,East Christopher,Beauty,1273.74,4,Net Banking,2025-05-08,4,4.3
ORD109983,CUS2362,Stephen House,New Deborahfort,Home,3882.23,4,Cash on Delivery,2025-10-17,3,4.3
ORD109984,CUS1116,Jessica Lee,Bonnieview,Beauty,3856.24,2,Credit Card,2024-10-03,5,3.5
ORD109985,CUS7036,Sarah Brown,Martinburgh,Clothing,4955.8,5,UPI,2024-07-11,7,4.9
ORD109986,CUS1670,,Lake Amanda,Books,875.53,1,Debit Card,2024-09-11,1,1.3
ORD109987,CUS3868,Kenneth Kramer,East Douglas,Sports,4074.6,2,Credit Card,2025-10-18,4,3.9
ORD109988,CUS3645,Jessica Russell,Johnland,Electronics,598.22,1,Credit Card,2025-05-05,3,1.5
ORD109989,CUS3853,Kevin Grant,West Jerry,Beauty,1268.51,4,UPI,2025-06-16,4,3.2
ORD109990,CUS7838,Rebecca Vega,Port Jared,Electronics,4633.26,5,Credit Card,2025-03-31,6,4.8
ORD109991,CUS8970,Michael Chapman,West Alexander,Home,3085.18,3,Debit Card,2025-05-24,5,3.0
ORD109992,CUS9242,Jesse Palmer,Johntown,Sports,158.32,1,Cash on Delivery,2024-08-10,1,4.2
ORD109993,CUS4776,Christina Gilmore,North Robinton,Sports,4891.48,2,Net Banking,2024-05-03,7,5.0
ORD109994,CUS9742,Jose Morgan,Coxside,Beauty,4375.16,3,Credit Card,2025-05-24,7,4.8
ORD109995,CUS8950,Amanda Elliott,Brianbury,Books,4781.81,3,Credit Card,2024-05-06,2,2.9
ORD109996,CUS7608,Jorge Anderson,Lisaton,Books,3645.34,5,Credit Card,2026-02-27,4,1.0
ORD109997,CUS3281,Emily Mccann,Woodston,Clothing,1267.24,3,Credit Card,2025-09-25,7,1.3
ORD109998,CUS4524,Samantha Brown,West Kelly,Beauty,3888.35,4,Cash on Delivery,2024-07-29,6,4.1
ORD109999,CUS1677,Justin Harvey,Caitlinland,Home,397.86,2,Net Banking,2025-12-18,5,4.8
ORD100798,CUS6579,Elizabeth King,West Reneeside,Books,356.59,3,UPI,2024-11-22,2,2.7
ORD105470,CUS1487,Rodney Romero,East Robertfurt,Beauty,2779.62,2,Net Banking,2025-01-01,3,1.5
ORD105301,CUS6612,Michael Cooley,New Shirleyside,Home,1151.52,4,Credit Card,2025-03-28,3,2.0
ORD105303,CUS8511,John Walsh,Port Jennifer,Beauty,2153.73,5,Credit Card,2026-01-08,5,3.0
ORD105990,CUS4026,Terry Gill,East Jessicaside,Books,755.23,3,UPI,2024-09-21,5,1.5
ORD100318,CUS7745,William Perez,Patrickfort,Electronics,4982.43,2,Debit Card,2025-10-08,6,2.8
ORD100847,CUS6983,Jennifer Reyes,Dennisland,Sports,4190.56,3,Debit Card,2025-04-28,4,3.5
ORD106137,CUS1232,Hannah Parker,Morrisborough,Electronics,4855.47,5,Net Banking,2024-05-11,2,3.2
ORD100253,CUS9540,Donna Wright,Bakershire,electronics,4317.64,5,Cash on Delivery,2024-08-06,2,2.9
ORD100423,CUS9866,Troy Allen,Bonillaville,Beauty,2486.52,3,Credit Card,2024-04-02,7,1.0
ORD106607,CUS9080,Mark Lewis,West James,Sports,1137.52,1,Credit Card,2024-10-19,1,3.4
ORD100334,CUS3419,Sonya Cummings,Margaretshire,Beauty,2916.32,4,UPI,2024-04-22,3,3.7
ORD109004,CUS9261,Lori Gordon,Davidmouth,Sports,3147.38,3,Cash on Delivery,2025-05-25,3,1.3
ORD102512,CUS5000,Vickie Price,Port April,Home,1069.09,3,Credit Card,2025-04-06,7,4.9
ORD101314,CUS7144,Bruce Ayala,Hallhaven,Sports,668.16,4,Cash on Delivery,2024-09-14,3,1.7
ORD109829,CUS3674,Steven Rhodes,Lake Laurenburgh,Clothing,775.94,1,Net Banking,2024-04-04,3,2.0
ORD108264,CUS1180,Suzanne Morales,Pierceside,Home,4835.95,3,UPI,2025-04-24,3,4.6
ORD102439,CUS5944,David Lopez,Port Sherryview,Books,3661.05,2,UPI,2024-07-07,7,1.9
ORD106501,CUS9527,Crystal Medina,Thomaschester,Electronics,946.6,3,Credit Card,2025-07-29,5,3.2
ORD100563,CUS5961,Jonathan Gardner,Johnsonberg,Electronics,193.79,3,UPI,2024-11-02,6,1.8
ORD104291,CUS7103,Daniel Lane,Lopezshire,Books,2765.16,4,Credit Card,2024-03-15,2,2.6
ORD103500,CUS9692,Amanda Valencia,Andrewfurt,Beauty,330.81,2,UPI,2025-03-02,3,4.0
ORD100769,CUS4509,Crystal Robinson,South Michael,Sports,3703.4,4,Net Banking,2026-01-23,6,4.3
ORD109419,CUS8704,Melinda Hays,Mccarthyfort,Home,4209.68,3,UPI,2025-11-10,5,2.5
ORD105284,CUS7471,,Lake Annaport,Electronics,2600.41,2,Cash on Delivery,2025-02-11,5,4.8
ORD107113,CUS6843,Christy Nelson,Fitzpatrickville,Electronics,4058.74,1,UPI,2025-09-26,3,4.1
ORD101337,CUS8036,Carol Whitney,West Brandon,Clothing,1174.13,5,Cash on Delivery,2024-07-11,4,1.8
ORD108026,CUS1523,Sarah Callahan,New Brittanyburgh,Clothing,908.16,4,Debit Card,2026-01-16,2,2.8
ORD100876,CUS5084,Martin Mitchell,South Nicholasmouth,Electronics,676.52,4,Net Banking,2026-02-14,2,3.6
ORD105957,CUS9408,Jane Weber,Denisestad,Beauty,4348.81,3,Debit Card,2026-02-13,2,1.3
ORD102301,CUS8695,Johnathan Alvarez,Port Josemouth,electronics,1901.95,3,Debit Card,2024-04-24,7,2.5
ORD104018,CUS4615,,Conleychester,Electronics,2518.77,5,UPI,2025-04-27,4,3.9
ORD101240,CUS3781,Joseph Martin,South Jeffreyside,Clothing,4999.44,5,Cash on Delivery,2025-12-15,4,4.2
ORD101550,CUS5897,Anthony Cline,Danielburgh,Clothing,1588.9,1,UPI,2025-03-05,4,4.7
ORD100444,CUS9943,Olivia Walter,Catherineshire,Sports,1660.35,3,Debit Card,2025-01-26,3,4.0
ORD101890,CUS6775,Elizabeth Jordan,Bettyberg,Clothing,1413.7,5,UPI,2025-09-15,7,1.7
ORD104139,CUS7352,Dr. Brianna Perkins,Port Jaime,Beauty,804.25,2,UPI,2025-06-20,6,4.0
ORD100672,CUS4052,Antonio Moreno,East Matthewside,Electronics,341.99,3,Net Banking,2025-12-20,3,4.6
ORD109565,CUS9904,Matthew Espinoza,Marissaberg,electronics,614.35,1,Cash on Delivery,2024-04-20,3,4.5
ORD109250,CUS6173,Elizabeth Lopez,West Sarahborough,Books,931.17,5,UPI,2025-12-28,5,1.3
ORD105781,CUS3744,Stacy Mejia,Stevensonfort,Books,1229.55,4,Net Banking,2024-07-21,5,1.0
ORD101069,CUS4973,Denise Johnson,East Zachary,Clothing,3457.51,1,Credit Card,2024-06-09,2,4.2
ORD100129,CUS8783,Megan Delgado,West Michelle,Sports,1855.75,4,Debit Card,2025-03-19,6,4.0
ORD103643,CUS1426,Christopher Phillips,Jeanstad,Clothing,1062.89,1,Cash on Delivery,2026-03-09,3,2.1
ORD107498,CUS4105,Todd Ibarra,South Barbarachester,Books,2788.82,2,UPI,2025-08-11,1,2.0
ORD103759,CUS9868,Terry White MD,Patelshire,electronics,690.92,5,Cash on Delivery,2024-05-04,1,1.6
ORD100828,CUS8561,James Davis,Port Brandonland,Sports,4471.74,3,Net Banking,2026-02-27,2,3.1
ORD106859,CUS8472,Sarah Sanford,Timothyside,Books,3656.78,5,Credit Card,2025-07-01,3,3.6
ORD105873,CUS6122,Ms. Abigail Johnson,Juanshire,Sports,1660.27,1,Debit Card,2024-05-18,2,1.8
ORD102427,CUS4031,Jeffrey Johnson,East Kaylee,Clothing,863.87,4,Cash on Delivery,2024-05-19,6,3.9
ORD109789,CUS2435,Laura Mcdaniel,East Tinaborough,Electronics,411.22,1,Net Banking,2024-10-09,3,4.5
ORD104252,CUS5418,,West Shannon,Electronics,1076.83,5,Credit Card,2024-12-16,2,3.1
ORD103255,CUS8737,Michele Moore,Christopherborough,Clothing,2063.52,2,Credit Card,2024-11-15,1,4.7
ORD108199,CUS2040,Jose Smith,New Michael,Home,1587.96,4,Credit Card,2025-06-08,3,4.2
ORD104306,CUS6492,,Port Lisa,Beauty,2726.69,4,Debit Card,2024-11-07,6,4.8
ORD103645,CUS8349,Leah Perry,West Ericburgh,Beauty,3922.78,4,Debit Card,2025-10-01,3,3.9
ORD102896,CUS2980,Steven Galloway,Robertshire,Home,2224.88,1,Net Banking,2024-05-02,4,5.0
ORD101664,CUS9365,Emma Aguilar,West Kevin,Books,1425.28,4,UPI,2024-03-31,6,4.4
ORD106743,CUS7307,Kristen Gallegos,Marthabury,Sports,3343.55,4,Cash on Delivery,2025-10-04,2,1.8
ORD109231,CUS5483,Traci Myers,Gregport,Books,2964.85,2,UPI,2024-04-17,4,1.3
ORD109939,CUS8746,Susan Harris,New Lindseyberg,Clothing,320.33,3,Cash on Delivery,2026-01-01,3,3.9
ORD100416,CUS1265,Christopher Sharp,Lake Christopherville,Electronics,4923.93,4,Credit Card,2026-02-27,2,1.6
ORD101061,CUS3545,,Danielland,Clothing,2068.9,1,Net Banking,2025-08-05,6,1.7
ORD100053,CUS1865,John Payne,Martinhaven,Sports,222.78,4,Debit Card,2024-07-02,4,1.7
ORD107671,CUS8078,Patricia Sanchez,Jessicaville,Books,3733.43,4,Debit Card,2025-12-12,5,1.9
ORD105063,CUS8078,Nancy Scott,West Crystal,Clothing,2887.42,4,Debit Card,2025-11-16,2,1.5
ORD107378,CUS7922,Maria Wilkins,North Javier,Books,2527.77,1,UPI,2024-11-03,3,3.8
ORD103797,CUS5040,Samantha Marquez,Summersmouth,Clothing,716.69,4,Debit Card,2026-01-30,4,4.0
ORD101048,CUS8669,Patricia Mcguire,Lake Emily,Electronics,1652.81,5,Debit Card,2024-03-13,6,4.1
ORD104772,CUS9531,David Thompson,Woodbury,Books,698.78,5,Cash on Delivery,2024-10-17,2,4.9
ORD100554,CUS3593,Lauren Adams,North Andrewside,Clothing,181.99,4,Credit Card,2025-03-04,7,2.2
ORD101846,CUS3350,Bethany Chen,Marymouth,Beauty,2483.65,2,Net Banking,2024-04-27,2,2.0
ORD100844,CUS8620,James Bonilla,Knightton,electronics,3852.63,5,Net Banking,2024-05-02,3,2.7
ORD107098,CUS8799,Edwin Obrien,New Nicholasborough,Home,4334.72,4,UPI,2026-02-14,3,4.2
ORD100045,CUS4665,Christina Shaw,Gallaghermouth,Books,1969.84,2,Credit Card,2024-10-04,1,4.2
ORD100104,CUS8790,Thomas Dudley,Lanefort,Clothing,4377.4,5,Cash on Delivery,2025-03-08,6,3.9
ORD101151,CUS4238,Thomas Miller,Lake Robertberg,Home,3616.75,2,Cash on Delivery,2025-03-10,6,4.7
ORD100009,CUS5274,Richard Smith,Grantmouth,Sports,3324.55,1,Debit Card,2025-11-25,4,4.5
ORD102226,CUS3951,Michael Gamble,Port Stephentown,Beauty,2873.16,5,Debit Card,2025-10-02,5,4.1
ORD107137,CUS7100,Zoe Green,New Christinehaven,Electronics,2916.0,3,Net Banking,2025-08-20,2,4.1
ORD102887,CUS5820,James Davidson,Martinville,Sports,3488.34,2,Cash on Delivery,2025-06-19,6,1.1
ORD100124,CUS7342,Steven Wang,Aaronberg,Home,1760.46,4,UPI,2024-03-13,6,3.8
ORD108797,CUS3497,Susan Cortez,Port Kristyhaven,Sports,2890.14,3,Cash on Delivery,2024-07-04,2,3.6
ORD101695,CUS7276,Vicki Price,Brewerberg,Beauty,204.67,5,UPI,2025-06-09,6,3.6
ORD102916,CUS2043,Brittany Dunn,New Katie,Beauty,2558.18,2,Net Banking,2026-01-18,3,4.4
ORD106385,CUS5895,Jonathan Garrison,Riveraland,Home,2398.58,3,Debit Card,2025-11-19,1,4.0
ORD106889,CUS5779,Thomas Martin,Kerrberg,electronics,2035.23,4,UPI,2024-09-29,1,4.5
ORD105188,CUS9520,Christopher Beard,Lake Eric,Home,3887.18,2,UPI,2025-05-31,4,4.8
ORD106458,CUS7431,Tina Douglas,Josephville,Electronics,104.98,3,UPI,2024-08-26,7,4.4
ORD101278,CUS6683,Ryan Pham,Mejiafurt,Electronics,3762.63,5,UPI,2025-03-02,2,4.0
ORD100235,CUS5403,Tracy Meadows,West Tyler,Home,494.7,5,Net Banking,2024-04-04,4,2.3
ORD105918,CUS4849,Fernando Mccormick,South Cynthia,Electronics,1438.42,2,Net Banking,2025-02-22,7,
ORD102955,CUS4276,Kristin Johnston,South James,electronics,3609.38,2,Debit Card,2025-06-26,2,1.8
ORD104186,CUS7484,Cindy Chambers MD,Baldwinborough,Beauty,989.44,1,Cash on Delivery,2025-05-31,3,3.2
ORD102693,CUS4142,David Wood,North Christinaburgh,Books,3741.55,2,Credit Card,2024-11-12,2,2.7
ORD103865,CUS8963,Thomas Kline DVM,Douglasfurt,Home,2398.45,5,Debit Card,2024-08-30,7,4.1
ORD108795,CUS3899,John Scott,Kennethland,Sports,1117.78,4,Debit Card,2025-04-20,2,4.9
ORD102723,CUS2004,Johnathan Martinez,Michelleburgh,Electronics,2581.24,2,Cash on Delivery,2025-08-25,5,4.8
ORD100208,CUS5529,,North Paulville,Beauty,4978.06,1,Credit Card,2024-11-04,1,
ORD107588,CUS3754,Kevin Santos,Campbellview,Home,962.32,1,UPI,2026-01-03,4,1.4
ORD107714,CUS9874,Adam Bradford,New Stevenberg,Sports,3150.15,1,Cash on Delivery,2025-08-16,2,3.6
ORD100132,CUS9736,Deborah Lam,Jenniferchester,Sports,858.38,3,Net Banking,2025-12-02,6,1.8
ORD108649,CUS5578,Caroline Davis,New Cynthia,Electronics,1214.98,4,UPI,2024-10-28,5,2.2
ORD103750,CUS9371,Christine Peterson,West Justinshire,Home,3422.3,2,UPI,2026-01-16,7,4.7
ORD107809,CUS6676,Judith Wright,Perezborough,Electronics,442.34,1,Credit Card,2025-09-27,2,3.2
ORD101451,CUS5905,John Ward,Jamesburgh,Books,3213.79,1,Net Banking,2024-06-14,3,1.0
ORD103023,CUS7742,Candice Hunter,Jerryshire,Books,4356.47,1,Debit Card,2024-10-14,1,2.5
ORD107532,CUS9333,Robert Williams,Tiffanymouth,Sports,2885.01,3,Net Banking,2025-09-12,6,4.2
ORD108758,CUS7333,Jennifer Klein,Frazierburgh,Books,3151.44,3,Credit Card,2024-10-18,2,4.8
ORD104273,CUS7937,William Harris,East Richardmouth,electronics,110.73,1,Cash on Delivery,2025-08-19,7,2.5
ORD100217,CUS8486,Albert Brock,East Donald,electronics,3521.93,1,Debit Card,2024-12-24,5,4.2
ORD105761,CUS3174,Katherine Kerr,Bradymouth,Home,1605.77,3,UPI,2024-08-15,1,2.5
ORD103657,CUS2871,Paul Thomas,West Denisemouth,electronics,3473.48,1,Credit Card,2024-12-10,4,2.9
ORD104353,CUS5382,Heather Green,South Sabrinahaven,Beauty,1071.71,5,Cash on Delivery,2025-08-07,5,1.3
ORD109800,CUS8816,Stephanie Hodge,Christensenside,Books,381.36,2,Cash on Delivery,2024-07-20,1,4.5
ORD105048,CUS9914,Kevin Cline,Bentleymouth,Beauty,3900.37,4,UPI,2024-07-06,7,2.6
ORD100320,CUS8776,Carol Chavez,Patrickchester,Home,1685.88,1,Cash on Delivery,2025-07-26,2,3.8
ORD102810,CUS5975,Dawn Brooks,East Jennaland,Electronics,2709.71,2,Cash on Delivery,2024-06-17,1,2.7
ORD104963,CUS1549,John Jackson,Jodihaven,Electronics,4071.47,3,Net Banking,2025-09-19,5,4.5
ORD100544,CUS7822,Christina Peters,Rodriguezbury,Sports,342.73,3,Credit Card,2024-06-19,4,3.3
ORD102070,CUS4406,Christina Shaffer,New Albertmouth,Home,4516.75,4,Net Banking,2024-10-11,7,4.8
ORD103362,CUS7757,Paul Clark,Charlesport,Sports,1947.02,2,Cash on Delivery,2024-12-18,7,2.4
ORD100188,CUS3653,Anthony Blackwell,South Robertstad,Clothing,1503.76,4,Net Banking,2025-03-27,1,2.4
ORD101363,CUS7965,James Mclaughlin,West Wayne,Home,4656.55,3,UPI,2025-01-29,7,3.5
ORD102436,CUS1331,Danielle Hines,Sarahshire,Books,3005.94,5,Net Banking,2024-03-12,7,3.5
ORD104983,CUS9084,Charles Howard,Brendamouth,Books,1524.18,1,Net Banking,2025-10-26,3,1.3
ORD109420,CUS5418,Christopher Diaz,Rachaelmouth,Beauty,2923.86,2,Cash on Delivery,2024-11-08,7,4.4
ORD101007,CUS6044,Elizabeth Adkins,Bellchester,electronics,2413.75,1,Cash on Delivery,2024-11-23,7,3.2
ORD106595,CUS7050,Anna Mitchell,Leebury,Clothing,1240.87,5,Cash on Delivery,2025-07-29,1,4.8
ORD103378,CUS7441,Laura Hampton,Harrisland,Sports,3789.12,2,Debit Card,2024-06-28,2,1.5
ORD106048,CUS3501,,South Zachary,Sports,4267.31,3,Credit Card,2025-06-02,4,3.7
ORD100897,CUS6753,,North Kenneth,Books,2333.7,5,Credit Card,2025-12-06,1,2.9
ORD108755,CUS4932,Jennifer Cooke,Lake Sharihaven,Home,1901.95,1,Net Banking,2024-06-11,3,4.5
ORD101577,CUS5032,Joshua Barrera,Carolinehaven,Sports,3195.38,4,Debit Card,2025-06-08,5,3.3
ORD108699,CUS9077,Brian Hanson,North Kristen,Home,4806.49,5,Cash on Delivery,2024-10-13,7,4.9
ORD103377,CUS3305,,Lake Mark,Sports,2654.35,2,Net Banking,2025-09-24,6,2.4
ORD108306,CUS5852,Hannah Allen,Michaelside,Sports,4447.64,1,Cash on Delivery,2025-10-12,7,1.6
ORD102390,CUS1797,,North Tiffanystad,Beauty,4045.53,3,Cash on Delivery,2024-10-27,1,
ORD102425,CUS4819,John Baker,South Brandonmouth,Home,451.29,1,Net Banking,2025-07-03,7,3.5
ORD103390,CUS1629,Tina Wilkinson,Lake Lisastad,Clothing,2798.1,1,Credit Card,2024-04-20,3,3.6
ORD101160,CUS2658,Hayley Peters,South Brandon,Books,4020.44,1,UPI,2024-05-23,7,4.4
ORD101078,CUS3160,Sharon Wolf,Martinezshire,Electronics,4649.17,1,UPI,2024-08-02,7,4.6
ORD102977,CUS4855,Janet Garcia,Port George,Home,1571.3,4,UPI,2024-08-29,3,4.2
ORD109304,CUS6343,Adam Brown,Jessicashire,Home,3745.53,5,Credit Card,2026-01-30,5,2.3
ORD105880,CUS1434,Kristina Jones,Lake Rachel,Electronics,3572.18,5,Cash on Delivery,2025-02-16,7,3.2
ORD107574,CUS4173,Ana Hall,Port Kathy,electronics,1238.5,3,Credit Card,2025-07-04,5,2.2
ORD107661,CUS2835,Gerald Brown,East Nicholastown,Clothing,3288.12,3,Debit Card,2025-05-11,6,2.7
ORD103289,CUS7441,Austin Oconnor,West Louisstad,Electronics,2259.26,5,Credit Card,2025-05-30,4,4.4
ORD106168,CUS3164,Johnny Sanchez,Lake Austinstad,Sports,4648.27,2,Cash on Delivery,2024-08-17,6,3.8
ORD102519,CUS5167,Robert Khan,Adamston,Books,3899.43,2,Net Banking,2024-07-14,4,2.0
ORD109804,CUS2895,Patricia Greer,Dylanville,Home,1462.05,4,UPI,2025-11-22,4,4.4
ORD100772,CUS2907,,South Katherinestad,Home,1604.66,4,Debit Card,2025-03-28,7,3.9
ORD100018,CUS8742,Travis Dunlap,Edwardborough,Books,2374.15,1,Debit Card,2025-03-10,4,1.4
ORD103308,CUS3201,Jesse Campbell,New James,Sports,2305.09,3,Cash on Delivery,2025-08-13,2,2.4
ORD105596,CUS4205,Allison Werner,Lake Amy,Books,3692.68,1,Debit Card,2024-07-23,3,2.6
ORD108654,CUS1044,James Wilson,New Amy,electronics,2547.64,2,Net Banking,2024-06-03,7,4.0
ORD101510,CUS7041,Bruce Oconnor,North Tamara,Home,411.59,1,Credit Card,2024-12-11,4,3.0
ORD108032,CUS3107,Lauren Munoz,Jessicafurt,Beauty,4263.48,3,UPI,2024-11-10,4,4.0
ORD107317,CUS6645,Jerry Johnson,East Denise,electronics,112.16,4,Credit Card,2024-06-12,5,2.6
ORD100343,CUS9889,Stephanie Gutierrez,West Richard,Beauty,4086.99,5,Debit Card,2024-08-15,1,3.8
ORD103599,CUS8733,Patrick Aguilar,Waltonfurt,Home,934.58,3,Net Banking,2024-07-20,1,4.7
ORD107995,CUS7254,Wesley Byrd,Port Ericaville,Home,1862.2,4,Credit Card,2025-04-17,5,3.2
ORD109080,CUS5130,Aaron Silva,Durhamport,Clothing,1253.03,4,Cash on Delivery,2025-10-11,7,2.9
ORD104167,CUS5489,Julia Odom,Barnettborough,Beauty,2610.79,5,Cash on Delivery,2024-10-10,7,3.6
ORD104497,CUS4340,Karen Ward,East Maria,Electronics,4512.96,4,Credit Card,2025-09-30,7,4.6
ORD104767,CUS3416,Jonathan Grant,Jaredview,Clothing,696.52,5,Credit Card,2024-10-20,6,1.4
ORD102090,CUS7062,Leslie Reeves,Jillton,Clothing,2213.64,3,Net Banking,2025-11-16,2,2.7
ORD109446,CUS1767,Wendy Lester,Mendozamouth,Books,4475.54,4,Cash on Delivery,2024-12-06,2,3.7
ORD108628,CUS2749,Lauren Howe,Melissaberg,Electronics,2913.97,1,Cash on Delivery,2024-07-06,2,3.6
ORD107705,CUS1829,Stanley Parker,New Markborough,Electronics,1161.17,2,Credit Card,2025-04-01,1,4.2
ORD105701,CUS5240,Kyle Jordan,New Cynthiatown,Electronics,4260.8,3,Debit Card,2025-11-08,3,3.4
ORD105055,CUS2237,Ryan Jackson,Port Douglasville,Books,634.53,2,UPI,2024-05-21,1,2.2
ORD105029,CUS3718,Joshua Shaffer,East Kelly,Books,1559.72,3,Debit Card,2024-07-24,3,4.9
ORD107298,CUS1026,Gabriel Jackson,Clarkmouth,electronics,3524.43,4,Net Banking,2025-01-28,2,3.5
ORD102686,CUS2839,Wayne George,Curtisfort,Home,2691.44,4,Cash on Delivery,2025-08-15,5,2.6
ORD105318,CUS3916,Misty Garcia,Rogerborough,Sports,908.66,2,Cash on Delivery,2024-06-17,2,4.8
ORD108377,CUS2142,David Brown,Lake Heidi,Electronics,1707.56,1,Cash on Delivery,2025-08-31,5,2.2
ORD108155,CUS9553,Tracey Washington,Port Michelleside,electronics,2380.57,2,Cash on Delivery,2024-08-15,4,3.9
ORD105490,CUS3605,Brandon Evans,Michellefurt,Sports,1734.08,5,UPI,2025-01-06,2,1.6
ORD102644,CUS3512,Daniel Wolfe,Blackfurt,electronics,2015.7,4,Credit Card,2025-03-26,4,2.9
ORD104296,CUS4673,Dr. Christina Stevens,West Rickyland,Electronics,683.32,1,UPI,2024-04-19,2,1.0
ORD100030,CUS2278,Natasha Gutierrez,Herringstad,Beauty,4683.46,4,Debit Card,2026-03-10,7,2.5
ORD100692,CUS1041,Steve Schmidt,Bentonberg,Clothing,2557.43,4,Cash on Delivery,2024-09-28,5,3.0
ORD108923,CUS6111,Robert Patrick,South Christopherhaven,Home,707.72,4,Cash on Delivery,2025-09-12,7,4.6
ORD107862,CUS4809,Dr. Donna Davis,Alexandraton,Clothing,3374.62,5,Net Banking,2024-12-09,7,2.6
ORD101976,CUS3133,Dana Taylor,Ashleymouth,Books,260.13,2,Debit Card,2025-04-10,3,1.1
ORD100064,CUS6654,Ronald Maldonado,Sharpchester,Home,4057.25,1,Cash on Delivery,2025-06-22,4,1.6
ORD109066,CUS6377,Mark Ford,North Tinafort,Beauty,4355.21,2,Debit Card,2024-04-07,7,1.3
ORD103623,CUS8531,Adriana Gonzalez,Leslieshire,Home,3778.06,4,Debit Card,2024-07-31,1,4.7
ORD107032,CUS3715,Penny King,Cortezport,Beauty,2747.87,1,Net Banking,2024-09-22,1,1.5
ORD104718,CUS1437,Nicholas Best,Schneiderland,Books,2007.82,4,Credit Card,2024-04-26,4,3.5
ORD105025,CUS2793,Paul Jimenez,North Johnville,Sports,781.45,1,Cash on Delivery,2025-07-01,7,4.1
ORD101409,CUS8932,Michael Nielsen,Port Brian,Sports,323.23,3,Cash on Delivery,2025-09-28,7,2.1
ORD102529,CUS6502,Amanda Guerrero,Smithhaven,Electronics,4718.74,3,Credit Card,2024-05-19,1,2.0
ORD109215,CUS2910,Sandra Hansen,Rebeccaborough,Sports,2719.72,2,Cash on Delivery,2024-11-08,7,4.9
ORD106854,CUS4237,Mr. Patrick Brown,Browningport,Clothing,3335.03,3,UPI,2025-05-02,2,2.6
ORD102645,CUS3832,Melissa Tate,Port Kathleenhaven,Beauty,682.17,3,Credit Card,2025-08-14,4,
ORD101304,CUS8721,Richard Davis,West Davidport,Sports,1968.59,1,Credit Card,2024-08-12,2,1.8
ORD100440,CUS8560,Joyce Reed,Gonzalezland,Sports,2848.57,3,Credit Card,2025-09-17,2,3.5
ORD105747,CUS9460,Katherine Moore,South Melinda,Books,1494.53,3,Net Banking,2026-02-28,3,4.1
